2026-02-22 19:10:09,791 - INFO - device=cuda
2026-02-22 19:10:10,558 - INFO - split_json=/home/jinlin/data/geoexplicit_data/experiments/icml2026_routegen/WAYCASD0_waydata_porto_seed0/W5_way_routes_strict_gate/od_split_min3_max160_seed0_dev10p.json train_routes=108153 val_routes=13086 => train_idx=107706 val_idx=13041
2026-02-22 19:10:10,560 - INFO - routes: total=1343467 train=107706 val=13041 min_hops=5 max_way_len=160
/home/jinlin/miniconda3/envs/dpl/lib/python3.11/site-packages/torch/nn/modules/transformer.py:392: UserWarning: enable_nested_tensor is True, but self.use_nested_tensor is False because encoder_layer.norm_first was True
  warnings.warn(
2026-02-22 19:10:11,071 - INFO - AE decoder cfg inferred/override: step_emb=False past_k=16 cross_attn=True cand_query=True past_ctx=True dest_query=False dir_query=False
2026-02-22 19:10:11,109 - INFO - train_decoder_scope=all trainable_params=1984257/2861825 (69.34%)
2026-02-22 19:10:11,623 - INFO - [cache] rebuilding z_flow cache at epoch=1 dtype=fp16 batch_size=512
2026-02-22 19:10:19,253 - INFO - [cache:train/e1] batch=20/211 it/s=2.62 eta=1.2m
2026-02-22 19:10:25,874 - INFO - [cache:train/e1] batch=40/211 it/s=2.81 eta=1.0m
2026-02-22 19:10:32,620 - INFO - [cache:train/e1] batch=60/211 it/s=2.86 eta=0.9m
2026-02-22 19:10:39,468 - INFO - [cache:train/e1] batch=80/211 it/s=2.87 eta=0.8m
2026-02-22 19:10:46,466 - INFO - [cache:train/e1] batch=100/211 it/s=2.87 eta=0.6m
2026-02-22 19:10:53,522 - INFO - [cache:train/e1] batch=120/211 it/s=2.86 eta=0.5m
2026-02-22 19:11:00,688 - INFO - [cache:train/e1] batch=140/211 it/s=2.85 eta=0.4m
2026-02-22 19:11:07,973 - INFO - [cache:train/e1] batch=160/211 it/s=2.84 eta=0.3m
2026-02-22 19:11:15,324 - INFO - [cache:train/e1] batch=180/211 it/s=2.83 eta=0.2m
2026-02-22 19:11:22,759 - INFO - [cache:train/e1] batch=200/211 it/s=2.81 eta=0.1m
2026-02-22 19:11:26,651 - INFO - [cache:train/e1] batch=211/211 it/s=2.81 eta=0.0m
2026-02-22 19:11:26,851 - INFO - [cache:train/e1] built routes=107706 unique=107706 shape=(107706, 64, 256) dtype=torch.float16 size=3365.8MB elapsed=1.3m
2026-02-22 19:11:35,355 - INFO - [cache:val/e1] batch=20/26 it/s=2.38 eta=0.0m
2026-02-22 19:11:37,403 - INFO - [cache:val/e1] batch=26/26 it/s=2.49 eta=0.0m
2026-02-22 19:11:37,429 - INFO - [cache:val/e1] built routes=13041 unique=13041 shape=(13041, 64, 256) dtype=torch.float16 size=407.5MB elapsed=0.2m
2026-02-22 19:11:43,404 - INFO - epoch=1 batch=50/842 train_loss=1.5008 zmix(p=0.700, gt=1) it/s=0.54 eta=24.2m
2026-02-22 19:11:48,252 - INFO - epoch=1 batch=100/842 train_loss=1.3989 zmix(p=0.700, gt=0) it/s=1.03 eta=11.9m
2026-02-22 19:11:53,115 - INFO - epoch=1 batch=150/842 train_loss=1.3648 zmix(p=0.700, gt=0) it/s=1.48 eta=7.8m
2026-02-22 19:11:58,098 - INFO - epoch=1 batch=200/842 train_loss=1.3650 zmix(p=0.700, gt=1) it/s=1.88 eta=5.7m
2026-02-22 19:12:03,047 - INFO - epoch=1 batch=250/842 train_loss=1.3424 zmix(p=0.700, gt=0) it/s=2.24 eta=4.4m
2026-02-22 19:12:08,023 - INFO - epoch=1 batch=300/842 train_loss=1.2838 zmix(p=0.700, gt=1) it/s=2.58 eta=3.5m
2026-02-22 19:12:13,015 - INFO - epoch=1 batch=350/842 train_loss=1.2328 zmix(p=0.700, gt=1) it/s=2.88 eta=2.8m
2026-02-22 19:12:18,039 - INFO - epoch=1 batch=400/842 train_loss=1.2312 zmix(p=0.700, gt=0) it/s=3.16 eta=2.3m
2026-02-22 19:12:23,009 - INFO - epoch=1 batch=450/842 train_loss=1.1894 zmix(p=0.700, gt=1) it/s=3.43 eta=1.9m
2026-02-22 19:12:27,993 - INFO - epoch=1 batch=500/842 train_loss=1.1510 zmix(p=0.700, gt=1) it/s=3.67 eta=1.6m
2026-02-22 19:12:33,081 - INFO - epoch=1 batch=550/842 train_loss=1.1292 zmix(p=0.700, gt=1) it/s=3.89 eta=1.3m
2026-02-22 19:12:38,143 - INFO - epoch=1 batch=600/842 train_loss=1.1269 zmix(p=0.700, gt=1) it/s=4.09 eta=1.0m
2026-02-22 19:12:43,201 - INFO - epoch=1 batch=650/842 train_loss=1.1208 zmix(p=0.700, gt=0) it/s=4.29 eta=0.7m
2026-02-22 19:12:48,294 - INFO - epoch=1 batch=700/842 train_loss=1.0993 zmix(p=0.700, gt=1) it/s=4.47 eta=0.5m
2026-02-22 19:12:53,390 - INFO - epoch=1 batch=750/842 train_loss=1.0910 zmix(p=0.700, gt=0) it/s=4.64 eta=0.3m
2026-02-22 19:12:58,476 - INFO - epoch=1 batch=800/842 train_loss=1.0690 zmix(p=0.700, gt=1) it/s=4.79 eta=0.1m
2026-02-22 19:13:07,531 - INFO - epoch=1 train_loss=1.047381 val_loss=1.721998 best=inf@0 zmix(p=0.700, use_gt=0.675)
2026-02-22 19:13:12,886 - INFO - epoch=2 batch=50/842 train_loss=0.8665 zmix(p=0.644, gt=0) it/s=9.38 eta=1.4m
2026-02-22 19:13:18,005 - INFO - epoch=2 batch=100/842 train_loss=0.8722 zmix(p=0.644, gt=0) it/s=9.57 eta=1.3m
2026-02-22 19:13:23,098 - INFO - epoch=2 batch=150/842 train_loss=0.8604 zmix(p=0.644, gt=0) it/s=9.65 eta=1.2m
2026-02-22 19:13:28,182 - INFO - epoch=2 batch=200/842 train_loss=0.9036 zmix(p=0.644, gt=0) it/s=9.69 eta=1.1m
2026-02-22 19:13:33,223 - INFO - epoch=2 batch=250/842 train_loss=0.8712 zmix(p=0.644, gt=1) it/s=9.74 eta=1.0m
2026-02-22 19:13:38,344 - INFO - epoch=2 batch=300/842 train_loss=0.8717 zmix(p=0.644, gt=0) it/s=9.74 eta=0.9m
2026-02-22 19:13:43,566 - INFO - epoch=2 batch=350/842 train_loss=0.8475 zmix(p=0.644, gt=1) it/s=9.72 eta=0.8m
2026-02-22 19:13:48,714 - INFO - epoch=2 batch=400/842 train_loss=0.8354 zmix(p=0.644, gt=0) it/s=9.72 eta=0.8m
2026-02-22 19:13:53,834 - INFO - epoch=2 batch=450/842 train_loss=0.8326 zmix(p=0.644, gt=1) it/s=9.72 eta=0.7m
2026-02-22 19:13:59,039 - INFO - epoch=2 batch=500/842 train_loss=0.8186 zmix(p=0.644, gt=1) it/s=9.71 eta=0.6m
2026-02-22 19:14:04,180 - INFO - epoch=2 batch=550/842 train_loss=0.8277 zmix(p=0.644, gt=1) it/s=9.71 eta=0.5m
2026-02-22 19:14:09,393 - INFO - epoch=2 batch=600/842 train_loss=0.8359 zmix(p=0.644, gt=0) it/s=9.70 eta=0.4m
2026-02-22 19:14:14,515 - INFO - epoch=2 batch=650/842 train_loss=0.8322 zmix(p=0.644, gt=0) it/s=9.71 eta=0.3m
2026-02-22 19:14:19,613 - INFO - epoch=2 batch=700/842 train_loss=0.8316 zmix(p=0.644, gt=0) it/s=9.71 eta=0.2m
2026-02-22 19:14:24,691 - INFO - epoch=2 batch=750/842 train_loss=0.8324 zmix(p=0.644, gt=0) it/s=9.72 eta=0.2m
2026-02-22 19:14:29,867 - INFO - epoch=2 batch=800/842 train_loss=0.8293 zmix(p=0.644, gt=1) it/s=9.72 eta=0.1m
2026-02-22 19:14:38,365 - INFO - epoch=2 train_loss=0.827059 val_loss=1.512597 best=1.721998@1 zmix(p=0.644, use_gt=0.629)
2026-02-22 19:14:43,762 - INFO - epoch=3 batch=50/842 train_loss=0.7806 zmix(p=0.589, gt=1) it/s=9.31 eta=1.4m
2026-02-22 19:14:48,912 - INFO - epoch=3 batch=100/842 train_loss=0.7794 zmix(p=0.589, gt=1) it/s=9.51 eta=1.3m
2026-02-22 19:14:54,101 - INFO - epoch=3 batch=150/842 train_loss=0.8497 zmix(p=0.589, gt=0) it/s=9.55 eta=1.2m
2026-02-22 19:14:59,165 - INFO - epoch=3 batch=200/842 train_loss=0.8742 zmix(p=0.589, gt=0) it/s=9.63 eta=1.1m
2026-02-22 19:15:04,298 - INFO - epoch=3 batch=250/842 train_loss=0.8833 zmix(p=0.589, gt=0) it/s=9.65 eta=1.0m
2026-02-22 19:15:09,371 - INFO - epoch=3 batch=300/842 train_loss=0.8595 zmix(p=0.589, gt=1) it/s=9.68 eta=0.9m
2026-02-22 19:15:14,517 - INFO - epoch=3 batch=350/842 train_loss=0.8492 zmix(p=0.589, gt=1) it/s=9.69 eta=0.8m
2026-02-22 19:15:19,722 - INFO - epoch=3 batch=400/842 train_loss=0.8222 zmix(p=0.589, gt=1) it/s=9.68 eta=0.8m
2026-02-22 19:15:24,936 - INFO - epoch=3 batch=450/842 train_loss=0.8273 zmix(p=0.589, gt=0) it/s=9.67 eta=0.7m
2026-02-22 19:15:30,105 - INFO - epoch=3 batch=500/842 train_loss=0.8254 zmix(p=0.589, gt=1) it/s=9.67 eta=0.6m
2026-02-22 19:15:35,214 - INFO - epoch=3 batch=550/842 train_loss=0.8288 zmix(p=0.589, gt=0) it/s=9.68 eta=0.5m
2026-02-22 19:15:40,467 - INFO - epoch=3 batch=600/842 train_loss=0.8172 zmix(p=0.589, gt=1) it/s=9.67 eta=0.4m
2026-02-22 19:15:45,642 - INFO - epoch=3 batch=650/842 train_loss=0.8166 zmix(p=0.589, gt=0) it/s=9.67 eta=0.3m
2026-02-22 19:15:50,819 - INFO - epoch=3 batch=700/842 train_loss=0.8245 zmix(p=0.589, gt=1) it/s=9.67 eta=0.2m
2026-02-22 19:15:56,016 - INFO - epoch=3 batch=750/842 train_loss=0.8208 zmix(p=0.589, gt=1) it/s=9.66 eta=0.2m
2026-02-22 19:16:01,198 - INFO - epoch=3 batch=800/842 train_loss=0.8104 zmix(p=0.589, gt=0) it/s=9.66 eta=0.1m
2026-02-22 19:16:09,860 - INFO - epoch=3 train_loss=0.814862 val_loss=1.435899 best=1.512597@2 zmix(p=0.589, use_gt=0.600)
2026-02-22 19:16:15,301 - INFO - epoch=4 batch=50/842 train_loss=0.7217 zmix(p=0.533, gt=1) it/s=9.24 eta=1.4m
2026-02-22 19:16:20,431 - INFO - epoch=4 batch=100/842 train_loss=0.7729 zmix(p=0.533, gt=1) it/s=9.48 eta=1.3m
2026-02-22 19:16:25,621 - INFO - epoch=4 batch=150/842 train_loss=0.7977 zmix(p=0.533, gt=0) it/s=9.53 eta=1.2m
2026-02-22 19:16:30,751 - INFO - epoch=4 batch=200/842 train_loss=0.8586 zmix(p=0.533, gt=1) it/s=9.59 eta=1.1m
2026-02-22 19:16:36,012 - INFO - epoch=4 batch=250/842 train_loss=0.8321 zmix(p=0.533, gt=0) it/s=9.57 eta=1.0m
2026-02-22 19:16:41,201 - INFO - epoch=4 batch=300/842 train_loss=0.8301 zmix(p=0.533, gt=0) it/s=9.58 eta=0.9m
2026-02-22 19:16:46,336 - INFO - epoch=4 batch=350/842 train_loss=0.8323 zmix(p=0.533, gt=1) it/s=9.60 eta=0.9m
2026-02-22 19:16:51,552 - INFO - epoch=4 batch=400/842 train_loss=0.8386 zmix(p=0.533, gt=0) it/s=9.60 eta=0.8m
2026-02-22 19:16:56,684 - INFO - epoch=4 batch=450/842 train_loss=0.8251 zmix(p=0.533, gt=0) it/s=9.62 eta=0.7m
2026-02-22 19:17:01,842 - INFO - epoch=4 batch=500/842 train_loss=0.8428 zmix(p=0.533, gt=0) it/s=9.62 eta=0.6m
2026-02-22 19:17:06,974 - INFO - epoch=4 batch=550/842 train_loss=0.8353 zmix(p=0.533, gt=1) it/s=9.63 eta=0.5m
2026-02-22 19:17:12,158 - INFO - epoch=4 batch=600/842 train_loss=0.8332 zmix(p=0.533, gt=0) it/s=9.64 eta=0.4m
2026-02-22 19:17:17,287 - INFO - epoch=4 batch=650/842 train_loss=0.8407 zmix(p=0.533, gt=1) it/s=9.64 eta=0.3m
2026-02-22 19:17:22,451 - INFO - epoch=4 batch=700/842 train_loss=0.8407 zmix(p=0.533, gt=1) it/s=9.65 eta=0.2m
2026-02-22 19:17:27,571 - INFO - epoch=4 batch=750/842 train_loss=0.8399 zmix(p=0.533, gt=0) it/s=9.65 eta=0.2m
2026-02-22 19:17:32,735 - INFO - epoch=4 batch=800/842 train_loss=0.8381 zmix(p=0.533, gt=0) it/s=9.66 eta=0.1m
2026-02-22 19:17:41,208 - INFO - epoch=4 train_loss=0.845179 val_loss=1.383993 best=1.435899@3 zmix(p=0.533, use_gt=0.555)
2026-02-22 19:17:46,645 - INFO - epoch=5 batch=50/842 train_loss=0.9692 zmix(p=0.478, gt=0) it/s=9.25 eta=1.4m
2026-02-22 19:17:51,742 - INFO - epoch=5 batch=100/842 train_loss=0.9460 zmix(p=0.478, gt=0) it/s=9.52 eta=1.3m
2026-02-22 19:17:56,839 - INFO - epoch=5 batch=150/842 train_loss=0.9266 zmix(p=0.478, gt=0) it/s=9.62 eta=1.2m
2026-02-22 19:18:01,973 - INFO - epoch=5 batch=200/842 train_loss=0.9414 zmix(p=0.478, gt=0) it/s=9.65 eta=1.1m
2026-02-22 19:18:07,115 - INFO - epoch=5 batch=250/842 train_loss=0.9365 zmix(p=0.478, gt=0) it/s=9.66 eta=1.0m
2026-02-22 19:18:12,297 - INFO - epoch=5 batch=300/842 train_loss=0.9092 zmix(p=0.478, gt=1) it/s=9.66 eta=0.9m
2026-02-22 19:18:17,434 - INFO - epoch=5 batch=350/842 train_loss=0.9108 zmix(p=0.478, gt=0) it/s=9.67 eta=0.8m
2026-02-22 19:18:22,558 - INFO - epoch=5 batch=400/842 train_loss=0.9251 zmix(p=0.478, gt=0) it/s=9.68 eta=0.8m
2026-02-22 19:18:27,654 - INFO - epoch=5 batch=450/842 train_loss=0.9259 zmix(p=0.478, gt=1) it/s=9.70 eta=0.7m
2026-02-22 19:18:32,806 - INFO - epoch=5 batch=500/842 train_loss=0.9080 zmix(p=0.478, gt=1) it/s=9.70 eta=0.6m
2026-02-22 19:18:38,001 - INFO - epoch=5 batch=550/842 train_loss=0.8999 zmix(p=0.478, gt=1) it/s=9.69 eta=0.5m
2026-02-22 19:18:43,100 - INFO - epoch=5 batch=600/842 train_loss=0.9060 zmix(p=0.478, gt=0) it/s=9.70 eta=0.4m
2026-02-22 19:18:48,263 - INFO - epoch=5 batch=650/842 train_loss=0.9134 zmix(p=0.478, gt=0) it/s=9.70 eta=0.3m
2026-02-22 19:18:53,422 - INFO - epoch=5 batch=700/842 train_loss=0.9131 zmix(p=0.478, gt=0) it/s=9.70 eta=0.2m
2026-02-22 19:18:58,510 - INFO - epoch=5 batch=750/842 train_loss=0.9065 zmix(p=0.478, gt=0) it/s=9.71 eta=0.2m
2026-02-22 19:19:03,660 - INFO - epoch=5 batch=800/842 train_loss=0.9035 zmix(p=0.478, gt=1) it/s=9.71 eta=0.1m
2026-02-22 19:19:12,200 - INFO - epoch=5 train_loss=0.912591 val_loss=1.345971 best=1.383993@4 zmix(p=0.478, use_gt=0.479)
2026-02-22 19:19:17,633 - INFO - epoch=6 batch=50/842 train_loss=1.0066 zmix(p=0.422, gt=0) it/s=9.25 eta=1.4m
2026-02-22 19:19:22,737 - INFO - epoch=6 batch=100/842 train_loss=0.9254 zmix(p=0.422, gt=1) it/s=9.52 eta=1.3m
2026-02-22 19:19:27,845 - INFO - epoch=6 batch=150/842 train_loss=0.9471 zmix(p=0.422, gt=1) it/s=9.61 eta=1.2m
2026-02-22 19:19:32,955 - INFO - epoch=6 batch=200/842 train_loss=0.9428 zmix(p=0.422, gt=0) it/s=9.65 eta=1.1m
2026-02-22 19:19:38,063 - INFO - epoch=6 batch=250/842 train_loss=0.9783 zmix(p=0.422, gt=0) it/s=9.68 eta=1.0m
2026-02-22 19:19:44,280 - INFO - epoch=6 batch=300/842 train_loss=0.9688 zmix(p=0.422, gt=1) it/s=9.36 eta=1.0m
2026-02-22 19:19:50,532 - INFO - epoch=6 batch=350/842 train_loss=0.9463 zmix(p=0.422, gt=1) it/s=9.14 eta=0.9m
2026-02-22 19:19:56,497 - INFO - epoch=6 batch=400/842 train_loss=0.9477 zmix(p=0.422, gt=1) it/s=9.04 eta=0.8m
2026-02-22 19:20:02,476 - INFO - epoch=6 batch=450/842 train_loss=0.9443 zmix(p=0.422, gt=1) it/s=8.96 eta=0.7m
2026-02-22 19:20:08,499 - INFO - epoch=6 batch=500/842 train_loss=0.9508 zmix(p=0.422, gt=0) it/s=8.89 eta=0.6m
2026-02-22 19:20:14,486 - INFO - epoch=6 batch=550/842 train_loss=0.9497 zmix(p=0.422, gt=1) it/s=8.83 eta=0.6m
2026-02-22 19:20:20,521 - INFO - epoch=6 batch=600/842 train_loss=0.9578 zmix(p=0.422, gt=1) it/s=8.79 eta=0.5m
2026-02-22 19:20:26,503 - INFO - epoch=6 batch=650/842 train_loss=0.9548 zmix(p=0.422, gt=0) it/s=8.75 eta=0.4m
2026-02-22 19:20:32,510 - INFO - epoch=6 batch=700/842 train_loss=0.9626 zmix(p=0.422, gt=0) it/s=8.72 eta=0.3m
2026-02-22 19:20:38,535 - INFO - epoch=6 batch=750/842 train_loss=0.9612 zmix(p=0.422, gt=1) it/s=8.69 eta=0.2m
2026-02-22 19:20:44,535 - INFO - epoch=6 batch=800/842 train_loss=0.9541 zmix(p=0.422, gt=1) it/s=8.67 eta=0.1m
2026-02-22 19:20:55,405 - INFO - epoch=6 train_loss=0.957657 val_loss=1.318634 best=1.345971@5 zmix(p=0.422, use_gt=0.424)
2026-02-22 19:21:01,639 - INFO - epoch=7 batch=50/842 train_loss=1.1931 zmix(p=0.367, gt=1) it/s=8.06 eta=1.6m
2026-02-22 19:21:07,593 - INFO - epoch=7 batch=100/842 train_loss=1.0627 zmix(p=0.367, gt=0) it/s=8.23 eta=1.5m
2026-02-22 19:21:13,610 - INFO - epoch=7 batch=150/842 train_loss=1.0482 zmix(p=0.367, gt=0) it/s=8.25 eta=1.4m
2026-02-22 19:21:19,513 - INFO - epoch=7 batch=200/842 train_loss=1.0539 zmix(p=0.367, gt=0) it/s=8.31 eta=1.3m
2026-02-22 19:21:25,513 - INFO - epoch=7 batch=250/842 train_loss=1.0474 zmix(p=0.367, gt=0) it/s=8.31 eta=1.2m
2026-02-22 19:21:31,465 - INFO - epoch=7 batch=300/842 train_loss=1.0502 zmix(p=0.367, gt=1) it/s=8.33 eta=1.1m
2026-02-22 19:21:37,450 - INFO - epoch=7 batch=350/842 train_loss=1.0441 zmix(p=0.367, gt=1) it/s=8.33 eta=1.0m
2026-02-22 19:21:43,419 - INFO - epoch=7 batch=400/842 train_loss=1.0507 zmix(p=0.367, gt=0) it/s=8.34 eta=0.9m
2026-02-22 19:21:49,427 - INFO - epoch=7 batch=450/842 train_loss=1.0490 zmix(p=0.367, gt=0) it/s=8.33 eta=0.8m
2026-02-22 19:21:55,400 - INFO - epoch=7 batch=500/842 train_loss=1.0535 zmix(p=0.367, gt=0) it/s=8.34 eta=0.7m
2026-02-22 19:22:01,445 - INFO - epoch=7 batch=550/842 train_loss=1.0508 zmix(p=0.367, gt=0) it/s=8.33 eta=0.6m
2026-02-22 19:22:07,426 - INFO - epoch=7 batch=600/842 train_loss=1.0376 zmix(p=0.367, gt=1) it/s=8.33 eta=0.5m
2026-02-22 19:22:13,416 - INFO - epoch=7 batch=650/842 train_loss=1.0381 zmix(p=0.367, gt=0) it/s=8.34 eta=0.4m
2026-02-22 19:22:19,392 - INFO - epoch=7 batch=700/842 train_loss=1.0389 zmix(p=0.367, gt=0) it/s=8.34 eta=0.3m
2026-02-22 19:22:25,397 - INFO - epoch=7 batch=750/842 train_loss=1.0309 zmix(p=0.367, gt=0) it/s=8.34 eta=0.2m
2026-02-22 19:22:31,344 - INFO - epoch=7 batch=800/842 train_loss=1.0239 zmix(p=0.367, gt=0) it/s=8.34 eta=0.1m
2026-02-22 19:22:42,131 - INFO - epoch=7 train_loss=1.024648 val_loss=1.294584 best=1.318634@6 zmix(p=0.367, use_gt=0.347)
2026-02-22 19:22:48,285 - INFO - epoch=8 batch=50/842 train_loss=1.0173 zmix(p=0.311, gt=0) it/s=8.17 eta=1.6m
2026-02-22 19:22:54,272 - INFO - epoch=8 batch=100/842 train_loss=1.0637 zmix(p=0.311, gt=1) it/s=8.26 eta=1.5m
2026-02-22 19:23:00,311 - INFO - epoch=8 batch=150/842 train_loss=1.0676 zmix(p=0.311, gt=1) it/s=8.27 eta=1.4m
2026-02-22 19:23:06,294 - INFO - epoch=8 batch=200/842 train_loss=1.0841 zmix(p=0.311, gt=0) it/s=8.29 eta=1.3m
2026-02-22 19:23:12,290 - INFO - epoch=8 batch=250/842 train_loss=1.0967 zmix(p=0.311, gt=1) it/s=8.30 eta=1.2m
2026-02-22 19:23:18,351 - INFO - epoch=8 batch=300/842 train_loss=1.1054 zmix(p=0.311, gt=0) it/s=8.29 eta=1.1m
2026-02-22 19:23:24,325 - INFO - epoch=8 batch=350/842 train_loss=1.1021 zmix(p=0.311, gt=0) it/s=8.30 eta=1.0m
2026-02-22 19:23:30,265 - INFO - epoch=8 batch=400/842 train_loss=1.0840 zmix(p=0.311, gt=1) it/s=8.32 eta=0.9m
2026-02-22 19:23:36,272 - INFO - epoch=8 batch=450/842 train_loss=1.0817 zmix(p=0.311, gt=1) it/s=8.32 eta=0.8m
2026-02-22 19:23:42,265 - INFO - epoch=8 batch=500/842 train_loss=1.0823 zmix(p=0.311, gt=0) it/s=8.32 eta=0.7m
2026-02-22 19:23:48,226 - INFO - epoch=8 batch=550/842 train_loss=1.0661 zmix(p=0.311, gt=1) it/s=8.33 eta=0.6m
2026-02-22 19:23:54,257 - INFO - epoch=8 batch=600/842 train_loss=1.0616 zmix(p=0.311, gt=1) it/s=8.32 eta=0.5m
2026-02-22 19:24:00,249 - INFO - epoch=8 batch=650/842 train_loss=1.0725 zmix(p=0.311, gt=0) it/s=8.32 eta=0.4m
2026-02-22 19:24:06,176 - INFO - epoch=8 batch=700/842 train_loss=1.0641 zmix(p=0.311, gt=0) it/s=8.33 eta=0.3m
2026-02-22 19:24:12,228 - INFO - epoch=8 batch=750/842 train_loss=1.0645 zmix(p=0.311, gt=0) it/s=8.33 eta=0.2m
2026-02-22 19:24:18,207 - INFO - epoch=8 batch=800/842 train_loss=1.0590 zmix(p=0.311, gt=0) it/s=8.33 eta=0.1m
2026-02-22 19:24:29,029 - INFO - epoch=8 train_loss=1.058476 val_loss=1.274647 best=1.294584@7 zmix(p=0.311, use_gt=0.303)
2026-02-22 19:24:35,195 - INFO - epoch=9 batch=50/842 train_loss=1.0705 zmix(p=0.256, gt=0) it/s=8.15 eta=1.6m
2026-02-22 19:24:41,185 - INFO - epoch=9 batch=100/842 train_loss=1.0551 zmix(p=0.256, gt=0) it/s=8.25 eta=1.5m
2026-02-22 19:24:47,185 - INFO - epoch=9 batch=150/842 train_loss=1.0657 zmix(p=0.256, gt=0) it/s=8.28 eta=1.4m
2026-02-22 19:24:53,203 - INFO - epoch=9 batch=200/842 train_loss=1.0515 zmix(p=0.256, gt=0) it/s=8.28 eta=1.3m
2026-02-22 19:24:59,171 - INFO - epoch=9 batch=250/842 train_loss=1.0768 zmix(p=0.256, gt=0) it/s=8.30 eta=1.2m
2026-02-22 19:25:05,093 - INFO - epoch=9 batch=300/842 train_loss=1.0729 zmix(p=0.256, gt=1) it/s=8.33 eta=1.1m
2026-02-22 19:25:11,054 - INFO - epoch=9 batch=350/842 train_loss=1.0509 zmix(p=0.256, gt=1) it/s=8.33 eta=1.0m
2026-02-22 19:25:17,071 - INFO - epoch=9 batch=400/842 train_loss=1.0512 zmix(p=0.256, gt=1) it/s=8.33 eta=0.9m
2026-02-22 19:25:23,092 - INFO - epoch=9 batch=450/842 train_loss=1.0572 zmix(p=0.256, gt=0) it/s=8.33 eta=0.8m
2026-02-22 19:25:29,082 - INFO - epoch=9 batch=500/842 train_loss=1.0639 zmix(p=0.256, gt=1) it/s=8.33 eta=0.7m
2026-02-22 19:25:35,035 - INFO - epoch=9 batch=550/842 train_loss=1.0688 zmix(p=0.256, gt=0) it/s=8.34 eta=0.6m
2026-02-22 19:25:41,053 - INFO - epoch=9 batch=600/842 train_loss=1.0750 zmix(p=0.256, gt=1) it/s=8.33 eta=0.5m
2026-02-22 19:25:47,111 - INFO - epoch=9 batch=650/842 train_loss=1.0762 zmix(p=0.256, gt=1) it/s=8.33 eta=0.4m
2026-02-22 19:25:53,168 - INFO - epoch=9 batch=700/842 train_loss=1.0783 zmix(p=0.256, gt=1) it/s=8.32 eta=0.3m
2026-02-22 19:25:59,230 - INFO - epoch=9 batch=750/842 train_loss=1.0740 zmix(p=0.256, gt=1) it/s=8.32 eta=0.2m
2026-02-22 19:26:05,197 - INFO - epoch=9 batch=800/842 train_loss=1.0758 zmix(p=0.256, gt=0) it/s=8.32 eta=0.1m
2026-02-22 19:26:16,013 - INFO - epoch=9 train_loss=1.079838 val_loss=1.258193 best=1.274647@8 zmix(p=0.256, use_gt=0.270)
2026-02-22 19:26:22,223 - INFO - epoch=10 batch=50/842 train_loss=1.1288 zmix(p=0.200, gt=0) it/s=8.10 eta=1.6m
2026-02-22 19:26:28,193 - INFO - epoch=10 batch=100/842 train_loss=1.1331 zmix(p=0.200, gt=1) it/s=8.23 eta=1.5m
2026-02-22 19:26:34,218 - INFO - epoch=10 batch=150/842 train_loss=1.1321 zmix(p=0.200, gt=0) it/s=8.25 eta=1.4m
2026-02-22 19:26:40,233 - INFO - epoch=10 batch=200/842 train_loss=1.1148 zmix(p=0.200, gt=1) it/s=8.27 eta=1.3m
2026-02-22 19:26:46,213 - INFO - epoch=10 batch=250/842 train_loss=1.1157 zmix(p=0.200, gt=0) it/s=8.29 eta=1.2m
2026-02-22 19:26:52,233 - INFO - epoch=10 batch=300/842 train_loss=1.1171 zmix(p=0.200, gt=0) it/s=8.29 eta=1.1m
2026-02-22 19:26:58,285 - INFO - epoch=10 batch=350/842 train_loss=1.1051 zmix(p=0.200, gt=0) it/s=8.29 eta=1.0m
2026-02-22 19:27:04,281 - INFO - epoch=10 batch=400/842 train_loss=1.0986 zmix(p=0.200, gt=0) it/s=8.29 eta=0.9m
2026-02-22 19:27:10,200 - INFO - epoch=10 batch=450/842 train_loss=1.1025 zmix(p=0.200, gt=0) it/s=8.31 eta=0.8m
2026-02-22 19:27:16,216 - INFO - epoch=10 batch=500/842 train_loss=1.1101 zmix(p=0.200, gt=0) it/s=8.31 eta=0.7m
2026-02-22 19:27:22,233 - INFO - epoch=10 batch=550/842 train_loss=1.1194 zmix(p=0.200, gt=0) it/s=8.31 eta=0.6m
2026-02-22 19:27:28,236 - INFO - epoch=10 batch=600/842 train_loss=1.1271 zmix(p=0.200, gt=0) it/s=8.31 eta=0.5m
2026-02-22 19:27:34,234 - INFO - epoch=10 batch=650/842 train_loss=1.1277 zmix(p=0.200, gt=0) it/s=8.31 eta=0.4m
2026-02-22 19:27:40,175 - INFO - epoch=10 batch=700/842 train_loss=1.1232 zmix(p=0.200, gt=0) it/s=8.32 eta=0.3m
2026-02-22 19:27:46,155 - INFO - epoch=10 batch=750/842 train_loss=1.1199 zmix(p=0.200, gt=1) it/s=8.32 eta=0.2m
2026-02-22 19:27:52,180 - INFO - epoch=10 batch=800/842 train_loss=1.1244 zmix(p=0.200, gt=1) it/s=8.32 eta=0.1m
2026-02-22 19:28:03,014 - INFO - epoch=10 train_loss=1.129422 val_loss=1.242083 best=1.258193@9 zmix(p=0.200, use_gt=0.208)
2026-02-22 19:28:09,182 - INFO - epoch=11 batch=50/842 train_loss=1.1783 zmix(p=0.200, gt=0) it/s=8.15 eta=1.6m
2026-02-22 19:28:15,221 - INFO - epoch=11 batch=100/842 train_loss=1.1534 zmix(p=0.200, gt=1) it/s=8.21 eta=1.5m
2026-02-22 19:28:21,155 - INFO - epoch=11 batch=150/842 train_loss=1.1453 zmix(p=0.200, gt=0) it/s=8.28 eta=1.4m
2026-02-22 19:28:27,144 - INFO - epoch=11 batch=200/842 train_loss=1.1418 zmix(p=0.200, gt=0) it/s=8.30 eta=1.3m
2026-02-22 19:28:33,104 - INFO - epoch=11 batch=250/842 train_loss=1.1343 zmix(p=0.200, gt=0) it/s=8.32 eta=1.2m
2026-02-22 19:28:39,124 - INFO - epoch=11 batch=300/842 train_loss=1.1303 zmix(p=0.200, gt=1) it/s=8.31 eta=1.1m
2026-02-22 19:28:45,123 - INFO - epoch=11 batch=350/842 train_loss=1.1384 zmix(p=0.200, gt=0) it/s=8.32 eta=1.0m
2026-02-22 19:28:51,152 - INFO - epoch=11 batch=400/842 train_loss=1.1445 zmix(p=0.200, gt=0) it/s=8.31 eta=0.9m
2026-02-22 19:28:57,142 - INFO - epoch=11 batch=450/842 train_loss=1.1359 zmix(p=0.200, gt=1) it/s=8.32 eta=0.8m
2026-02-22 19:29:03,120 - INFO - epoch=11 batch=500/842 train_loss=1.1414 zmix(p=0.200, gt=0) it/s=8.32 eta=0.7m
2026-02-22 19:29:09,135 - INFO - epoch=11 batch=550/842 train_loss=1.1208 zmix(p=0.200, gt=0) it/s=8.32 eta=0.6m
2026-02-22 19:29:15,132 - INFO - epoch=11 batch=600/842 train_loss=1.1249 zmix(p=0.200, gt=0) it/s=8.32 eta=0.5m
2026-02-22 19:29:21,123 - INFO - epoch=11 batch=650/842 train_loss=1.1285 zmix(p=0.200, gt=0) it/s=8.32 eta=0.4m
2026-02-22 19:29:27,134 - INFO - epoch=11 batch=700/842 train_loss=1.1285 zmix(p=0.200, gt=0) it/s=8.32 eta=0.3m
2026-02-22 19:29:33,120 - INFO - epoch=11 batch=750/842 train_loss=1.1266 zmix(p=0.200, gt=1) it/s=8.33 eta=0.2m
2026-02-22 19:29:39,109 - INFO - epoch=11 batch=800/842 train_loss=1.1258 zmix(p=0.200, gt=0) it/s=8.33 eta=0.1m
2026-02-22 19:29:49,963 - INFO - epoch=11 train_loss=1.125646 val_loss=1.230431 best=1.242083@10 zmix(p=0.200, use_gt=0.202)
2026-02-22 19:29:56,281 - INFO - epoch=12 batch=50/842 train_loss=1.1236 zmix(p=0.200, gt=0) it/s=7.95 eta=1.7m
2026-02-22 19:30:02,252 - INFO - epoch=12 batch=100/842 train_loss=1.1588 zmix(p=0.200, gt=1) it/s=8.16 eta=1.5m
2026-02-22 19:30:08,273 - INFO - epoch=12 batch=150/842 train_loss=1.1347 zmix(p=0.200, gt=0) it/s=8.21 eta=1.4m
2026-02-22 19:30:14,274 - INFO - epoch=12 batch=200/842 train_loss=1.1364 zmix(p=0.200, gt=1) it/s=8.24 eta=1.3m
2026-02-22 19:30:20,282 - INFO - epoch=12 batch=250/842 train_loss=1.1323 zmix(p=0.200, gt=0) it/s=8.25 eta=1.2m
2026-02-22 19:30:26,232 - INFO - epoch=12 batch=300/842 train_loss=1.1270 zmix(p=0.200, gt=0) it/s=8.28 eta=1.1m
2026-02-22 19:30:32,271 - INFO - epoch=12 batch=350/842 train_loss=1.1201 zmix(p=0.200, gt=0) it/s=8.28 eta=1.0m
2026-02-22 19:30:38,258 - INFO - epoch=12 batch=400/842 train_loss=1.1243 zmix(p=0.200, gt=0) it/s=8.29 eta=0.9m
2026-02-22 19:30:44,211 - INFO - epoch=12 batch=450/842 train_loss=1.1252 zmix(p=0.200, gt=0) it/s=8.30 eta=0.8m
2026-02-22 19:30:50,207 - INFO - epoch=12 batch=500/842 train_loss=1.1229 zmix(p=0.200, gt=1) it/s=8.30 eta=0.7m
2026-02-22 19:30:56,210 - INFO - epoch=12 batch=550/842 train_loss=1.1135 zmix(p=0.200, gt=0) it/s=8.31 eta=0.6m
2026-02-22 19:31:02,262 - INFO - epoch=12 batch=600/842 train_loss=1.1135 zmix(p=0.200, gt=1) it/s=8.30 eta=0.5m
2026-02-22 19:31:08,231 - INFO - epoch=12 batch=650/842 train_loss=1.1075 zmix(p=0.200, gt=1) it/s=8.31 eta=0.4m
2026-02-22 19:31:14,256 - INFO - epoch=12 batch=700/842 train_loss=1.1098 zmix(p=0.200, gt=0) it/s=8.31 eta=0.3m
2026-02-22 19:31:20,199 - INFO - epoch=12 batch=750/842 train_loss=1.1142 zmix(p=0.200, gt=0) it/s=8.31 eta=0.2m
2026-02-22 19:31:26,157 - INFO - epoch=12 batch=800/842 train_loss=1.1153 zmix(p=0.200, gt=0) it/s=8.32 eta=0.1m
2026-02-22 19:31:36,971 - INFO - epoch=12 train_loss=1.119080 val_loss=1.220209 best=1.230431@11 zmix(p=0.200, use_gt=0.200)
2026-02-22 19:31:43,314 - INFO - epoch=13 batch=50/842 train_loss=1.0377 zmix(p=0.200, gt=0) it/s=7.92 eta=1.7m
2026-02-22 19:31:49,291 - INFO - epoch=13 batch=100/842 train_loss=1.0542 zmix(p=0.200, gt=0) it/s=8.14 eta=1.5m
2026-02-22 19:31:55,222 - INFO - epoch=13 batch=150/842 train_loss=1.0405 zmix(p=0.200, gt=0) it/s=8.23 eta=1.4m
2026-02-22 19:32:01,283 - INFO - epoch=13 batch=200/842 train_loss=1.0574 zmix(p=0.200, gt=0) it/s=8.24 eta=1.3m
2026-02-22 19:32:07,267 - INFO - epoch=13 batch=250/842 train_loss=1.0810 zmix(p=0.200, gt=0) it/s=8.26 eta=1.2m
2026-02-22 19:32:13,310 - INFO - epoch=13 batch=300/842 train_loss=1.0672 zmix(p=0.200, gt=1) it/s=8.26 eta=1.1m
2026-02-22 19:32:19,300 - INFO - epoch=13 batch=350/842 train_loss=1.0749 zmix(p=0.200, gt=1) it/s=8.28 eta=1.0m
2026-02-22 19:32:25,303 - INFO - epoch=13 batch=400/842 train_loss=1.0696 zmix(p=0.200, gt=1) it/s=8.28 eta=0.9m
2026-02-22 19:32:31,297 - INFO - epoch=13 batch=450/842 train_loss=1.0812 zmix(p=0.200, gt=0) it/s=8.29 eta=0.8m
2026-02-22 19:32:37,302 - INFO - epoch=13 batch=500/842 train_loss=1.0740 zmix(p=0.200, gt=0) it/s=8.29 eta=0.7m
2026-02-22 19:32:43,348 - INFO - epoch=13 batch=550/842 train_loss=1.0845 zmix(p=0.200, gt=0) it/s=8.29 eta=0.6m
2026-02-22 19:32:49,399 - INFO - epoch=13 batch=600/842 train_loss=1.0816 zmix(p=0.200, gt=0) it/s=8.29 eta=0.5m
2026-02-22 19:32:55,375 - INFO - epoch=13 batch=650/842 train_loss=1.0866 zmix(p=0.200, gt=0) it/s=8.29 eta=0.4m
2026-02-22 19:33:01,289 - INFO - epoch=13 batch=700/842 train_loss=1.0867 zmix(p=0.200, gt=0) it/s=8.31 eta=0.3m
2026-02-22 19:33:07,282 - INFO - epoch=13 batch=750/842 train_loss=1.0845 zmix(p=0.200, gt=0) it/s=8.31 eta=0.2m
2026-02-22 19:33:13,242 - INFO - epoch=13 batch=800/842 train_loss=1.0927 zmix(p=0.200, gt=0) it/s=8.31 eta=0.1m
2026-02-22 19:33:24,119 - INFO - epoch=13 train_loss=1.093070 val_loss=1.212081 best=1.220209@12 zmix(p=0.200, use_gt=0.219)
2026-02-22 19:33:30,263 - INFO - epoch=14 batch=50/842 train_loss=1.1634 zmix(p=0.200, gt=0) it/s=8.18 eta=1.6m
2026-02-22 19:33:36,221 - INFO - epoch=14 batch=100/842 train_loss=1.0657 zmix(p=0.200, gt=1) it/s=8.29 eta=1.5m
2026-02-22 19:33:42,254 - INFO - epoch=14 batch=150/842 train_loss=1.0527 zmix(p=0.200, gt=1) it/s=8.29 eta=1.4m
2026-02-22 19:33:48,258 - INFO - epoch=14 batch=200/842 train_loss=1.0759 zmix(p=0.200, gt=0) it/s=8.30 eta=1.3m
2026-02-22 19:33:54,283 - INFO - epoch=14 batch=250/842 train_loss=1.0823 zmix(p=0.200, gt=0) it/s=8.30 eta=1.2m
2026-02-22 19:34:00,289 - INFO - epoch=14 batch=300/842 train_loss=1.0778 zmix(p=0.200, gt=0) it/s=8.30 eta=1.1m
2026-02-22 19:34:06,356 - INFO - epoch=14 batch=350/842 train_loss=1.0885 zmix(p=0.200, gt=1) it/s=8.29 eta=1.0m
2026-02-22 19:34:12,344 - INFO - epoch=14 batch=400/842 train_loss=1.0924 zmix(p=0.200, gt=1) it/s=8.30 eta=0.9m
2026-02-22 19:34:18,302 - INFO - epoch=14 batch=450/842 train_loss=1.1001 zmix(p=0.200, gt=1) it/s=8.31 eta=0.8m
2026-02-22 19:34:24,337 - INFO - epoch=14 batch=500/842 train_loss=1.0932 zmix(p=0.200, gt=0) it/s=8.31 eta=0.7m
2026-02-22 19:34:30,341 - INFO - epoch=14 batch=550/842 train_loss=1.0939 zmix(p=0.200, gt=0) it/s=8.31 eta=0.6m
2026-02-22 19:34:36,332 - INFO - epoch=14 batch=600/842 train_loss=1.1001 zmix(p=0.200, gt=0) it/s=8.31 eta=0.5m
2026-02-22 19:34:42,332 - INFO - epoch=14 batch=650/842 train_loss=1.0975 zmix(p=0.200, gt=1) it/s=8.31 eta=0.4m
2026-02-22 19:34:48,321 - INFO - epoch=14 batch=700/842 train_loss=1.0953 zmix(p=0.200, gt=1) it/s=8.32 eta=0.3m
2026-02-22 19:34:54,288 - INFO - epoch=14 batch=750/842 train_loss=1.0980 zmix(p=0.200, gt=0) it/s=8.32 eta=0.2m
2026-02-22 19:35:00,294 - INFO - epoch=14 batch=800/842 train_loss=1.0994 zmix(p=0.200, gt=0) it/s=8.32 eta=0.1m
2026-02-22 19:35:11,229 - INFO - epoch=14 train_loss=1.097070 val_loss=1.204252 best=1.212081@13 zmix(p=0.200, use_gt=0.208)
2026-02-22 19:35:17,524 - INFO - epoch=15 batch=50/842 train_loss=1.1331 zmix(p=0.200, gt=0) it/s=7.99 eta=1.7m
2026-02-22 19:35:23,587 - INFO - epoch=15 batch=100/842 train_loss=1.0472 zmix(p=0.200, gt=0) it/s=8.12 eta=1.5m
2026-02-22 19:35:29,583 - INFO - epoch=15 batch=150/842 train_loss=1.0702 zmix(p=0.200, gt=1) it/s=8.19 eta=1.4m
2026-02-22 19:35:35,550 - INFO - epoch=15 batch=200/842 train_loss=1.0684 zmix(p=0.200, gt=1) it/s=8.24 eta=1.3m
2026-02-22 19:35:41,501 - INFO - epoch=15 batch=250/842 train_loss=1.0986 zmix(p=0.200, gt=0) it/s=8.27 eta=1.2m
2026-02-22 19:35:47,533 - INFO - epoch=15 batch=300/842 train_loss=1.1084 zmix(p=0.200, gt=0) it/s=8.27 eta=1.1m
2026-02-22 19:35:53,509 - INFO - epoch=15 batch=350/842 train_loss=1.1019 zmix(p=0.200, gt=0) it/s=8.29 eta=1.0m
2026-02-22 19:35:59,492 - INFO - epoch=15 batch=400/842 train_loss=1.0838 zmix(p=0.200, gt=0) it/s=8.29 eta=0.9m
2026-02-22 19:36:05,492 - INFO - epoch=15 batch=450/842 train_loss=1.0881 zmix(p=0.200, gt=1) it/s=8.30 eta=0.8m
2026-02-22 19:36:11,453 - INFO - epoch=15 batch=500/842 train_loss=1.0961 zmix(p=0.200, gt=1) it/s=8.31 eta=0.7m
2026-02-22 19:36:17,427 - INFO - epoch=15 batch=550/842 train_loss=1.0898 zmix(p=0.200, gt=0) it/s=8.31 eta=0.6m
2026-02-22 19:36:23,482 - INFO - epoch=15 batch=600/842 train_loss=1.0813 zmix(p=0.200, gt=1) it/s=8.31 eta=0.5m
2026-02-22 19:36:29,481 - INFO - epoch=15 batch=650/842 train_loss=1.0838 zmix(p=0.200, gt=0) it/s=8.31 eta=0.4m
2026-02-22 19:36:35,455 - INFO - epoch=15 batch=700/842 train_loss=1.0845 zmix(p=0.200, gt=0) it/s=8.31 eta=0.3m
2026-02-22 19:36:41,481 - INFO - epoch=15 batch=750/842 train_loss=1.0848 zmix(p=0.200, gt=1) it/s=8.31 eta=0.2m
2026-02-22 19:36:47,500 - INFO - epoch=15 batch=800/842 train_loss=1.0839 zmix(p=0.200, gt=0) it/s=8.31 eta=0.1m
2026-02-22 19:36:58,319 - INFO - epoch=15 train_loss=1.085812 val_loss=1.196902 best=1.204252@14 zmix(p=0.200, use_gt=0.214)
2026-02-22 19:37:04,525 - INFO - epoch=16 batch=50/842 train_loss=1.1144 zmix(p=0.200, gt=0) it/s=8.09 eta=1.6m
2026-02-22 19:37:10,557 - INFO - epoch=16 batch=100/842 train_loss=1.1133 zmix(p=0.200, gt=0) it/s=8.19 eta=1.5m
2026-02-22 19:37:16,513 - INFO - epoch=16 batch=150/842 train_loss=1.0962 zmix(p=0.200, gt=1) it/s=8.26 eta=1.4m
2026-02-22 19:37:22,542 - INFO - epoch=16 batch=200/842 train_loss=1.0804 zmix(p=0.200, gt=0) it/s=8.27 eta=1.3m
2026-02-22 19:37:28,596 - INFO - epoch=16 batch=250/842 train_loss=1.0690 zmix(p=0.200, gt=0) it/s=8.27 eta=1.2m
2026-02-22 19:37:34,636 - INFO - epoch=16 batch=300/842 train_loss=1.0788 zmix(p=0.200, gt=0) it/s=8.27 eta=1.1m
2026-02-22 19:37:40,569 - INFO - epoch=16 batch=350/842 train_loss=1.0836 zmix(p=0.200, gt=1) it/s=8.29 eta=1.0m
2026-02-22 19:37:46,601 - INFO - epoch=16 batch=400/842 train_loss=1.0901 zmix(p=0.200, gt=0) it/s=8.29 eta=0.9m
2026-02-22 19:37:52,627 - INFO - epoch=16 batch=450/842 train_loss=1.0909 zmix(p=0.200, gt=1) it/s=8.29 eta=0.8m
2026-02-22 19:37:58,596 - INFO - epoch=16 batch=500/842 train_loss=1.0964 zmix(p=0.200, gt=0) it/s=8.30 eta=0.7m
2026-02-22 19:38:04,616 - INFO - epoch=16 batch=550/842 train_loss=1.0933 zmix(p=0.200, gt=0) it/s=8.30 eta=0.6m
2026-02-22 19:38:10,580 - INFO - epoch=16 batch=600/842 train_loss=1.0928 zmix(p=0.200, gt=1) it/s=8.31 eta=0.5m
2026-02-22 19:38:16,600 - INFO - epoch=16 batch=650/842 train_loss=1.0902 zmix(p=0.200, gt=1) it/s=8.31 eta=0.4m
2026-02-22 19:38:22,608 - INFO - epoch=16 batch=700/842 train_loss=1.0851 zmix(p=0.200, gt=0) it/s=8.31 eta=0.3m
2026-02-22 19:38:28,622 - INFO - epoch=16 batch=750/842 train_loss=1.0813 zmix(p=0.200, gt=1) it/s=8.31 eta=0.2m
2026-02-22 19:38:34,550 - INFO - epoch=16 batch=800/842 train_loss=1.0833 zmix(p=0.200, gt=0) it/s=8.32 eta=0.1m
2026-02-22 19:38:45,459 - INFO - epoch=16 train_loss=1.083859 val_loss=1.190464 best=1.196902@15 zmix(p=0.200, use_gt=0.210)
2026-02-22 19:38:51,760 - INFO - epoch=17 batch=50/842 train_loss=0.9559 zmix(p=0.200, gt=1) it/s=7.98 eta=1.7m
2026-02-22 19:38:57,712 - INFO - epoch=17 batch=100/842 train_loss=1.0116 zmix(p=0.200, gt=1) it/s=8.18 eta=1.5m
2026-02-22 19:39:03,603 - INFO - epoch=17 batch=150/842 train_loss=1.0595 zmix(p=0.200, gt=0) it/s=8.28 eta=1.4m
2026-02-22 19:39:09,565 - INFO - epoch=17 batch=200/842 train_loss=1.0619 zmix(p=0.200, gt=0) it/s=8.31 eta=1.3m
2026-02-22 19:39:15,476 - INFO - epoch=17 batch=250/842 train_loss=1.0668 zmix(p=0.200, gt=0) it/s=8.34 eta=1.2m
2026-02-22 19:39:21,478 - INFO - epoch=17 batch=300/842 train_loss=1.0523 zmix(p=0.200, gt=0) it/s=8.34 eta=1.1m
2026-02-22 19:39:27,435 - INFO - epoch=17 batch=350/842 train_loss=1.0659 zmix(p=0.200, gt=0) it/s=8.34 eta=1.0m
2026-02-22 19:39:33,447 - INFO - epoch=17 batch=400/842 train_loss=1.0741 zmix(p=0.200, gt=0) it/s=8.34 eta=0.9m
2026-02-22 19:39:39,426 - INFO - epoch=17 batch=450/842 train_loss=1.0853 zmix(p=0.200, gt=0) it/s=8.34 eta=0.8m
2026-02-22 19:39:45,415 - INFO - epoch=17 batch=500/842 train_loss=1.0871 zmix(p=0.200, gt=0) it/s=8.34 eta=0.7m
2026-02-22 19:39:51,364 - INFO - epoch=17 batch=550/842 train_loss=1.0818 zmix(p=0.200, gt=0) it/s=8.35 eta=0.6m
2026-02-22 19:39:57,331 - INFO - epoch=17 batch=600/842 train_loss=1.0852 zmix(p=0.200, gt=0) it/s=8.35 eta=0.5m
2026-02-22 19:40:03,384 - INFO - epoch=17 batch=650/842 train_loss=1.0922 zmix(p=0.200, gt=0) it/s=8.34 eta=0.4m
2026-02-22 19:40:09,396 - INFO - epoch=17 batch=700/842 train_loss=1.0877 zmix(p=0.200, gt=0) it/s=8.34 eta=0.3m
2026-02-22 19:40:15,378 - INFO - epoch=17 batch=750/842 train_loss=1.0881 zmix(p=0.200, gt=1) it/s=8.34 eta=0.2m
2026-02-22 19:40:21,390 - INFO - epoch=17 batch=800/842 train_loss=1.0880 zmix(p=0.200, gt=0) it/s=8.34 eta=0.1m
2026-02-22 19:40:32,289 - INFO - epoch=17 train_loss=1.087174 val_loss=1.183996 best=1.190464@16 zmix(p=0.200, use_gt=0.201)
2026-02-22 19:40:38,522 - INFO - epoch=18 batch=50/842 train_loss=1.0328 zmix(p=0.200, gt=0) it/s=8.06 eta=1.6m
2026-02-22 19:40:44,506 - INFO - epoch=18 batch=100/842 train_loss=1.0695 zmix(p=0.200, gt=0) it/s=8.21 eta=1.5m
2026-02-22 19:40:50,448 - INFO - epoch=18 batch=150/842 train_loss=1.0836 zmix(p=0.200, gt=0) it/s=8.28 eta=1.4m
2026-02-22 19:40:56,426 - INFO - epoch=18 batch=200/842 train_loss=1.1022 zmix(p=0.200, gt=1) it/s=8.30 eta=1.3m
2026-02-22 19:41:02,436 - INFO - epoch=18 batch=250/842 train_loss=1.0980 zmix(p=0.200, gt=0) it/s=8.30 eta=1.2m
2026-02-22 19:41:08,395 - INFO - epoch=18 batch=300/842 train_loss=1.0812 zmix(p=0.200, gt=1) it/s=8.32 eta=1.1m
2026-02-22 19:41:14,397 - INFO - epoch=18 batch=350/842 train_loss=1.0794 zmix(p=0.200, gt=0) it/s=8.32 eta=1.0m
2026-02-22 19:41:20,400 - INFO - epoch=18 batch=400/842 train_loss=1.0894 zmix(p=0.200, gt=1) it/s=8.32 eta=0.9m
2026-02-22 19:41:26,430 - INFO - epoch=18 batch=450/842 train_loss=1.0812 zmix(p=0.200, gt=0) it/s=8.32 eta=0.8m
2026-02-22 19:41:32,476 - INFO - epoch=18 batch=500/842 train_loss=1.0868 zmix(p=0.200, gt=0) it/s=8.31 eta=0.7m
2026-02-22 19:41:38,419 - INFO - epoch=18 batch=550/842 train_loss=1.0932 zmix(p=0.200, gt=0) it/s=8.32 eta=0.6m
2026-02-22 19:41:44,442 - INFO - epoch=18 batch=600/842 train_loss=1.0867 zmix(p=0.200, gt=1) it/s=8.32 eta=0.5m
2026-02-22 19:41:50,411 - INFO - epoch=18 batch=650/842 train_loss=1.0876 zmix(p=0.200, gt=0) it/s=8.32 eta=0.4m
2026-02-22 19:41:56,396 - INFO - epoch=18 batch=700/842 train_loss=1.0876 zmix(p=0.200, gt=0) it/s=8.33 eta=0.3m
2026-02-22 19:42:02,340 - INFO - epoch=18 batch=750/842 train_loss=1.0831 zmix(p=0.200, gt=1) it/s=8.33 eta=0.2m
2026-02-22 19:42:08,318 - INFO - epoch=18 batch=800/842 train_loss=1.0863 zmix(p=0.200, gt=1) it/s=8.33 eta=0.1m
2026-02-22 19:42:19,154 - INFO - epoch=18 train_loss=1.087993 val_loss=1.178227 best=1.183996@17 zmix(p=0.200, use_gt=0.195)
2026-02-22 19:42:25,352 - INFO - epoch=19 batch=50/842 train_loss=0.9899 zmix(p=0.200, gt=0) it/s=8.11 eta=1.6m
2026-02-22 19:42:31,320 - INFO - epoch=19 batch=100/842 train_loss=1.0419 zmix(p=0.200, gt=0) it/s=8.24 eta=1.5m
2026-02-22 19:42:37,268 - INFO - epoch=19 batch=150/842 train_loss=1.0654 zmix(p=0.200, gt=0) it/s=8.30 eta=1.4m
2026-02-22 19:42:43,262 - INFO - epoch=19 batch=200/842 train_loss=1.0775 zmix(p=0.200, gt=0) it/s=8.31 eta=1.3m
2026-02-22 19:42:49,285 - INFO - epoch=19 batch=250/842 train_loss=1.0806 zmix(p=0.200, gt=1) it/s=8.31 eta=1.2m
2026-02-22 19:42:55,212 - INFO - epoch=19 batch=300/842 train_loss=1.0905 zmix(p=0.200, gt=1) it/s=8.33 eta=1.1m
2026-02-22 19:43:01,170 - INFO - epoch=19 batch=350/842 train_loss=1.0871 zmix(p=0.200, gt=0) it/s=8.34 eta=1.0m
2026-02-22 19:43:07,172 - INFO - epoch=19 batch=400/842 train_loss=1.0911 zmix(p=0.200, gt=0) it/s=8.34 eta=0.9m
2026-02-22 19:43:13,209 - INFO - epoch=19 batch=450/842 train_loss=1.0940 zmix(p=0.200, gt=0) it/s=8.33 eta=0.8m
2026-02-22 19:43:19,190 - INFO - epoch=19 batch=500/842 train_loss=1.0925 zmix(p=0.200, gt=0) it/s=8.33 eta=0.7m
2026-02-22 19:43:25,237 - INFO - epoch=19 batch=550/842 train_loss=1.0917 zmix(p=0.200, gt=0) it/s=8.33 eta=0.6m
2026-02-22 19:43:31,217 - INFO - epoch=19 batch=600/842 train_loss=1.0890 zmix(p=0.200, gt=1) it/s=8.33 eta=0.5m
2026-02-22 19:43:37,211 - INFO - epoch=19 batch=650/842 train_loss=1.0896 zmix(p=0.200, gt=1) it/s=8.33 eta=0.4m
2026-02-22 19:43:43,274 - INFO - epoch=19 batch=700/842 train_loss=1.0898 zmix(p=0.200, gt=0) it/s=8.32 eta=0.3m
2026-02-22 19:43:49,288 - INFO - epoch=19 batch=750/842 train_loss=1.0875 zmix(p=0.200, gt=0) it/s=8.32 eta=0.2m
2026-02-22 19:43:55,253 - INFO - epoch=19 batch=800/842 train_loss=1.0881 zmix(p=0.200, gt=0) it/s=8.33 eta=0.1m
2026-02-22 19:44:06,102 - INFO - epoch=19 train_loss=1.091146 val_loss=1.172832 best=1.178227@18 zmix(p=0.200, use_gt=0.186)
2026-02-22 19:44:12,312 - INFO - epoch=20 batch=50/842 train_loss=1.0618 zmix(p=0.200, gt=0) it/s=8.09 eta=1.6m
2026-02-22 19:44:18,216 - INFO - epoch=20 batch=100/842 train_loss=1.0772 zmix(p=0.200, gt=0) it/s=8.28 eta=1.5m
2026-02-22 19:44:24,231 - INFO - epoch=20 batch=150/842 train_loss=1.0895 zmix(p=0.200, gt=0) it/s=8.29 eta=1.4m
2026-02-22 19:44:30,171 - INFO - epoch=20 batch=200/842 train_loss=1.0890 zmix(p=0.200, gt=0) it/s=8.32 eta=1.3m
2026-02-22 19:44:36,173 - INFO - epoch=20 batch=250/842 train_loss=1.0923 zmix(p=0.200, gt=0) it/s=8.32 eta=1.2m
2026-02-22 19:44:42,120 - INFO - epoch=20 batch=300/842 train_loss=1.1040 zmix(p=0.200, gt=0) it/s=8.34 eta=1.1m
2026-02-22 19:44:48,131 - INFO - epoch=20 batch=350/842 train_loss=1.0924 zmix(p=0.200, gt=0) it/s=8.33 eta=1.0m
2026-02-22 19:44:54,091 - INFO - epoch=20 batch=400/842 train_loss=1.0953 zmix(p=0.200, gt=0) it/s=8.34 eta=0.9m
2026-02-22 19:45:00,097 - INFO - epoch=20 batch=450/842 train_loss=1.0805 zmix(p=0.200, gt=0) it/s=8.34 eta=0.8m
2026-02-22 19:45:06,098 - INFO - epoch=20 batch=500/842 train_loss=1.0868 zmix(p=0.200, gt=0) it/s=8.34 eta=0.7m
2026-02-22 19:45:12,069 - INFO - epoch=20 batch=550/842 train_loss=1.0941 zmix(p=0.200, gt=0) it/s=8.34 eta=0.6m
2026-02-22 19:45:18,069 - INFO - epoch=20 batch=600/842 train_loss=1.0905 zmix(p=0.200, gt=0) it/s=8.34 eta=0.5m
2026-02-22 19:45:24,057 - INFO - epoch=20 batch=650/842 train_loss=1.0931 zmix(p=0.200, gt=0) it/s=8.34 eta=0.4m
2026-02-22 19:45:30,059 - INFO - epoch=20 batch=700/842 train_loss=1.0888 zmix(p=0.200, gt=0) it/s=8.34 eta=0.3m
2026-02-22 19:45:36,052 - INFO - epoch=20 batch=750/842 train_loss=1.0887 zmix(p=0.200, gt=1) it/s=8.34 eta=0.2m
2026-02-22 19:45:42,059 - INFO - epoch=20 batch=800/842 train_loss=1.0902 zmix(p=0.200, gt=0) it/s=8.34 eta=0.1m
2026-02-22 19:45:52,850 - INFO - epoch=20 train_loss=1.086899 val_loss=1.169275 best=1.172832@19 zmix(p=0.200, use_gt=0.186)
2026-02-22 19:45:59,118 - INFO - epoch=21 batch=50/842 train_loss=1.0668 zmix(p=0.200, gt=0) it/s=8.02 eta=1.6m
2026-02-22 19:46:05,019 - INFO - epoch=21 batch=100/842 train_loss=1.0873 zmix(p=0.200, gt=0) it/s=8.24 eta=1.5m
2026-02-22 19:46:11,008 - INFO - epoch=21 batch=150/842 train_loss=1.0657 zmix(p=0.200, gt=1) it/s=8.27 eta=1.4m
2026-02-22 19:46:17,016 - INFO - epoch=21 batch=200/842 train_loss=1.0565 zmix(p=0.200, gt=0) it/s=8.29 eta=1.3m
2026-02-22 19:46:22,926 - INFO - epoch=21 batch=250/842 train_loss=1.0779 zmix(p=0.200, gt=0) it/s=8.32 eta=1.2m
2026-02-22 19:46:28,921 - INFO - epoch=21 batch=300/842 train_loss=1.0718 zmix(p=0.200, gt=0) it/s=8.32 eta=1.1m
2026-02-22 19:46:34,906 - INFO - epoch=21 batch=350/842 train_loss=1.0596 zmix(p=0.200, gt=1) it/s=8.33 eta=1.0m
2026-02-22 19:46:40,901 - INFO - epoch=21 batch=400/842 train_loss=1.0452 zmix(p=0.200, gt=0) it/s=8.33 eta=0.9m
2026-02-22 19:46:46,852 - INFO - epoch=21 batch=450/842 train_loss=1.0501 zmix(p=0.200, gt=0) it/s=8.34 eta=0.8m
2026-02-22 19:46:52,824 - INFO - epoch=21 batch=500/842 train_loss=1.0589 zmix(p=0.200, gt=1) it/s=8.34 eta=0.7m
2026-02-22 19:46:58,834 - INFO - epoch=21 batch=550/842 train_loss=1.0586 zmix(p=0.200, gt=1) it/s=8.34 eta=0.6m
2026-02-22 19:47:04,855 - INFO - epoch=21 batch=600/842 train_loss=1.0624 zmix(p=0.200, gt=0) it/s=8.34 eta=0.5m
2026-02-22 19:47:10,879 - INFO - epoch=21 batch=650/842 train_loss=1.0678 zmix(p=0.200, gt=1) it/s=8.33 eta=0.4m
2026-02-22 19:47:16,880 - INFO - epoch=21 batch=700/842 train_loss=1.0604 zmix(p=0.200, gt=0) it/s=8.33 eta=0.3m
2026-02-22 19:47:22,866 - INFO - epoch=21 batch=750/842 train_loss=1.0513 zmix(p=0.200, gt=0) it/s=8.33 eta=0.2m
2026-02-22 19:47:28,891 - INFO - epoch=21 batch=800/842 train_loss=1.0514 zmix(p=0.200, gt=0) it/s=8.33 eta=0.1m
2026-02-22 19:47:39,817 - INFO - epoch=21 train_loss=1.054154 val_loss=1.164214 best=1.169275@20 zmix(p=0.200, use_gt=0.219)
2026-02-22 19:47:45,949 - INFO - epoch=22 batch=50/842 train_loss=1.1243 zmix(p=0.200, gt=0) it/s=8.19 eta=1.6m
2026-02-22 19:47:51,940 - INFO - epoch=22 batch=100/842 train_loss=1.0867 zmix(p=0.200, gt=0) it/s=8.27 eta=1.5m
2026-02-22 19:47:57,885 - INFO - epoch=22 batch=150/842 train_loss=1.0695 zmix(p=0.200, gt=0) it/s=8.32 eta=1.4m
2026-02-22 19:48:03,902 - INFO - epoch=22 batch=200/842 train_loss=1.0677 zmix(p=0.200, gt=0) it/s=8.31 eta=1.3m
2026-02-22 19:48:09,942 - INFO - epoch=22 batch=250/842 train_loss=1.0611 zmix(p=0.200, gt=0) it/s=8.31 eta=1.2m
2026-02-22 19:48:15,905 - INFO - epoch=22 batch=300/842 train_loss=1.0674 zmix(p=0.200, gt=0) it/s=8.32 eta=1.1m
2026-02-22 19:48:21,855 - INFO - epoch=22 batch=350/842 train_loss=1.0765 zmix(p=0.200, gt=0) it/s=8.33 eta=1.0m
2026-02-22 19:48:27,857 - INFO - epoch=22 batch=400/842 train_loss=1.0851 zmix(p=0.200, gt=0) it/s=8.33 eta=0.9m
2026-02-22 19:48:33,852 - INFO - epoch=22 batch=450/842 train_loss=1.0854 zmix(p=0.200, gt=1) it/s=8.33 eta=0.8m
2026-02-22 19:48:39,815 - INFO - epoch=22 batch=500/842 train_loss=1.0864 zmix(p=0.200, gt=0) it/s=8.34 eta=0.7m
2026-02-22 19:48:45,828 - INFO - epoch=22 batch=550/842 train_loss=1.0844 zmix(p=0.200, gt=1) it/s=8.34 eta=0.6m
2026-02-22 19:48:51,780 - INFO - epoch=22 batch=600/842 train_loss=1.0871 zmix(p=0.200, gt=1) it/s=8.34 eta=0.5m
2026-02-22 19:48:57,751 - INFO - epoch=22 batch=650/842 train_loss=1.0804 zmix(p=0.200, gt=1) it/s=8.34 eta=0.4m
2026-02-22 19:49:03,697 - INFO - epoch=22 batch=700/842 train_loss=1.0808 zmix(p=0.200, gt=1) it/s=8.35 eta=0.3m
2026-02-22 19:49:09,674 - INFO - epoch=22 batch=750/842 train_loss=1.0783 zmix(p=0.200, gt=1) it/s=8.35 eta=0.2m
2026-02-22 19:49:15,709 - INFO - epoch=22 batch=800/842 train_loss=1.0787 zmix(p=0.200, gt=0) it/s=8.35 eta=0.1m
2026-02-22 19:49:26,603 - INFO - epoch=22 train_loss=1.078125 val_loss=1.160122 best=1.164214@21 zmix(p=0.200, use_gt=0.188)
2026-02-22 19:49:32,939 - INFO - epoch=23 batch=50/842 train_loss=0.9369 zmix(p=0.200, gt=0) it/s=7.93 eta=1.7m
2026-02-22 19:49:38,850 - INFO - epoch=23 batch=100/842 train_loss=1.0261 zmix(p=0.200, gt=0) it/s=8.19 eta=1.5m
2026-02-22 19:49:44,856 - INFO - epoch=23 batch=150/842 train_loss=1.0545 zmix(p=0.200, gt=0) it/s=8.23 eta=1.4m
2026-02-22 19:49:50,798 - INFO - epoch=23 batch=200/842 train_loss=1.0512 zmix(p=0.200, gt=1) it/s=8.28 eta=1.3m
2026-02-22 19:49:56,735 - INFO - epoch=23 batch=250/842 train_loss=1.0715 zmix(p=0.200, gt=0) it/s=8.31 eta=1.2m
2026-02-22 19:50:02,778 - INFO - epoch=23 batch=300/842 train_loss=1.0704 zmix(p=0.200, gt=0) it/s=8.30 eta=1.1m
2026-02-22 19:50:08,738 - INFO - epoch=23 batch=350/842 train_loss=1.0665 zmix(p=0.200, gt=1) it/s=8.31 eta=1.0m
2026-02-22 19:50:14,725 - INFO - epoch=23 batch=400/842 train_loss=1.0706 zmix(p=0.200, gt=0) it/s=8.32 eta=0.9m
2026-02-22 19:50:20,773 - INFO - epoch=23 batch=450/842 train_loss=1.0684 zmix(p=0.200, gt=0) it/s=8.31 eta=0.8m
2026-02-22 19:50:26,745 - INFO - epoch=23 batch=500/842 train_loss=1.0703 zmix(p=0.200, gt=0) it/s=8.32 eta=0.7m
2026-02-22 19:50:32,719 - INFO - epoch=23 batch=550/842 train_loss=1.0596 zmix(p=0.200, gt=0) it/s=8.32 eta=0.6m
2026-02-22 19:50:38,716 - INFO - epoch=23 batch=600/842 train_loss=1.0614 zmix(p=0.200, gt=0) it/s=8.32 eta=0.5m
2026-02-22 19:50:44,732 - INFO - epoch=23 batch=650/842 train_loss=1.0566 zmix(p=0.200, gt=0) it/s=8.32 eta=0.4m
2026-02-22 19:50:50,724 - INFO - epoch=23 batch=700/842 train_loss=1.0575 zmix(p=0.200, gt=0) it/s=8.32 eta=0.3m
2026-02-22 19:50:56,713 - INFO - epoch=23 batch=750/842 train_loss=1.0552 zmix(p=0.200, gt=1) it/s=8.33 eta=0.2m
2026-02-22 19:51:02,667 - INFO - epoch=23 batch=800/842 train_loss=1.0548 zmix(p=0.200, gt=0) it/s=8.33 eta=0.1m
2026-02-22 19:51:13,530 - INFO - epoch=23 train_loss=1.055888 val_loss=1.155504 best=1.160122@22 zmix(p=0.200, use_gt=0.209)
2026-02-22 19:51:19,933 - INFO - epoch=24 batch=50/842 train_loss=1.0751 zmix(p=0.200, gt=0) it/s=7.85 eta=1.7m
2026-02-22 19:51:25,820 - INFO - epoch=24 batch=100/842 train_loss=1.0973 zmix(p=0.200, gt=0) it/s=8.16 eta=1.5m
2026-02-22 19:51:31,780 - INFO - epoch=24 batch=150/842 train_loss=1.0947 zmix(p=0.200, gt=0) it/s=8.23 eta=1.4m
2026-02-22 19:51:37,796 - INFO - epoch=24 batch=200/842 train_loss=1.0794 zmix(p=0.200, gt=0) it/s=8.25 eta=1.3m
2026-02-22 19:51:43,763 - INFO - epoch=24 batch=250/842 train_loss=1.0826 zmix(p=0.200, gt=0) it/s=8.28 eta=1.2m
2026-02-22 19:51:49,787 - INFO - epoch=24 batch=300/842 train_loss=1.0753 zmix(p=0.200, gt=0) it/s=8.28 eta=1.1m
2026-02-22 19:51:55,782 - INFO - epoch=24 batch=350/842 train_loss=1.0602 zmix(p=0.200, gt=0) it/s=8.29 eta=1.0m
2026-02-22 19:52:01,800 - INFO - epoch=24 batch=400/842 train_loss=1.0510 zmix(p=0.200, gt=0) it/s=8.29 eta=0.9m
2026-02-22 19:52:07,786 - INFO - epoch=24 batch=450/842 train_loss=1.0479 zmix(p=0.200, gt=0) it/s=8.30 eta=0.8m
2026-02-22 19:52:13,834 - INFO - epoch=24 batch=500/842 train_loss=1.0471 zmix(p=0.200, gt=0) it/s=8.30 eta=0.7m
2026-02-22 19:52:19,845 - INFO - epoch=24 batch=550/842 train_loss=1.0517 zmix(p=0.200, gt=0) it/s=8.30 eta=0.6m
2026-02-22 19:52:25,829 - INFO - epoch=24 batch=600/842 train_loss=1.0528 zmix(p=0.200, gt=0) it/s=8.30 eta=0.5m
2026-02-22 19:52:31,810 - INFO - epoch=24 batch=650/842 train_loss=1.0518 zmix(p=0.200, gt=0) it/s=8.31 eta=0.4m
2026-02-22 19:52:37,831 - INFO - epoch=24 batch=700/842 train_loss=1.0575 zmix(p=0.200, gt=0) it/s=8.31 eta=0.3m
2026-02-22 19:52:43,775 - INFO - epoch=24 batch=750/842 train_loss=1.0582 zmix(p=0.200, gt=0) it/s=8.31 eta=0.2m
2026-02-22 19:52:49,747 - INFO - epoch=24 batch=800/842 train_loss=1.0571 zmix(p=0.200, gt=0) it/s=8.32 eta=0.1m
2026-02-22 19:53:00,622 - INFO - epoch=24 train_loss=1.056358 val_loss=1.152541 best=1.155504@23 zmix(p=0.200, use_gt=0.204)
2026-02-22 19:53:06,871 - INFO - epoch=25 batch=50/842 train_loss=1.0075 zmix(p=0.200, gt=0) it/s=8.04 eta=1.6m
2026-02-22 19:53:12,856 - INFO - epoch=25 batch=100/842 train_loss=1.0213 zmix(p=0.200, gt=1) it/s=8.19 eta=1.5m
2026-02-22 19:53:18,914 - INFO - epoch=25 batch=150/842 train_loss=1.0057 zmix(p=0.200, gt=0) it/s=8.21 eta=1.4m
2026-02-22 19:53:24,910 - INFO - epoch=25 batch=200/842 train_loss=1.0104 zmix(p=0.200, gt=0) it/s=8.24 eta=1.3m
2026-02-22 19:53:30,920 - INFO - epoch=25 batch=250/842 train_loss=1.0238 zmix(p=0.200, gt=0) it/s=8.26 eta=1.2m
2026-02-22 19:53:36,892 - INFO - epoch=25 batch=300/842 train_loss=1.0267 zmix(p=0.200, gt=0) it/s=8.28 eta=1.1m
2026-02-22 19:53:42,933 - INFO - epoch=25 batch=350/842 train_loss=1.0265 zmix(p=0.200, gt=0) it/s=8.28 eta=1.0m
2026-02-22 19:53:48,893 - INFO - epoch=25 batch=400/842 train_loss=1.0238 zmix(p=0.200, gt=0) it/s=8.29 eta=0.9m
2026-02-22 19:53:54,889 - INFO - epoch=25 batch=450/842 train_loss=1.0288 zmix(p=0.200, gt=1) it/s=8.30 eta=0.8m
2026-02-22 19:54:00,949 - INFO - epoch=25 batch=500/842 train_loss=1.0288 zmix(p=0.200, gt=0) it/s=8.29 eta=0.7m
2026-02-22 19:54:06,872 - INFO - epoch=25 batch=550/842 train_loss=1.0372 zmix(p=0.200, gt=0) it/s=8.31 eta=0.6m
2026-02-22 19:54:12,878 - INFO - epoch=25 batch=600/842 train_loss=1.0371 zmix(p=0.200, gt=0) it/s=8.31 eta=0.5m
2026-02-22 19:54:18,826 - INFO - epoch=25 batch=650/842 train_loss=1.0386 zmix(p=0.200, gt=0) it/s=8.31 eta=0.4m
2026-02-22 19:54:24,802 - INFO - epoch=25 batch=700/842 train_loss=1.0431 zmix(p=0.200, gt=0) it/s=8.32 eta=0.3m
2026-02-22 19:54:30,735 - INFO - epoch=25 batch=750/842 train_loss=1.0441 zmix(p=0.200, gt=0) it/s=8.33 eta=0.2m
2026-02-22 19:54:36,710 - INFO - epoch=25 batch=800/842 train_loss=1.0426 zmix(p=0.200, gt=1) it/s=8.33 eta=0.1m
2026-02-22 19:54:47,557 - INFO - epoch=25 train_loss=1.045561 val_loss=1.147939 best=1.152541@24 zmix(p=0.200, use_gt=0.213)
2026-02-22 19:54:53,706 - INFO - epoch=26 batch=50/842 train_loss=1.0493 zmix(p=0.200, gt=0) it/s=8.17 eta=1.6m
2026-02-22 19:54:59,735 - INFO - epoch=26 batch=100/842 train_loss=1.0465 zmix(p=0.200, gt=0) it/s=8.23 eta=1.5m
2026-02-22 19:55:05,652 - INFO - epoch=26 batch=150/842 train_loss=1.0435 zmix(p=0.200, gt=1) it/s=8.30 eta=1.4m
2026-02-22 19:55:11,625 - INFO - epoch=26 batch=200/842 train_loss=1.0611 zmix(p=0.200, gt=1) it/s=8.32 eta=1.3m
2026-02-22 19:55:17,629 - INFO - epoch=26 batch=250/842 train_loss=1.0525 zmix(p=0.200, gt=0) it/s=8.32 eta=1.2m
2026-02-22 19:55:23,566 - INFO - epoch=26 batch=300/842 train_loss=1.0466 zmix(p=0.200, gt=0) it/s=8.34 eta=1.1m
2026-02-22 19:55:29,539 - INFO - epoch=26 batch=350/842 train_loss=1.0553 zmix(p=0.200, gt=0) it/s=8.34 eta=1.0m
2026-02-22 19:55:35,543 - INFO - epoch=26 batch=400/842 train_loss=1.0513 zmix(p=0.200, gt=0) it/s=8.34 eta=0.9m
2026-02-22 19:55:41,543 - INFO - epoch=26 batch=450/842 train_loss=1.0496 zmix(p=0.200, gt=1) it/s=8.34 eta=0.8m
2026-02-22 19:55:47,498 - INFO - epoch=26 batch=500/842 train_loss=1.0512 zmix(p=0.200, gt=0) it/s=8.35 eta=0.7m
2026-02-22 19:55:53,449 - INFO - epoch=26 batch=550/842 train_loss=1.0525 zmix(p=0.200, gt=0) it/s=8.35 eta=0.6m
2026-02-22 19:55:59,460 - INFO - epoch=26 batch=600/842 train_loss=1.0569 zmix(p=0.200, gt=0) it/s=8.35 eta=0.5m
2026-02-22 19:56:05,515 - INFO - epoch=26 batch=650/842 train_loss=1.0543 zmix(p=0.200, gt=0) it/s=8.34 eta=0.4m
2026-02-22 19:56:11,532 - INFO - epoch=26 batch=700/842 train_loss=1.0525 zmix(p=0.200, gt=0) it/s=8.34 eta=0.3m
2026-02-22 19:56:17,487 - INFO - epoch=26 batch=750/842 train_loss=1.0563 zmix(p=0.200, gt=0) it/s=8.34 eta=0.2m
2026-02-22 19:56:23,452 - INFO - epoch=26 batch=800/842 train_loss=1.0551 zmix(p=0.200, gt=0) it/s=8.35 eta=0.1m
2026-02-22 19:56:34,215 - INFO - epoch=26 train_loss=1.054177 val_loss=1.145238 best=1.147939@25 zmix(p=0.200, use_gt=0.201)
2026-02-22 19:56:40,395 - INFO - epoch=27 batch=50/842 train_loss=1.0998 zmix(p=0.200, gt=0) it/s=8.13 eta=1.6m
2026-02-22 19:56:46,357 - INFO - epoch=27 batch=100/842 train_loss=1.0359 zmix(p=0.200, gt=0) it/s=8.26 eta=1.5m
2026-02-22 19:56:52,353 - INFO - epoch=27 batch=150/842 train_loss=1.0003 zmix(p=0.200, gt=1) it/s=8.28 eta=1.4m
2026-02-22 19:56:58,368 - INFO - epoch=27 batch=200/842 train_loss=0.9895 zmix(p=0.200, gt=0) it/s=8.29 eta=1.3m
2026-02-22 19:57:04,331 - INFO - epoch=27 batch=250/842 train_loss=1.0019 zmix(p=0.200, gt=0) it/s=8.31 eta=1.2m
2026-02-22 19:57:10,294 - INFO - epoch=27 batch=300/842 train_loss=1.0132 zmix(p=0.200, gt=1) it/s=8.32 eta=1.1m
2026-02-22 19:57:16,240 - INFO - epoch=27 batch=350/842 train_loss=1.0308 zmix(p=0.200, gt=0) it/s=8.33 eta=1.0m
2026-02-22 19:57:22,232 - INFO - epoch=27 batch=400/842 train_loss=1.0338 zmix(p=0.200, gt=0) it/s=8.34 eta=0.9m
2026-02-22 19:57:28,258 - INFO - epoch=27 batch=450/842 train_loss=1.0368 zmix(p=0.200, gt=0) it/s=8.33 eta=0.8m
2026-02-22 19:57:34,216 - INFO - epoch=27 batch=500/842 train_loss=1.0382 zmix(p=0.200, gt=0) it/s=8.34 eta=0.7m
2026-02-22 19:57:40,198 - INFO - epoch=27 batch=550/842 train_loss=1.0380 zmix(p=0.200, gt=0) it/s=8.34 eta=0.6m
2026-02-22 19:57:46,136 - INFO - epoch=27 batch=600/842 train_loss=1.0469 zmix(p=0.200, gt=0) it/s=8.35 eta=0.5m
2026-02-22 19:57:52,109 - INFO - epoch=27 batch=650/842 train_loss=1.0502 zmix(p=0.200, gt=1) it/s=8.35 eta=0.4m
2026-02-22 19:57:58,144 - INFO - epoch=27 batch=700/842 train_loss=1.0474 zmix(p=0.200, gt=1) it/s=8.34 eta=0.3m
2026-02-22 19:58:04,146 - INFO - epoch=27 batch=750/842 train_loss=1.0460 zmix(p=0.200, gt=0) it/s=8.34 eta=0.2m
2026-02-22 19:58:10,153 - INFO - epoch=27 batch=800/842 train_loss=1.0485 zmix(p=0.200, gt=1) it/s=8.34 eta=0.1m
2026-02-22 19:58:21,069 - INFO - epoch=27 train_loss=1.047315 val_loss=1.141256 best=1.145238@26 zmix(p=0.200, use_gt=0.204)
2026-02-22 19:58:27,324 - INFO - epoch=28 batch=50/842 train_loss=0.9623 zmix(p=0.200, gt=1) it/s=8.04 eta=1.6m
2026-02-22 19:58:33,347 - INFO - epoch=28 batch=100/842 train_loss=1.0235 zmix(p=0.200, gt=0) it/s=8.17 eta=1.5m
2026-02-22 19:58:39,310 - INFO - epoch=28 batch=150/842 train_loss=1.0201 zmix(p=0.200, gt=0) it/s=8.24 eta=1.4m
2026-02-22 19:58:45,318 - INFO - epoch=28 batch=200/842 train_loss=1.0432 zmix(p=0.200, gt=0) it/s=8.26 eta=1.3m
2026-02-22 19:58:51,314 - INFO - epoch=28 batch=250/842 train_loss=1.0359 zmix(p=0.200, gt=0) it/s=8.28 eta=1.2m
2026-02-22 19:58:57,275 - INFO - epoch=28 batch=300/842 train_loss=1.0351 zmix(p=0.200, gt=1) it/s=8.29 eta=1.1m
2026-02-22 19:59:03,226 - INFO - epoch=28 batch=350/842 train_loss=1.0273 zmix(p=0.200, gt=0) it/s=8.31 eta=1.0m
2026-02-22 19:59:09,265 - INFO - epoch=28 batch=400/842 train_loss=1.0233 zmix(p=0.200, gt=0) it/s=8.31 eta=0.9m
2026-02-22 19:59:15,200 - INFO - epoch=28 batch=450/842 train_loss=1.0332 zmix(p=0.200, gt=0) it/s=8.32 eta=0.8m
2026-02-22 19:59:21,133 - INFO - epoch=28 batch=500/842 train_loss=1.0310 zmix(p=0.200, gt=1) it/s=8.33 eta=0.7m
2026-02-22 19:59:27,198 - INFO - epoch=28 batch=550/842 train_loss=1.0329 zmix(p=0.200, gt=0) it/s=8.32 eta=0.6m
2026-02-22 19:59:33,195 - INFO - epoch=28 batch=600/842 train_loss=1.0372 zmix(p=0.200, gt=0) it/s=8.32 eta=0.5m
2026-02-22 19:59:39,223 - INFO - epoch=28 batch=650/842 train_loss=1.0400 zmix(p=0.200, gt=0) it/s=8.32 eta=0.4m
2026-02-22 19:59:45,158 - INFO - epoch=28 batch=700/842 train_loss=1.0384 zmix(p=0.200, gt=0) it/s=8.33 eta=0.3m
2026-02-22 19:59:51,193 - INFO - epoch=28 batch=750/842 train_loss=1.0355 zmix(p=0.200, gt=1) it/s=8.33 eta=0.2m
2026-02-22 19:59:57,175 - INFO - epoch=28 batch=800/842 train_loss=1.0377 zmix(p=0.200, gt=1) it/s=8.33 eta=0.1m
2026-02-22 20:00:08,035 - INFO - epoch=28 train_loss=1.039742 val_loss=1.138495 best=1.141256@27 zmix(p=0.200, use_gt=0.211)
2026-02-22 20:00:14,167 - INFO - epoch=29 batch=50/842 train_loss=1.1040 zmix(p=0.200, gt=0) it/s=8.19 eta=1.6m
2026-02-22 20:00:20,142 - INFO - epoch=29 batch=100/842 train_loss=1.0557 zmix(p=0.200, gt=0) it/s=8.28 eta=1.5m
2026-02-22 20:00:26,151 - INFO - epoch=29 batch=150/842 train_loss=1.0130 zmix(p=0.200, gt=0) it/s=8.29 eta=1.4m
2026-02-22 20:00:32,076 - INFO - epoch=29 batch=200/842 train_loss=1.0180 zmix(p=0.200, gt=0) it/s=8.33 eta=1.3m
2026-02-22 20:00:38,071 - INFO - epoch=29 batch=250/842 train_loss=1.0193 zmix(p=0.200, gt=0) it/s=8.33 eta=1.2m
2026-02-22 20:00:44,065 - INFO - epoch=29 batch=300/842 train_loss=1.0301 zmix(p=0.200, gt=0) it/s=8.33 eta=1.1m
2026-02-22 20:00:49,979 - INFO - epoch=29 batch=350/842 train_loss=1.0254 zmix(p=0.200, gt=0) it/s=8.35 eta=1.0m
2026-02-22 20:00:55,937 - INFO - epoch=29 batch=400/842 train_loss=1.0274 zmix(p=0.200, gt=0) it/s=8.36 eta=0.9m
2026-02-22 20:01:01,911 - INFO - epoch=29 batch=450/842 train_loss=1.0298 zmix(p=0.200, gt=0) it/s=8.36 eta=0.8m
2026-02-22 20:01:07,913 - INFO - epoch=29 batch=500/842 train_loss=1.0394 zmix(p=0.200, gt=0) it/s=8.35 eta=0.7m
2026-02-22 20:01:13,902 - INFO - epoch=29 batch=550/842 train_loss=1.0316 zmix(p=0.200, gt=0) it/s=8.35 eta=0.6m
2026-02-22 20:01:19,943 - INFO - epoch=29 batch=600/842 train_loss=1.0400 zmix(p=0.200, gt=0) it/s=8.35 eta=0.5m
2026-02-22 20:01:25,913 - INFO - epoch=29 batch=650/842 train_loss=1.0384 zmix(p=0.200, gt=0) it/s=8.35 eta=0.4m
2026-02-22 20:01:31,956 - INFO - epoch=29 batch=700/842 train_loss=1.0424 zmix(p=0.200, gt=1) it/s=8.34 eta=0.3m
2026-02-22 20:01:37,952 - INFO - epoch=29 batch=750/842 train_loss=1.0432 zmix(p=0.200, gt=0) it/s=8.34 eta=0.2m
2026-02-22 20:01:43,923 - INFO - epoch=29 batch=800/842 train_loss=1.0433 zmix(p=0.200, gt=0) it/s=8.35 eta=0.1m
2026-02-22 20:01:54,661 - INFO - epoch=29 train_loss=1.040191 val_loss=1.136225 best=1.138495@28 zmix(p=0.200, use_gt=0.207)
2026-02-22 20:02:00,882 - INFO - epoch=30 batch=50/842 train_loss=1.0287 zmix(p=0.200, gt=0) it/s=8.08 eta=1.6m
2026-02-22 20:02:06,910 - INFO - epoch=30 batch=100/842 train_loss=1.0252 zmix(p=0.200, gt=1) it/s=8.19 eta=1.5m
2026-02-22 20:02:12,873 - INFO - epoch=30 batch=150/842 train_loss=1.0362 zmix(p=0.200, gt=0) it/s=8.25 eta=1.4m
2026-02-22 20:02:18,798 - INFO - epoch=30 batch=200/842 train_loss=1.0392 zmix(p=0.200, gt=0) it/s=8.30 eta=1.3m
2026-02-22 20:02:24,753 - INFO - epoch=30 batch=250/842 train_loss=1.0508 zmix(p=0.200, gt=0) it/s=8.32 eta=1.2m
2026-02-22 20:02:30,755 - INFO - epoch=30 batch=300/842 train_loss=1.0486 zmix(p=0.200, gt=0) it/s=8.32 eta=1.1m
2026-02-22 20:02:36,764 - INFO - epoch=30 batch=350/842 train_loss=1.0360 zmix(p=0.200, gt=0) it/s=8.32 eta=1.0m
2026-02-22 20:02:42,817 - INFO - epoch=30 batch=400/842 train_loss=1.0442 zmix(p=0.200, gt=0) it/s=8.31 eta=0.9m
2026-02-22 20:02:48,857 - INFO - epoch=30 batch=450/842 train_loss=1.0506 zmix(p=0.200, gt=0) it/s=8.31 eta=0.8m
2026-02-22 20:02:54,821 - INFO - epoch=30 batch=500/842 train_loss=1.0548 zmix(p=0.200, gt=0) it/s=8.32 eta=0.7m
2026-02-22 20:03:00,812 - INFO - epoch=30 batch=550/842 train_loss=1.0495 zmix(p=0.200, gt=0) it/s=8.32 eta=0.6m
2026-02-22 20:03:06,815 - INFO - epoch=30 batch=600/842 train_loss=1.0517 zmix(p=0.200, gt=0) it/s=8.32 eta=0.5m
2026-02-22 20:03:12,740 - INFO - epoch=30 batch=650/842 train_loss=1.0496 zmix(p=0.200, gt=0) it/s=8.33 eta=0.4m
2026-02-22 20:03:18,712 - INFO - epoch=30 batch=700/842 train_loss=1.0499 zmix(p=0.200, gt=0) it/s=8.33 eta=0.3m
2026-02-22 20:03:24,723 - INFO - epoch=30 batch=750/842 train_loss=1.0432 zmix(p=0.200, gt=1) it/s=8.33 eta=0.2m
2026-02-22 20:03:30,688 - INFO - epoch=30 batch=800/842 train_loss=1.0465 zmix(p=0.200, gt=0) it/s=8.33 eta=0.1m
2026-02-22 20:03:41,587 - INFO - epoch=30 train_loss=1.047469 val_loss=1.132694 best=1.136225@29 zmix(p=0.200, use_gt=0.196)
2026-02-22 20:03:47,770 - INFO - epoch=31 batch=50/842 train_loss=1.0722 zmix(p=0.200, gt=1) it/s=8.14 eta=1.6m
2026-02-22 20:03:53,769 - INFO - epoch=31 batch=100/842 train_loss=1.0521 zmix(p=0.200, gt=0) it/s=8.23 eta=1.5m
2026-02-22 20:03:59,771 - INFO - epoch=31 batch=150/842 train_loss=1.0828 zmix(p=0.200, gt=0) it/s=8.27 eta=1.4m
2026-02-22 20:04:05,760 - INFO - epoch=31 batch=200/842 train_loss=1.0668 zmix(p=0.200, gt=0) it/s=8.29 eta=1.3m
2026-02-22 20:04:11,780 - INFO - epoch=31 batch=250/842 train_loss=1.0645 zmix(p=0.200, gt=0) it/s=8.29 eta=1.2m
2026-02-22 20:04:17,706 - INFO - epoch=31 batch=300/842 train_loss=1.0664 zmix(p=0.200, gt=0) it/s=8.31 eta=1.1m
2026-02-22 20:04:23,738 - INFO - epoch=31 batch=350/842 train_loss=1.0669 zmix(p=0.200, gt=0) it/s=8.31 eta=1.0m
2026-02-22 20:04:29,759 - INFO - epoch=31 batch=400/842 train_loss=1.0597 zmix(p=0.200, gt=0) it/s=8.31 eta=0.9m
2026-02-22 20:04:35,783 - INFO - epoch=31 batch=450/842 train_loss=1.0608 zmix(p=0.200, gt=0) it/s=8.31 eta=0.8m
2026-02-22 20:04:41,779 - INFO - epoch=31 batch=500/842 train_loss=1.0607 zmix(p=0.200, gt=0) it/s=8.31 eta=0.7m
2026-02-22 20:04:47,749 - INFO - epoch=31 batch=550/842 train_loss=1.0591 zmix(p=0.200, gt=0) it/s=8.32 eta=0.6m
2026-02-22 20:04:53,753 - INFO - epoch=31 batch=600/842 train_loss=1.0591 zmix(p=0.200, gt=0) it/s=8.32 eta=0.5m
2026-02-22 20:04:59,686 - INFO - epoch=31 batch=650/842 train_loss=1.0593 zmix(p=0.200, gt=0) it/s=8.33 eta=0.4m
2026-02-22 20:05:05,657 - INFO - epoch=31 batch=700/842 train_loss=1.0634 zmix(p=0.200, gt=0) it/s=8.33 eta=0.3m
2026-02-22 20:05:11,687 - INFO - epoch=31 batch=750/842 train_loss=1.0644 zmix(p=0.200, gt=0) it/s=8.33 eta=0.2m
2026-02-22 20:05:17,691 - INFO - epoch=31 batch=800/842 train_loss=1.0629 zmix(p=0.200, gt=0) it/s=8.33 eta=0.1m
2026-02-22 20:05:28,628 - INFO - epoch=31 train_loss=1.061834 val_loss=1.128629 best=1.132694@30 zmix(p=0.200, use_gt=0.177)
2026-02-22 20:05:34,905 - INFO - epoch=32 batch=50/842 train_loss=1.0343 zmix(p=0.200, gt=0) it/s=8.01 eta=1.6m
2026-02-22 20:05:40,883 - INFO - epoch=32 batch=100/842 train_loss=1.0500 zmix(p=0.200, gt=0) it/s=8.18 eta=1.5m
2026-02-22 20:05:46,845 - INFO - epoch=32 batch=150/842 train_loss=1.0408 zmix(p=0.200, gt=0) it/s=8.25 eta=1.4m
2026-02-22 20:05:52,817 - INFO - epoch=32 batch=200/842 train_loss=1.0539 zmix(p=0.200, gt=0) it/s=8.28 eta=1.3m
2026-02-22 20:05:58,741 - INFO - epoch=32 batch=250/842 train_loss=1.0532 zmix(p=0.200, gt=0) it/s=8.31 eta=1.2m
2026-02-22 20:06:04,770 - INFO - epoch=32 batch=300/842 train_loss=1.0508 zmix(p=0.200, gt=0) it/s=8.31 eta=1.1m
2026-02-22 20:06:10,762 - INFO - epoch=32 batch=350/842 train_loss=1.0442 zmix(p=0.200, gt=1) it/s=8.31 eta=1.0m
2026-02-22 20:06:16,767 - INFO - epoch=32 batch=400/842 train_loss=1.0482 zmix(p=0.200, gt=0) it/s=8.31 eta=0.9m
2026-02-22 20:06:22,737 - INFO - epoch=32 batch=450/842 train_loss=1.0496 zmix(p=0.200, gt=1) it/s=8.32 eta=0.8m
2026-02-22 20:06:28,759 - INFO - epoch=32 batch=500/842 train_loss=1.0504 zmix(p=0.200, gt=0) it/s=8.32 eta=0.7m
2026-02-22 20:06:34,768 - INFO - epoch=32 batch=550/842 train_loss=1.0383 zmix(p=0.200, gt=1) it/s=8.32 eta=0.6m
2026-02-22 20:06:40,743 - INFO - epoch=32 batch=600/842 train_loss=1.0358 zmix(p=0.200, gt=0) it/s=8.32 eta=0.5m
2026-02-22 20:06:46,743 - INFO - epoch=32 batch=650/842 train_loss=1.0419 zmix(p=0.200, gt=0) it/s=8.32 eta=0.4m
2026-02-22 20:06:52,700 - INFO - epoch=32 batch=700/842 train_loss=1.0376 zmix(p=0.200, gt=0) it/s=8.33 eta=0.3m
2026-02-22 20:06:58,703 - INFO - epoch=32 batch=750/842 train_loss=1.0421 zmix(p=0.200, gt=0) it/s=8.33 eta=0.2m
2026-02-22 20:07:04,684 - INFO - epoch=32 batch=800/842 train_loss=1.0439 zmix(p=0.200, gt=0) it/s=8.33 eta=0.1m
2026-02-22 20:07:15,592 - INFO - epoch=32 train_loss=1.045068 val_loss=1.126128 best=1.128629@31 zmix(p=0.200, use_gt=0.194)
2026-02-22 20:07:21,767 - INFO - epoch=33 batch=50/842 train_loss=1.0560 zmix(p=0.200, gt=0) it/s=8.14 eta=1.6m
2026-02-22 20:07:27,728 - INFO - epoch=33 batch=100/842 train_loss=1.0294 zmix(p=0.200, gt=0) it/s=8.26 eta=1.5m
2026-02-22 20:07:33,694 - INFO - epoch=33 batch=150/842 train_loss=1.0161 zmix(p=0.200, gt=0) it/s=8.30 eta=1.4m
2026-02-22 20:07:39,667 - INFO - epoch=33 batch=200/842 train_loss=1.0206 zmix(p=0.200, gt=0) it/s=8.32 eta=1.3m
2026-02-22 20:07:45,659 - INFO - epoch=33 batch=250/842 train_loss=1.0379 zmix(p=0.200, gt=0) it/s=8.32 eta=1.2m
2026-02-22 20:07:51,645 - INFO - epoch=33 batch=300/842 train_loss=1.0337 zmix(p=0.200, gt=0) it/s=8.33 eta=1.1m
2026-02-22 20:07:57,635 - INFO - epoch=33 batch=350/842 train_loss=1.0319 zmix(p=0.200, gt=0) it/s=8.33 eta=1.0m
2026-02-22 20:08:03,626 - INFO - epoch=33 batch=400/842 train_loss=1.0333 zmix(p=0.200, gt=0) it/s=8.33 eta=0.9m
2026-02-22 20:08:09,559 - INFO - epoch=33 batch=450/842 train_loss=1.0396 zmix(p=0.200, gt=0) it/s=8.34 eta=0.8m
2026-02-22 20:08:15,516 - INFO - epoch=33 batch=500/842 train_loss=1.0330 zmix(p=0.200, gt=0) it/s=8.35 eta=0.7m
2026-02-22 20:08:21,532 - INFO - epoch=33 batch=550/842 train_loss=1.0379 zmix(p=0.200, gt=0) it/s=8.35 eta=0.6m
2026-02-22 20:08:27,576 - INFO - epoch=33 batch=600/842 train_loss=1.0367 zmix(p=0.200, gt=0) it/s=8.34 eta=0.5m
2026-02-22 20:08:33,592 - INFO - epoch=33 batch=650/842 train_loss=1.0326 zmix(p=0.200, gt=0) it/s=8.34 eta=0.4m
2026-02-22 20:08:39,624 - INFO - epoch=33 batch=700/842 train_loss=1.0319 zmix(p=0.200, gt=0) it/s=8.33 eta=0.3m
2026-02-22 20:08:45,626 - INFO - epoch=33 batch=750/842 train_loss=1.0351 zmix(p=0.200, gt=0) it/s=8.33 eta=0.2m
2026-02-22 20:08:51,561 - INFO - epoch=33 batch=800/842 train_loss=1.0353 zmix(p=0.200, gt=0) it/s=8.34 eta=0.1m
2026-02-22 20:09:02,457 - INFO - epoch=33 train_loss=1.033789 val_loss=1.123767 best=1.126128@32 zmix(p=0.200, use_gt=0.204)
2026-02-22 20:09:08,737 - INFO - epoch=34 batch=50/842 train_loss=1.0344 zmix(p=0.200, gt=0) it/s=8.00 eta=1.6m
2026-02-22 20:09:14,662 - INFO - epoch=34 batch=100/842 train_loss=1.0697 zmix(p=0.200, gt=0) it/s=8.21 eta=1.5m
2026-02-22 20:09:20,671 - INFO - epoch=34 batch=150/842 train_loss=1.0800 zmix(p=0.200, gt=0) it/s=8.25 eta=1.4m
2026-02-22 20:09:26,634 - INFO - epoch=34 batch=200/842 train_loss=1.0781 zmix(p=0.200, gt=0) it/s=8.28 eta=1.3m
2026-02-22 20:09:32,642 - INFO - epoch=34 batch=250/842 train_loss=1.0805 zmix(p=0.200, gt=0) it/s=8.29 eta=1.2m
2026-02-22 20:09:38,683 - INFO - epoch=34 batch=300/842 train_loss=1.0776 zmix(p=0.200, gt=0) it/s=8.29 eta=1.1m
2026-02-22 20:09:44,685 - INFO - epoch=34 batch=350/842 train_loss=1.0783 zmix(p=0.200, gt=0) it/s=8.29 eta=1.0m
2026-02-22 20:09:50,665 - INFO - epoch=34 batch=400/842 train_loss=1.0672 zmix(p=0.200, gt=0) it/s=8.30 eta=0.9m
2026-02-22 20:09:56,614 - INFO - epoch=34 batch=450/842 train_loss=1.0639 zmix(p=0.200, gt=0) it/s=8.31 eta=0.8m
2026-02-22 20:10:02,658 - INFO - epoch=34 batch=500/842 train_loss=1.0639 zmix(p=0.200, gt=0) it/s=8.31 eta=0.7m
2026-02-22 20:10:08,690 - INFO - epoch=34 batch=550/842 train_loss=1.0602 zmix(p=0.200, gt=0) it/s=8.31 eta=0.6m
2026-02-22 20:10:14,707 - INFO - epoch=34 batch=600/842 train_loss=1.0569 zmix(p=0.200, gt=0) it/s=8.31 eta=0.5m
2026-02-22 20:10:20,681 - INFO - epoch=34 batch=650/842 train_loss=1.0569 zmix(p=0.200, gt=0) it/s=8.31 eta=0.4m
2026-02-22 20:10:26,656 - INFO - epoch=34 batch=700/842 train_loss=1.0550 zmix(p=0.200, gt=0) it/s=8.32 eta=0.3m
2026-02-22 20:10:32,676 - INFO - epoch=34 batch=750/842 train_loss=1.0491 zmix(p=0.200, gt=0) it/s=8.32 eta=0.2m
2026-02-22 20:10:38,681 - INFO - epoch=34 batch=800/842 train_loss=1.0518 zmix(p=0.200, gt=1) it/s=8.32 eta=0.1m
2026-02-22 20:10:49,608 - INFO - epoch=34 train_loss=1.047200 val_loss=1.121026 best=1.123767@33 zmix(p=0.200, use_gt=0.185)
2026-02-22 20:10:55,859 - INFO - epoch=35 batch=50/842 train_loss=1.0921 zmix(p=0.200, gt=0) it/s=8.04 eta=1.6m
2026-02-22 20:11:01,865 - INFO - epoch=35 batch=100/842 train_loss=1.0646 zmix(p=0.200, gt=0) it/s=8.18 eta=1.5m
2026-02-22 20:11:07,798 - INFO - epoch=35 batch=150/842 train_loss=1.0531 zmix(p=0.200, gt=0) it/s=8.26 eta=1.4m
2026-02-22 20:11:13,815 - INFO - epoch=35 batch=200/842 train_loss=1.0522 zmix(p=0.200, gt=0) it/s=8.27 eta=1.3m
2026-02-22 20:11:19,808 - INFO - epoch=35 batch=250/842 train_loss=1.0373 zmix(p=0.200, gt=0) it/s=8.29 eta=1.2m
2026-02-22 20:11:25,787 - INFO - epoch=35 batch=300/842 train_loss=1.0400 zmix(p=0.200, gt=1) it/s=8.30 eta=1.1m
2026-02-22 20:11:31,757 - INFO - epoch=35 batch=350/842 train_loss=1.0390 zmix(p=0.200, gt=0) it/s=8.31 eta=1.0m
2026-02-22 20:11:37,695 - INFO - epoch=35 batch=400/842 train_loss=1.0456 zmix(p=0.200, gt=0) it/s=8.32 eta=0.9m
2026-02-22 20:11:43,724 - INFO - epoch=35 batch=450/842 train_loss=1.0481 zmix(p=0.200, gt=0) it/s=8.32 eta=0.8m
2026-02-22 20:11:49,725 - INFO - epoch=35 batch=500/842 train_loss=1.0535 zmix(p=0.200, gt=0) it/s=8.32 eta=0.7m
2026-02-22 20:11:55,727 - INFO - epoch=35 batch=550/842 train_loss=1.0570 zmix(p=0.200, gt=0) it/s=8.32 eta=0.6m
2026-02-22 20:12:01,799 - INFO - epoch=35 batch=600/842 train_loss=1.0533 zmix(p=0.200, gt=0) it/s=8.32 eta=0.5m
2026-02-22 20:12:07,748 - INFO - epoch=35 batch=650/842 train_loss=1.0563 zmix(p=0.200, gt=1) it/s=8.32 eta=0.4m
2026-02-22 20:12:13,728 - INFO - epoch=35 batch=700/842 train_loss=1.0558 zmix(p=0.200, gt=1) it/s=8.32 eta=0.3m
2026-02-22 20:12:19,743 - INFO - epoch=35 batch=750/842 train_loss=1.0540 zmix(p=0.200, gt=1) it/s=8.32 eta=0.2m
2026-02-22 20:12:25,731 - INFO - epoch=35 batch=800/842 train_loss=1.0524 zmix(p=0.200, gt=0) it/s=8.33 eta=0.1m
2026-02-22 20:12:36,621 - INFO - epoch=35 train_loss=1.052352 val_loss=1.118662 best=1.121026@34 zmix(p=0.200, use_gt=0.177)
2026-02-22 20:12:42,971 - INFO - epoch=36 batch=50/842 train_loss=1.0229 zmix(p=0.200, gt=0) it/s=7.91 eta=1.7m
2026-02-22 20:12:48,969 - INFO - epoch=36 batch=100/842 train_loss=1.0079 zmix(p=0.200, gt=0) it/s=8.12 eta=1.5m
2026-02-22 20:12:54,891 - INFO - epoch=36 batch=150/842 train_loss=1.0043 zmix(p=0.200, gt=0) it/s=8.22 eta=1.4m
2026-02-22 20:13:00,889 - INFO - epoch=36 batch=200/842 train_loss=1.0165 zmix(p=0.200, gt=0) it/s=8.25 eta=1.3m
2026-02-22 20:13:06,808 - INFO - epoch=36 batch=250/842 train_loss=1.0234 zmix(p=0.200, gt=0) it/s=8.29 eta=1.2m
2026-02-22 20:13:12,845 - INFO - epoch=36 batch=300/842 train_loss=1.0247 zmix(p=0.200, gt=0) it/s=8.29 eta=1.1m
2026-02-22 20:13:18,843 - INFO - epoch=36 batch=350/842 train_loss=1.0306 zmix(p=0.200, gt=0) it/s=8.30 eta=1.0m
2026-02-22 20:13:24,867 - INFO - epoch=36 batch=400/842 train_loss=1.0308 zmix(p=0.200, gt=0) it/s=8.30 eta=0.9m
2026-02-22 20:13:30,862 - INFO - epoch=36 batch=450/842 train_loss=1.0355 zmix(p=0.200, gt=0) it/s=8.30 eta=0.8m
2026-02-22 20:13:36,841 - INFO - epoch=36 batch=500/842 train_loss=1.0392 zmix(p=0.200, gt=0) it/s=8.31 eta=0.7m
2026-02-22 20:13:42,909 - INFO - epoch=36 batch=550/842 train_loss=1.0400 zmix(p=0.200, gt=0) it/s=8.30 eta=0.6m
2026-02-22 20:13:48,955 - INFO - epoch=36 batch=600/842 train_loss=1.0357 zmix(p=0.200, gt=0) it/s=8.30 eta=0.5m
2026-02-22 20:13:54,902 - INFO - epoch=36 batch=650/842 train_loss=1.0375 zmix(p=0.200, gt=0) it/s=8.31 eta=0.4m
2026-02-22 20:14:00,934 - INFO - epoch=36 batch=700/842 train_loss=1.0374 zmix(p=0.200, gt=0) it/s=8.31 eta=0.3m
2026-02-22 20:14:06,942 - INFO - epoch=36 batch=750/842 train_loss=1.0344 zmix(p=0.200, gt=0) it/s=8.31 eta=0.2m
2026-02-22 20:14:12,951 - INFO - epoch=36 batch=800/842 train_loss=1.0364 zmix(p=0.200, gt=0) it/s=8.31 eta=0.1m
2026-02-22 20:14:23,795 - INFO - epoch=36 train_loss=1.037691 val_loss=1.117019 best=1.118662@35 zmix(p=0.200, use_gt=0.191)
2026-02-22 20:14:29,973 - INFO - epoch=37 batch=50/842 train_loss=1.0811 zmix(p=0.200, gt=0) it/s=8.13 eta=1.6m
2026-02-22 20:14:35,972 - INFO - epoch=37 batch=100/842 train_loss=1.0407 zmix(p=0.200, gt=0) it/s=8.23 eta=1.5m
2026-02-22 20:14:41,935 - INFO - epoch=37 batch=150/842 train_loss=1.0273 zmix(p=0.200, gt=1) it/s=8.28 eta=1.4m
2026-02-22 20:14:47,879 - INFO - epoch=37 batch=200/842 train_loss=1.0335 zmix(p=0.200, gt=0) it/s=8.31 eta=1.3m
2026-02-22 20:14:53,874 - INFO - epoch=37 batch=250/842 train_loss=1.0158 zmix(p=0.200, gt=0) it/s=8.32 eta=1.2m
2026-02-22 20:14:59,909 - INFO - epoch=37 batch=300/842 train_loss=1.0218 zmix(p=0.200, gt=0) it/s=8.31 eta=1.1m
2026-02-22 20:15:05,915 - INFO - epoch=37 batch=350/842 train_loss=1.0152 zmix(p=0.200, gt=0) it/s=8.32 eta=1.0m
2026-02-22 20:15:11,909 - INFO - epoch=37 batch=400/842 train_loss=1.0242 zmix(p=0.200, gt=0) it/s=8.32 eta=0.9m
2026-02-22 20:15:17,847 - INFO - epoch=37 batch=450/842 train_loss=1.0293 zmix(p=0.200, gt=0) it/s=8.33 eta=0.8m
2026-02-22 20:15:23,757 - INFO - epoch=37 batch=500/842 train_loss=1.0359 zmix(p=0.200, gt=0) it/s=8.34 eta=0.7m
2026-02-22 20:15:29,714 - INFO - epoch=37 batch=550/842 train_loss=1.0352 zmix(p=0.200, gt=1) it/s=8.35 eta=0.6m
2026-02-22 20:15:35,744 - INFO - epoch=37 batch=600/842 train_loss=1.0406 zmix(p=0.200, gt=0) it/s=8.34 eta=0.5m
2026-02-22 20:15:41,719 - INFO - epoch=37 batch=650/842 train_loss=1.0423 zmix(p=0.200, gt=0) it/s=8.34 eta=0.4m
2026-02-22 20:15:47,713 - INFO - epoch=37 batch=700/842 train_loss=1.0442 zmix(p=0.200, gt=0) it/s=8.34 eta=0.3m
2026-02-22 20:15:53,791 - INFO - epoch=37 batch=750/842 train_loss=1.0419 zmix(p=0.200, gt=0) it/s=8.34 eta=0.2m
2026-02-22 20:15:59,820 - INFO - epoch=37 batch=800/842 train_loss=1.0430 zmix(p=0.200, gt=0) it/s=8.33 eta=0.1m
2026-02-22 20:16:10,729 - INFO - epoch=37 train_loss=1.044437 val_loss=1.113498 best=1.117019@36 zmix(p=0.200, use_gt=0.182)
2026-02-22 20:16:16,964 - INFO - epoch=38 batch=50/842 train_loss=1.0656 zmix(p=0.200, gt=0) it/s=8.06 eta=1.6m
2026-02-22 20:16:22,939 - INFO - epoch=38 batch=100/842 train_loss=1.0411 zmix(p=0.200, gt=0) it/s=8.21 eta=1.5m
2026-02-22 20:16:28,887 - INFO - epoch=38 batch=150/842 train_loss=1.0382 zmix(p=0.200, gt=0) it/s=8.27 eta=1.4m
2026-02-22 20:16:34,811 - INFO - epoch=38 batch=200/842 train_loss=1.0422 zmix(p=0.200, gt=0) it/s=8.32 eta=1.3m
2026-02-22 20:16:40,789 - INFO - epoch=38 batch=250/842 train_loss=1.0389 zmix(p=0.200, gt=0) it/s=8.33 eta=1.2m
2026-02-22 20:16:46,755 - INFO - epoch=38 batch=300/842 train_loss=1.0380 zmix(p=0.200, gt=0) it/s=8.33 eta=1.1m
2026-02-22 20:16:52,745 - INFO - epoch=38 batch=350/842 train_loss=1.0433 zmix(p=0.200, gt=0) it/s=8.34 eta=1.0m
2026-02-22 20:16:58,741 - INFO - epoch=38 batch=400/842 train_loss=1.0363 zmix(p=0.200, gt=0) it/s=8.34 eta=0.9m
2026-02-22 20:17:04,744 - INFO - epoch=38 batch=450/842 train_loss=1.0479 zmix(p=0.200, gt=0) it/s=8.34 eta=0.8m
2026-02-22 20:17:10,756 - INFO - epoch=38 batch=500/842 train_loss=1.0409 zmix(p=0.200, gt=0) it/s=8.33 eta=0.7m
2026-02-22 20:17:16,746 - INFO - epoch=38 batch=550/842 train_loss=1.0403 zmix(p=0.200, gt=1) it/s=8.34 eta=0.6m
2026-02-22 20:17:22,683 - INFO - epoch=38 batch=600/842 train_loss=1.0408 zmix(p=0.200, gt=0) it/s=8.34 eta=0.5m
2026-02-22 20:17:28,721 - INFO - epoch=38 batch=650/842 train_loss=1.0380 zmix(p=0.200, gt=0) it/s=8.34 eta=0.4m
2026-02-22 20:17:34,708 - INFO - epoch=38 batch=700/842 train_loss=1.0341 zmix(p=0.200, gt=0) it/s=8.34 eta=0.3m
2026-02-22 20:17:40,738 - INFO - epoch=38 batch=750/842 train_loss=1.0350 zmix(p=0.200, gt=0) it/s=8.34 eta=0.2m
2026-02-22 20:17:46,714 - INFO - epoch=38 batch=800/842 train_loss=1.0367 zmix(p=0.200, gt=0) it/s=8.34 eta=0.1m
2026-02-22 20:17:57,571 - INFO - epoch=38 train_loss=1.034439 val_loss=1.111361 best=1.113498@37 zmix(p=0.200, use_gt=0.191)
2026-02-22 20:18:03,869 - INFO - epoch=39 batch=50/842 train_loss=1.0431 zmix(p=0.200, gt=1) it/s=7.98 eta=1.7m
2026-02-22 20:18:09,798 - INFO - epoch=39 batch=100/842 train_loss=1.0329 zmix(p=0.200, gt=0) it/s=8.20 eta=1.5m
2026-02-22 20:18:15,802 - INFO - epoch=39 batch=150/842 train_loss=1.0198 zmix(p=0.200, gt=0) it/s=8.24 eta=1.4m
2026-02-22 20:18:21,794 - INFO - epoch=39 batch=200/842 train_loss=1.0251 zmix(p=0.200, gt=0) it/s=8.27 eta=1.3m
2026-02-22 20:18:27,749 - INFO - epoch=39 batch=250/842 train_loss=1.0231 zmix(p=0.200, gt=0) it/s=8.29 eta=1.2m
2026-02-22 20:18:33,768 - INFO - epoch=39 batch=300/842 train_loss=1.0202 zmix(p=0.200, gt=1) it/s=8.29 eta=1.1m
2026-02-22 20:18:39,768 - INFO - epoch=39 batch=350/842 train_loss=1.0096 zmix(p=0.200, gt=0) it/s=8.30 eta=1.0m
2026-02-22 20:18:45,797 - INFO - epoch=39 batch=400/842 train_loss=1.0048 zmix(p=0.200, gt=0) it/s=8.30 eta=0.9m
2026-02-22 20:18:51,786 - INFO - epoch=39 batch=450/842 train_loss=1.0104 zmix(p=0.200, gt=0) it/s=8.30 eta=0.8m
2026-02-22 20:18:57,828 - INFO - epoch=39 batch=500/842 train_loss=1.0185 zmix(p=0.200, gt=1) it/s=8.30 eta=0.7m
2026-02-22 20:19:03,829 - INFO - epoch=39 batch=550/842 train_loss=1.0251 zmix(p=0.200, gt=0) it/s=8.30 eta=0.6m
2026-02-22 20:19:09,800 - INFO - epoch=39 batch=600/842 train_loss=1.0220 zmix(p=0.200, gt=1) it/s=8.31 eta=0.5m
2026-02-22 20:19:15,769 - INFO - epoch=39 batch=650/842 train_loss=1.0187 zmix(p=0.200, gt=0) it/s=8.32 eta=0.4m
2026-02-22 20:19:21,801 - INFO - epoch=39 batch=700/842 train_loss=1.0136 zmix(p=0.200, gt=0) it/s=8.31 eta=0.3m
2026-02-22 20:19:27,821 - INFO - epoch=39 batch=750/842 train_loss=1.0101 zmix(p=0.200, gt=0) it/s=8.31 eta=0.2m
2026-02-22 20:19:33,860 - INFO - epoch=39 batch=800/842 train_loss=1.0102 zmix(p=0.200, gt=0) it/s=8.31 eta=0.1m
2026-02-22 20:19:44,701 - INFO - epoch=39 train_loss=1.011781 val_loss=1.110329 best=1.111361@38 zmix(p=0.200, use_gt=0.216)
2026-02-22 20:19:51,099 - INFO - epoch=40 batch=50/842 train_loss=1.0420 zmix(p=0.200, gt=0) it/s=7.86 eta=1.7m
2026-02-22 20:19:57,061 - INFO - epoch=40 batch=100/842 train_loss=1.0099 zmix(p=0.200, gt=0) it/s=8.11 eta=1.5m
2026-02-22 20:20:03,046 - INFO - epoch=40 batch=150/842 train_loss=1.0363 zmix(p=0.200, gt=0) it/s=8.19 eta=1.4m
2026-02-22 20:20:09,078 - INFO - epoch=40 batch=200/842 train_loss=1.0328 zmix(p=0.200, gt=0) it/s=8.22 eta=1.3m
2026-02-22 20:20:15,069 - INFO - epoch=40 batch=250/842 train_loss=1.0441 zmix(p=0.200, gt=0) it/s=8.24 eta=1.2m
2026-02-22 20:20:21,001 - INFO - epoch=40 batch=300/842 train_loss=1.0419 zmix(p=0.200, gt=1) it/s=8.27 eta=1.1m
2026-02-22 20:20:26,984 - INFO - epoch=40 batch=350/842 train_loss=1.0444 zmix(p=0.200, gt=0) it/s=8.28 eta=1.0m
2026-02-22 20:20:32,902 - INFO - epoch=40 batch=400/842 train_loss=1.0492 zmix(p=0.200, gt=0) it/s=8.30 eta=0.9m
2026-02-22 20:20:38,892 - INFO - epoch=40 batch=450/842 train_loss=1.0477 zmix(p=0.200, gt=0) it/s=8.31 eta=0.8m
2026-02-22 20:20:44,861 - INFO - epoch=40 batch=500/842 train_loss=1.0491 zmix(p=0.200, gt=0) it/s=8.32 eta=0.7m
2026-02-22 20:20:50,862 - INFO - epoch=40 batch=550/842 train_loss=1.0492 zmix(p=0.200, gt=0) it/s=8.32 eta=0.6m
2026-02-22 20:20:56,849 - INFO - epoch=40 batch=600/842 train_loss=1.0459 zmix(p=0.200, gt=0) it/s=8.32 eta=0.5m
2026-02-22 20:21:02,833 - INFO - epoch=40 batch=650/842 train_loss=1.0420 zmix(p=0.200, gt=0) it/s=8.32 eta=0.4m
2026-02-22 20:21:08,848 - INFO - epoch=40 batch=700/842 train_loss=1.0408 zmix(p=0.200, gt=1) it/s=8.32 eta=0.3m
2026-02-22 20:21:14,846 - INFO - epoch=40 batch=750/842 train_loss=1.0375 zmix(p=0.200, gt=0) it/s=8.32 eta=0.2m
2026-02-22 20:21:20,815 - INFO - epoch=40 batch=800/842 train_loss=1.0322 zmix(p=0.200, gt=0) it/s=8.33 eta=0.1m
2026-02-22 20:21:31,627 - INFO - epoch=40 train_loss=1.032900 val_loss=1.108681 best=1.110329@39 zmix(p=0.200, use_gt=0.189)
2026-02-22 20:21:37,822 - INFO - epoch=41 batch=50/842 train_loss=1.0053 zmix(p=0.200, gt=0) it/s=8.11 eta=1.6m
2026-02-22 20:21:43,822 - INFO - epoch=41 batch=100/842 train_loss=1.0461 zmix(p=0.200, gt=0) it/s=8.22 eta=1.5m
2026-02-22 20:21:49,868 - INFO - epoch=41 batch=150/842 train_loss=1.0495 zmix(p=0.200, gt=0) it/s=8.24 eta=1.4m
2026-02-22 20:21:55,890 - INFO - epoch=41 batch=200/842 train_loss=1.0215 zmix(p=0.200, gt=0) it/s=8.25 eta=1.3m
2026-02-22 20:22:01,834 - INFO - epoch=41 batch=250/842 train_loss=1.0380 zmix(p=0.200, gt=0) it/s=8.28 eta=1.2m
2026-02-22 20:22:07,808 - INFO - epoch=41 batch=300/842 train_loss=1.0428 zmix(p=0.200, gt=0) it/s=8.30 eta=1.1m
2026-02-22 20:22:13,765 - INFO - epoch=41 batch=350/842 train_loss=1.0379 zmix(p=0.200, gt=0) it/s=8.31 eta=1.0m
2026-02-22 20:22:19,834 - INFO - epoch=41 batch=400/842 train_loss=1.0422 zmix(p=0.200, gt=1) it/s=8.30 eta=0.9m
2026-02-22 20:22:25,793 - INFO - epoch=41 batch=450/842 train_loss=1.0432 zmix(p=0.200, gt=1) it/s=8.31 eta=0.8m
2026-02-22 20:22:31,777 - INFO - epoch=41 batch=500/842 train_loss=1.0445 zmix(p=0.200, gt=0) it/s=8.32 eta=0.7m
2026-02-22 20:22:37,768 - INFO - epoch=41 batch=550/842 train_loss=1.0455 zmix(p=0.200, gt=0) it/s=8.32 eta=0.6m
2026-02-22 20:22:43,738 - INFO - epoch=41 batch=600/842 train_loss=1.0462 zmix(p=0.200, gt=0) it/s=8.32 eta=0.5m
2026-02-22 20:22:49,675 - INFO - epoch=41 batch=650/842 train_loss=1.0494 zmix(p=0.200, gt=1) it/s=8.33 eta=0.4m
2026-02-22 20:22:55,683 - INFO - epoch=41 batch=700/842 train_loss=1.0524 zmix(p=0.200, gt=1) it/s=8.33 eta=0.3m
2026-02-22 20:23:01,640 - INFO - epoch=41 batch=750/842 train_loss=1.0503 zmix(p=0.200, gt=1) it/s=8.33 eta=0.2m
2026-02-22 20:23:07,596 - INFO - epoch=41 batch=800/842 train_loss=1.0504 zmix(p=0.200, gt=0) it/s=8.34 eta=0.1m
2026-02-22 20:23:18,417 - INFO - epoch=41 train_loss=1.046308 val_loss=1.105378 best=1.108681@40 zmix(p=0.200, use_gt=0.171)
2026-02-22 20:23:24,675 - INFO - epoch=42 batch=50/842 train_loss=1.0073 zmix(p=0.200, gt=0) it/s=8.04 eta=1.6m
2026-02-22 20:23:30,608 - INFO - epoch=42 batch=100/842 train_loss=1.0486 zmix(p=0.200, gt=0) it/s=8.23 eta=1.5m
2026-02-22 20:23:36,634 - INFO - epoch=42 batch=150/842 train_loss=1.0336 zmix(p=0.200, gt=0) it/s=8.25 eta=1.4m
2026-02-22 20:23:42,628 - INFO - epoch=42 batch=200/842 train_loss=1.0206 zmix(p=0.200, gt=0) it/s=8.27 eta=1.3m
2026-02-22 20:23:48,639 - INFO - epoch=42 batch=250/842 train_loss=1.0080 zmix(p=0.200, gt=1) it/s=8.28 eta=1.2m
2026-02-22 20:23:54,579 - INFO - epoch=42 batch=300/842 train_loss=1.0076 zmix(p=0.200, gt=0) it/s=8.30 eta=1.1m
2026-02-22 20:24:00,526 - INFO - epoch=42 batch=350/842 train_loss=1.0118 zmix(p=0.200, gt=0) it/s=8.32 eta=1.0m
2026-02-22 20:24:06,529 - INFO - epoch=42 batch=400/842 train_loss=1.0124 zmix(p=0.200, gt=0) it/s=8.32 eta=0.9m
2026-02-22 20:24:12,487 - INFO - epoch=42 batch=450/842 train_loss=1.0148 zmix(p=0.200, gt=0) it/s=8.33 eta=0.8m
2026-02-22 20:24:18,511 - INFO - epoch=42 batch=500/842 train_loss=1.0187 zmix(p=0.200, gt=0) it/s=8.33 eta=0.7m
2026-02-22 20:24:24,480 - INFO - epoch=42 batch=550/842 train_loss=1.0209 zmix(p=0.200, gt=0) it/s=8.33 eta=0.6m
2026-02-22 20:24:30,528 - INFO - epoch=42 batch=600/842 train_loss=1.0317 zmix(p=0.200, gt=0) it/s=8.32 eta=0.5m
2026-02-22 20:24:36,559 - INFO - epoch=42 batch=650/842 train_loss=1.0311 zmix(p=0.200, gt=0) it/s=8.32 eta=0.4m
2026-02-22 20:24:42,583 - INFO - epoch=42 batch=700/842 train_loss=1.0229 zmix(p=0.200, gt=0) it/s=8.32 eta=0.3m
2026-02-22 20:24:48,622 - INFO - epoch=42 batch=750/842 train_loss=1.0262 zmix(p=0.200, gt=1) it/s=8.32 eta=0.2m
2026-02-22 20:24:54,592 - INFO - epoch=42 batch=800/842 train_loss=1.0257 zmix(p=0.200, gt=0) it/s=8.32 eta=0.1m
2026-02-22 20:25:05,354 - INFO - epoch=42 train_loss=1.026950 val_loss=1.103977 best=1.105378@41 zmix(p=0.200, use_gt=0.191)
2026-02-22 20:25:11,504 - INFO - epoch=43 batch=50/842 train_loss=0.9953 zmix(p=0.200, gt=0) it/s=8.17 eta=1.6m
2026-02-22 20:25:17,493 - INFO - epoch=43 batch=100/842 train_loss=0.9936 zmix(p=0.200, gt=0) it/s=8.26 eta=1.5m
2026-02-22 20:25:23,533 - INFO - epoch=43 batch=150/842 train_loss=0.9986 zmix(p=0.200, gt=0) it/s=8.27 eta=1.4m
2026-02-22 20:25:29,501 - INFO - epoch=43 batch=200/842 train_loss=1.0054 zmix(p=0.200, gt=0) it/s=8.29 eta=1.3m
2026-02-22 20:25:35,526 - INFO - epoch=43 batch=250/842 train_loss=0.9939 zmix(p=0.200, gt=1) it/s=8.30 eta=1.2m
2026-02-22 20:25:41,526 - INFO - epoch=43 batch=300/842 train_loss=0.9913 zmix(p=0.200, gt=0) it/s=8.30 eta=1.1m
2026-02-22 20:25:47,540 - INFO - epoch=43 batch=350/842 train_loss=1.0093 zmix(p=0.200, gt=0) it/s=8.30 eta=1.0m
2026-02-22 20:25:53,474 - INFO - epoch=43 batch=400/842 train_loss=1.0134 zmix(p=0.200, gt=0) it/s=8.32 eta=0.9m
2026-02-22 20:25:59,427 - INFO - epoch=43 batch=450/842 train_loss=1.0102 zmix(p=0.200, gt=0) it/s=8.33 eta=0.8m
2026-02-22 20:26:05,397 - INFO - epoch=43 batch=500/842 train_loss=1.0108 zmix(p=0.200, gt=0) it/s=8.33 eta=0.7m
2026-02-22 20:26:11,390 - INFO - epoch=43 batch=550/842 train_loss=1.0167 zmix(p=0.200, gt=0) it/s=8.33 eta=0.6m
2026-02-22 20:26:17,410 - INFO - epoch=43 batch=600/842 train_loss=1.0080 zmix(p=0.200, gt=0) it/s=8.33 eta=0.5m
2026-02-22 20:26:23,386 - INFO - epoch=43 batch=650/842 train_loss=1.0062 zmix(p=0.200, gt=0) it/s=8.33 eta=0.4m
2026-02-22 20:26:29,389 - INFO - epoch=43 batch=700/842 train_loss=1.0070 zmix(p=0.200, gt=1) it/s=8.33 eta=0.3m
2026-02-22 20:26:35,403 - INFO - epoch=43 batch=750/842 train_loss=1.0090 zmix(p=0.200, gt=1) it/s=8.33 eta=0.2m
2026-02-22 20:26:41,487 - INFO - epoch=43 batch=800/842 train_loss=1.0118 zmix(p=0.200, gt=0) it/s=8.32 eta=0.1m
2026-02-22 20:26:52,371 - INFO - epoch=43 train_loss=1.006480 val_loss=1.102280 best=1.103977@42 zmix(p=0.200, use_gt=0.214)
2026-02-22 20:26:58,624 - INFO - epoch=44 batch=50/842 train_loss=0.9839 zmix(p=0.200, gt=0) it/s=8.04 eta=1.6m
2026-02-22 20:27:04,647 - INFO - epoch=44 batch=100/842 train_loss=0.9479 zmix(p=0.200, gt=1) it/s=8.17 eta=1.5m
2026-02-22 20:27:10,683 - INFO - epoch=44 batch=150/842 train_loss=0.9611 zmix(p=0.200, gt=0) it/s=8.21 eta=1.4m
2026-02-22 20:27:16,674 - INFO - epoch=44 batch=200/842 train_loss=0.9699 zmix(p=0.200, gt=0) it/s=8.24 eta=1.3m
2026-02-22 20:27:22,682 - INFO - epoch=44 batch=250/842 train_loss=0.9463 zmix(p=0.200, gt=0) it/s=8.26 eta=1.2m
2026-02-22 20:27:28,646 - INFO - epoch=44 batch=300/842 train_loss=0.9658 zmix(p=0.200, gt=0) it/s=8.28 eta=1.1m
2026-02-22 20:27:34,667 - INFO - epoch=44 batch=350/842 train_loss=0.9822 zmix(p=0.200, gt=0) it/s=8.28 eta=1.0m
2026-02-22 20:27:40,654 - INFO - epoch=44 batch=400/842 train_loss=0.9865 zmix(p=0.200, gt=1) it/s=8.29 eta=0.9m
2026-02-22 20:27:46,686 - INFO - epoch=44 batch=450/842 train_loss=0.9797 zmix(p=0.200, gt=0) it/s=8.29 eta=0.8m
2026-02-22 20:27:52,646 - INFO - epoch=44 batch=500/842 train_loss=0.9853 zmix(p=0.200, gt=0) it/s=8.30 eta=0.7m
2026-02-22 20:27:58,625 - INFO - epoch=44 batch=550/842 train_loss=0.9916 zmix(p=0.200, gt=1) it/s=8.31 eta=0.6m
2026-02-22 20:28:04,637 - INFO - epoch=44 batch=600/842 train_loss=0.9980 zmix(p=0.200, gt=1) it/s=8.31 eta=0.5m
2026-02-22 20:28:10,653 - INFO - epoch=44 batch=650/842 train_loss=1.0030 zmix(p=0.200, gt=0) it/s=8.31 eta=0.4m
2026-02-22 20:28:16,668 - INFO - epoch=44 batch=700/842 train_loss=1.0004 zmix(p=0.200, gt=0) it/s=8.31 eta=0.3m
2026-02-22 20:28:22,672 - INFO - epoch=44 batch=750/842 train_loss=1.0001 zmix(p=0.200, gt=1) it/s=8.31 eta=0.2m
2026-02-22 20:28:28,605 - INFO - epoch=44 batch=800/842 train_loss=1.0038 zmix(p=0.200, gt=0) it/s=8.32 eta=0.1m
2026-02-22 20:28:39,471 - INFO - epoch=44 train_loss=1.001305 val_loss=1.101097 best=1.102280@43 zmix(p=0.200, use_gt=0.217)
2026-02-22 20:28:45,699 - INFO - epoch=45 batch=50/842 train_loss=1.0306 zmix(p=0.200, gt=0) it/s=8.07 eta=1.6m
2026-02-22 20:28:51,671 - INFO - epoch=45 batch=100/842 train_loss=1.0332 zmix(p=0.200, gt=0) it/s=8.22 eta=1.5m
2026-02-22 20:28:57,656 - INFO - epoch=45 batch=150/842 train_loss=1.0582 zmix(p=0.200, gt=0) it/s=8.26 eta=1.4m
2026-02-22 20:29:03,561 - INFO - epoch=45 batch=200/842 train_loss=1.0321 zmix(p=0.200, gt=0) it/s=8.31 eta=1.3m
2026-02-22 20:29:09,585 - INFO - epoch=45 batch=250/842 train_loss=1.0340 zmix(p=0.200, gt=0) it/s=8.31 eta=1.2m
2026-02-22 20:29:15,561 - INFO - epoch=45 batch=300/842 train_loss=1.0313 zmix(p=0.200, gt=0) it/s=8.32 eta=1.1m
2026-02-22 20:29:21,567 - INFO - epoch=45 batch=350/842 train_loss=1.0306 zmix(p=0.200, gt=0) it/s=8.32 eta=1.0m
2026-02-22 20:29:27,573 - INFO - epoch=45 batch=400/842 train_loss=1.0315 zmix(p=0.200, gt=1) it/s=8.32 eta=0.9m
2026-02-22 20:29:33,533 - INFO - epoch=45 batch=450/842 train_loss=1.0328 zmix(p=0.200, gt=0) it/s=8.33 eta=0.8m
2026-02-22 20:29:39,481 - INFO - epoch=45 batch=500/842 train_loss=1.0334 zmix(p=0.200, gt=0) it/s=8.34 eta=0.7m
2026-02-22 20:29:45,478 - INFO - epoch=45 batch=550/842 train_loss=1.0301 zmix(p=0.200, gt=0) it/s=8.34 eta=0.6m
2026-02-22 20:29:51,462 - INFO - epoch=45 batch=600/842 train_loss=1.0345 zmix(p=0.200, gt=0) it/s=8.34 eta=0.5m
2026-02-22 20:29:57,454 - INFO - epoch=45 batch=650/842 train_loss=1.0365 zmix(p=0.200, gt=1) it/s=8.34 eta=0.4m
2026-02-22 20:30:03,453 - INFO - epoch=45 batch=700/842 train_loss=1.0353 zmix(p=0.200, gt=0) it/s=8.34 eta=0.3m
2026-02-22 20:30:09,497 - INFO - epoch=45 batch=750/842 train_loss=1.0252 zmix(p=0.200, gt=0) it/s=8.33 eta=0.2m
2026-02-22 20:30:15,599 - INFO - epoch=45 batch=800/842 train_loss=1.0278 zmix(p=0.200, gt=0) it/s=8.32 eta=0.1m
2026-02-22 20:30:26,436 - INFO - epoch=45 train_loss=1.025250 val_loss=1.097989 best=1.101097@44 zmix(p=0.200, use_gt=0.186)
2026-02-22 20:30:32,767 - INFO - epoch=46 batch=50/842 train_loss=0.9454 zmix(p=0.200, gt=1) it/s=7.94 eta=1.7m
2026-02-22 20:30:38,749 - INFO - epoch=46 batch=100/842 train_loss=0.9855 zmix(p=0.200, gt=1) it/s=8.14 eta=1.5m
2026-02-22 20:30:44,765 - INFO - epoch=46 batch=150/842 train_loss=1.0005 zmix(p=0.200, gt=0) it/s=8.20 eta=1.4m
2026-02-22 20:30:50,731 - INFO - epoch=46 batch=200/842 train_loss=1.0041 zmix(p=0.200, gt=0) it/s=8.24 eta=1.3m
2026-02-22 20:30:56,708 - INFO - epoch=46 batch=250/842 train_loss=1.0083 zmix(p=0.200, gt=0) it/s=8.27 eta=1.2m
2026-02-22 20:31:02,622 - INFO - epoch=46 batch=300/842 train_loss=1.0091 zmix(p=0.200, gt=0) it/s=8.30 eta=1.1m
2026-02-22 20:31:08,664 - INFO - epoch=46 batch=350/842 train_loss=1.0190 zmix(p=0.200, gt=0) it/s=8.29 eta=1.0m
2026-02-22 20:31:14,662 - INFO - epoch=46 batch=400/842 train_loss=1.0186 zmix(p=0.200, gt=0) it/s=8.30 eta=0.9m
2026-02-22 20:31:20,578 - INFO - epoch=46 batch=450/842 train_loss=1.0119 zmix(p=0.200, gt=0) it/s=8.32 eta=0.8m
2026-02-22 20:31:26,602 - INFO - epoch=46 batch=500/842 train_loss=1.0208 zmix(p=0.200, gt=0) it/s=8.31 eta=0.7m
2026-02-22 20:31:32,590 - INFO - epoch=46 batch=550/842 train_loss=1.0180 zmix(p=0.200, gt=0) it/s=8.32 eta=0.6m
2026-02-22 20:31:38,567 - INFO - epoch=46 batch=600/842 train_loss=1.0176 zmix(p=0.200, gt=0) it/s=8.32 eta=0.5m
2026-02-22 20:31:44,539 - INFO - epoch=46 batch=650/842 train_loss=1.0203 zmix(p=0.200, gt=1) it/s=8.33 eta=0.4m
2026-02-22 20:31:50,520 - INFO - epoch=46 batch=700/842 train_loss=1.0164 zmix(p=0.200, gt=0) it/s=8.33 eta=0.3m
2026-02-22 20:31:56,526 - INFO - epoch=46 batch=750/842 train_loss=1.0189 zmix(p=0.200, gt=1) it/s=8.33 eta=0.2m
2026-02-22 20:32:02,536 - INFO - epoch=46 batch=800/842 train_loss=1.0156 zmix(p=0.200, gt=0) it/s=8.33 eta=0.1m
2026-02-22 20:32:13,307 - INFO - epoch=46 train_loss=1.016062 val_loss=1.096931 best=1.097989@45 zmix(p=0.200, use_gt=0.196)
2026-02-22 20:32:19,546 - INFO - epoch=47 batch=50/842 train_loss=1.0119 zmix(p=0.200, gt=0) it/s=8.05 eta=1.6m
2026-02-22 20:32:25,579 - INFO - epoch=47 batch=100/842 train_loss=0.9836 zmix(p=0.200, gt=0) it/s=8.17 eta=1.5m
2026-02-22 20:32:31,522 - INFO - epoch=47 batch=150/842 train_loss=0.9919 zmix(p=0.200, gt=0) it/s=8.25 eta=1.4m
2026-02-22 20:32:37,510 - INFO - epoch=47 batch=200/842 train_loss=1.0047 zmix(p=0.200, gt=1) it/s=8.27 eta=1.3m
2026-02-22 20:32:43,533 - INFO - epoch=47 batch=250/842 train_loss=0.9908 zmix(p=0.200, gt=0) it/s=8.28 eta=1.2m
2026-02-22 20:32:49,532 - INFO - epoch=47 batch=300/842 train_loss=1.0064 zmix(p=0.200, gt=0) it/s=8.29 eta=1.1m
2026-02-22 20:32:55,461 - INFO - epoch=47 batch=350/842 train_loss=1.0119 zmix(p=0.200, gt=0) it/s=8.31 eta=1.0m
2026-02-22 20:33:01,403 - INFO - epoch=47 batch=400/842 train_loss=1.0148 zmix(p=0.200, gt=0) it/s=8.32 eta=0.9m
2026-02-22 20:33:07,388 - INFO - epoch=47 batch=450/842 train_loss=1.0163 zmix(p=0.200, gt=0) it/s=8.33 eta=0.8m
2026-02-22 20:33:13,341 - INFO - epoch=47 batch=500/842 train_loss=1.0192 zmix(p=0.200, gt=0) it/s=8.33 eta=0.7m
2026-02-22 20:33:19,390 - INFO - epoch=47 batch=550/842 train_loss=1.0140 zmix(p=0.200, gt=0) it/s=8.33 eta=0.6m
2026-02-22 20:33:25,452 - INFO - epoch=47 batch=600/842 train_loss=1.0131 zmix(p=0.200, gt=0) it/s=8.32 eta=0.5m
2026-02-22 20:33:31,423 - INFO - epoch=47 batch=650/842 train_loss=1.0111 zmix(p=0.200, gt=0) it/s=8.32 eta=0.4m
2026-02-22 20:33:37,416 - INFO - epoch=47 batch=700/842 train_loss=1.0120 zmix(p=0.200, gt=0) it/s=8.33 eta=0.3m
2026-02-22 20:33:43,447 - INFO - epoch=47 batch=750/842 train_loss=1.0096 zmix(p=0.200, gt=0) it/s=8.32 eta=0.2m
2026-02-22 20:33:49,409 - INFO - epoch=47 batch=800/842 train_loss=1.0128 zmix(p=0.200, gt=0) it/s=8.33 eta=0.1m
2026-02-22 20:34:00,330 - INFO - epoch=47 train_loss=1.011686 val_loss=1.095293 best=1.096931@46 zmix(p=0.200, use_gt=0.200)
2026-02-22 20:34:06,544 - INFO - epoch=48 batch=50/842 train_loss=1.0826 zmix(p=0.200, gt=0) it/s=8.09 eta=1.6m
2026-02-22 20:34:12,505 - INFO - epoch=48 batch=100/842 train_loss=1.0737 zmix(p=0.200, gt=0) it/s=8.24 eta=1.5m
2026-02-22 20:34:18,496 - INFO - epoch=48 batch=150/842 train_loss=1.0469 zmix(p=0.200, gt=0) it/s=8.27 eta=1.4m
2026-02-22 20:34:24,523 - INFO - epoch=48 batch=200/842 train_loss=1.0337 zmix(p=0.200, gt=0) it/s=8.28 eta=1.3m
2026-02-22 20:34:30,547 - INFO - epoch=48 batch=250/842 train_loss=1.0246 zmix(p=0.200, gt=0) it/s=8.28 eta=1.2m
2026-02-22 20:34:36,508 - INFO - epoch=48 batch=300/842 train_loss=1.0243 zmix(p=0.200, gt=0) it/s=8.30 eta=1.1m
2026-02-22 20:34:42,487 - INFO - epoch=48 batch=350/842 train_loss=1.0086 zmix(p=0.200, gt=0) it/s=8.31 eta=1.0m
2026-02-22 20:34:48,454 - INFO - epoch=48 batch=400/842 train_loss=0.9969 zmix(p=0.200, gt=0) it/s=8.32 eta=0.9m
2026-02-22 20:34:54,413 - INFO - epoch=48 batch=450/842 train_loss=0.9965 zmix(p=0.200, gt=0) it/s=8.33 eta=0.8m
2026-02-22 20:35:00,407 - INFO - epoch=48 batch=500/842 train_loss=0.9959 zmix(p=0.200, gt=0) it/s=8.33 eta=0.7m
2026-02-22 20:35:06,424 - INFO - epoch=48 batch=550/842 train_loss=1.0031 zmix(p=0.200, gt=0) it/s=8.33 eta=0.6m
2026-02-22 20:35:12,419 - INFO - epoch=48 batch=600/842 train_loss=1.0000 zmix(p=0.200, gt=1) it/s=8.33 eta=0.5m
2026-02-22 20:35:18,484 - INFO - epoch=48 batch=650/842 train_loss=0.9962 zmix(p=0.200, gt=0) it/s=8.32 eta=0.4m
2026-02-22 20:35:24,492 - INFO - epoch=48 batch=700/842 train_loss=0.9995 zmix(p=0.200, gt=1) it/s=8.32 eta=0.3m
2026-02-22 20:35:30,486 - INFO - epoch=48 batch=750/842 train_loss=1.0008 zmix(p=0.200, gt=0) it/s=8.32 eta=0.2m
2026-02-22 20:35:36,513 - INFO - epoch=48 batch=800/842 train_loss=1.0037 zmix(p=0.200, gt=0) it/s=8.32 eta=0.1m
2026-02-22 20:35:47,428 - INFO - epoch=48 train_loss=1.004269 val_loss=1.093060 best=1.095293@47 zmix(p=0.200, use_gt=0.207)
2026-02-22 20:35:53,655 - INFO - epoch=49 batch=50/842 train_loss=0.9940 zmix(p=0.200, gt=0) it/s=8.07 eta=1.6m
2026-02-22 20:35:59,713 - INFO - epoch=49 batch=100/842 train_loss=0.9973 zmix(p=0.200, gt=0) it/s=8.16 eta=1.5m
2026-02-22 20:36:05,732 - INFO - epoch=49 batch=150/842 train_loss=1.0062 zmix(p=0.200, gt=0) it/s=8.21 eta=1.4m
2026-02-22 20:36:11,727 - INFO - epoch=49 batch=200/842 train_loss=1.0063 zmix(p=0.200, gt=0) it/s=8.24 eta=1.3m
2026-02-22 20:36:17,737 - INFO - epoch=49 batch=250/842 train_loss=1.0202 zmix(p=0.200, gt=0) it/s=8.26 eta=1.2m
2026-02-22 20:36:23,723 - INFO - epoch=49 batch=300/842 train_loss=1.0168 zmix(p=0.200, gt=0) it/s=8.27 eta=1.1m
2026-02-22 20:36:29,707 - INFO - epoch=49 batch=350/842 train_loss=1.0195 zmix(p=0.200, gt=0) it/s=8.28 eta=1.0m
2026-02-22 20:36:35,684 - INFO - epoch=49 batch=400/842 train_loss=1.0190 zmix(p=0.200, gt=0) it/s=8.29 eta=0.9m
2026-02-22 20:36:41,699 - INFO - epoch=49 batch=450/842 train_loss=1.0199 zmix(p=0.200, gt=0) it/s=8.30 eta=0.8m
2026-02-22 20:36:47,714 - INFO - epoch=49 batch=500/842 train_loss=1.0196 zmix(p=0.200, gt=1) it/s=8.30 eta=0.7m
2026-02-22 20:36:53,694 - INFO - epoch=49 batch=550/842 train_loss=1.0182 zmix(p=0.200, gt=0) it/s=8.30 eta=0.6m
2026-02-22 20:36:59,665 - INFO - epoch=49 batch=600/842 train_loss=1.0177 zmix(p=0.200, gt=0) it/s=8.31 eta=0.5m
2026-02-22 20:37:05,633 - INFO - epoch=49 batch=650/842 train_loss=1.0156 zmix(p=0.200, gt=0) it/s=8.32 eta=0.4m
2026-02-22 20:37:11,608 - INFO - epoch=49 batch=700/842 train_loss=1.0129 zmix(p=0.200, gt=0) it/s=8.32 eta=0.3m
2026-02-22 20:37:17,623 - INFO - epoch=49 batch=750/842 train_loss=1.0171 zmix(p=0.200, gt=0) it/s=8.32 eta=0.2m
2026-02-22 20:37:23,615 - INFO - epoch=49 batch=800/842 train_loss=1.0208 zmix(p=0.200, gt=0) it/s=8.32 eta=0.1m
2026-02-22 20:37:34,426 - INFO - epoch=49 train_loss=1.021848 val_loss=1.091892 best=1.093060@48 zmix(p=0.200, use_gt=0.184)
2026-02-22 20:37:40,668 - INFO - epoch=50 batch=50/842 train_loss=1.0749 zmix(p=0.200, gt=0) it/s=8.05 eta=1.6m
2026-02-22 20:37:46,685 - INFO - epoch=50 batch=100/842 train_loss=1.0641 zmix(p=0.200, gt=0) it/s=8.18 eta=1.5m
2026-02-22 20:37:52,721 - INFO - epoch=50 batch=150/842 train_loss=1.0741 zmix(p=0.200, gt=0) it/s=8.21 eta=1.4m
2026-02-22 20:37:58,742 - INFO - epoch=50 batch=200/842 train_loss=1.0459 zmix(p=0.200, gt=0) it/s=8.24 eta=1.3m
2026-02-22 20:38:04,713 - INFO - epoch=50 batch=250/842 train_loss=1.0618 zmix(p=0.200, gt=0) it/s=8.26 eta=1.2m
2026-02-22 20:38:10,622 - INFO - epoch=50 batch=300/842 train_loss=1.0489 zmix(p=0.200, gt=0) it/s=8.30 eta=1.1m
2026-02-22 20:38:16,623 - INFO - epoch=50 batch=350/842 train_loss=1.0442 zmix(p=0.200, gt=0) it/s=8.30 eta=1.0m
2026-02-22 20:38:22,668 - INFO - epoch=50 batch=400/842 train_loss=1.0375 zmix(p=0.200, gt=0) it/s=8.30 eta=0.9m
2026-02-22 20:38:28,641 - INFO - epoch=50 batch=450/842 train_loss=1.0353 zmix(p=0.200, gt=1) it/s=8.31 eta=0.8m
2026-02-22 20:38:34,656 - INFO - epoch=50 batch=500/842 train_loss=1.0325 zmix(p=0.200, gt=0) it/s=8.31 eta=0.7m
2026-02-22 20:38:40,644 - INFO - epoch=50 batch=550/842 train_loss=1.0369 zmix(p=0.200, gt=0) it/s=8.31 eta=0.6m
2026-02-22 20:38:46,655 - INFO - epoch=50 batch=600/842 train_loss=1.0347 zmix(p=0.200, gt=0) it/s=8.31 eta=0.5m
2026-02-22 20:38:52,649 - INFO - epoch=50 batch=650/842 train_loss=1.0373 zmix(p=0.200, gt=0) it/s=8.31 eta=0.4m
2026-02-22 20:38:58,627 - INFO - epoch=50 batch=700/842 train_loss=1.0377 zmix(p=0.200, gt=0) it/s=8.32 eta=0.3m
2026-02-22 20:39:04,618 - INFO - epoch=50 batch=750/842 train_loss=1.0381 zmix(p=0.200, gt=0) it/s=8.32 eta=0.2m
2026-02-22 20:39:10,569 - INFO - epoch=50 batch=800/842 train_loss=1.0389 zmix(p=0.200, gt=0) it/s=8.32 eta=0.1m
2026-02-22 20:39:21,401 - INFO - epoch=50 train_loss=1.041797 val_loss=1.089226 best=1.091892@49 zmix(p=0.200, use_gt=0.158)
2026-02-22 20:39:27,704 - INFO - epoch=51 batch=50/842 train_loss=0.9444 zmix(p=0.200, gt=1) it/s=7.97 eta=1.7m
2026-02-22 20:39:33,721 - INFO - epoch=51 batch=100/842 train_loss=0.9799 zmix(p=0.200, gt=0) it/s=8.14 eta=1.5m
2026-02-22 20:39:39,661 - INFO - epoch=51 batch=150/842 train_loss=1.0099 zmix(p=0.200, gt=0) it/s=8.23 eta=1.4m
2026-02-22 20:39:45,644 - INFO - epoch=51 batch=200/842 train_loss=1.0254 zmix(p=0.200, gt=0) it/s=8.26 eta=1.3m
2026-02-22 20:39:51,677 - INFO - epoch=51 batch=250/842 train_loss=1.0232 zmix(p=0.200, gt=0) it/s=8.27 eta=1.2m
2026-02-22 20:39:57,662 - INFO - epoch=51 batch=300/842 train_loss=1.0263 zmix(p=0.200, gt=0) it/s=8.28 eta=1.1m
2026-02-22 20:40:03,620 - INFO - epoch=51 batch=350/842 train_loss=1.0218 zmix(p=0.200, gt=0) it/s=8.30 eta=1.0m
2026-02-22 20:40:09,634 - INFO - epoch=51 batch=400/842 train_loss=1.0198 zmix(p=0.200, gt=0) it/s=8.30 eta=0.9m
2026-02-22 20:40:15,591 - INFO - epoch=51 batch=450/842 train_loss=1.0265 zmix(p=0.200, gt=0) it/s=8.31 eta=0.8m
2026-02-22 20:40:21,571 - INFO - epoch=51 batch=500/842 train_loss=1.0189 zmix(p=0.200, gt=0) it/s=8.31 eta=0.7m
2026-02-22 20:40:27,598 - INFO - epoch=51 batch=550/842 train_loss=1.0188 zmix(p=0.200, gt=0) it/s=8.31 eta=0.6m
2026-02-22 20:40:33,591 - INFO - epoch=51 batch=600/842 train_loss=1.0193 zmix(p=0.200, gt=0) it/s=8.31 eta=0.5m
2026-02-22 20:40:39,591 - INFO - epoch=51 batch=650/842 train_loss=1.0171 zmix(p=0.200, gt=0) it/s=8.32 eta=0.4m
2026-02-22 20:40:45,591 - INFO - epoch=51 batch=700/842 train_loss=1.0212 zmix(p=0.200, gt=0) it/s=8.32 eta=0.3m
2026-02-22 20:40:51,580 - INFO - epoch=51 batch=750/842 train_loss=1.0208 zmix(p=0.200, gt=0) it/s=8.32 eta=0.2m
2026-02-22 20:40:57,596 - INFO - epoch=51 batch=800/842 train_loss=1.0134 zmix(p=0.200, gt=0) it/s=8.32 eta=0.1m
2026-02-22 20:41:08,500 - INFO - epoch=51 train_loss=1.011753 val_loss=1.088431 best=1.089226@50 zmix(p=0.200, use_gt=0.195)
2026-02-22 20:41:14,753 - INFO - epoch=52 batch=50/842 train_loss=0.8765 zmix(p=0.200, gt=0) it/s=8.04 eta=1.6m
2026-02-22 20:41:20,785 - INFO - epoch=52 batch=100/842 train_loss=0.9381 zmix(p=0.200, gt=0) it/s=8.16 eta=1.5m
2026-02-22 20:41:26,808 - INFO - epoch=52 batch=150/842 train_loss=0.9622 zmix(p=0.200, gt=0) it/s=8.21 eta=1.4m
2026-02-22 20:41:32,739 - INFO - epoch=52 batch=200/842 train_loss=0.9733 zmix(p=0.200, gt=0) it/s=8.26 eta=1.3m
2026-02-22 20:41:38,741 - INFO - epoch=52 batch=250/842 train_loss=0.9721 zmix(p=0.200, gt=0) it/s=8.28 eta=1.2m
2026-02-22 20:41:44,771 - INFO - epoch=52 batch=300/842 train_loss=0.9837 zmix(p=0.200, gt=1) it/s=8.28 eta=1.1m
2026-02-22 20:41:50,738 - INFO - epoch=52 batch=350/842 train_loss=0.9868 zmix(p=0.200, gt=0) it/s=8.29 eta=1.0m
2026-02-22 20:41:56,735 - INFO - epoch=52 batch=400/842 train_loss=0.9845 zmix(p=0.200, gt=0) it/s=8.30 eta=0.9m
2026-02-22 20:42:02,770 - INFO - epoch=52 batch=450/842 train_loss=0.9849 zmix(p=0.200, gt=0) it/s=8.30 eta=0.8m
2026-02-22 20:42:08,792 - INFO - epoch=52 batch=500/842 train_loss=0.9903 zmix(p=0.200, gt=0) it/s=8.30 eta=0.7m
2026-02-22 20:42:14,778 - INFO - epoch=52 batch=550/842 train_loss=0.9908 zmix(p=0.200, gt=0) it/s=8.30 eta=0.6m
2026-02-22 20:42:20,773 - INFO - epoch=52 batch=600/842 train_loss=0.9892 zmix(p=0.200, gt=0) it/s=8.31 eta=0.5m
2026-02-22 20:42:26,784 - INFO - epoch=52 batch=650/842 train_loss=0.9941 zmix(p=0.200, gt=0) it/s=8.31 eta=0.4m
2026-02-22 20:42:32,750 - INFO - epoch=52 batch=700/842 train_loss=0.9938 zmix(p=0.200, gt=0) it/s=8.31 eta=0.3m
2026-02-22 20:42:38,741 - INFO - epoch=52 batch=750/842 train_loss=0.9966 zmix(p=0.200, gt=0) it/s=8.31 eta=0.2m
2026-02-22 20:42:44,807 - INFO - epoch=52 batch=800/842 train_loss=1.0022 zmix(p=0.200, gt=0) it/s=8.31 eta=0.1m
2026-02-22 20:42:55,653 - INFO - epoch=52 train_loss=1.002793 val_loss=1.085750 best=1.088431@51 zmix(p=0.200, use_gt=0.203)
2026-02-22 20:43:01,998 - INFO - epoch=53 batch=50/842 train_loss=0.9905 zmix(p=0.200, gt=1) it/s=7.92 eta=1.7m
2026-02-22 20:43:07,996 - INFO - epoch=53 batch=100/842 train_loss=0.9567 zmix(p=0.200, gt=1) it/s=8.12 eta=1.5m
2026-02-22 20:43:14,027 - INFO - epoch=53 batch=150/842 train_loss=0.9343 zmix(p=0.200, gt=0) it/s=8.18 eta=1.4m
2026-02-22 20:43:20,009 - INFO - epoch=53 batch=200/842 train_loss=0.9515 zmix(p=0.200, gt=0) it/s=8.22 eta=1.3m
2026-02-22 20:43:25,977 - INFO - epoch=53 batch=250/842 train_loss=0.9652 zmix(p=0.200, gt=0) it/s=8.25 eta=1.2m
2026-02-22 20:43:31,996 - INFO - epoch=53 batch=300/842 train_loss=0.9636 zmix(p=0.200, gt=0) it/s=8.26 eta=1.1m
2026-02-22 20:43:37,998 - INFO - epoch=53 batch=350/842 train_loss=0.9693 zmix(p=0.200, gt=0) it/s=8.27 eta=1.0m
2026-02-22 20:43:43,928 - INFO - epoch=53 batch=400/842 train_loss=0.9745 zmix(p=0.200, gt=1) it/s=8.29 eta=0.9m
2026-02-22 20:43:49,869 - INFO - epoch=53 batch=450/842 train_loss=0.9700 zmix(p=0.200, gt=0) it/s=8.30 eta=0.8m
2026-02-22 20:43:55,836 - INFO - epoch=53 batch=500/842 train_loss=0.9680 zmix(p=0.200, gt=0) it/s=8.31 eta=0.7m
2026-02-22 20:44:01,849 - INFO - epoch=53 batch=550/842 train_loss=0.9627 zmix(p=0.200, gt=0) it/s=8.31 eta=0.6m
2026-02-22 20:44:07,846 - INFO - epoch=53 batch=600/842 train_loss=0.9697 zmix(p=0.200, gt=0) it/s=8.31 eta=0.5m
2026-02-22 20:44:13,754 - INFO - epoch=53 batch=650/842 train_loss=0.9781 zmix(p=0.200, gt=0) it/s=8.33 eta=0.4m
2026-02-22 20:44:19,720 - INFO - epoch=53 batch=700/842 train_loss=0.9815 zmix(p=0.200, gt=1) it/s=8.33 eta=0.3m
2026-02-22 20:44:25,707 - INFO - epoch=53 batch=750/842 train_loss=0.9834 zmix(p=0.200, gt=0) it/s=8.33 eta=0.2m
2026-02-22 20:44:31,689 - INFO - epoch=53 batch=800/842 train_loss=0.9889 zmix(p=0.200, gt=0) it/s=8.33 eta=0.1m
2026-02-22 20:44:42,518 - INFO - epoch=53 train_loss=0.992789 val_loss=1.084842 best=1.085750@52 zmix(p=0.200, use_gt=0.214)
2026-02-22 20:44:48,768 - INFO - epoch=54 batch=50/842 train_loss=1.0389 zmix(p=0.200, gt=0) it/s=8.04 eta=1.6m
2026-02-22 20:44:54,759 - INFO - epoch=54 batch=100/842 train_loss=1.0021 zmix(p=0.200, gt=0) it/s=8.19 eta=1.5m
2026-02-22 20:45:00,718 - INFO - epoch=54 batch=150/842 train_loss=0.9908 zmix(p=0.200, gt=0) it/s=8.26 eta=1.4m
2026-02-22 20:45:06,708 - INFO - epoch=54 batch=200/842 train_loss=0.9837 zmix(p=0.200, gt=0) it/s=8.28 eta=1.3m
2026-02-22 20:45:12,615 - INFO - epoch=54 batch=250/842 train_loss=0.9797 zmix(p=0.200, gt=0) it/s=8.31 eta=1.2m
2026-02-22 20:45:18,566 - INFO - epoch=54 batch=300/842 train_loss=0.9865 zmix(p=0.200, gt=1) it/s=8.33 eta=1.1m
2026-02-22 20:45:24,468 - INFO - epoch=54 batch=350/842 train_loss=0.9863 zmix(p=0.200, gt=0) it/s=8.35 eta=1.0m
2026-02-22 20:45:30,384 - INFO - epoch=54 batch=400/842 train_loss=0.9850 zmix(p=0.200, gt=1) it/s=8.36 eta=0.9m
2026-02-22 20:45:36,325 - INFO - epoch=54 batch=450/842 train_loss=0.9805 zmix(p=0.200, gt=0) it/s=8.37 eta=0.8m
2026-02-22 20:45:42,243 - INFO - epoch=54 batch=500/842 train_loss=0.9840 zmix(p=0.200, gt=0) it/s=8.38 eta=0.7m
2026-02-22 20:45:48,193 - INFO - epoch=54 batch=550/842 train_loss=0.9843 zmix(p=0.200, gt=0) it/s=8.38 eta=0.6m
2026-02-22 20:45:54,192 - INFO - epoch=54 batch=600/842 train_loss=0.9862 zmix(p=0.200, gt=0) it/s=8.37 eta=0.5m
2026-02-22 20:46:00,201 - INFO - epoch=54 batch=650/842 train_loss=0.9888 zmix(p=0.200, gt=0) it/s=8.37 eta=0.4m
2026-02-22 20:46:06,204 - INFO - epoch=54 batch=700/842 train_loss=0.9937 zmix(p=0.200, gt=0) it/s=8.37 eta=0.3m
2026-02-22 20:46:12,180 - INFO - epoch=54 batch=750/842 train_loss=0.9966 zmix(p=0.200, gt=0) it/s=8.37 eta=0.2m
2026-02-22 20:46:18,184 - INFO - epoch=54 batch=800/842 train_loss=0.9991 zmix(p=0.200, gt=0) it/s=8.37 eta=0.1m
2026-02-22 20:46:28,957 - INFO - epoch=54 train_loss=0.998769 val_loss=1.083705 best=1.084842@53 zmix(p=0.200, use_gt=0.205)
2026-02-22 20:46:35,121 - INFO - epoch=55 batch=50/842 train_loss=0.9473 zmix(p=0.200, gt=0) it/s=8.15 eta=1.6m
2026-02-22 20:46:41,089 - INFO - epoch=55 batch=100/842 train_loss=0.9516 zmix(p=0.200, gt=1) it/s=8.26 eta=1.5m
2026-02-22 20:46:47,075 - INFO - epoch=55 batch=150/842 train_loss=0.9683 zmix(p=0.200, gt=0) it/s=8.29 eta=1.4m
2026-02-22 20:46:52,992 - INFO - epoch=55 batch=200/842 train_loss=0.9720 zmix(p=0.200, gt=0) it/s=8.33 eta=1.3m
2026-02-22 20:46:59,021 - INFO - epoch=55 batch=250/842 train_loss=0.9712 zmix(p=0.200, gt=1) it/s=8.32 eta=1.2m
2026-02-22 20:47:04,917 - INFO - epoch=55 batch=300/842 train_loss=0.9844 zmix(p=0.200, gt=0) it/s=8.35 eta=1.1m
2026-02-22 20:47:10,852 - INFO - epoch=55 batch=350/842 train_loss=0.9795 zmix(p=0.200, gt=0) it/s=8.36 eta=1.0m
2026-02-22 20:47:16,813 - INFO - epoch=55 batch=400/842 train_loss=0.9919 zmix(p=0.200, gt=0) it/s=8.36 eta=0.9m
2026-02-22 20:47:22,794 - INFO - epoch=55 batch=450/842 train_loss=0.9923 zmix(p=0.200, gt=0) it/s=8.36 eta=0.8m
2026-02-22 20:47:28,661 - INFO - epoch=55 batch=500/842 train_loss=0.9964 zmix(p=0.200, gt=1) it/s=8.38 eta=0.7m
2026-02-22 20:47:34,607 - INFO - epoch=55 batch=550/842 train_loss=0.9964 zmix(p=0.200, gt=1) it/s=8.38 eta=0.6m
2026-02-22 20:47:40,602 - INFO - epoch=55 batch=600/842 train_loss=0.9928 zmix(p=0.200, gt=0) it/s=8.38 eta=0.5m
2026-02-22 20:47:46,648 - INFO - epoch=55 batch=650/842 train_loss=0.9906 zmix(p=0.200, gt=1) it/s=8.37 eta=0.4m
2026-02-22 20:47:52,612 - INFO - epoch=55 batch=700/842 train_loss=0.9958 zmix(p=0.200, gt=1) it/s=8.37 eta=0.3m
2026-02-22 20:47:58,568 - INFO - epoch=55 batch=750/842 train_loss=0.9932 zmix(p=0.200, gt=0) it/s=8.37 eta=0.2m
2026-02-22 20:48:04,515 - INFO - epoch=55 batch=800/842 train_loss=0.9939 zmix(p=0.200, gt=0) it/s=8.37 eta=0.1m
2026-02-22 20:48:15,336 - INFO - epoch=55 train_loss=0.994757 val_loss=1.082545 best=1.083705@54 zmix(p=0.200, use_gt=0.208)
2026-02-22 20:48:21,573 - INFO - epoch=56 batch=50/842 train_loss=0.9529 zmix(p=0.200, gt=0) it/s=8.06 eta=1.6m
2026-02-22 20:48:27,510 - INFO - epoch=56 batch=100/842 train_loss=0.9198 zmix(p=0.200, gt=1) it/s=8.24 eta=1.5m
2026-02-22 20:48:33,467 - INFO - epoch=56 batch=150/842 train_loss=0.9583 zmix(p=0.200, gt=0) it/s=8.29 eta=1.4m
2026-02-22 20:48:39,429 - INFO - epoch=56 batch=200/842 train_loss=0.9570 zmix(p=0.200, gt=1) it/s=8.31 eta=1.3m
2026-02-22 20:48:45,368 - INFO - epoch=56 batch=250/842 train_loss=0.9617 zmix(p=0.200, gt=0) it/s=8.33 eta=1.2m
2026-02-22 20:48:51,379 - INFO - epoch=56 batch=300/842 train_loss=0.9731 zmix(p=0.200, gt=0) it/s=8.33 eta=1.1m
2026-02-22 20:48:57,366 - INFO - epoch=56 batch=350/842 train_loss=0.9785 zmix(p=0.200, gt=0) it/s=8.33 eta=1.0m
2026-02-22 20:49:03,279 - INFO - epoch=56 batch=400/842 train_loss=0.9900 zmix(p=0.200, gt=0) it/s=8.35 eta=0.9m
2026-02-22 20:49:09,278 - INFO - epoch=56 batch=450/842 train_loss=0.9927 zmix(p=0.200, gt=0) it/s=8.35 eta=0.8m
2026-02-22 20:49:15,306 - INFO - epoch=56 batch=500/842 train_loss=1.0033 zmix(p=0.200, gt=0) it/s=8.34 eta=0.7m
2026-02-22 20:49:21,251 - INFO - epoch=56 batch=550/842 train_loss=1.0061 zmix(p=0.200, gt=0) it/s=8.35 eta=0.6m
2026-02-22 20:49:27,157 - INFO - epoch=56 batch=600/842 train_loss=1.0096 zmix(p=0.200, gt=0) it/s=8.36 eta=0.5m
2026-02-22 20:49:33,144 - INFO - epoch=56 batch=650/842 train_loss=1.0063 zmix(p=0.200, gt=1) it/s=8.36 eta=0.4m
2026-02-22 20:49:39,114 - INFO - epoch=56 batch=700/842 train_loss=1.0093 zmix(p=0.200, gt=1) it/s=8.36 eta=0.3m
2026-02-22 20:49:45,061 - INFO - epoch=56 batch=750/842 train_loss=1.0090 zmix(p=0.200, gt=0) it/s=8.36 eta=0.2m
2026-02-22 20:49:50,988 - INFO - epoch=56 batch=800/842 train_loss=1.0074 zmix(p=0.200, gt=1) it/s=8.37 eta=0.1m
2026-02-22 20:50:01,831 - INFO - epoch=56 train_loss=1.004327 val_loss=1.081118 best=1.082545@55 zmix(p=0.200, use_gt=0.195)
2026-02-22 20:50:08,173 - INFO - epoch=57 batch=50/842 train_loss=1.0789 zmix(p=0.200, gt=0) it/s=7.92 eta=1.7m
2026-02-22 20:50:14,077 - INFO - epoch=57 batch=100/842 train_loss=1.0294 zmix(p=0.200, gt=1) it/s=8.19 eta=1.5m
2026-02-22 20:50:20,057 - INFO - epoch=57 batch=150/842 train_loss=1.0037 zmix(p=0.200, gt=0) it/s=8.24 eta=1.4m
2026-02-22 20:50:25,955 - INFO - epoch=57 batch=200/842 train_loss=1.0040 zmix(p=0.200, gt=0) it/s=8.30 eta=1.3m
2026-02-22 20:50:31,926 - INFO - epoch=57 batch=250/842 train_loss=0.9763 zmix(p=0.200, gt=1) it/s=8.32 eta=1.2m
2026-02-22 20:50:37,873 - INFO - epoch=57 batch=300/842 train_loss=0.9802 zmix(p=0.200, gt=0) it/s=8.33 eta=1.1m
2026-02-22 20:50:43,892 - INFO - epoch=57 batch=350/842 train_loss=0.9824 zmix(p=0.200, gt=0) it/s=8.33 eta=1.0m
2026-02-22 20:50:49,871 - INFO - epoch=57 batch=400/842 train_loss=0.9800 zmix(p=0.200, gt=0) it/s=8.33 eta=0.9m
2026-02-22 20:50:55,820 - INFO - epoch=57 batch=450/842 train_loss=0.9763 zmix(p=0.200, gt=0) it/s=8.34 eta=0.8m
2026-02-22 20:51:01,717 - INFO - epoch=57 batch=500/842 train_loss=0.9848 zmix(p=0.200, gt=0) it/s=8.35 eta=0.7m
2026-02-22 20:51:07,664 - INFO - epoch=57 batch=550/842 train_loss=0.9860 zmix(p=0.200, gt=0) it/s=8.36 eta=0.6m
2026-02-22 20:51:13,582 - INFO - epoch=57 batch=600/842 train_loss=0.9883 zmix(p=0.200, gt=0) it/s=8.37 eta=0.5m
2026-02-22 20:51:19,493 - INFO - epoch=57 batch=650/842 train_loss=0.9907 zmix(p=0.200, gt=0) it/s=8.37 eta=0.4m
2026-02-22 20:51:25,516 - INFO - epoch=57 batch=700/842 train_loss=0.9925 zmix(p=0.200, gt=0) it/s=8.37 eta=0.3m
2026-02-22 20:51:31,493 - INFO - epoch=57 batch=750/842 train_loss=0.9970 zmix(p=0.200, gt=0) it/s=8.37 eta=0.2m
2026-02-22 20:51:37,513 - INFO - epoch=57 batch=800/842 train_loss=1.0053 zmix(p=0.200, gt=0) it/s=8.36 eta=0.1m
2026-02-22 20:51:48,291 - INFO - epoch=57 train_loss=1.008329 val_loss=1.079405 best=1.081118@56 zmix(p=0.200, use_gt=0.188)
2026-02-22 20:51:54,486 - INFO - epoch=58 batch=50/842 train_loss=0.9808 zmix(p=0.200, gt=0) it/s=8.11 eta=1.6m
2026-02-22 20:52:00,503 - INFO - epoch=58 batch=100/842 train_loss=1.0316 zmix(p=0.200, gt=0) it/s=8.21 eta=1.5m
2026-02-22 20:52:06,519 - INFO - epoch=58 batch=150/842 train_loss=1.0434 zmix(p=0.200, gt=0) it/s=8.24 eta=1.4m
2026-02-22 20:52:12,483 - INFO - epoch=58 batch=200/842 train_loss=1.0462 zmix(p=0.200, gt=0) it/s=8.28 eta=1.3m
2026-02-22 20:52:18,411 - INFO - epoch=58 batch=250/842 train_loss=1.0326 zmix(p=0.200, gt=0) it/s=8.31 eta=1.2m
2026-02-22 20:52:24,366 - INFO - epoch=58 batch=300/842 train_loss=1.0307 zmix(p=0.200, gt=0) it/s=8.32 eta=1.1m
2026-02-22 20:52:30,295 - INFO - epoch=58 batch=350/842 train_loss=1.0251 zmix(p=0.200, gt=0) it/s=8.34 eta=1.0m
2026-02-22 20:52:36,230 - INFO - epoch=58 batch=400/842 train_loss=1.0265 zmix(p=0.200, gt=0) it/s=8.35 eta=0.9m
2026-02-22 20:52:42,152 - INFO - epoch=58 batch=450/842 train_loss=1.0209 zmix(p=0.200, gt=0) it/s=8.36 eta=0.8m
2026-02-22 20:52:48,104 - INFO - epoch=58 batch=500/842 train_loss=1.0169 zmix(p=0.200, gt=0) it/s=8.36 eta=0.7m
2026-02-22 20:52:54,108 - INFO - epoch=58 batch=550/842 train_loss=1.0185 zmix(p=0.200, gt=0) it/s=8.36 eta=0.6m
2026-02-22 20:53:00,122 - INFO - epoch=58 batch=600/842 train_loss=1.0195 zmix(p=0.200, gt=0) it/s=8.36 eta=0.5m
2026-02-22 20:53:06,104 - INFO - epoch=58 batch=650/842 train_loss=1.0163 zmix(p=0.200, gt=0) it/s=8.36 eta=0.4m
2026-02-22 20:53:12,151 - INFO - epoch=58 batch=700/842 train_loss=1.0178 zmix(p=0.200, gt=0) it/s=8.35 eta=0.3m
2026-02-22 20:53:18,127 - INFO - epoch=58 batch=750/842 train_loss=1.0153 zmix(p=0.200, gt=0) it/s=8.35 eta=0.2m
2026-02-22 20:53:24,146 - INFO - epoch=58 batch=800/842 train_loss=1.0140 zmix(p=0.200, gt=0) it/s=8.35 eta=0.1m
2026-02-22 20:53:34,881 - INFO - epoch=58 train_loss=1.019644 val_loss=1.077682 best=1.079405@57 zmix(p=0.200, use_gt=0.172)
2026-02-22 20:53:41,122 - INFO - epoch=59 batch=50/842 train_loss=0.9604 zmix(p=0.200, gt=1) it/s=8.05 eta=1.6m
2026-02-22 20:53:47,110 - INFO - epoch=59 batch=100/842 train_loss=0.9780 zmix(p=0.200, gt=0) it/s=8.20 eta=1.5m
2026-02-22 20:53:53,087 - INFO - epoch=59 batch=150/842 train_loss=0.9906 zmix(p=0.200, gt=0) it/s=8.25 eta=1.4m
2026-02-22 20:53:59,028 - INFO - epoch=59 batch=200/842 train_loss=1.0152 zmix(p=0.200, gt=0) it/s=8.29 eta=1.3m
2026-02-22 20:54:05,027 - INFO - epoch=59 batch=250/842 train_loss=1.0101 zmix(p=0.200, gt=0) it/s=8.30 eta=1.2m
2026-02-22 20:54:10,997 - INFO - epoch=59 batch=300/842 train_loss=1.0065 zmix(p=0.200, gt=0) it/s=8.31 eta=1.1m
2026-02-22 20:54:16,986 - INFO - epoch=59 batch=350/842 train_loss=1.0054 zmix(p=0.200, gt=0) it/s=8.32 eta=1.0m
2026-02-22 20:54:22,942 - INFO - epoch=59 batch=400/842 train_loss=1.0064 zmix(p=0.200, gt=0) it/s=8.33 eta=0.9m
2026-02-22 20:54:28,898 - INFO - epoch=59 batch=450/842 train_loss=1.0060 zmix(p=0.200, gt=0) it/s=8.34 eta=0.8m
2026-02-22 20:54:34,857 - INFO - epoch=59 batch=500/842 train_loss=1.0015 zmix(p=0.200, gt=0) it/s=8.34 eta=0.7m
2026-02-22 20:54:40,857 - INFO - epoch=59 batch=550/842 train_loss=1.0032 zmix(p=0.200, gt=0) it/s=8.34 eta=0.6m
2026-02-22 20:54:46,798 - INFO - epoch=59 batch=600/842 train_loss=1.0035 zmix(p=0.200, gt=0) it/s=8.35 eta=0.5m
2026-02-22 20:54:52,798 - INFO - epoch=59 batch=650/842 train_loss=0.9988 zmix(p=0.200, gt=0) it/s=8.35 eta=0.4m
2026-02-22 20:54:58,752 - INFO - epoch=59 batch=700/842 train_loss=0.9986 zmix(p=0.200, gt=0) it/s=8.35 eta=0.3m
2026-02-22 20:55:04,749 - INFO - epoch=59 batch=750/842 train_loss=0.9981 zmix(p=0.200, gt=0) it/s=8.35 eta=0.2m
2026-02-22 20:55:10,745 - INFO - epoch=59 batch=800/842 train_loss=0.9974 zmix(p=0.200, gt=0) it/s=8.35 eta=0.1m
2026-02-22 20:55:21,430 - INFO - epoch=59 train_loss=0.992867 val_loss=1.077266 best=1.077682@58 zmix(p=0.200, use_gt=0.204)
2026-02-22 20:55:27,636 - INFO - epoch=60 batch=50/842 train_loss=0.9651 zmix(p=0.200, gt=0) it/s=8.10 eta=1.6m
2026-02-22 20:55:33,614 - INFO - epoch=60 batch=100/842 train_loss=0.9670 zmix(p=0.200, gt=0) it/s=8.23 eta=1.5m
2026-02-22 20:55:39,575 - INFO - epoch=60 batch=150/842 train_loss=0.9766 zmix(p=0.200, gt=0) it/s=8.28 eta=1.4m
2026-02-22 20:55:45,536 - INFO - epoch=60 batch=200/842 train_loss=1.0108 zmix(p=0.200, gt=0) it/s=8.31 eta=1.3m
2026-02-22 20:55:51,523 - INFO - epoch=60 batch=250/842 train_loss=0.9944 zmix(p=0.200, gt=0) it/s=8.32 eta=1.2m
2026-02-22 20:55:57,487 - INFO - epoch=60 batch=300/842 train_loss=0.9904 zmix(p=0.200, gt=0) it/s=8.33 eta=1.1m
2026-02-22 20:56:03,481 - INFO - epoch=60 batch=350/842 train_loss=0.9980 zmix(p=0.200, gt=0) it/s=8.33 eta=1.0m
2026-02-22 20:56:09,422 - INFO - epoch=60 batch=400/842 train_loss=0.9901 zmix(p=0.200, gt=1) it/s=8.34 eta=0.9m
2026-02-22 20:56:15,367 - INFO - epoch=60 batch=450/842 train_loss=0.9901 zmix(p=0.200, gt=0) it/s=8.35 eta=0.8m
2026-02-22 20:56:21,337 - INFO - epoch=60 batch=500/842 train_loss=0.9907 zmix(p=0.200, gt=0) it/s=8.35 eta=0.7m
2026-02-22 20:56:27,279 - INFO - epoch=60 batch=550/842 train_loss=0.9976 zmix(p=0.200, gt=0) it/s=8.36 eta=0.6m
2026-02-22 20:56:33,231 - INFO - epoch=60 batch=600/842 train_loss=0.9956 zmix(p=0.200, gt=0) it/s=8.36 eta=0.5m
2026-02-22 20:56:39,157 - INFO - epoch=60 batch=650/842 train_loss=0.9947 zmix(p=0.200, gt=0) it/s=8.37 eta=0.4m
2026-02-22 20:56:45,190 - INFO - epoch=60 batch=700/842 train_loss=0.9975 zmix(p=0.200, gt=0) it/s=8.36 eta=0.3m
2026-02-22 20:56:51,140 - INFO - epoch=60 batch=750/842 train_loss=0.9930 zmix(p=0.200, gt=0) it/s=8.36 eta=0.2m
2026-02-22 20:56:57,136 - INFO - epoch=60 batch=800/842 train_loss=0.9969 zmix(p=0.200, gt=0) it/s=8.36 eta=0.1m
2026-02-22 20:57:07,971 - INFO - epoch=60 train_loss=0.994416 val_loss=1.075198 best=1.077266@59 zmix(p=0.200, use_gt=0.200)
2026-02-22 20:57:08,001 - INFO - saved: _sync/wsa/pi_verify/20260222_porto_e2_zmixup_from_pureAE_s0/report.json

