2026-01-19 10:13:15,968 - INFO - device=cuda
2026-01-19 10:13:15,979 - INFO - routes: total=5392 train=4853 val=539 max_way_len=160
2026-01-19 10:13:17,477 - INFO - init best_val_loss=0.333906 from current weights (epoch=0)
2026-01-19 10:13:21,909 - INFO - epoch=1 train_loss=0.3110 train_acc=0.804 val_loss=0.3254 val_acc=0.790
2026-01-19 10:13:25,890 - INFO - epoch=2 train_loss=0.3077 train_acc=0.805 val_loss=0.3227 val_acc=0.792
2026-01-19 10:13:29,727 - INFO - epoch=3 train_loss=0.3047 train_acc=0.809 val_loss=0.3207 val_acc=0.800
2026-01-19 10:13:33,642 - INFO - epoch=4 train_loss=0.3022 train_acc=0.812 val_loss=0.3187 val_acc=0.804
2026-01-19 10:13:37,400 - INFO - epoch=5 train_loss=0.3000 train_acc=0.813 val_loss=0.3168 val_acc=0.808
2026-01-19 10:13:41,124 - INFO - epoch=6 train_loss=0.2981 train_acc=0.815 val_loss=0.3159 val_acc=0.807
2026-01-19 10:13:44,861 - INFO - epoch=7 train_loss=0.2967 train_acc=0.816 val_loss=0.3142 val_acc=0.811
2026-01-19 10:13:48,544 - INFO - epoch=8 train_loss=0.2955 train_acc=0.818 val_loss=0.3125 val_acc=0.807
2026-01-19 10:13:52,298 - INFO - epoch=9 train_loss=0.2932 train_acc=0.818 val_loss=0.3099 val_acc=0.811
2026-01-19 10:13:56,039 - INFO - epoch=10 train_loss=0.2906 train_acc=0.822 val_loss=0.3068 val_acc=0.822
2026-01-19 10:13:59,699 - INFO - epoch=11 train_loss=0.2884 train_acc=0.826 val_loss=0.3046 val_acc=0.826
2026-01-19 10:14:03,438 - INFO - epoch=12 train_loss=0.2856 train_acc=0.830 val_loss=0.3019 val_acc=0.829
2026-01-19 10:14:07,188 - INFO - epoch=13 train_loss=0.2825 train_acc=0.834 val_loss=0.3000 val_acc=0.830
2026-01-19 10:14:11,053 - INFO - epoch=14 train_loss=0.2808 train_acc=0.836 val_loss=0.2976 val_acc=0.831
2026-01-19 10:14:14,933 - INFO - epoch=15 train_loss=0.2778 train_acc=0.840 val_loss=0.2947 val_acc=0.832
2026-01-19 10:14:18,687 - INFO - epoch=16 train_loss=0.2755 train_acc=0.842 val_loss=0.2929 val_acc=0.836
2026-01-19 10:14:22,517 - INFO - epoch=17 train_loss=0.2735 train_acc=0.844 val_loss=0.2919 val_acc=0.837
2026-01-19 10:14:26,436 - INFO - epoch=18 train_loss=0.2716 train_acc=0.845 val_loss=0.2918 val_acc=0.837
2026-01-19 10:14:30,323 - INFO - epoch=19 train_loss=0.2696 train_acc=0.848 val_loss=0.2880 val_acc=0.836
2026-01-19 10:14:34,186 - INFO - epoch=20 train_loss=0.2677 train_acc=0.849 val_loss=0.2879 val_acc=0.838
2026-01-19 10:14:37,978 - INFO - epoch=21 train_loss=0.2653 train_acc=0.851 val_loss=0.2850 val_acc=0.840
2026-01-19 10:14:42,006 - INFO - epoch=22 train_loss=0.2631 train_acc=0.853 val_loss=0.2833 val_acc=0.841
2026-01-19 10:14:45,902 - INFO - epoch=23 train_loss=0.2621 train_acc=0.852 val_loss=0.2808 val_acc=0.841
2026-01-19 10:14:50,017 - INFO - epoch=24 train_loss=0.2593 train_acc=0.855 val_loss=0.2801 val_acc=0.843
2026-01-19 10:14:54,069 - INFO - epoch=25 train_loss=0.2581 train_acc=0.856 val_loss=0.2805 val_acc=0.841
2026-01-19 10:14:58,152 - INFO - epoch=26 train_loss=0.2568 train_acc=0.857 val_loss=0.2792 val_acc=0.845
2026-01-19 10:15:01,943 - INFO - epoch=27 train_loss=0.2550 train_acc=0.857 val_loss=0.2778 val_acc=0.846
2026-01-19 10:15:05,775 - INFO - epoch=28 train_loss=0.2536 train_acc=0.859 val_loss=0.2763 val_acc=0.845
2026-01-19 10:15:09,742 - INFO - epoch=29 train_loss=0.2520 train_acc=0.861 val_loss=0.2764 val_acc=0.845
2026-01-19 10:15:13,564 - INFO - epoch=30 train_loss=0.2506 train_acc=0.861 val_loss=0.2737 val_acc=0.846
2026-01-19 10:15:17,332 - INFO - epoch=31 train_loss=0.2493 train_acc=0.862 val_loss=0.2735 val_acc=0.847
2026-01-19 10:15:21,134 - INFO - epoch=32 train_loss=0.2485 train_acc=0.863 val_loss=0.2744 val_acc=0.847
2026-01-19 10:15:24,844 - INFO - epoch=33 train_loss=0.2479 train_acc=0.863 val_loss=0.2720 val_acc=0.849
2026-01-19 10:15:28,530 - INFO - epoch=34 train_loss=0.2452 train_acc=0.864 val_loss=0.2709 val_acc=0.851
2026-01-19 10:15:32,407 - INFO - epoch=35 train_loss=0.2434 train_acc=0.866 val_loss=0.2700 val_acc=0.852
2026-01-19 10:15:36,187 - INFO - epoch=36 train_loss=0.2420 train_acc=0.867 val_loss=0.2703 val_acc=0.852
2026-01-19 10:15:39,936 - INFO - epoch=37 train_loss=0.2406 train_acc=0.868 val_loss=0.2713 val_acc=0.850
2026-01-19 10:15:43,729 - INFO - epoch=38 train_loss=0.2394 train_acc=0.869 val_loss=0.2666 val_acc=0.853
2026-01-19 10:15:47,633 - INFO - epoch=39 train_loss=0.2380 train_acc=0.869 val_loss=0.2681 val_acc=0.852
2026-01-19 10:15:51,413 - INFO - epoch=40 train_loss=0.2372 train_acc=0.869 val_loss=0.2688 val_acc=0.854
2026-01-19 10:15:55,168 - INFO - epoch=41 train_loss=0.2366 train_acc=0.870 val_loss=0.2664 val_acc=0.853
2026-01-19 10:15:59,118 - INFO - epoch=42 train_loss=0.2350 train_acc=0.871 val_loss=0.2645 val_acc=0.853
2026-01-19 10:16:03,037 - INFO - epoch=43 train_loss=0.2338 train_acc=0.871 val_loss=0.2637 val_acc=0.855
2026-01-19 10:16:06,800 - INFO - epoch=44 train_loss=0.2317 train_acc=0.873 val_loss=0.2643 val_acc=0.856
2026-01-19 10:16:10,669 - INFO - epoch=45 train_loss=0.2303 train_acc=0.873 val_loss=0.2631 val_acc=0.858
2026-01-19 10:16:14,618 - INFO - epoch=46 train_loss=0.2301 train_acc=0.874 val_loss=0.2614 val_acc=0.860
2026-01-19 10:16:18,449 - INFO - epoch=47 train_loss=0.2285 train_acc=0.875 val_loss=0.2637 val_acc=0.857
2026-01-19 10:16:22,569 - INFO - epoch=48 train_loss=0.2283 train_acc=0.875 val_loss=0.2639 val_acc=0.856
2026-01-19 10:16:26,632 - INFO - epoch=49 train_loss=0.2277 train_acc=0.875 val_loss=0.2636 val_acc=0.858
2026-01-19 10:16:30,612 - INFO - epoch=50 train_loss=0.2256 train_acc=0.876 val_loss=0.2604 val_acc=0.856
2026-01-19 10:16:34,527 - INFO - epoch=51 train_loss=0.2250 train_acc=0.876 val_loss=0.2619 val_acc=0.858
2026-01-19 10:16:38,426 - INFO - epoch=52 train_loss=0.2235 train_acc=0.877 val_loss=0.2606 val_acc=0.859
2026-01-19 10:16:42,358 - INFO - epoch=53 train_loss=0.2224 train_acc=0.878 val_loss=0.2626 val_acc=0.859
2026-01-19 10:16:46,152 - INFO - epoch=54 train_loss=0.2224 train_acc=0.878 val_loss=0.2603 val_acc=0.860
2026-01-19 10:16:50,009 - INFO - epoch=55 train_loss=0.2216 train_acc=0.879 val_loss=0.2629 val_acc=0.858
2026-01-19 10:16:53,774 - INFO - epoch=56 train_loss=0.2209 train_acc=0.878 val_loss=0.2613 val_acc=0.859
2026-01-19 10:16:57,508 - INFO - epoch=57 train_loss=0.2199 train_acc=0.879 val_loss=0.2604 val_acc=0.861
2026-01-19 10:17:01,184 - INFO - epoch=58 train_loss=0.2187 train_acc=0.880 val_loss=0.2636 val_acc=0.859
2026-01-19 10:17:05,071 - INFO - epoch=59 train_loss=0.2179 train_acc=0.880 val_loss=0.2613 val_acc=0.861
2026-01-19 10:17:08,987 - INFO - epoch=60 train_loss=0.2168 train_acc=0.882 val_loss=0.2598 val_acc=0.861
2026-01-19 10:17:12,852 - INFO - epoch=61 train_loss=0.2161 train_acc=0.881 val_loss=0.2613 val_acc=0.861
2026-01-19 10:17:16,653 - INFO - epoch=62 train_loss=0.2151 train_acc=0.882 val_loss=0.2591 val_acc=0.864
2026-01-19 10:17:20,489 - INFO - epoch=63 train_loss=0.2138 train_acc=0.883 val_loss=0.2642 val_acc=0.859
2026-01-19 10:17:24,205 - INFO - epoch=64 train_loss=0.2138 train_acc=0.882 val_loss=0.2594 val_acc=0.861
2026-01-19 10:17:27,922 - INFO - epoch=65 train_loss=0.2118 train_acc=0.884 val_loss=0.2603 val_acc=0.865
2026-01-19 10:17:31,774 - INFO - epoch=66 train_loss=0.2122 train_acc=0.884 val_loss=0.2594 val_acc=0.864
2026-01-19 10:17:35,621 - INFO - epoch=67 train_loss=0.2121 train_acc=0.884 val_loss=0.2621 val_acc=0.863
2026-01-19 10:17:39,412 - INFO - epoch=68 train_loss=0.2112 train_acc=0.885 val_loss=0.2586 val_acc=0.862
2026-01-19 10:17:43,280 - INFO - epoch=69 train_loss=0.2108 train_acc=0.885 val_loss=0.2616 val_acc=0.862
2026-01-19 10:17:47,229 - INFO - epoch=70 train_loss=0.2091 train_acc=0.885 val_loss=0.2604 val_acc=0.865
2026-01-19 10:17:51,081 - INFO - epoch=71 train_loss=0.2092 train_acc=0.885 val_loss=0.2607 val_acc=0.863
2026-01-19 10:17:54,907 - INFO - epoch=72 train_loss=0.2077 train_acc=0.885 val_loss=0.2578 val_acc=0.865
2026-01-19 10:17:58,818 - INFO - epoch=73 train_loss=0.2068 train_acc=0.887 val_loss=0.2592 val_acc=0.865
2026-01-19 10:18:02,720 - INFO - epoch=74 train_loss=0.2066 train_acc=0.886 val_loss=0.2610 val_acc=0.866
2026-01-19 10:18:06,718 - INFO - epoch=75 train_loss=0.2050 train_acc=0.888 val_loss=0.2639 val_acc=0.864
2026-01-19 10:18:10,974 - INFO - epoch=76 train_loss=0.2043 train_acc=0.887 val_loss=0.2584 val_acc=0.868
2026-01-19 10:18:14,880 - INFO - epoch=77 train_loss=0.2036 train_acc=0.888 val_loss=0.2593 val_acc=0.867
2026-01-19 10:18:18,773 - INFO - epoch=78 train_loss=0.2038 train_acc=0.888 val_loss=0.2608 val_acc=0.867
2026-01-19 10:18:22,620 - INFO - epoch=79 train_loss=0.2022 train_acc=0.890 val_loss=0.2615 val_acc=0.868
2026-01-19 10:18:26,552 - INFO - epoch=80 train_loss=0.2022 train_acc=0.889 val_loss=0.2584 val_acc=0.867
2026-01-19 10:18:30,352 - INFO - epoch=81 train_loss=0.2011 train_acc=0.890 val_loss=0.2602 val_acc=0.866
2026-01-19 10:18:34,194 - INFO - epoch=82 train_loss=0.2004 train_acc=0.891 val_loss=0.2576 val_acc=0.871
2026-01-19 10:18:37,928 - INFO - epoch=83 train_loss=0.2002 train_acc=0.890 val_loss=0.2583 val_acc=0.870
2026-01-19 10:18:41,648 - INFO - epoch=84 train_loss=0.2006 train_acc=0.891 val_loss=0.2558 val_acc=0.871
2026-01-19 10:18:45,324 - INFO - epoch=85 train_loss=0.1990 train_acc=0.892 val_loss=0.2587 val_acc=0.870
2026-01-19 10:18:49,058 - INFO - epoch=86 train_loss=0.1980 train_acc=0.892 val_loss=0.2580 val_acc=0.872
2026-01-19 10:18:52,819 - INFO - epoch=87 train_loss=0.1976 train_acc=0.892 val_loss=0.2588 val_acc=0.872
2026-01-19 10:18:56,529 - INFO - epoch=88 train_loss=0.1965 train_acc=0.892 val_loss=0.2581 val_acc=0.871
2026-01-19 10:19:00,231 - INFO - epoch=89 train_loss=0.1962 train_acc=0.892 val_loss=0.2613 val_acc=0.869
2026-01-19 10:19:04,043 - INFO - epoch=90 train_loss=0.1964 train_acc=0.893 val_loss=0.2640 val_acc=0.868
2026-01-19 10:19:07,851 - INFO - epoch=91 train_loss=0.1954 train_acc=0.893 val_loss=0.2612 val_acc=0.868
2026-01-19 10:19:11,641 - INFO - epoch=92 train_loss=0.1955 train_acc=0.893 val_loss=0.2609 val_acc=0.870
2026-01-19 10:19:15,412 - INFO - epoch=93 train_loss=0.1942 train_acc=0.893 val_loss=0.2620 val_acc=0.870
2026-01-19 10:19:19,251 - INFO - epoch=94 train_loss=0.1933 train_acc=0.895 val_loss=0.2591 val_acc=0.869
2026-01-19 10:19:22,889 - INFO - epoch=95 train_loss=0.1942 train_acc=0.894 val_loss=0.2612 val_acc=0.872
2026-01-19 10:19:26,575 - INFO - epoch=96 train_loss=0.1924 train_acc=0.895 val_loss=0.2633 val_acc=0.871
2026-01-19 10:19:30,450 - INFO - epoch=97 train_loss=0.1940 train_acc=0.894 val_loss=0.2619 val_acc=0.873
2026-01-19 10:19:34,287 - INFO - epoch=98 train_loss=0.1924 train_acc=0.894 val_loss=0.2661 val_acc=0.870
2026-01-19 10:19:38,071 - INFO - epoch=99 train_loss=0.1916 train_acc=0.896 val_loss=0.2631 val_acc=0.871
2026-01-19 10:19:41,903 - INFO - epoch=100 train_loss=0.1906 train_acc=0.897 val_loss=0.2592 val_acc=0.873
2026-01-19 10:19:45,819 - INFO - epoch=101 train_loss=0.1911 train_acc=0.897 val_loss=0.2599 val_acc=0.872
2026-01-19 10:19:49,642 - INFO - epoch=102 train_loss=0.1908 train_acc=0.896 val_loss=0.2631 val_acc=0.872
2026-01-19 10:19:53,560 - INFO - epoch=103 train_loss=0.1902 train_acc=0.896 val_loss=0.2609 val_acc=0.872
2026-01-19 10:19:57,437 - INFO - epoch=104 train_loss=0.1881 train_acc=0.898 val_loss=0.2628 val_acc=0.871
2026-01-19 10:20:01,386 - INFO - epoch=105 train_loss=0.1887 train_acc=0.897 val_loss=0.2624 val_acc=0.872
2026-01-19 10:20:05,341 - INFO - epoch=106 train_loss=0.1870 train_acc=0.898 val_loss=0.2629 val_acc=0.873
2026-01-19 10:20:09,236 - INFO - epoch=107 train_loss=0.1874 train_acc=0.899 val_loss=0.2625 val_acc=0.872
2026-01-19 10:20:13,165 - INFO - epoch=108 train_loss=0.1871 train_acc=0.898 val_loss=0.2591 val_acc=0.872
2026-01-19 10:20:17,231 - INFO - epoch=109 train_loss=0.1845 train_acc=0.900 val_loss=0.2652 val_acc=0.871
2026-01-19 10:20:21,163 - INFO - epoch=110 train_loss=0.1845 train_acc=0.900 val_loss=0.2673 val_acc=0.872
2026-01-19 10:20:25,008 - INFO - epoch=111 train_loss=0.1857 train_acc=0.899 val_loss=0.2592 val_acc=0.871
2026-01-19 10:20:28,977 - INFO - epoch=112 train_loss=0.1848 train_acc=0.900 val_loss=0.2617 val_acc=0.871
2026-01-19 10:20:32,782 - INFO - epoch=113 train_loss=0.1840 train_acc=0.900 val_loss=0.2639 val_acc=0.872
2026-01-19 10:20:36,481 - INFO - epoch=114 train_loss=0.1850 train_acc=0.900 val_loss=0.2632 val_acc=0.872
2026-01-19 10:20:40,144 - INFO - epoch=115 train_loss=0.1831 train_acc=0.901 val_loss=0.2615 val_acc=0.869
2026-01-19 10:20:43,844 - INFO - epoch=116 train_loss=0.1820 train_acc=0.901 val_loss=0.2646 val_acc=0.873
2026-01-19 10:20:47,624 - INFO - epoch=117 train_loss=0.1824 train_acc=0.901 val_loss=0.2625 val_acc=0.873
2026-01-19 10:20:51,478 - INFO - epoch=118 train_loss=0.1812 train_acc=0.902 val_loss=0.2636 val_acc=0.874
2026-01-19 10:20:55,347 - INFO - epoch=119 train_loss=0.1807 train_acc=0.902 val_loss=0.2648 val_acc=0.872
2026-01-19 10:20:59,275 - INFO - epoch=120 train_loss=0.1809 train_acc=0.901 val_loss=0.2637 val_acc=0.874
2026-01-19 10:21:03,098 - INFO - epoch=121 train_loss=0.1808 train_acc=0.902 val_loss=0.2635 val_acc=0.874
2026-01-19 10:21:06,756 - INFO - epoch=122 train_loss=0.1794 train_acc=0.903 val_loss=0.2602 val_acc=0.873
2026-01-19 10:21:10,468 - INFO - epoch=123 train_loss=0.1793 train_acc=0.904 val_loss=0.2649 val_acc=0.874
2026-01-19 10:21:14,236 - INFO - epoch=124 train_loss=0.1789 train_acc=0.903 val_loss=0.2632 val_acc=0.873
2026-01-19 10:21:18,057 - INFO - epoch=125 train_loss=0.1773 train_acc=0.903 val_loss=0.2617 val_acc=0.874
2026-01-19 10:21:21,918 - INFO - epoch=126 train_loss=0.1779 train_acc=0.903 val_loss=0.2693 val_acc=0.874
2026-01-19 10:21:25,808 - INFO - epoch=127 train_loss=0.1778 train_acc=0.905 val_loss=0.2658 val_acc=0.874
2026-01-19 10:21:29,647 - INFO - epoch=128 train_loss=0.1779 train_acc=0.904 val_loss=0.2694 val_acc=0.872
2026-01-19 10:21:33,532 - INFO - epoch=129 train_loss=0.1782 train_acc=0.903 val_loss=0.2677 val_acc=0.873
2026-01-19 10:21:37,395 - INFO - epoch=130 train_loss=0.1776 train_acc=0.904 val_loss=0.2661 val_acc=0.872
2026-01-19 10:21:41,323 - INFO - epoch=131 train_loss=0.1764 train_acc=0.905 val_loss=0.2703 val_acc=0.872
2026-01-19 10:21:45,287 - INFO - epoch=132 train_loss=0.1768 train_acc=0.905 val_loss=0.2673 val_acc=0.872
2026-01-19 10:21:49,315 - INFO - epoch=133 train_loss=0.1767 train_acc=0.904 val_loss=0.2631 val_acc=0.873
2026-01-19 10:21:53,260 - INFO - epoch=134 train_loss=0.1746 train_acc=0.906 val_loss=0.2664 val_acc=0.874
2026-01-19 10:21:57,158 - INFO - epoch=135 train_loss=0.1740 train_acc=0.906 val_loss=0.2666 val_acc=0.874
2026-01-19 10:22:01,242 - INFO - epoch=136 train_loss=0.1739 train_acc=0.906 val_loss=0.2692 val_acc=0.873
2026-01-19 10:22:05,143 - INFO - epoch=137 train_loss=0.1731 train_acc=0.906 val_loss=0.2723 val_acc=0.871
2026-01-19 10:22:08,919 - INFO - epoch=138 train_loss=0.1733 train_acc=0.907 val_loss=0.2664 val_acc=0.874
2026-01-19 10:22:12,950 - INFO - epoch=139 train_loss=0.1724 train_acc=0.906 val_loss=0.2704 val_acc=0.872
2026-01-19 10:22:16,659 - INFO - epoch=140 train_loss=0.1723 train_acc=0.906 val_loss=0.2643 val_acc=0.875
2026-01-19 10:22:20,347 - INFO - epoch=141 train_loss=0.1725 train_acc=0.907 val_loss=0.2655 val_acc=0.874
2026-01-19 10:22:24,045 - INFO - epoch=142 train_loss=0.1714 train_acc=0.908 val_loss=0.2667 val_acc=0.875
2026-01-19 10:22:27,885 - INFO - epoch=143 train_loss=0.1714 train_acc=0.907 val_loss=0.2740 val_acc=0.875
2026-01-19 10:22:31,582 - INFO - epoch=144 train_loss=0.1704 train_acc=0.909 val_loss=0.2714 val_acc=0.876
2026-01-19 10:22:35,218 - INFO - epoch=145 train_loss=0.1705 train_acc=0.908 val_loss=0.2712 val_acc=0.876
2026-01-19 10:22:39,047 - INFO - epoch=146 train_loss=0.1714 train_acc=0.908 val_loss=0.2708 val_acc=0.875
2026-01-19 10:22:42,854 - INFO - epoch=147 train_loss=0.1716 train_acc=0.908 val_loss=0.2693 val_acc=0.875
2026-01-19 10:22:46,700 - INFO - epoch=148 train_loss=0.1703 train_acc=0.909 val_loss=0.2729 val_acc=0.874
2026-01-19 10:22:50,390 - INFO - epoch=149 train_loss=0.1700 train_acc=0.909 val_loss=0.2660 val_acc=0.876
2026-01-19 10:22:54,118 - INFO - epoch=150 train_loss=0.1709 train_acc=0.908 val_loss=0.2684 val_acc=0.877
2026-01-19 10:22:57,907 - INFO - epoch=151 train_loss=0.1699 train_acc=0.908 val_loss=0.2712 val_acc=0.875
2026-01-19 10:23:01,764 - INFO - epoch=152 train_loss=0.1687 train_acc=0.910 val_loss=0.2671 val_acc=0.875
2026-01-19 10:23:05,513 - INFO - epoch=153 train_loss=0.1682 train_acc=0.910 val_loss=0.2734 val_acc=0.873
2026-01-19 10:23:09,352 - INFO - epoch=154 train_loss=0.1668 train_acc=0.910 val_loss=0.2765 val_acc=0.875
2026-01-19 10:23:13,263 - INFO - epoch=155 train_loss=0.1674 train_acc=0.909 val_loss=0.2745 val_acc=0.874
2026-01-19 10:23:17,118 - INFO - epoch=156 train_loss=0.1674 train_acc=0.910 val_loss=0.2704 val_acc=0.873
2026-01-19 10:23:21,079 - INFO - epoch=157 train_loss=0.1664 train_acc=0.910 val_loss=0.2775 val_acc=0.876
2026-01-19 10:23:25,075 - INFO - epoch=158 train_loss=0.1667 train_acc=0.911 val_loss=0.2748 val_acc=0.874
2026-01-19 10:23:28,938 - INFO - epoch=159 train_loss=0.1658 train_acc=0.911 val_loss=0.2696 val_acc=0.876
2026-01-19 10:23:33,139 - INFO - epoch=160 train_loss=0.1656 train_acc=0.911 val_loss=0.2777 val_acc=0.876
2026-01-19 10:23:37,288 - INFO - epoch=161 train_loss=0.1653 train_acc=0.911 val_loss=0.2827 val_acc=0.876
2026-01-19 10:23:41,377 - INFO - epoch=162 train_loss=0.1650 train_acc=0.911 val_loss=0.2733 val_acc=0.876
2026-01-19 10:23:45,172 - INFO - epoch=163 train_loss=0.1637 train_acc=0.913 val_loss=0.2731 val_acc=0.875
2026-01-19 10:23:49,044 - INFO - epoch=164 train_loss=0.1629 train_acc=0.912 val_loss=0.2780 val_acc=0.874
2026-01-19 10:23:52,865 - INFO - epoch=165 train_loss=0.1635 train_acc=0.912 val_loss=0.2769 val_acc=0.875
2026-01-19 10:23:56,587 - INFO - epoch=166 train_loss=0.1635 train_acc=0.912 val_loss=0.2846 val_acc=0.873
2026-01-19 10:24:00,312 - INFO - epoch=167 train_loss=0.1634 train_acc=0.912 val_loss=0.2776 val_acc=0.874
2026-01-19 10:24:04,180 - INFO - epoch=168 train_loss=0.1642 train_acc=0.912 val_loss=0.2737 val_acc=0.874
2026-01-19 10:24:08,014 - INFO - epoch=169 train_loss=0.1623 train_acc=0.913 val_loss=0.2722 val_acc=0.875
2026-01-19 10:24:11,832 - INFO - epoch=170 train_loss=0.1628 train_acc=0.912 val_loss=0.2728 val_acc=0.875
2026-01-19 10:24:15,671 - INFO - epoch=171 train_loss=0.1626 train_acc=0.913 val_loss=0.2760 val_acc=0.876
2026-01-19 10:24:19,518 - INFO - epoch=172 train_loss=0.1620 train_acc=0.913 val_loss=0.2806 val_acc=0.876
2026-01-19 10:24:23,325 - INFO - epoch=173 train_loss=0.1600 train_acc=0.914 val_loss=0.2775 val_acc=0.875
2026-01-19 10:24:27,158 - INFO - epoch=174 train_loss=0.1602 train_acc=0.914 val_loss=0.2827 val_acc=0.874
2026-01-19 10:24:30,890 - INFO - epoch=175 train_loss=0.1602 train_acc=0.914 val_loss=0.2760 val_acc=0.876
2026-01-19 10:24:34,639 - INFO - epoch=176 train_loss=0.1589 train_acc=0.915 val_loss=0.2805 val_acc=0.876
2026-01-19 10:24:38,352 - INFO - epoch=177 train_loss=0.1592 train_acc=0.914 val_loss=0.2752 val_acc=0.876
2026-01-19 10:24:42,172 - INFO - epoch=178 train_loss=0.1599 train_acc=0.915 val_loss=0.2811 val_acc=0.875
2026-01-19 10:24:45,971 - INFO - epoch=179 train_loss=0.1595 train_acc=0.914 val_loss=0.2755 val_acc=0.878
2026-01-19 10:24:49,689 - INFO - epoch=180 train_loss=0.1580 train_acc=0.916 val_loss=0.2800 val_acc=0.875
2026-01-19 10:24:53,663 - INFO - epoch=181 train_loss=0.1585 train_acc=0.916 val_loss=0.2853 val_acc=0.875
2026-01-19 10:24:57,498 - INFO - epoch=182 train_loss=0.1591 train_acc=0.914 val_loss=0.2810 val_acc=0.875
2026-01-19 10:25:01,393 - INFO - epoch=183 train_loss=0.1580 train_acc=0.914 val_loss=0.2783 val_acc=0.874
2026-01-19 10:25:05,182 - INFO - epoch=184 train_loss=0.1575 train_acc=0.916 val_loss=0.2826 val_acc=0.877
2026-01-19 10:25:09,046 - INFO - epoch=185 train_loss=0.1584 train_acc=0.915 val_loss=0.2797 val_acc=0.877
2026-01-19 10:25:13,013 - INFO - epoch=186 train_loss=0.1568 train_acc=0.916 val_loss=0.2784 val_acc=0.876
2026-01-19 10:25:16,899 - INFO - epoch=187 train_loss=0.1561 train_acc=0.917 val_loss=0.2809 val_acc=0.875
2026-01-19 10:25:21,010 - INFO - epoch=188 train_loss=0.1556 train_acc=0.916 val_loss=0.2793 val_acc=0.876
2026-01-19 10:25:24,960 - INFO - epoch=189 train_loss=0.1554 train_acc=0.917 val_loss=0.2758 val_acc=0.877
2026-01-19 10:25:28,976 - INFO - epoch=190 train_loss=0.1556 train_acc=0.916 val_loss=0.2831 val_acc=0.877
2026-01-19 10:25:32,773 - INFO - epoch=191 train_loss=0.1554 train_acc=0.917 val_loss=0.2777 val_acc=0.875
2026-01-19 10:25:36,678 - INFO - epoch=192 train_loss=0.1558 train_acc=0.917 val_loss=0.2797 val_acc=0.875
2026-01-19 10:25:40,521 - INFO - epoch=193 train_loss=0.1560 train_acc=0.917 val_loss=0.2852 val_acc=0.876
2026-01-19 10:25:44,396 - INFO - epoch=194 train_loss=0.1555 train_acc=0.917 val_loss=0.2834 val_acc=0.877
2026-01-19 10:25:48,098 - INFO - epoch=195 train_loss=0.1543 train_acc=0.917 val_loss=0.2869 val_acc=0.877
2026-01-19 10:25:51,951 - INFO - epoch=196 train_loss=0.1537 train_acc=0.918 val_loss=0.2823 val_acc=0.875
2026-01-19 10:25:55,791 - INFO - epoch=197 train_loss=0.1549 train_acc=0.917 val_loss=0.2838 val_acc=0.876
2026-01-19 10:25:59,696 - INFO - epoch=198 train_loss=0.1542 train_acc=0.918 val_loss=0.2924 val_acc=0.876
2026-01-19 10:26:03,541 - INFO - epoch=199 train_loss=0.1542 train_acc=0.918 val_loss=0.2847 val_acc=0.876
2026-01-19 10:26:07,394 - INFO - epoch=200 train_loss=0.1539 train_acc=0.918 val_loss=0.2833 val_acc=0.878
2026-01-19 10:26:11,266 - INFO - epoch=201 train_loss=0.1540 train_acc=0.918 val_loss=0.2857 val_acc=0.877
2026-01-19 10:26:15,063 - INFO - epoch=202 train_loss=0.1535 train_acc=0.918 val_loss=0.2943 val_acc=0.875
2026-01-19 10:26:18,875 - INFO - epoch=203 train_loss=0.1526 train_acc=0.919 val_loss=0.2805 val_acc=0.878
2026-01-19 10:26:22,574 - INFO - epoch=204 train_loss=0.1509 train_acc=0.919 val_loss=0.2899 val_acc=0.875
2026-01-19 10:26:26,341 - INFO - epoch=205 train_loss=0.1499 train_acc=0.919 val_loss=0.2896 val_acc=0.876
2026-01-19 10:26:30,243 - INFO - epoch=206 train_loss=0.1520 train_acc=0.919 val_loss=0.2903 val_acc=0.876
2026-01-19 10:26:34,133 - INFO - epoch=207 train_loss=0.1514 train_acc=0.919 val_loss=0.2861 val_acc=0.877
2026-01-19 10:26:37,896 - INFO - epoch=208 train_loss=0.1527 train_acc=0.919 val_loss=0.2882 val_acc=0.876
2026-01-19 10:26:41,754 - INFO - epoch=209 train_loss=0.1509 train_acc=0.919 val_loss=0.2904 val_acc=0.878
2026-01-19 10:26:45,634 - INFO - epoch=210 train_loss=0.1508 train_acc=0.920 val_loss=0.2942 val_acc=0.876
2026-01-19 10:26:49,433 - INFO - epoch=211 train_loss=0.1500 train_acc=0.920 val_loss=0.2916 val_acc=0.879
2026-01-19 10:26:53,293 - INFO - epoch=212 train_loss=0.1488 train_acc=0.920 val_loss=0.2845 val_acc=0.878
2026-01-19 10:26:57,295 - INFO - epoch=213 train_loss=0.1507 train_acc=0.919 val_loss=0.2866 val_acc=0.877
2026-01-19 10:27:01,198 - INFO - epoch=214 train_loss=0.1502 train_acc=0.920 val_loss=0.2952 val_acc=0.879
2026-01-19 10:27:05,301 - INFO - epoch=215 train_loss=0.1507 train_acc=0.920 val_loss=0.2971 val_acc=0.875
2026-01-19 10:27:09,337 - INFO - epoch=216 train_loss=0.1506 train_acc=0.919 val_loss=0.2941 val_acc=0.878
2026-01-19 10:27:13,369 - INFO - epoch=217 train_loss=0.1493 train_acc=0.920 val_loss=0.2859 val_acc=0.878
2026-01-19 10:27:17,203 - INFO - epoch=218 train_loss=0.1483 train_acc=0.920 val_loss=0.2924 val_acc=0.876
2026-01-19 10:27:21,080 - INFO - epoch=219 train_loss=0.1474 train_acc=0.922 val_loss=0.2931 val_acc=0.875
2026-01-19 10:27:24,985 - INFO - epoch=220 train_loss=0.1477 train_acc=0.921 val_loss=0.2956 val_acc=0.878
2026-01-19 10:27:28,850 - INFO - epoch=221 train_loss=0.1478 train_acc=0.921 val_loss=0.2978 val_acc=0.879
2026-01-19 10:27:32,633 - INFO - epoch=222 train_loss=0.1461 train_acc=0.922 val_loss=0.2967 val_acc=0.879
2026-01-19 10:27:36,359 - INFO - epoch=223 train_loss=0.1480 train_acc=0.921 val_loss=0.2909 val_acc=0.878
2026-01-19 10:27:40,106 - INFO - epoch=224 train_loss=0.1475 train_acc=0.922 val_loss=0.2935 val_acc=0.880
2026-01-19 10:27:43,933 - INFO - epoch=225 train_loss=0.1471 train_acc=0.922 val_loss=0.2901 val_acc=0.879
2026-01-19 10:27:47,753 - INFO - epoch=226 train_loss=0.1467 train_acc=0.922 val_loss=0.2991 val_acc=0.879
2026-01-19 10:27:51,473 - INFO - epoch=227 train_loss=0.1491 train_acc=0.921 val_loss=0.3046 val_acc=0.877
2026-01-19 10:27:55,169 - INFO - epoch=228 train_loss=0.1475 train_acc=0.922 val_loss=0.2915 val_acc=0.880
2026-01-19 10:27:58,916 - INFO - epoch=229 train_loss=0.1460 train_acc=0.922 val_loss=0.2955 val_acc=0.880
2026-01-19 10:28:02,846 - INFO - epoch=230 train_loss=0.1456 train_acc=0.922 val_loss=0.2942 val_acc=0.879
2026-01-19 10:28:06,686 - INFO - epoch=231 train_loss=0.1448 train_acc=0.924 val_loss=0.2997 val_acc=0.879
2026-01-19 10:28:10,462 - INFO - epoch=232 train_loss=0.1451 train_acc=0.923 val_loss=0.3009 val_acc=0.877
2026-01-19 10:28:14,284 - INFO - epoch=233 train_loss=0.1459 train_acc=0.923 val_loss=0.2926 val_acc=0.878
2026-01-19 10:28:18,146 - INFO - epoch=234 train_loss=0.1455 train_acc=0.923 val_loss=0.3007 val_acc=0.876
2026-01-19 10:28:21,933 - INFO - epoch=235 train_loss=0.1451 train_acc=0.923 val_loss=0.2994 val_acc=0.880
2026-01-19 10:28:25,731 - INFO - epoch=236 train_loss=0.1449 train_acc=0.922 val_loss=0.2987 val_acc=0.880
2026-01-19 10:28:29,528 - INFO - epoch=237 train_loss=0.1447 train_acc=0.923 val_loss=0.3007 val_acc=0.878
2026-01-19 10:28:33,596 - INFO - epoch=238 train_loss=0.1457 train_acc=0.922 val_loss=0.2985 val_acc=0.880
2026-01-19 10:28:37,652 - INFO - epoch=239 train_loss=0.1446 train_acc=0.923 val_loss=0.3068 val_acc=0.880
2026-01-19 10:28:41,602 - INFO - epoch=240 train_loss=0.1440 train_acc=0.923 val_loss=0.3004 val_acc=0.878
2026-01-19 10:28:45,734 - INFO - epoch=241 train_loss=0.1426 train_acc=0.924 val_loss=0.2921 val_acc=0.882
2026-01-19 10:28:49,597 - INFO - epoch=242 train_loss=0.1434 train_acc=0.924 val_loss=0.2994 val_acc=0.880
2026-01-19 10:28:53,476 - INFO - epoch=243 train_loss=0.1422 train_acc=0.924 val_loss=0.3007 val_acc=0.880
2026-01-19 10:28:57,308 - INFO - epoch=244 train_loss=0.1433 train_acc=0.923 val_loss=0.2950 val_acc=0.878
2026-01-19 10:29:01,189 - INFO - epoch=245 train_loss=0.1419 train_acc=0.925 val_loss=0.3042 val_acc=0.880
2026-01-19 10:29:04,973 - INFO - epoch=246 train_loss=0.1434 train_acc=0.924 val_loss=0.3035 val_acc=0.878
2026-01-19 10:29:08,683 - INFO - epoch=247 train_loss=0.1433 train_acc=0.924 val_loss=0.3031 val_acc=0.882
2026-01-19 10:29:12,386 - INFO - epoch=248 train_loss=0.1412 train_acc=0.925 val_loss=0.3054 val_acc=0.878
2026-01-19 10:29:16,145 - INFO - epoch=249 train_loss=0.1429 train_acc=0.924 val_loss=0.3094 val_acc=0.879
2026-01-19 10:29:19,859 - INFO - epoch=250 train_loss=0.1422 train_acc=0.924 val_loss=0.3061 val_acc=0.878
2026-01-19 10:29:23,612 - INFO - epoch=251 train_loss=0.1401 train_acc=0.925 val_loss=0.3015 val_acc=0.880
2026-01-19 10:29:27,359 - INFO - epoch=252 train_loss=0.1397 train_acc=0.926 val_loss=0.3060 val_acc=0.879
2026-01-19 10:29:31,223 - INFO - epoch=253 train_loss=0.1400 train_acc=0.926 val_loss=0.3075 val_acc=0.880
2026-01-19 10:29:35,134 - INFO - epoch=254 train_loss=0.1400 train_acc=0.925 val_loss=0.3064 val_acc=0.880
2026-01-19 10:29:39,041 - INFO - epoch=255 train_loss=0.1414 train_acc=0.925 val_loss=0.2957 val_acc=0.880
2026-01-19 10:29:42,837 - INFO - epoch=256 train_loss=0.1410 train_acc=0.925 val_loss=0.3028 val_acc=0.881
2026-01-19 10:29:46,643 - INFO - epoch=257 train_loss=0.1420 train_acc=0.924 val_loss=0.3014 val_acc=0.880
2026-01-19 10:29:50,408 - INFO - epoch=258 train_loss=0.1404 train_acc=0.925 val_loss=0.3075 val_acc=0.880
2026-01-19 10:29:54,122 - INFO - epoch=259 train_loss=0.1389 train_acc=0.927 val_loss=0.2984 val_acc=0.880
2026-01-19 10:29:57,785 - INFO - epoch=260 train_loss=0.1388 train_acc=0.926 val_loss=0.2997 val_acc=0.882
2026-01-19 10:30:01,642 - INFO - epoch=261 train_loss=0.1386 train_acc=0.926 val_loss=0.3023 val_acc=0.881
2026-01-19 10:30:05,487 - INFO - epoch=262 train_loss=0.1377 train_acc=0.926 val_loss=0.3113 val_acc=0.881
2026-01-19 10:30:09,260 - INFO - epoch=263 train_loss=0.1390 train_acc=0.926 val_loss=0.3091 val_acc=0.879
2026-01-19 10:30:13,168 - INFO - epoch=264 train_loss=0.1384 train_acc=0.927 val_loss=0.3081 val_acc=0.882
2026-01-19 10:30:16,938 - INFO - epoch=265 train_loss=0.1398 train_acc=0.925 val_loss=0.3067 val_acc=0.881
2026-01-19 10:30:20,768 - INFO - epoch=266 train_loss=0.1369 train_acc=0.927 val_loss=0.3120 val_acc=0.880
2026-01-19 10:30:24,646 - INFO - epoch=267 train_loss=0.1379 train_acc=0.927 val_loss=0.3023 val_acc=0.881
2026-01-19 10:30:28,455 - INFO - epoch=268 train_loss=0.1383 train_acc=0.927 val_loss=0.3093 val_acc=0.879
2026-01-19 10:30:32,296 - INFO - epoch=269 train_loss=0.1375 train_acc=0.927 val_loss=0.3020 val_acc=0.878
2026-01-19 10:30:36,612 - INFO - epoch=270 train_loss=0.1393 train_acc=0.927 val_loss=0.3135 val_acc=0.879
2026-01-19 10:30:40,560 - INFO - epoch=271 train_loss=0.1380 train_acc=0.927 val_loss=0.3042 val_acc=0.881
2026-01-19 10:30:44,543 - INFO - epoch=272 train_loss=0.1377 train_acc=0.927 val_loss=0.3156 val_acc=0.881
2026-01-19 10:30:48,357 - INFO - epoch=273 train_loss=0.1378 train_acc=0.927 val_loss=0.3042 val_acc=0.882
2026-01-19 10:30:52,235 - INFO - epoch=274 train_loss=0.1369 train_acc=0.928 val_loss=0.3088 val_acc=0.879
2026-01-19 10:30:56,113 - INFO - epoch=275 train_loss=0.1375 train_acc=0.927 val_loss=0.3122 val_acc=0.882
2026-01-19 10:30:59,940 - INFO - epoch=276 train_loss=0.1368 train_acc=0.927 val_loss=0.3121 val_acc=0.881
2026-01-19 10:31:03,735 - INFO - epoch=277 train_loss=0.1360 train_acc=0.928 val_loss=0.3156 val_acc=0.881
2026-01-19 10:31:07,661 - INFO - epoch=278 train_loss=0.1358 train_acc=0.928 val_loss=0.3150 val_acc=0.882
2026-01-19 10:31:11,406 - INFO - epoch=279 train_loss=0.1358 train_acc=0.928 val_loss=0.3170 val_acc=0.882
2026-01-19 10:31:15,156 - INFO - epoch=280 train_loss=0.1345 train_acc=0.928 val_loss=0.3125 val_acc=0.880
2026-01-19 10:31:18,923 - INFO - epoch=281 train_loss=0.1359 train_acc=0.928 val_loss=0.3111 val_acc=0.882
2026-01-19 10:31:22,583 - INFO - epoch=282 train_loss=0.1351 train_acc=0.928 val_loss=0.3172 val_acc=0.882
2026-01-19 10:31:26,260 - INFO - epoch=283 train_loss=0.1352 train_acc=0.929 val_loss=0.3086 val_acc=0.881
2026-01-19 10:31:30,110 - INFO - epoch=284 train_loss=0.1346 train_acc=0.929 val_loss=0.3133 val_acc=0.883
2026-01-19 10:31:34,004 - INFO - epoch=285 train_loss=0.1332 train_acc=0.929 val_loss=0.3121 val_acc=0.882
2026-01-19 10:31:37,872 - INFO - epoch=286 train_loss=0.1356 train_acc=0.928 val_loss=0.3066 val_acc=0.882
2026-01-19 10:31:41,744 - INFO - epoch=287 train_loss=0.1343 train_acc=0.929 val_loss=0.3152 val_acc=0.882
2026-01-19 10:31:45,491 - INFO - epoch=288 train_loss=0.1356 train_acc=0.929 val_loss=0.3045 val_acc=0.882
2026-01-19 10:31:49,167 - INFO - epoch=289 train_loss=0.1345 train_acc=0.928 val_loss=0.3190 val_acc=0.880
2026-01-19 10:31:52,927 - INFO - epoch=290 train_loss=0.1342 train_acc=0.929 val_loss=0.3122 val_acc=0.880
2026-01-19 10:31:56,759 - INFO - epoch=291 train_loss=0.1342 train_acc=0.929 val_loss=0.3132 val_acc=0.881
2026-01-19 10:32:00,496 - INFO - epoch=292 train_loss=0.1340 train_acc=0.929 val_loss=0.3178 val_acc=0.881
2026-01-19 10:32:04,364 - INFO - epoch=293 train_loss=0.1333 train_acc=0.929 val_loss=0.3163 val_acc=0.880
2026-01-19 10:32:08,166 - INFO - epoch=294 train_loss=0.1326 train_acc=0.930 val_loss=0.3231 val_acc=0.881
2026-01-19 10:32:11,969 - INFO - epoch=295 train_loss=0.1328 train_acc=0.930 val_loss=0.3185 val_acc=0.879
2026-01-19 10:32:15,880 - INFO - epoch=296 train_loss=0.1333 train_acc=0.929 val_loss=0.3093 val_acc=0.882
2026-01-19 10:32:19,680 - INFO - epoch=297 train_loss=0.1321 train_acc=0.931 val_loss=0.3192 val_acc=0.878
2026-01-19 10:32:23,495 - INFO - epoch=298 train_loss=0.1328 train_acc=0.930 val_loss=0.3139 val_acc=0.882
2026-01-19 10:32:27,420 - INFO - epoch=299 train_loss=0.1318 train_acc=0.931 val_loss=0.3149 val_acc=0.882
2026-01-19 10:32:31,343 - INFO - epoch=300 train_loss=0.1333 train_acc=0.929 val_loss=0.3194 val_acc=0.882
2026-01-19 10:32:35,461 - INFO - epoch=301 train_loss=0.1326 train_acc=0.930 val_loss=0.3192 val_acc=0.883
2026-01-19 10:32:39,295 - INFO - epoch=302 train_loss=0.1321 train_acc=0.930 val_loss=0.3213 val_acc=0.883
2026-01-19 10:32:43,299 - INFO - epoch=303 train_loss=0.1323 train_acc=0.931 val_loss=0.3159 val_acc=0.880
2026-01-19 10:32:47,113 - INFO - epoch=304 train_loss=0.1308 train_acc=0.931 val_loss=0.3135 val_acc=0.882
2026-01-19 10:32:50,888 - INFO - epoch=305 train_loss=0.1310 train_acc=0.931 val_loss=0.3163 val_acc=0.881
2026-01-19 10:32:54,717 - INFO - epoch=306 train_loss=0.1295 train_acc=0.931 val_loss=0.3207 val_acc=0.881
2026-01-19 10:32:58,476 - INFO - epoch=307 train_loss=0.1307 train_acc=0.930 val_loss=0.3248 val_acc=0.881
2026-01-19 10:33:02,182 - INFO - epoch=308 train_loss=0.1303 train_acc=0.931 val_loss=0.3190 val_acc=0.883
2026-01-19 10:33:05,884 - INFO - epoch=309 train_loss=0.1299 train_acc=0.932 val_loss=0.3133 val_acc=0.882
2026-01-19 10:33:09,637 - INFO - epoch=310 train_loss=0.1306 train_acc=0.931 val_loss=0.3206 val_acc=0.882
2026-01-19 10:33:13,283 - INFO - epoch=311 train_loss=0.1305 train_acc=0.931 val_loss=0.3205 val_acc=0.883
2026-01-19 10:33:16,994 - INFO - epoch=312 train_loss=0.1305 train_acc=0.931 val_loss=0.3127 val_acc=0.882
2026-01-19 10:33:20,890 - INFO - epoch=313 train_loss=0.1307 train_acc=0.931 val_loss=0.3196 val_acc=0.883
2026-01-19 10:33:24,711 - INFO - epoch=314 train_loss=0.1301 train_acc=0.931 val_loss=0.3296 val_acc=0.882
2026-01-19 10:33:28,535 - INFO - epoch=315 train_loss=0.1299 train_acc=0.931 val_loss=0.3239 val_acc=0.883
2026-01-19 10:33:32,260 - INFO - epoch=316 train_loss=0.1292 train_acc=0.932 val_loss=0.3360 val_acc=0.881
2026-01-19 10:33:35,953 - INFO - epoch=317 train_loss=0.1294 train_acc=0.932 val_loss=0.3177 val_acc=0.884
2026-01-19 10:33:39,746 - INFO - epoch=318 train_loss=0.1304 train_acc=0.931 val_loss=0.3263 val_acc=0.882
2026-01-19 10:33:43,495 - INFO - epoch=319 train_loss=0.1280 train_acc=0.933 val_loss=0.3311 val_acc=0.881
2026-01-19 10:33:47,247 - INFO - epoch=320 train_loss=0.1291 train_acc=0.932 val_loss=0.3383 val_acc=0.880
2026-01-19 10:33:51,100 - INFO - epoch=321 train_loss=0.1287 train_acc=0.932 val_loss=0.3283 val_acc=0.883
2026-01-19 10:33:54,780 - INFO - epoch=322 train_loss=0.1294 train_acc=0.932 val_loss=0.3245 val_acc=0.884
2026-01-19 10:33:58,488 - INFO - epoch=323 train_loss=0.1284 train_acc=0.932 val_loss=0.3180 val_acc=0.883
2026-01-19 10:34:02,345 - INFO - epoch=324 train_loss=0.1290 train_acc=0.932 val_loss=0.3297 val_acc=0.881
2026-01-19 10:34:06,077 - INFO - epoch=325 train_loss=0.1273 train_acc=0.934 val_loss=0.3140 val_acc=0.881
2026-01-19 10:34:10,001 - INFO - epoch=326 train_loss=0.1279 train_acc=0.932 val_loss=0.3221 val_acc=0.882
2026-01-19 10:34:13,964 - INFO - epoch=327 train_loss=0.1276 train_acc=0.933 val_loss=0.3126 val_acc=0.883
2026-01-19 10:34:17,746 - INFO - epoch=328 train_loss=0.1270 train_acc=0.933 val_loss=0.3213 val_acc=0.885
2026-01-19 10:34:21,661 - INFO - epoch=329 train_loss=0.1279 train_acc=0.933 val_loss=0.3209 val_acc=0.882
2026-01-19 10:34:25,604 - INFO - epoch=330 train_loss=0.1281 train_acc=0.933 val_loss=0.3227 val_acc=0.883
2026-01-19 10:34:29,363 - INFO - epoch=331 train_loss=0.1258 train_acc=0.934 val_loss=0.3270 val_acc=0.883
2026-01-19 10:34:33,060 - INFO - epoch=332 train_loss=0.1271 train_acc=0.933 val_loss=0.3291 val_acc=0.884
2026-01-19 10:34:36,756 - INFO - epoch=333 train_loss=0.1276 train_acc=0.933 val_loss=0.3171 val_acc=0.885
2026-01-19 10:34:40,478 - INFO - epoch=334 train_loss=0.1265 train_acc=0.933 val_loss=0.3176 val_acc=0.884
2026-01-19 10:34:44,244 - INFO - epoch=335 train_loss=0.1261 train_acc=0.934 val_loss=0.3329 val_acc=0.884
2026-01-19 10:34:47,978 - INFO - epoch=336 train_loss=0.1254 train_acc=0.933 val_loss=0.3311 val_acc=0.882
2026-01-19 10:34:51,680 - INFO - epoch=337 train_loss=0.1258 train_acc=0.933 val_loss=0.3260 val_acc=0.884
2026-01-19 10:34:55,372 - INFO - epoch=338 train_loss=0.1265 train_acc=0.932 val_loss=0.3187 val_acc=0.883
2026-01-19 10:34:59,160 - INFO - epoch=339 train_loss=0.1265 train_acc=0.933 val_loss=0.3253 val_acc=0.883
2026-01-19 10:35:02,905 - INFO - epoch=340 train_loss=0.1270 train_acc=0.933 val_loss=0.3243 val_acc=0.884
2026-01-19 10:35:06,781 - INFO - epoch=341 train_loss=0.1264 train_acc=0.934 val_loss=0.3303 val_acc=0.883
2026-01-19 10:35:10,619 - INFO - epoch=342 train_loss=0.1254 train_acc=0.934 val_loss=0.3290 val_acc=0.882
2026-01-19 10:35:14,447 - INFO - epoch=343 train_loss=0.1250 train_acc=0.934 val_loss=0.3208 val_acc=0.881
2026-01-19 10:35:18,326 - INFO - epoch=344 train_loss=0.1248 train_acc=0.934 val_loss=0.3318 val_acc=0.883
2026-01-19 10:35:22,229 - INFO - epoch=345 train_loss=0.1252 train_acc=0.934 val_loss=0.3365 val_acc=0.883
2026-01-19 10:35:26,058 - INFO - epoch=346 train_loss=0.1248 train_acc=0.935 val_loss=0.3314 val_acc=0.883
2026-01-19 10:35:29,941 - INFO - epoch=347 train_loss=0.1248 train_acc=0.935 val_loss=0.3318 val_acc=0.885
2026-01-19 10:35:33,842 - INFO - epoch=348 train_loss=0.1247 train_acc=0.935 val_loss=0.3337 val_acc=0.882
2026-01-19 10:35:37,659 - INFO - epoch=349 train_loss=0.1250 train_acc=0.935 val_loss=0.3255 val_acc=0.883
2026-01-19 10:35:41,612 - INFO - epoch=350 train_loss=0.1239 train_acc=0.934 val_loss=0.3395 val_acc=0.885
2026-01-19 10:35:45,359 - INFO - epoch=351 train_loss=0.1244 train_acc=0.934 val_loss=0.3334 val_acc=0.885
2026-01-19 10:35:49,248 - INFO - epoch=352 train_loss=0.1236 train_acc=0.935 val_loss=0.3335 val_acc=0.882
2026-01-19 10:35:52,950 - INFO - epoch=353 train_loss=0.1243 train_acc=0.935 val_loss=0.3286 val_acc=0.884
2026-01-19 10:35:56,644 - INFO - epoch=354 train_loss=0.1247 train_acc=0.935 val_loss=0.3342 val_acc=0.884
2026-01-19 10:36:00,401 - INFO - epoch=355 train_loss=0.1245 train_acc=0.934 val_loss=0.3194 val_acc=0.883
2026-01-19 10:36:04,100 - INFO - epoch=356 train_loss=0.1230 train_acc=0.936 val_loss=0.3358 val_acc=0.882
2026-01-19 10:36:07,858 - INFO - epoch=357 train_loss=0.1236 train_acc=0.934 val_loss=0.3300 val_acc=0.881
2026-01-19 10:36:11,749 - INFO - epoch=358 train_loss=0.1246 train_acc=0.935 val_loss=0.3248 val_acc=0.883
2026-01-19 10:36:15,544 - INFO - epoch=359 train_loss=0.1221 train_acc=0.935 val_loss=0.3297 val_acc=0.885
2026-01-19 10:36:19,341 - INFO - epoch=360 train_loss=0.1227 train_acc=0.936 val_loss=0.3304 val_acc=0.884
2026-01-19 10:36:23,184 - INFO - epoch=361 train_loss=0.1236 train_acc=0.935 val_loss=0.3366 val_acc=0.883
2026-01-19 10:36:27,051 - INFO - epoch=362 train_loss=0.1234 train_acc=0.935 val_loss=0.3383 val_acc=0.883
2026-01-19 10:36:30,833 - INFO - epoch=363 train_loss=0.1215 train_acc=0.936 val_loss=0.3310 val_acc=0.883
2026-01-19 10:36:34,666 - INFO - epoch=364 train_loss=0.1214 train_acc=0.936 val_loss=0.3348 val_acc=0.882
2026-01-19 10:36:38,478 - INFO - epoch=365 train_loss=0.1224 train_acc=0.936 val_loss=0.3389 val_acc=0.883
2026-01-19 10:36:42,330 - INFO - epoch=366 train_loss=0.1223 train_acc=0.936 val_loss=0.3260 val_acc=0.883
2026-01-19 10:36:46,164 - INFO - epoch=367 train_loss=0.1224 train_acc=0.935 val_loss=0.3328 val_acc=0.883
2026-01-19 10:36:50,027 - INFO - epoch=368 train_loss=0.1216 train_acc=0.936 val_loss=0.3327 val_acc=0.884
2026-01-19 10:36:53,823 - INFO - epoch=369 train_loss=0.1216 train_acc=0.937 val_loss=0.3285 val_acc=0.884
2026-01-19 10:36:57,615 - INFO - epoch=370 train_loss=0.1215 train_acc=0.936 val_loss=0.3319 val_acc=0.884
2026-01-19 10:37:01,457 - INFO - epoch=371 train_loss=0.1215 train_acc=0.936 val_loss=0.3451 val_acc=0.884
2026-01-19 10:37:05,333 - INFO - epoch=372 train_loss=0.1221 train_acc=0.937 val_loss=0.3389 val_acc=0.883
2026-01-19 10:37:09,095 - INFO - epoch=373 train_loss=0.1219 train_acc=0.936 val_loss=0.3350 val_acc=0.885
2026-01-19 10:37:12,904 - INFO - epoch=374 train_loss=0.1206 train_acc=0.936 val_loss=0.3437 val_acc=0.884
2026-01-19 10:37:16,812 - INFO - epoch=375 train_loss=0.1216 train_acc=0.936 val_loss=0.3430 val_acc=0.883
2026-01-19 10:37:20,690 - INFO - epoch=376 train_loss=0.1213 train_acc=0.937 val_loss=0.3372 val_acc=0.885
2026-01-19 10:37:24,574 - INFO - epoch=377 train_loss=0.1190 train_acc=0.938 val_loss=0.3413 val_acc=0.884
2026-01-19 10:37:28,419 - INFO - epoch=378 train_loss=0.1206 train_acc=0.937 val_loss=0.3426 val_acc=0.884
2026-01-19 10:37:32,205 - INFO - epoch=379 train_loss=0.1204 train_acc=0.937 val_loss=0.3344 val_acc=0.883
2026-01-19 10:37:36,062 - INFO - epoch=380 train_loss=0.1201 train_acc=0.937 val_loss=0.3331 val_acc=0.886
2026-01-19 10:37:39,866 - INFO - epoch=381 train_loss=0.1211 train_acc=0.936 val_loss=0.3414 val_acc=0.883
2026-01-19 10:37:43,660 - INFO - epoch=382 train_loss=0.1207 train_acc=0.936 val_loss=0.3400 val_acc=0.885
2026-01-19 10:37:47,396 - INFO - epoch=383 train_loss=0.1196 train_acc=0.938 val_loss=0.3318 val_acc=0.882
2026-01-19 10:37:51,230 - INFO - epoch=384 train_loss=0.1196 train_acc=0.937 val_loss=0.3364 val_acc=0.884
2026-01-19 10:37:54,983 - INFO - epoch=385 train_loss=0.1197 train_acc=0.938 val_loss=0.3388 val_acc=0.883
2026-01-19 10:37:58,787 - INFO - epoch=386 train_loss=0.1199 train_acc=0.937 val_loss=0.3314 val_acc=0.884
2026-01-19 10:38:02,592 - INFO - epoch=387 train_loss=0.1200 train_acc=0.938 val_loss=0.3390 val_acc=0.884
2026-01-19 10:38:06,427 - INFO - epoch=388 train_loss=0.1195 train_acc=0.938 val_loss=0.3360 val_acc=0.887
2026-01-19 10:38:10,278 - INFO - epoch=389 train_loss=0.1194 train_acc=0.938 val_loss=0.3317 val_acc=0.885
2026-01-19 10:38:14,117 - INFO - epoch=390 train_loss=0.1199 train_acc=0.937 val_loss=0.3365 val_acc=0.886
2026-01-19 10:38:17,932 - INFO - epoch=391 train_loss=0.1198 train_acc=0.937 val_loss=0.3393 val_acc=0.886
2026-01-19 10:38:21,710 - INFO - epoch=392 train_loss=0.1180 train_acc=0.938 val_loss=0.3359 val_acc=0.884
2026-01-19 10:38:25,515 - INFO - epoch=393 train_loss=0.1186 train_acc=0.937 val_loss=0.3434 val_acc=0.886
2026-01-19 10:38:29,350 - INFO - epoch=394 train_loss=0.1177 train_acc=0.939 val_loss=0.3391 val_acc=0.886
2026-01-19 10:38:33,186 - INFO - epoch=395 train_loss=0.1174 train_acc=0.938 val_loss=0.3398 val_acc=0.886
2026-01-19 10:38:36,945 - INFO - epoch=396 train_loss=0.1184 train_acc=0.938 val_loss=0.3424 val_acc=0.883
2026-01-19 10:38:40,799 - INFO - epoch=397 train_loss=0.1180 train_acc=0.938 val_loss=0.3400 val_acc=0.884
2026-01-19 10:38:44,660 - INFO - epoch=398 train_loss=0.1187 train_acc=0.938 val_loss=0.3469 val_acc=0.886
2026-01-19 10:38:48,483 - INFO - epoch=399 train_loss=0.1185 train_acc=0.938 val_loss=0.3465 val_acc=0.883
2026-01-19 10:38:52,282 - INFO - epoch=400 train_loss=0.1174 train_acc=0.938 val_loss=0.3524 val_acc=0.883
2026-01-19 10:38:56,124 - INFO - epoch=401 train_loss=0.1182 train_acc=0.938 val_loss=0.3561 val_acc=0.884
2026-01-19 10:38:59,954 - INFO - epoch=402 train_loss=0.1178 train_acc=0.938 val_loss=0.3509 val_acc=0.884
2026-01-19 10:39:03,782 - INFO - epoch=403 train_loss=0.1184 train_acc=0.938 val_loss=0.3477 val_acc=0.887
2026-01-19 10:39:07,595 - INFO - epoch=404 train_loss=0.1171 train_acc=0.939 val_loss=0.3426 val_acc=0.886
2026-01-19 10:39:11,410 - INFO - epoch=405 train_loss=0.1167 train_acc=0.939 val_loss=0.3526 val_acc=0.884
2026-01-19 10:39:15,209 - INFO - epoch=406 train_loss=0.1180 train_acc=0.938 val_loss=0.3478 val_acc=0.885
2026-01-19 10:39:18,984 - INFO - epoch=407 train_loss=0.1168 train_acc=0.939 val_loss=0.3333 val_acc=0.887
2026-01-19 10:39:22,798 - INFO - epoch=408 train_loss=0.1194 train_acc=0.939 val_loss=0.3263 val_acc=0.884
2026-01-19 10:39:26,622 - INFO - epoch=409 train_loss=0.1177 train_acc=0.939 val_loss=0.3301 val_acc=0.885
2026-01-19 10:39:30,467 - INFO - epoch=410 train_loss=0.1173 train_acc=0.939 val_loss=0.3406 val_acc=0.886
2026-01-19 10:39:34,310 - INFO - epoch=411 train_loss=0.1163 train_acc=0.940 val_loss=0.3392 val_acc=0.885
2026-01-19 10:39:38,102 - INFO - epoch=412 train_loss=0.1162 train_acc=0.940 val_loss=0.3332 val_acc=0.885
2026-01-19 10:39:41,898 - INFO - epoch=413 train_loss=0.1174 train_acc=0.939 val_loss=0.3505 val_acc=0.886
2026-01-19 10:39:45,748 - INFO - epoch=414 train_loss=0.1159 train_acc=0.939 val_loss=0.3452 val_acc=0.884
2026-01-19 10:39:49,507 - INFO - epoch=415 train_loss=0.1167 train_acc=0.940 val_loss=0.3462 val_acc=0.886
2026-01-19 10:39:53,264 - INFO - epoch=416 train_loss=0.1151 train_acc=0.940 val_loss=0.3420 val_acc=0.886
2026-01-19 10:39:57,000 - INFO - epoch=417 train_loss=0.1153 train_acc=0.940 val_loss=0.3378 val_acc=0.885
2026-01-19 10:40:00,777 - INFO - epoch=418 train_loss=0.1155 train_acc=0.940 val_loss=0.3346 val_acc=0.884
2026-01-19 10:40:04,619 - INFO - epoch=419 train_loss=0.1142 train_acc=0.940 val_loss=0.3460 val_acc=0.885
2026-01-19 10:40:08,503 - INFO - epoch=420 train_loss=0.1151 train_acc=0.940 val_loss=0.3437 val_acc=0.885
2026-01-19 10:40:12,365 - INFO - epoch=421 train_loss=0.1158 train_acc=0.940 val_loss=0.3482 val_acc=0.885
2026-01-19 10:40:16,213 - INFO - epoch=422 train_loss=0.1154 train_acc=0.939 val_loss=0.3484 val_acc=0.886
2026-01-19 10:40:20,046 - INFO - epoch=423 train_loss=0.1149 train_acc=0.940 val_loss=0.3403 val_acc=0.887
2026-01-19 10:40:23,838 - INFO - epoch=424 train_loss=0.1142 train_acc=0.940 val_loss=0.3507 val_acc=0.887
2026-01-19 10:40:27,635 - INFO - epoch=425 train_loss=0.1138 train_acc=0.941 val_loss=0.3465 val_acc=0.888
2026-01-19 10:40:31,498 - INFO - epoch=426 train_loss=0.1142 train_acc=0.941 val_loss=0.3595 val_acc=0.888
2026-01-19 10:40:35,347 - INFO - epoch=427 train_loss=0.1140 train_acc=0.940 val_loss=0.3443 val_acc=0.886
2026-01-19 10:40:39,195 - INFO - epoch=428 train_loss=0.1132 train_acc=0.941 val_loss=0.3611 val_acc=0.886
2026-01-19 10:40:43,036 - INFO - epoch=429 train_loss=0.1145 train_acc=0.940 val_loss=0.3516 val_acc=0.887
2026-01-19 10:40:46,845 - INFO - epoch=430 train_loss=0.1128 train_acc=0.942 val_loss=0.3520 val_acc=0.886
2026-01-19 10:40:50,679 - INFO - epoch=431 train_loss=0.1132 train_acc=0.940 val_loss=0.3533 val_acc=0.886
2026-01-19 10:40:54,487 - INFO - epoch=432 train_loss=0.1142 train_acc=0.941 val_loss=0.3444 val_acc=0.885
2026-01-19 10:40:58,218 - INFO - epoch=433 train_loss=0.1136 train_acc=0.941 val_loss=0.3459 val_acc=0.886
2026-01-19 10:41:01,988 - INFO - epoch=434 train_loss=0.1141 train_acc=0.941 val_loss=0.3627 val_acc=0.885
2026-01-19 10:41:05,695 - INFO - epoch=435 train_loss=0.1147 train_acc=0.941 val_loss=0.3648 val_acc=0.887
2026-01-19 10:41:09,491 - INFO - epoch=436 train_loss=0.1149 train_acc=0.940 val_loss=0.3475 val_acc=0.885
2026-01-19 10:41:13,303 - INFO - epoch=437 train_loss=0.1155 train_acc=0.940 val_loss=0.3466 val_acc=0.886
2026-01-19 10:41:17,134 - INFO - epoch=438 train_loss=0.1130 train_acc=0.941 val_loss=0.3464 val_acc=0.886
2026-01-19 10:41:20,871 - INFO - epoch=439 train_loss=0.1138 train_acc=0.941 val_loss=0.3503 val_acc=0.889
2026-01-19 10:41:24,674 - INFO - epoch=440 train_loss=0.1124 train_acc=0.941 val_loss=0.3510 val_acc=0.886
2026-01-19 10:41:28,454 - INFO - epoch=441 train_loss=0.1123 train_acc=0.942 val_loss=0.3476 val_acc=0.885
2026-01-19 10:41:32,221 - INFO - epoch=442 train_loss=0.1127 train_acc=0.942 val_loss=0.3543 val_acc=0.887
2026-01-19 10:41:36,007 - INFO - epoch=443 train_loss=0.1140 train_acc=0.940 val_loss=0.3484 val_acc=0.886
2026-01-19 10:41:39,838 - INFO - epoch=444 train_loss=0.1113 train_acc=0.942 val_loss=0.3498 val_acc=0.887
2026-01-19 10:41:43,644 - INFO - epoch=445 train_loss=0.1139 train_acc=0.940 val_loss=0.3528 val_acc=0.886
2026-01-19 10:41:47,426 - INFO - epoch=446 train_loss=0.1127 train_acc=0.941 val_loss=0.3422 val_acc=0.887
2026-01-19 10:41:51,211 - INFO - epoch=447 train_loss=0.1116 train_acc=0.941 val_loss=0.3552 val_acc=0.887
2026-01-19 10:41:55,044 - INFO - epoch=448 train_loss=0.1123 train_acc=0.941 val_loss=0.3560 val_acc=0.886
2026-01-19 10:41:58,821 - INFO - epoch=449 train_loss=0.1124 train_acc=0.941 val_loss=0.3539 val_acc=0.888
2026-01-19 10:42:02,618 - INFO - epoch=450 train_loss=0.1113 train_acc=0.943 val_loss=0.3505 val_acc=0.887
2026-01-19 10:42:06,470 - INFO - epoch=451 train_loss=0.1115 train_acc=0.942 val_loss=0.3473 val_acc=0.886
2026-01-19 10:42:10,244 - INFO - epoch=452 train_loss=0.1122 train_acc=0.941 val_loss=0.3548 val_acc=0.889
2026-01-19 10:42:14,062 - INFO - epoch=453 train_loss=0.1110 train_acc=0.942 val_loss=0.3590 val_acc=0.888
2026-01-19 10:42:17,855 - INFO - epoch=454 train_loss=0.1112 train_acc=0.942 val_loss=0.3611 val_acc=0.886
2026-01-19 10:42:21,697 - INFO - epoch=455 train_loss=0.1105 train_acc=0.942 val_loss=0.3628 val_acc=0.885
2026-01-19 10:42:25,595 - INFO - epoch=456 train_loss=0.1112 train_acc=0.942 val_loss=0.3542 val_acc=0.885
2026-01-19 10:42:29,407 - INFO - epoch=457 train_loss=0.1102 train_acc=0.942 val_loss=0.3599 val_acc=0.887
2026-01-19 10:42:33,264 - INFO - epoch=458 train_loss=0.1094 train_acc=0.943 val_loss=0.3463 val_acc=0.887
2026-01-19 10:42:37,104 - INFO - epoch=459 train_loss=0.1105 train_acc=0.943 val_loss=0.3608 val_acc=0.888
2026-01-19 10:42:40,926 - INFO - epoch=460 train_loss=0.1109 train_acc=0.943 val_loss=0.3608 val_acc=0.886
2026-01-19 10:42:44,774 - INFO - epoch=461 train_loss=0.1113 train_acc=0.942 val_loss=0.3531 val_acc=0.886
2026-01-19 10:42:48,650 - INFO - epoch=462 train_loss=0.1109 train_acc=0.943 val_loss=0.3668 val_acc=0.886
2026-01-19 10:42:52,469 - INFO - epoch=463 train_loss=0.1099 train_acc=0.943 val_loss=0.3533 val_acc=0.886
2026-01-19 10:42:56,267 - INFO - epoch=464 train_loss=0.1103 train_acc=0.943 val_loss=0.3646 val_acc=0.887
2026-01-19 10:43:00,026 - INFO - epoch=465 train_loss=0.1110 train_acc=0.942 val_loss=0.3420 val_acc=0.886
2026-01-19 10:43:03,836 - INFO - epoch=466 train_loss=0.1107 train_acc=0.943 val_loss=0.3587 val_acc=0.885
2026-01-19 10:43:07,687 - INFO - epoch=467 train_loss=0.1106 train_acc=0.942 val_loss=0.3454 val_acc=0.887
2026-01-19 10:43:11,463 - INFO - epoch=468 train_loss=0.1103 train_acc=0.943 val_loss=0.3495 val_acc=0.886
2026-01-19 10:43:15,304 - INFO - epoch=469 train_loss=0.1106 train_acc=0.942 val_loss=0.3636 val_acc=0.887
2026-01-19 10:43:19,140 - INFO - epoch=470 train_loss=0.1107 train_acc=0.943 val_loss=0.3405 val_acc=0.887
2026-01-19 10:43:22,961 - INFO - epoch=471 train_loss=0.1094 train_acc=0.943 val_loss=0.3529 val_acc=0.886
2026-01-19 10:43:26,714 - INFO - epoch=472 train_loss=0.1091 train_acc=0.943 val_loss=0.3581 val_acc=0.887
2026-01-19 10:43:30,545 - INFO - epoch=473 train_loss=0.1100 train_acc=0.943 val_loss=0.3532 val_acc=0.886
2026-01-19 10:43:34,349 - INFO - epoch=474 train_loss=0.1093 train_acc=0.943 val_loss=0.3667 val_acc=0.887
2026-01-19 10:43:38,132 - INFO - epoch=475 train_loss=0.1105 train_acc=0.942 val_loss=0.3589 val_acc=0.887
2026-01-19 10:43:41,957 - INFO - epoch=476 train_loss=0.1114 train_acc=0.942 val_loss=0.3661 val_acc=0.890
2026-01-19 10:43:45,741 - INFO - epoch=477 train_loss=0.1094 train_acc=0.943 val_loss=0.3580 val_acc=0.886
2026-01-19 10:43:49,573 - INFO - epoch=478 train_loss=0.1093 train_acc=0.943 val_loss=0.3591 val_acc=0.888
2026-01-19 10:43:53,390 - INFO - epoch=479 train_loss=0.1098 train_acc=0.943 val_loss=0.3676 val_acc=0.888
2026-01-19 10:43:57,202 - INFO - epoch=480 train_loss=0.1093 train_acc=0.944 val_loss=0.3701 val_acc=0.888
2026-01-19 10:44:00,955 - INFO - epoch=481 train_loss=0.1082 train_acc=0.943 val_loss=0.3602 val_acc=0.887
2026-01-19 10:44:04,628 - INFO - epoch=482 train_loss=0.1103 train_acc=0.943 val_loss=0.3586 val_acc=0.887
2026-01-19 10:44:08,331 - INFO - epoch=483 train_loss=0.1094 train_acc=0.943 val_loss=0.3624 val_acc=0.889
2026-01-19 10:44:12,183 - INFO - epoch=484 train_loss=0.1092 train_acc=0.944 val_loss=0.3644 val_acc=0.887
2026-01-19 10:44:16,009 - INFO - epoch=485 train_loss=0.1081 train_acc=0.944 val_loss=0.3542 val_acc=0.886
2026-01-19 10:44:19,869 - INFO - epoch=486 train_loss=0.1081 train_acc=0.944 val_loss=0.3735 val_acc=0.885
2026-01-19 10:44:23,707 - INFO - epoch=487 train_loss=0.1087 train_acc=0.944 val_loss=0.3534 val_acc=0.889
2026-01-19 10:44:27,510 - INFO - epoch=488 train_loss=0.1087 train_acc=0.943 val_loss=0.3705 val_acc=0.889
2026-01-19 10:44:31,295 - INFO - epoch=489 train_loss=0.1085 train_acc=0.944 val_loss=0.3764 val_acc=0.888
2026-01-19 10:44:35,152 - INFO - epoch=490 train_loss=0.1082 train_acc=0.944 val_loss=0.3749 val_acc=0.888
2026-01-19 10:44:39,046 - INFO - epoch=491 train_loss=0.1086 train_acc=0.944 val_loss=0.3698 val_acc=0.886
2026-01-19 10:44:42,980 - INFO - epoch=492 train_loss=0.1088 train_acc=0.943 val_loss=0.3655 val_acc=0.887
2026-01-19 10:44:46,870 - INFO - epoch=493 train_loss=0.1073 train_acc=0.945 val_loss=0.3659 val_acc=0.886
2026-01-19 10:44:50,950 - INFO - epoch=494 train_loss=0.1079 train_acc=0.944 val_loss=0.3526 val_acc=0.889
2026-01-19 10:44:55,023 - INFO - epoch=495 train_loss=0.1074 train_acc=0.944 val_loss=0.3600 val_acc=0.888
2026-01-19 10:44:59,032 - INFO - epoch=496 train_loss=0.1065 train_acc=0.945 val_loss=0.3502 val_acc=0.890
2026-01-19 10:45:02,920 - INFO - epoch=497 train_loss=0.1075 train_acc=0.944 val_loss=0.3652 val_acc=0.888
2026-01-19 10:45:06,806 - INFO - epoch=498 train_loss=0.1084 train_acc=0.944 val_loss=0.3578 val_acc=0.889
2026-01-19 10:45:10,774 - INFO - epoch=499 train_loss=0.1084 train_acc=0.944 val_loss=0.3827 val_acc=0.887
2026-01-19 10:45:14,614 - INFO - epoch=500 train_loss=0.1073 train_acc=0.944 val_loss=0.3587 val_acc=0.888
2026-01-19 10:45:18,415 - INFO - epoch=501 train_loss=0.1082 train_acc=0.944 val_loss=0.3635 val_acc=0.889
2026-01-19 10:45:22,120 - INFO - epoch=502 train_loss=0.1075 train_acc=0.945 val_loss=0.3705 val_acc=0.887
2026-01-19 10:45:25,852 - INFO - epoch=503 train_loss=0.1064 train_acc=0.945 val_loss=0.3743 val_acc=0.888
2026-01-19 10:45:29,606 - INFO - epoch=504 train_loss=0.1062 train_acc=0.945 val_loss=0.3700 val_acc=0.887
2026-01-19 10:45:33,452 - INFO - epoch=505 train_loss=0.1066 train_acc=0.945 val_loss=0.3636 val_acc=0.887
2026-01-19 10:45:37,275 - INFO - epoch=506 train_loss=0.1061 train_acc=0.946 val_loss=0.3676 val_acc=0.888
2026-01-19 10:45:41,164 - INFO - epoch=507 train_loss=0.1042 train_acc=0.945 val_loss=0.3678 val_acc=0.888
2026-01-19 10:45:44,977 - INFO - epoch=508 train_loss=0.1058 train_acc=0.945 val_loss=0.3776 val_acc=0.885
2026-01-19 10:45:48,806 - INFO - epoch=509 train_loss=0.1062 train_acc=0.945 val_loss=0.3702 val_acc=0.888
2026-01-19 10:45:52,567 - INFO - epoch=510 train_loss=0.1056 train_acc=0.945 val_loss=0.3657 val_acc=0.889
2026-01-19 10:45:56,304 - INFO - epoch=511 train_loss=0.1048 train_acc=0.945 val_loss=0.3878 val_acc=0.890
2026-01-19 10:46:00,075 - INFO - epoch=512 train_loss=0.1054 train_acc=0.945 val_loss=0.3728 val_acc=0.888
2026-01-19 10:46:03,866 - INFO - epoch=513 train_loss=0.1060 train_acc=0.945 val_loss=0.3635 val_acc=0.889
2026-01-19 10:46:07,738 - INFO - epoch=514 train_loss=0.1048 train_acc=0.946 val_loss=0.3759 val_acc=0.889
2026-01-19 10:46:11,594 - INFO - epoch=515 train_loss=0.1055 train_acc=0.946 val_loss=0.3758 val_acc=0.889
2026-01-19 10:46:15,383 - INFO - epoch=516 train_loss=0.1059 train_acc=0.945 val_loss=0.3761 val_acc=0.887
2026-01-19 10:46:19,203 - INFO - epoch=517 train_loss=0.1057 train_acc=0.945 val_loss=0.3724 val_acc=0.888
2026-01-19 10:46:23,024 - INFO - epoch=518 train_loss=0.1049 train_acc=0.946 val_loss=0.3798 val_acc=0.889
2026-01-19 10:46:26,877 - INFO - epoch=519 train_loss=0.1062 train_acc=0.945 val_loss=0.3603 val_acc=0.887
2026-01-19 10:46:30,671 - INFO - epoch=520 train_loss=0.1068 train_acc=0.945 val_loss=0.3679 val_acc=0.890
2026-01-19 10:46:34,674 - INFO - epoch=521 train_loss=0.1062 train_acc=0.945 val_loss=0.3845 val_acc=0.889
2026-01-19 10:46:38,555 - INFO - epoch=522 train_loss=0.1053 train_acc=0.945 val_loss=0.3798 val_acc=0.890
2026-01-19 10:46:42,694 - INFO - epoch=523 train_loss=0.1049 train_acc=0.945 val_loss=0.3717 val_acc=0.890
2026-01-19 10:46:46,891 - INFO - epoch=524 train_loss=0.1050 train_acc=0.946 val_loss=0.3837 val_acc=0.890
2026-01-19 10:46:50,946 - INFO - epoch=525 train_loss=0.1048 train_acc=0.946 val_loss=0.3693 val_acc=0.890
2026-01-19 10:46:54,742 - INFO - epoch=526 train_loss=0.1056 train_acc=0.946 val_loss=0.3711 val_acc=0.888
2026-01-19 10:46:58,610 - INFO - epoch=527 train_loss=0.1060 train_acc=0.945 val_loss=0.3727 val_acc=0.889
2026-01-19 10:47:02,437 - INFO - epoch=528 train_loss=0.1045 train_acc=0.946 val_loss=0.3873 val_acc=0.888
2026-01-19 10:47:06,274 - INFO - epoch=529 train_loss=0.1038 train_acc=0.946 val_loss=0.3773 val_acc=0.888
2026-01-19 10:47:10,073 - INFO - epoch=530 train_loss=0.1033 train_acc=0.947 val_loss=0.3854 val_acc=0.887
2026-01-19 10:47:13,871 - INFO - epoch=531 train_loss=0.1047 train_acc=0.946 val_loss=0.3701 val_acc=0.889
2026-01-19 10:47:17,617 - INFO - epoch=532 train_loss=0.1039 train_acc=0.947 val_loss=0.3893 val_acc=0.888
2026-01-19 10:47:21,381 - INFO - epoch=533 train_loss=0.1051 train_acc=0.946 val_loss=0.3795 val_acc=0.887
2026-01-19 10:47:25,101 - INFO - epoch=534 train_loss=0.1053 train_acc=0.946 val_loss=0.3747 val_acc=0.889
2026-01-19 10:47:28,846 - INFO - epoch=535 train_loss=0.1045 train_acc=0.946 val_loss=0.3813 val_acc=0.890
2026-01-19 10:47:32,521 - INFO - epoch=536 train_loss=0.1051 train_acc=0.946 val_loss=0.3825 val_acc=0.887
2026-01-19 10:47:36,187 - INFO - epoch=537 train_loss=0.1054 train_acc=0.946 val_loss=0.3710 val_acc=0.889
2026-01-19 10:47:39,922 - INFO - epoch=538 train_loss=0.1043 train_acc=0.946 val_loss=0.3771 val_acc=0.888
2026-01-19 10:47:43,589 - INFO - epoch=539 train_loss=0.1039 train_acc=0.947 val_loss=0.3898 val_acc=0.889
2026-01-19 10:47:47,397 - INFO - epoch=540 train_loss=0.1033 train_acc=0.947 val_loss=0.3701 val_acc=0.889
2026-01-19 10:47:51,343 - INFO - epoch=541 train_loss=0.1029 train_acc=0.947 val_loss=0.3748 val_acc=0.888
2026-01-19 10:47:55,041 - INFO - epoch=542 train_loss=0.1030 train_acc=0.947 val_loss=0.3842 val_acc=0.890
2026-01-19 10:47:58,733 - INFO - epoch=543 train_loss=0.1028 train_acc=0.947 val_loss=0.3756 val_acc=0.889
2026-01-19 10:48:02,401 - INFO - epoch=544 train_loss=0.1033 train_acc=0.947 val_loss=0.3912 val_acc=0.887
2026-01-19 10:48:06,256 - INFO - epoch=545 train_loss=0.1031 train_acc=0.947 val_loss=0.3743 val_acc=0.889
2026-01-19 10:48:10,112 - INFO - epoch=546 train_loss=0.1034 train_acc=0.947 val_loss=0.3847 val_acc=0.890
2026-01-19 10:48:13,798 - INFO - epoch=547 train_loss=0.1030 train_acc=0.946 val_loss=0.3778 val_acc=0.888
2026-01-19 10:48:17,711 - INFO - epoch=548 train_loss=0.1014 train_acc=0.947 val_loss=0.3825 val_acc=0.888
2026-01-19 10:48:21,636 - INFO - epoch=549 train_loss=0.1010 train_acc=0.948 val_loss=0.3743 val_acc=0.888
2026-01-19 10:48:25,447 - INFO - epoch=550 train_loss=0.1014 train_acc=0.947 val_loss=0.3817 val_acc=0.889
2026-01-19 10:48:29,305 - INFO - epoch=551 train_loss=0.1023 train_acc=0.947 val_loss=0.3756 val_acc=0.890
2026-01-19 10:48:33,268 - INFO - epoch=552 train_loss=0.1032 train_acc=0.946 val_loss=0.3838 val_acc=0.888
2026-01-19 10:48:37,026 - INFO - epoch=553 train_loss=0.1036 train_acc=0.946 val_loss=0.3953 val_acc=0.890
2026-01-19 10:48:41,072 - INFO - epoch=554 train_loss=0.1021 train_acc=0.947 val_loss=0.3867 val_acc=0.889
2026-01-19 10:48:45,115 - INFO - epoch=555 train_loss=0.1028 train_acc=0.947 val_loss=0.3831 val_acc=0.888
2026-01-19 10:48:49,095 - INFO - epoch=556 train_loss=0.1017 train_acc=0.947 val_loss=0.3774 val_acc=0.888
2026-01-19 10:48:52,931 - INFO - epoch=557 train_loss=0.1025 train_acc=0.947 val_loss=0.3838 val_acc=0.888
2026-01-19 10:48:57,086 - INFO - epoch=558 train_loss=0.1008 train_acc=0.947 val_loss=0.3825 val_acc=0.888
2026-01-19 10:49:00,881 - INFO - epoch=559 train_loss=0.1015 train_acc=0.948 val_loss=0.3750 val_acc=0.890
2026-01-19 10:49:04,755 - INFO - epoch=560 train_loss=0.1028 train_acc=0.947 val_loss=0.3889 val_acc=0.889
2026-01-19 10:49:08,501 - INFO - epoch=561 train_loss=0.1019 train_acc=0.947 val_loss=0.3712 val_acc=0.889
2026-01-19 10:49:12,229 - INFO - epoch=562 train_loss=0.1005 train_acc=0.948 val_loss=0.3802 val_acc=0.891
2026-01-19 10:49:15,979 - INFO - epoch=563 train_loss=0.1006 train_acc=0.948 val_loss=0.3882 val_acc=0.890
2026-01-19 10:49:19,850 - INFO - epoch=564 train_loss=0.1008 train_acc=0.949 val_loss=0.3822 val_acc=0.890
2026-01-19 10:49:23,661 - INFO - epoch=565 train_loss=0.1008 train_acc=0.948 val_loss=0.3939 val_acc=0.887
2026-01-19 10:49:27,391 - INFO - epoch=566 train_loss=0.1001 train_acc=0.948 val_loss=0.3901 val_acc=0.889
2026-01-19 10:49:31,239 - INFO - epoch=567 train_loss=0.1031 train_acc=0.947 val_loss=0.4086 val_acc=0.887
2026-01-19 10:49:34,984 - INFO - epoch=568 train_loss=0.1050 train_acc=0.947 val_loss=0.3768 val_acc=0.890
2026-01-19 10:49:38,719 - INFO - epoch=569 train_loss=0.1031 train_acc=0.947 val_loss=0.3834 val_acc=0.890
2026-01-19 10:49:42,388 - INFO - epoch=570 train_loss=0.1029 train_acc=0.947 val_loss=0.3851 val_acc=0.890
2026-01-19 10:49:46,298 - INFO - epoch=571 train_loss=0.1010 train_acc=0.949 val_loss=0.3957 val_acc=0.889
2026-01-19 10:49:50,110 - INFO - epoch=572 train_loss=0.1006 train_acc=0.948 val_loss=0.3823 val_acc=0.891
2026-01-19 10:49:53,885 - INFO - epoch=573 train_loss=0.0999 train_acc=0.949 val_loss=0.3770 val_acc=0.889
2026-01-19 10:49:57,717 - INFO - epoch=574 train_loss=0.1006 train_acc=0.948 val_loss=0.3777 val_acc=0.891
2026-01-19 10:50:01,622 - INFO - epoch=575 train_loss=0.1020 train_acc=0.948 val_loss=0.3893 val_acc=0.891
2026-01-19 10:50:05,428 - INFO - epoch=576 train_loss=0.1020 train_acc=0.947 val_loss=0.3916 val_acc=0.888
2026-01-19 10:50:09,269 - INFO - epoch=577 train_loss=0.1018 train_acc=0.947 val_loss=0.3770 val_acc=0.888
2026-01-19 10:50:13,199 - INFO - epoch=578 train_loss=0.1001 train_acc=0.948 val_loss=0.3970 val_acc=0.887
2026-01-19 10:50:17,202 - INFO - epoch=579 train_loss=0.1003 train_acc=0.949 val_loss=0.3901 val_acc=0.888
2026-01-19 10:50:21,085 - INFO - epoch=580 train_loss=0.1000 train_acc=0.949 val_loss=0.3891 val_acc=0.889
2026-01-19 10:50:25,196 - INFO - epoch=581 train_loss=0.0997 train_acc=0.949 val_loss=0.3776 val_acc=0.889
2026-01-19 10:50:29,242 - INFO - epoch=582 train_loss=0.0994 train_acc=0.949 val_loss=0.3940 val_acc=0.890
2026-01-19 10:50:33,244 - INFO - epoch=583 train_loss=0.0998 train_acc=0.949 val_loss=0.3916 val_acc=0.890
2026-01-19 10:50:37,066 - INFO - epoch=584 train_loss=0.0995 train_acc=0.949 val_loss=0.3921 val_acc=0.891
2026-01-19 10:50:41,013 - INFO - epoch=585 train_loss=0.0993 train_acc=0.950 val_loss=0.3943 val_acc=0.890
2026-01-19 10:50:44,842 - INFO - epoch=586 train_loss=0.1013 train_acc=0.948 val_loss=0.4044 val_acc=0.888
2026-01-19 10:50:48,671 - INFO - epoch=587 train_loss=0.1003 train_acc=0.948 val_loss=0.3853 val_acc=0.889
2026-01-19 10:50:52,453 - INFO - epoch=588 train_loss=0.1016 train_acc=0.948 val_loss=0.3886 val_acc=0.888
2026-01-19 10:50:56,206 - INFO - epoch=589 train_loss=0.0990 train_acc=0.948 val_loss=0.3862 val_acc=0.889
2026-01-19 10:50:59,966 - INFO - epoch=590 train_loss=0.0995 train_acc=0.948 val_loss=0.3984 val_acc=0.888
2026-01-19 10:51:03,738 - INFO - epoch=591 train_loss=0.0986 train_acc=0.949 val_loss=0.4037 val_acc=0.889
2026-01-19 10:51:07,562 - INFO - epoch=592 train_loss=0.0997 train_acc=0.949 val_loss=0.3893 val_acc=0.889
2026-01-19 10:51:11,310 - INFO - epoch=593 train_loss=0.0989 train_acc=0.949 val_loss=0.3933 val_acc=0.890
2026-01-19 10:51:15,165 - INFO - epoch=594 train_loss=0.0982 train_acc=0.949 val_loss=0.3881 val_acc=0.889
2026-01-19 10:51:19,074 - INFO - epoch=595 train_loss=0.0974 train_acc=0.950 val_loss=0.4064 val_acc=0.889
2026-01-19 10:51:22,861 - INFO - epoch=596 train_loss=0.0978 train_acc=0.950 val_loss=0.3952 val_acc=0.887
2026-01-19 10:51:26,649 - INFO - epoch=597 train_loss=0.0992 train_acc=0.949 val_loss=0.3925 val_acc=0.890
2026-01-19 10:51:30,467 - INFO - epoch=598 train_loss=0.0990 train_acc=0.949 val_loss=0.3897 val_acc=0.889
2026-01-19 10:51:34,291 - INFO - epoch=599 train_loss=0.0991 train_acc=0.949 val_loss=0.3902 val_acc=0.890
2026-01-19 10:51:38,092 - INFO - epoch=600 train_loss=0.0982 train_acc=0.950 val_loss=0.4000 val_acc=0.889
2026-01-19 10:51:41,934 - INFO - epoch=601 train_loss=0.0985 train_acc=0.949 val_loss=0.4052 val_acc=0.889
2026-01-19 10:51:45,604 - INFO - epoch=602 train_loss=0.0982 train_acc=0.950 val_loss=0.3934 val_acc=0.890
2026-01-19 10:51:49,334 - INFO - epoch=603 train_loss=0.0988 train_acc=0.949 val_loss=0.3975 val_acc=0.889
2026-01-19 10:51:53,116 - INFO - epoch=604 train_loss=0.0978 train_acc=0.950 val_loss=0.4049 val_acc=0.889
2026-01-19 10:51:56,950 - INFO - epoch=605 train_loss=0.0981 train_acc=0.950 val_loss=0.3943 val_acc=0.888
2026-01-19 10:52:00,728 - INFO - epoch=606 train_loss=0.0979 train_acc=0.950 val_loss=0.4188 val_acc=0.887
2026-01-19 10:52:04,601 - INFO - epoch=607 train_loss=0.0979 train_acc=0.950 val_loss=0.4108 val_acc=0.889
2026-01-19 10:52:08,422 - INFO - epoch=608 train_loss=0.0963 train_acc=0.950 val_loss=0.4074 val_acc=0.889
2026-01-19 10:52:12,302 - INFO - epoch=609 train_loss=0.0972 train_acc=0.950 val_loss=0.4042 val_acc=0.889
2026-01-19 10:52:16,151 - INFO - epoch=610 train_loss=0.0964 train_acc=0.951 val_loss=0.4178 val_acc=0.888
2026-01-19 10:52:20,005 - INFO - epoch=611 train_loss=0.0981 train_acc=0.950 val_loss=0.4054 val_acc=0.887
2026-01-19 10:52:23,884 - INFO - epoch=612 train_loss=0.0982 train_acc=0.950 val_loss=0.4171 val_acc=0.887
2026-01-19 10:52:27,971 - INFO - epoch=613 train_loss=0.0981 train_acc=0.950 val_loss=0.4032 val_acc=0.888
2026-01-19 10:52:31,859 - INFO - epoch=614 train_loss=0.0967 train_acc=0.950 val_loss=0.4119 val_acc=0.890
2026-01-19 10:52:35,809 - INFO - epoch=615 train_loss=0.0980 train_acc=0.949 val_loss=0.4028 val_acc=0.889
2026-01-19 10:52:39,843 - INFO - epoch=616 train_loss=0.0984 train_acc=0.949 val_loss=0.4051 val_acc=0.889
2026-01-19 10:52:43,926 - INFO - epoch=617 train_loss=0.0992 train_acc=0.949 val_loss=0.3754 val_acc=0.890
2026-01-19 10:52:47,759 - INFO - epoch=618 train_loss=0.0995 train_acc=0.949 val_loss=0.4057 val_acc=0.890
2026-01-19 10:52:51,565 - INFO - epoch=619 train_loss=0.0997 train_acc=0.949 val_loss=0.4042 val_acc=0.889
2026-01-19 10:52:55,428 - INFO - epoch=620 train_loss=0.0987 train_acc=0.950 val_loss=0.3913 val_acc=0.892
2026-01-19 10:52:59,153 - INFO - epoch=621 train_loss=0.0983 train_acc=0.950 val_loss=0.3903 val_acc=0.890
2026-01-19 10:53:02,914 - INFO - epoch=622 train_loss=0.0986 train_acc=0.950 val_loss=0.3917 val_acc=0.887
2026-01-19 10:53:06,716 - INFO - epoch=623 train_loss=0.0979 train_acc=0.950 val_loss=0.4094 val_acc=0.888
2026-01-19 10:53:10,517 - INFO - epoch=624 train_loss=0.0965 train_acc=0.951 val_loss=0.3891 val_acc=0.887
2026-01-19 10:53:14,226 - INFO - epoch=625 train_loss=0.0968 train_acc=0.950 val_loss=0.4071 val_acc=0.889
2026-01-19 10:53:17,948 - INFO - epoch=626 train_loss=0.0983 train_acc=0.950 val_loss=0.4124 val_acc=0.889
2026-01-19 10:53:21,644 - INFO - epoch=627 train_loss=0.0968 train_acc=0.950 val_loss=0.3954 val_acc=0.890
2026-01-19 10:53:25,503 - INFO - epoch=628 train_loss=0.0961 train_acc=0.950 val_loss=0.4157 val_acc=0.889
2026-01-19 10:53:29,286 - INFO - epoch=629 train_loss=0.0967 train_acc=0.950 val_loss=0.4004 val_acc=0.892
2026-01-19 10:53:33,081 - INFO - epoch=630 train_loss=0.0966 train_acc=0.950 val_loss=0.4070 val_acc=0.889
2026-01-19 10:53:36,980 - INFO - epoch=631 train_loss=0.0966 train_acc=0.951 val_loss=0.3951 val_acc=0.890
2026-01-19 10:53:40,812 - INFO - epoch=632 train_loss=0.0960 train_acc=0.951 val_loss=0.4062 val_acc=0.890
2026-01-19 10:53:44,708 - INFO - epoch=633 train_loss=0.0968 train_acc=0.950 val_loss=0.4030 val_acc=0.889
2026-01-19 10:53:48,661 - INFO - epoch=634 train_loss=0.0955 train_acc=0.951 val_loss=0.4070 val_acc=0.889
2026-01-19 10:53:52,460 - INFO - epoch=635 train_loss=0.0959 train_acc=0.951 val_loss=0.3997 val_acc=0.891
2026-01-19 10:53:56,487 - INFO - epoch=636 train_loss=0.0952 train_acc=0.951 val_loss=0.4156 val_acc=0.890
2026-01-19 10:54:00,516 - INFO - epoch=637 train_loss=0.0956 train_acc=0.951 val_loss=0.4127 val_acc=0.890
2026-01-19 10:54:04,478 - INFO - epoch=638 train_loss=0.0943 train_acc=0.951 val_loss=0.3934 val_acc=0.890
2026-01-19 10:54:08,508 - INFO - epoch=639 train_loss=0.0958 train_acc=0.951 val_loss=0.4072 val_acc=0.891
2026-01-19 10:54:12,348 - INFO - epoch=640 train_loss=0.0962 train_acc=0.952 val_loss=0.4018 val_acc=0.889
2026-01-19 10:54:16,345 - INFO - epoch=641 train_loss=0.0952 train_acc=0.951 val_loss=0.4228 val_acc=0.890
2026-01-19 10:54:20,253 - INFO - epoch=642 train_loss=0.0927 train_acc=0.952 val_loss=0.4089 val_acc=0.890
2026-01-19 10:54:24,133 - INFO - epoch=643 train_loss=0.0943 train_acc=0.951 val_loss=0.4156 val_acc=0.890
2026-01-19 10:54:27,986 - INFO - epoch=644 train_loss=0.0948 train_acc=0.951 val_loss=0.4168 val_acc=0.889
2026-01-19 10:54:31,713 - INFO - epoch=645 train_loss=0.0965 train_acc=0.950 val_loss=0.4084 val_acc=0.888
2026-01-19 10:54:35,459 - INFO - epoch=646 train_loss=0.0960 train_acc=0.951 val_loss=0.3940 val_acc=0.892
2026-01-19 10:54:39,247 - INFO - epoch=647 train_loss=0.0939 train_acc=0.953 val_loss=0.3953 val_acc=0.891
2026-01-19 10:54:43,017 - INFO - epoch=648 train_loss=0.0937 train_acc=0.952 val_loss=0.4140 val_acc=0.889
2026-01-19 10:54:46,743 - INFO - epoch=649 train_loss=0.0949 train_acc=0.952 val_loss=0.4003 val_acc=0.889
2026-01-19 10:54:50,687 - INFO - epoch=650 train_loss=0.0942 train_acc=0.952 val_loss=0.4054 val_acc=0.890
2026-01-19 10:54:54,545 - INFO - epoch=651 train_loss=0.0935 train_acc=0.952 val_loss=0.4090 val_acc=0.890
2026-01-19 10:54:58,392 - INFO - epoch=652 train_loss=0.0931 train_acc=0.953 val_loss=0.3984 val_acc=0.890
2026-01-19 10:55:02,253 - INFO - epoch=653 train_loss=0.0930 train_acc=0.952 val_loss=0.4140 val_acc=0.890
2026-01-19 10:55:06,063 - INFO - epoch=654 train_loss=0.0953 train_acc=0.952 val_loss=0.4160 val_acc=0.892
2026-01-19 10:55:09,878 - INFO - epoch=655 train_loss=0.0937 train_acc=0.951 val_loss=0.4165 val_acc=0.889
2026-01-19 10:55:13,732 - INFO - epoch=656 train_loss=0.0946 train_acc=0.952 val_loss=0.4096 val_acc=0.889
2026-01-19 10:55:17,609 - INFO - epoch=657 train_loss=0.0950 train_acc=0.952 val_loss=0.4189 val_acc=0.891
2026-01-19 10:55:21,441 - INFO - epoch=658 train_loss=0.0960 train_acc=0.951 val_loss=0.4018 val_acc=0.889
2026-01-19 10:55:25,135 - INFO - epoch=659 train_loss=0.0944 train_acc=0.952 val_loss=0.4083 val_acc=0.890
2026-01-19 10:55:28,828 - INFO - epoch=660 train_loss=0.0930 train_acc=0.953 val_loss=0.4131 val_acc=0.889
2026-01-19 10:55:32,734 - INFO - epoch=661 train_loss=0.0943 train_acc=0.952 val_loss=0.4189 val_acc=0.890
2026-01-19 10:55:36,562 - INFO - epoch=662 train_loss=0.0947 train_acc=0.952 val_loss=0.4043 val_acc=0.889
2026-01-19 10:55:40,305 - INFO - epoch=663 train_loss=0.0953 train_acc=0.951 val_loss=0.4213 val_acc=0.889
2026-01-19 10:55:44,153 - INFO - epoch=664 train_loss=0.0939 train_acc=0.952 val_loss=0.4105 val_acc=0.890
2026-01-19 10:55:47,958 - INFO - epoch=665 train_loss=0.0950 train_acc=0.951 val_loss=0.4223 val_acc=0.889
2026-01-19 10:55:51,751 - INFO - epoch=666 train_loss=0.0941 train_acc=0.952 val_loss=0.4254 val_acc=0.890
2026-01-19 10:55:55,637 - INFO - epoch=667 train_loss=0.0938 train_acc=0.952 val_loss=0.4179 val_acc=0.893
2026-01-19 10:55:59,537 - INFO - epoch=668 train_loss=0.0957 train_acc=0.952 val_loss=0.4158 val_acc=0.891
2026-01-19 10:56:03,463 - INFO - epoch=669 train_loss=0.0938 train_acc=0.953 val_loss=0.4089 val_acc=0.889
2026-01-19 10:56:07,705 - INFO - epoch=670 train_loss=0.0937 train_acc=0.952 val_loss=0.4333 val_acc=0.887
2026-01-19 10:56:11,819 - INFO - epoch=671 train_loss=0.0949 train_acc=0.952 val_loss=0.4092 val_acc=0.888
2026-01-19 10:56:15,813 - INFO - epoch=672 train_loss=0.0967 train_acc=0.951 val_loss=0.4237 val_acc=0.890
2026-01-19 10:56:19,685 - INFO - epoch=673 train_loss=0.0969 train_acc=0.951 val_loss=0.4284 val_acc=0.890
2026-01-19 10:56:23,490 - INFO - epoch=674 train_loss=0.0961 train_acc=0.951 val_loss=0.3972 val_acc=0.889
2026-01-19 10:56:27,416 - INFO - epoch=675 train_loss=0.0945 train_acc=0.953 val_loss=0.4243 val_acc=0.891
2026-01-19 10:56:31,225 - INFO - epoch=676 train_loss=0.0940 train_acc=0.953 val_loss=0.4140 val_acc=0.891
2026-01-19 10:56:35,074 - INFO - epoch=677 train_loss=0.0942 train_acc=0.952 val_loss=0.3976 val_acc=0.892
2026-01-19 10:56:38,820 - INFO - epoch=678 train_loss=0.0927 train_acc=0.953 val_loss=0.3996 val_acc=0.891
2026-01-19 10:56:42,551 - INFO - epoch=679 train_loss=0.0928 train_acc=0.953 val_loss=0.3928 val_acc=0.890
2026-01-19 10:56:46,232 - INFO - epoch=680 train_loss=0.0920 train_acc=0.953 val_loss=0.4130 val_acc=0.892
2026-01-19 10:56:49,968 - INFO - epoch=681 train_loss=0.0913 train_acc=0.953 val_loss=0.4204 val_acc=0.891
2026-01-19 10:56:53,737 - INFO - epoch=682 train_loss=0.0929 train_acc=0.952 val_loss=0.4124 val_acc=0.891
2026-01-19 10:56:57,556 - INFO - epoch=683 train_loss=0.0917 train_acc=0.953 val_loss=0.4138 val_acc=0.891
2026-01-19 10:57:01,394 - INFO - epoch=684 train_loss=0.0920 train_acc=0.953 val_loss=0.4045 val_acc=0.892
2026-01-19 10:57:05,278 - INFO - epoch=685 train_loss=0.0923 train_acc=0.953 val_loss=0.4190 val_acc=0.892
2026-01-19 10:57:09,006 - INFO - epoch=686 train_loss=0.0920 train_acc=0.953 val_loss=0.4270 val_acc=0.892
2026-01-19 10:57:12,662 - INFO - epoch=687 train_loss=0.0916 train_acc=0.953 val_loss=0.4180 val_acc=0.891
2026-01-19 10:57:16,330 - INFO - epoch=688 train_loss=0.0914 train_acc=0.953 val_loss=0.4241 val_acc=0.892
2026-01-19 10:57:20,229 - INFO - epoch=689 train_loss=0.0918 train_acc=0.953 val_loss=0.4137 val_acc=0.892
2026-01-19 10:57:24,033 - INFO - epoch=690 train_loss=0.0931 train_acc=0.952 val_loss=0.4212 val_acc=0.891
2026-01-19 10:57:27,908 - INFO - epoch=691 train_loss=0.0928 train_acc=0.953 val_loss=0.4163 val_acc=0.889
2026-01-19 10:57:31,743 - INFO - epoch=692 train_loss=0.0929 train_acc=0.953 val_loss=0.4232 val_acc=0.890
2026-01-19 10:57:35,640 - INFO - epoch=693 train_loss=0.0925 train_acc=0.953 val_loss=0.4387 val_acc=0.890
2026-01-19 10:57:39,544 - INFO - epoch=694 train_loss=0.0915 train_acc=0.953 val_loss=0.4170 val_acc=0.890
2026-01-19 10:57:43,435 - INFO - epoch=695 train_loss=0.0913 train_acc=0.953 val_loss=0.4297 val_acc=0.891
2026-01-19 10:57:47,278 - INFO - epoch=696 train_loss=0.0910 train_acc=0.954 val_loss=0.4292 val_acc=0.890
2026-01-19 10:57:51,217 - INFO - epoch=697 train_loss=0.0903 train_acc=0.954 val_loss=0.4294 val_acc=0.891
2026-01-19 10:57:55,283 - INFO - epoch=698 train_loss=0.0914 train_acc=0.954 val_loss=0.4184 val_acc=0.890
2026-01-19 10:57:59,386 - INFO - epoch=699 train_loss=0.0927 train_acc=0.953 val_loss=0.4101 val_acc=0.892
2026-01-19 10:58:03,261 - INFO - epoch=700 train_loss=0.0923 train_acc=0.953 val_loss=0.4382 val_acc=0.893
2026-01-19 10:58:07,183 - INFO - epoch=701 train_loss=0.0911 train_acc=0.953 val_loss=0.4274 val_acc=0.891
2026-01-19 10:58:10,971 - INFO - epoch=702 train_loss=0.0919 train_acc=0.953 val_loss=0.4165 val_acc=0.891
2026-01-19 10:58:14,802 - INFO - epoch=703 train_loss=0.0896 train_acc=0.954 val_loss=0.4377 val_acc=0.891
2026-01-19 10:58:18,707 - INFO - epoch=704 train_loss=0.0900 train_acc=0.954 val_loss=0.4306 val_acc=0.891
2026-01-19 10:58:22,488 - INFO - epoch=705 train_loss=0.0923 train_acc=0.954 val_loss=0.4164 val_acc=0.890
2026-01-19 10:58:26,242 - INFO - epoch=706 train_loss=0.0918 train_acc=0.953 val_loss=0.4384 val_acc=0.890
2026-01-19 10:58:29,955 - INFO - epoch=707 train_loss=0.0912 train_acc=0.953 val_loss=0.4241 val_acc=0.891
2026-01-19 10:58:33,711 - INFO - epoch=708 train_loss=0.0904 train_acc=0.954 val_loss=0.4508 val_acc=0.891
2026-01-19 10:58:37,412 - INFO - epoch=709 train_loss=0.0917 train_acc=0.953 val_loss=0.4287 val_acc=0.891
2026-01-19 10:58:41,283 - INFO - epoch=710 train_loss=0.0921 train_acc=0.953 val_loss=0.4408 val_acc=0.889
2026-01-19 10:58:45,111 - INFO - epoch=711 train_loss=0.0903 train_acc=0.954 val_loss=0.4325 val_acc=0.889
2026-01-19 10:58:48,857 - INFO - epoch=712 train_loss=0.0918 train_acc=0.954 val_loss=0.4360 val_acc=0.890
2026-01-19 10:58:52,567 - INFO - epoch=713 train_loss=0.0910 train_acc=0.953 val_loss=0.4505 val_acc=0.889
2026-01-19 10:58:56,287 - INFO - epoch=714 train_loss=0.0915 train_acc=0.954 val_loss=0.4249 val_acc=0.891
2026-01-19 10:59:00,096 - INFO - epoch=715 train_loss=0.0904 train_acc=0.954 val_loss=0.4263 val_acc=0.893
2026-01-19 10:59:03,908 - INFO - epoch=716 train_loss=0.0913 train_acc=0.953 val_loss=0.4392 val_acc=0.890
2026-01-19 10:59:07,718 - INFO - epoch=717 train_loss=0.0928 train_acc=0.953 val_loss=0.4390 val_acc=0.890
2026-01-19 10:59:11,585 - INFO - epoch=718 train_loss=0.0929 train_acc=0.952 val_loss=0.4263 val_acc=0.890
2026-01-19 10:59:15,383 - INFO - epoch=719 train_loss=0.0933 train_acc=0.952 val_loss=0.4231 val_acc=0.892
2026-01-19 10:59:19,173 - INFO - epoch=720 train_loss=0.0917 train_acc=0.953 val_loss=0.4330 val_acc=0.891
2026-01-19 10:59:23,125 - INFO - epoch=721 train_loss=0.0922 train_acc=0.954 val_loss=0.4383 val_acc=0.892
2026-01-19 10:59:26,989 - INFO - epoch=722 train_loss=0.0909 train_acc=0.954 val_loss=0.4107 val_acc=0.888
2026-01-19 10:59:31,081 - INFO - epoch=723 train_loss=0.0916 train_acc=0.954 val_loss=0.4085 val_acc=0.893
2026-01-19 10:59:35,406 - INFO - epoch=724 train_loss=0.0914 train_acc=0.953 val_loss=0.4268 val_acc=0.890
2026-01-19 10:59:39,439 - INFO - epoch=725 train_loss=0.0910 train_acc=0.954 val_loss=0.4281 val_acc=0.892
2026-01-19 10:59:43,247 - INFO - epoch=726 train_loss=0.0920 train_acc=0.954 val_loss=0.4251 val_acc=0.892
2026-01-19 10:59:47,189 - INFO - epoch=727 train_loss=0.0922 train_acc=0.954 val_loss=0.4376 val_acc=0.892
2026-01-19 10:59:51,125 - INFO - epoch=728 train_loss=0.0915 train_acc=0.954 val_loss=0.4104 val_acc=0.892
2026-01-19 10:59:54,934 - INFO - epoch=729 train_loss=0.0900 train_acc=0.954 val_loss=0.4198 val_acc=0.890
2026-01-19 10:59:58,681 - INFO - epoch=730 train_loss=0.0887 train_acc=0.955 val_loss=0.4162 val_acc=0.892
2026-01-19 11:00:02,428 - INFO - epoch=731 train_loss=0.0894 train_acc=0.954 val_loss=0.4215 val_acc=0.892
2026-01-19 11:00:06,143 - INFO - epoch=732 train_loss=0.0904 train_acc=0.954 val_loss=0.4330 val_acc=0.892
2026-01-19 11:00:09,918 - INFO - epoch=733 train_loss=0.0886 train_acc=0.954 val_loss=0.4426 val_acc=0.892
2026-01-19 11:00:13,728 - INFO - epoch=734 train_loss=0.0897 train_acc=0.955 val_loss=0.4281 val_acc=0.894
2026-01-19 11:00:17,597 - INFO - epoch=735 train_loss=0.0881 train_acc=0.955 val_loss=0.4412 val_acc=0.891
2026-01-19 11:00:21,275 - INFO - epoch=736 train_loss=0.0896 train_acc=0.954 val_loss=0.4548 val_acc=0.890
2026-01-19 11:00:25,004 - INFO - epoch=737 train_loss=0.0888 train_acc=0.955 val_loss=0.4202 val_acc=0.890
2026-01-19 11:00:28,785 - INFO - epoch=738 train_loss=0.0889 train_acc=0.955 val_loss=0.4484 val_acc=0.889
2026-01-19 11:00:32,656 - INFO - epoch=739 train_loss=0.0900 train_acc=0.954 val_loss=0.4402 val_acc=0.890
2026-01-19 11:00:36,435 - INFO - epoch=740 train_loss=0.0915 train_acc=0.954 val_loss=0.4593 val_acc=0.889
2026-01-19 11:00:40,268 - INFO - epoch=741 train_loss=0.0918 train_acc=0.953 val_loss=0.4458 val_acc=0.890
2026-01-19 11:00:44,119 - INFO - epoch=742 train_loss=0.0903 train_acc=0.955 val_loss=0.4408 val_acc=0.891
2026-01-19 11:00:47,977 - INFO - epoch=743 train_loss=0.0908 train_acc=0.954 val_loss=0.4380 val_acc=0.890
2026-01-19 11:00:51,798 - INFO - epoch=744 train_loss=0.0900 train_acc=0.954 val_loss=0.4375 val_acc=0.891
2026-01-19 11:00:55,596 - INFO - epoch=745 train_loss=0.0900 train_acc=0.954 val_loss=0.4396 val_acc=0.890
2026-01-19 11:00:59,516 - INFO - epoch=746 train_loss=0.0898 train_acc=0.954 val_loss=0.4317 val_acc=0.890
2026-01-19 11:01:03,766 - INFO - epoch=747 train_loss=0.0895 train_acc=0.955 val_loss=0.4423 val_acc=0.891
2026-01-19 11:01:07,629 - INFO - epoch=748 train_loss=0.0891 train_acc=0.955 val_loss=0.4256 val_acc=0.891
2026-01-19 11:01:11,657 - INFO - epoch=749 train_loss=0.0887 train_acc=0.955 val_loss=0.4554 val_acc=0.891
2026-01-19 11:01:15,650 - INFO - epoch=750 train_loss=0.0888 train_acc=0.955 val_loss=0.4369 val_acc=0.890
2026-01-19 11:01:19,633 - INFO - epoch=751 train_loss=0.0887 train_acc=0.955 val_loss=0.4477 val_acc=0.891
2026-01-19 11:01:23,458 - INFO - epoch=752 train_loss=0.0894 train_acc=0.954 val_loss=0.4218 val_acc=0.892
2026-01-19 11:01:27,191 - INFO - epoch=753 train_loss=0.0884 train_acc=0.955 val_loss=0.4340 val_acc=0.891
2026-01-19 11:01:30,949 - INFO - epoch=754 train_loss=0.0878 train_acc=0.955 val_loss=0.4485 val_acc=0.890
2026-01-19 11:01:34,717 - INFO - epoch=755 train_loss=0.0889 train_acc=0.955 val_loss=0.4324 val_acc=0.891
2026-01-19 11:01:38,450 - INFO - epoch=756 train_loss=0.0885 train_acc=0.955 val_loss=0.4320 val_acc=0.892
2026-01-19 11:01:42,140 - INFO - epoch=757 train_loss=0.0887 train_acc=0.955 val_loss=0.4315 val_acc=0.893
2026-01-19 11:01:45,833 - INFO - epoch=758 train_loss=0.0903 train_acc=0.955 val_loss=0.4430 val_acc=0.889
2026-01-19 11:01:49,632 - INFO - epoch=759 train_loss=0.0877 train_acc=0.955 val_loss=0.4268 val_acc=0.891
2026-01-19 11:01:53,461 - INFO - epoch=760 train_loss=0.0886 train_acc=0.955 val_loss=0.4368 val_acc=0.892
2026-01-19 11:01:57,145 - INFO - epoch=761 train_loss=0.0882 train_acc=0.955 val_loss=0.4488 val_acc=0.892
2026-01-19 11:02:00,867 - INFO - epoch=762 train_loss=0.0875 train_acc=0.956 val_loss=0.4675 val_acc=0.892
2026-01-19 11:02:04,679 - INFO - epoch=763 train_loss=0.0879 train_acc=0.955 val_loss=0.4432 val_acc=0.892
2026-01-19 11:02:08,554 - INFO - epoch=764 train_loss=0.0879 train_acc=0.955 val_loss=0.4386 val_acc=0.893
2026-01-19 11:02:12,436 - INFO - epoch=765 train_loss=0.0873 train_acc=0.956 val_loss=0.4311 val_acc=0.891
2026-01-19 11:02:16,280 - INFO - epoch=766 train_loss=0.0874 train_acc=0.956 val_loss=0.4404 val_acc=0.891
2026-01-19 11:02:20,105 - INFO - epoch=767 train_loss=0.0867 train_acc=0.956 val_loss=0.4278 val_acc=0.891
2026-01-19 11:02:23,952 - INFO - epoch=768 train_loss=0.0866 train_acc=0.956 val_loss=0.4542 val_acc=0.893
2026-01-19 11:02:27,803 - INFO - epoch=769 train_loss=0.0866 train_acc=0.956 val_loss=0.4438 val_acc=0.892
2026-01-19 11:02:31,680 - INFO - epoch=770 train_loss=0.0869 train_acc=0.956 val_loss=0.4463 val_acc=0.891
2026-01-19 11:02:35,488 - INFO - epoch=771 train_loss=0.0864 train_acc=0.956 val_loss=0.4512 val_acc=0.893
2026-01-19 11:02:39,220 - INFO - epoch=772 train_loss=0.0872 train_acc=0.956 val_loss=0.4494 val_acc=0.892
2026-01-19 11:02:43,022 - INFO - epoch=773 train_loss=0.0874 train_acc=0.955 val_loss=0.4357 val_acc=0.891
2026-01-19 11:02:46,882 - INFO - epoch=774 train_loss=0.0871 train_acc=0.955 val_loss=0.4520 val_acc=0.891
2026-01-19 11:02:50,773 - INFO - epoch=775 train_loss=0.0878 train_acc=0.955 val_loss=0.4520 val_acc=0.892
2026-01-19 11:02:54,594 - INFO - epoch=776 train_loss=0.0865 train_acc=0.955 val_loss=0.4505 val_acc=0.893
2026-01-19 11:02:58,426 - INFO - epoch=777 train_loss=0.0855 train_acc=0.956 val_loss=0.4472 val_acc=0.894
2026-01-19 11:03:02,276 - INFO - epoch=778 train_loss=0.0874 train_acc=0.956 val_loss=0.4462 val_acc=0.893
2026-01-19 11:03:06,120 - INFO - epoch=779 train_loss=0.0872 train_acc=0.956 val_loss=0.4721 val_acc=0.892
2026-01-19 11:03:10,036 - INFO - epoch=780 train_loss=0.0877 train_acc=0.955 val_loss=0.4390 val_acc=0.893
2026-01-19 11:03:13,983 - INFO - epoch=781 train_loss=0.0865 train_acc=0.956 val_loss=0.4727 val_acc=0.892
2026-01-19 11:03:18,047 - INFO - epoch=782 train_loss=0.0881 train_acc=0.956 val_loss=0.4241 val_acc=0.891
2026-01-19 11:03:22,045 - INFO - epoch=783 train_loss=0.0877 train_acc=0.956 val_loss=0.4427 val_acc=0.892
2026-01-19 11:03:26,186 - INFO - epoch=784 train_loss=0.0869 train_acc=0.956 val_loss=0.4348 val_acc=0.892
2026-01-19 11:03:30,318 - INFO - epoch=785 train_loss=0.0857 train_acc=0.956 val_loss=0.4518 val_acc=0.891
2026-01-19 11:03:34,195 - INFO - epoch=786 train_loss=0.0861 train_acc=0.956 val_loss=0.4334 val_acc=0.894
2026-01-19 11:03:38,031 - INFO - epoch=787 train_loss=0.0859 train_acc=0.956 val_loss=0.4320 val_acc=0.894
2026-01-19 11:03:41,899 - INFO - epoch=788 train_loss=0.0847 train_acc=0.957 val_loss=0.4437 val_acc=0.891
2026-01-19 11:03:45,648 - INFO - epoch=789 train_loss=0.0853 train_acc=0.957 val_loss=0.4399 val_acc=0.892
2026-01-19 11:03:49,456 - INFO - epoch=790 train_loss=0.0863 train_acc=0.957 val_loss=0.4563 val_acc=0.891
2026-01-19 11:03:53,160 - INFO - epoch=791 train_loss=0.0858 train_acc=0.956 val_loss=0.4625 val_acc=0.890
2026-01-19 11:03:56,863 - INFO - epoch=792 train_loss=0.0855 train_acc=0.957 val_loss=0.4419 val_acc=0.891
2026-01-19 11:04:00,605 - INFO - epoch=793 train_loss=0.0856 train_acc=0.956 val_loss=0.4541 val_acc=0.891
2026-01-19 11:04:04,240 - INFO - epoch=794 train_loss=0.0865 train_acc=0.956 val_loss=0.4500 val_acc=0.892
2026-01-19 11:04:07,938 - INFO - epoch=795 train_loss=0.0867 train_acc=0.955 val_loss=0.4449 val_acc=0.893
2026-01-19 11:04:11,671 - INFO - epoch=796 train_loss=0.0862 train_acc=0.956 val_loss=0.4578 val_acc=0.891
2026-01-19 11:04:15,393 - INFO - epoch=797 train_loss=0.0867 train_acc=0.956 val_loss=0.4452 val_acc=0.891
2026-01-19 11:04:19,328 - INFO - epoch=798 train_loss=0.0878 train_acc=0.955 val_loss=0.4795 val_acc=0.890
2026-01-19 11:04:23,138 - INFO - epoch=799 train_loss=0.0886 train_acc=0.956 val_loss=0.4328 val_acc=0.891
2026-01-19 11:04:26,852 - INFO - epoch=800 train_loss=0.0869 train_acc=0.956 val_loss=0.4502 val_acc=0.893
2026-01-19 11:04:30,794 - INFO - epoch=801 train_loss=0.0873 train_acc=0.956 val_loss=0.4232 val_acc=0.892
2026-01-19 11:04:34,641 - INFO - epoch=802 train_loss=0.0863 train_acc=0.957 val_loss=0.4406 val_acc=0.893
2026-01-19 11:04:38,542 - INFO - epoch=803 train_loss=0.0860 train_acc=0.956 val_loss=0.4508 val_acc=0.892
2026-01-19 11:04:42,392 - INFO - epoch=804 train_loss=0.0851 train_acc=0.957 val_loss=0.4460 val_acc=0.892
2026-01-19 11:04:46,305 - INFO - epoch=805 train_loss=0.0851 train_acc=0.957 val_loss=0.4626 val_acc=0.891
2026-01-19 11:04:50,140 - INFO - epoch=806 train_loss=0.0862 train_acc=0.956 val_loss=0.4433 val_acc=0.892
2026-01-19 11:04:54,214 - INFO - epoch=807 train_loss=0.0856 train_acc=0.956 val_loss=0.4446 val_acc=0.892
2026-01-19 11:04:58,251 - INFO - epoch=808 train_loss=0.0860 train_acc=0.957 val_loss=0.4354 val_acc=0.894
2026-01-19 11:05:02,167 - INFO - epoch=809 train_loss=0.0853 train_acc=0.957 val_loss=0.4540 val_acc=0.893
2026-01-19 11:05:06,210 - INFO - epoch=810 train_loss=0.0858 train_acc=0.957 val_loss=0.4460 val_acc=0.893
2026-01-19 11:05:09,985 - INFO - epoch=811 train_loss=0.0854 train_acc=0.957 val_loss=0.4609 val_acc=0.893
2026-01-19 11:05:13,887 - INFO - epoch=812 train_loss=0.0854 train_acc=0.957 val_loss=0.4491 val_acc=0.893
2026-01-19 11:05:17,780 - INFO - epoch=813 train_loss=0.0869 train_acc=0.956 val_loss=0.4485 val_acc=0.890
2026-01-19 11:05:21,560 - INFO - epoch=814 train_loss=0.0872 train_acc=0.956 val_loss=0.4468 val_acc=0.892
2026-01-19 11:05:25,318 - INFO - epoch=815 train_loss=0.0857 train_acc=0.957 val_loss=0.4539 val_acc=0.893
2026-01-19 11:05:29,097 - INFO - epoch=816 train_loss=0.0855 train_acc=0.957 val_loss=0.4401 val_acc=0.890
2026-01-19 11:05:32,897 - INFO - epoch=817 train_loss=0.0840 train_acc=0.957 val_loss=0.4641 val_acc=0.891
2026-01-19 11:05:36,676 - INFO - epoch=818 train_loss=0.0858 train_acc=0.956 val_loss=0.4322 val_acc=0.894
2026-01-19 11:05:40,323 - INFO - epoch=819 train_loss=0.0861 train_acc=0.956 val_loss=0.4518 val_acc=0.895
2026-01-19 11:05:44,012 - INFO - epoch=820 train_loss=0.0860 train_acc=0.956 val_loss=0.4311 val_acc=0.893
2026-01-19 11:05:47,960 - INFO - epoch=821 train_loss=0.0857 train_acc=0.957 val_loss=0.4589 val_acc=0.894
2026-01-19 11:05:51,774 - INFO - epoch=822 train_loss=0.0861 train_acc=0.956 val_loss=0.4237 val_acc=0.894
2026-01-19 11:05:55,592 - INFO - epoch=823 train_loss=0.0858 train_acc=0.957 val_loss=0.4507 val_acc=0.894
2026-01-19 11:05:59,453 - INFO - epoch=824 train_loss=0.0853 train_acc=0.957 val_loss=0.4373 val_acc=0.895
2026-01-19 11:06:03,281 - INFO - epoch=825 train_loss=0.0843 train_acc=0.957 val_loss=0.4554 val_acc=0.896
2026-01-19 11:06:07,194 - INFO - epoch=826 train_loss=0.0850 train_acc=0.956 val_loss=0.4312 val_acc=0.895
2026-01-19 11:06:11,091 - INFO - epoch=827 train_loss=0.0850 train_acc=0.957 val_loss=0.4319 val_acc=0.897
2026-01-19 11:06:14,879 - INFO - epoch=828 train_loss=0.0868 train_acc=0.957 val_loss=0.4370 val_acc=0.895
2026-01-19 11:06:18,948 - INFO - epoch=829 train_loss=0.0862 train_acc=0.957 val_loss=0.4550 val_acc=0.895
2026-01-19 11:06:22,897 - INFO - epoch=830 train_loss=0.0845 train_acc=0.957 val_loss=0.4354 val_acc=0.893
2026-01-19 11:06:26,890 - INFO - epoch=831 train_loss=0.0864 train_acc=0.956 val_loss=0.4296 val_acc=0.894
2026-01-19 11:06:30,947 - INFO - epoch=832 train_loss=0.0836 train_acc=0.957 val_loss=0.4507 val_acc=0.895
2026-01-19 11:06:34,759 - INFO - epoch=833 train_loss=0.0845 train_acc=0.958 val_loss=0.4417 val_acc=0.893
2026-01-19 11:06:38,560 - INFO - epoch=834 train_loss=0.0861 train_acc=0.957 val_loss=0.4547 val_acc=0.896
2026-01-19 11:06:42,496 - INFO - epoch=835 train_loss=0.0843 train_acc=0.958 val_loss=0.4414 val_acc=0.894
2026-01-19 11:06:46,369 - INFO - epoch=836 train_loss=0.0853 train_acc=0.957 val_loss=0.4438 val_acc=0.894
2026-01-19 11:06:50,153 - INFO - epoch=837 train_loss=0.0844 train_acc=0.957 val_loss=0.4463 val_acc=0.893
2026-01-19 11:06:54,011 - INFO - epoch=838 train_loss=0.0856 train_acc=0.957 val_loss=0.4565 val_acc=0.895
2026-01-19 11:06:57,862 - INFO - epoch=839 train_loss=0.0862 train_acc=0.957 val_loss=0.4564 val_acc=0.894
2026-01-19 11:07:01,609 - INFO - epoch=840 train_loss=0.0856 train_acc=0.957 val_loss=0.4362 val_acc=0.894
2026-01-19 11:07:05,400 - INFO - epoch=841 train_loss=0.0841 train_acc=0.958 val_loss=0.4546 val_acc=0.894
2026-01-19 11:07:09,143 - INFO - epoch=842 train_loss=0.0832 train_acc=0.958 val_loss=0.4366 val_acc=0.894
2026-01-19 11:07:12,869 - INFO - epoch=843 train_loss=0.0844 train_acc=0.958 val_loss=0.4681 val_acc=0.894
2026-01-19 11:07:16,731 - INFO - epoch=844 train_loss=0.0836 train_acc=0.958 val_loss=0.4424 val_acc=0.895
2026-01-19 11:07:20,441 - INFO - epoch=845 train_loss=0.0834 train_acc=0.958 val_loss=0.4468 val_acc=0.894
2026-01-19 11:07:24,178 - INFO - epoch=846 train_loss=0.0843 train_acc=0.957 val_loss=0.4672 val_acc=0.894
2026-01-19 11:07:27,968 - INFO - epoch=847 train_loss=0.0834 train_acc=0.958 val_loss=0.4648 val_acc=0.893
2026-01-19 11:07:31,852 - INFO - epoch=848 train_loss=0.0837 train_acc=0.958 val_loss=0.4728 val_acc=0.891
2026-01-19 11:07:35,685 - INFO - epoch=849 train_loss=0.0832 train_acc=0.958 val_loss=0.4419 val_acc=0.894
2026-01-19 11:07:39,475 - INFO - epoch=850 train_loss=0.0830 train_acc=0.959 val_loss=0.4494 val_acc=0.894
2026-01-19 11:07:43,244 - INFO - epoch=851 train_loss=0.0834 train_acc=0.959 val_loss=0.4538 val_acc=0.892
2026-01-19 11:07:47,146 - INFO - epoch=852 train_loss=0.0827 train_acc=0.958 val_loss=0.4574 val_acc=0.894
2026-01-19 11:07:51,006 - INFO - epoch=853 train_loss=0.0836 train_acc=0.957 val_loss=0.4548 val_acc=0.894
2026-01-19 11:07:54,747 - INFO - epoch=854 train_loss=0.0828 train_acc=0.958 val_loss=0.4643 val_acc=0.895
2026-01-19 11:07:58,652 - INFO - epoch=855 train_loss=0.0819 train_acc=0.958 val_loss=0.4588 val_acc=0.896
2026-01-19 11:08:02,623 - INFO - epoch=856 train_loss=0.0829 train_acc=0.959 val_loss=0.4637 val_acc=0.896
2026-01-19 11:08:06,662 - INFO - epoch=857 train_loss=0.0815 train_acc=0.959 val_loss=0.4689 val_acc=0.894
2026-01-19 11:08:10,629 - INFO - epoch=858 train_loss=0.0831 train_acc=0.957 val_loss=0.4753 val_acc=0.895
2026-01-19 11:08:14,762 - INFO - epoch=859 train_loss=0.0844 train_acc=0.958 val_loss=0.4576 val_acc=0.893
2026-01-19 11:08:18,659 - INFO - epoch=860 train_loss=0.0846 train_acc=0.957 val_loss=0.4567 val_acc=0.894
2026-01-19 11:08:22,577 - INFO - epoch=861 train_loss=0.0838 train_acc=0.958 val_loss=0.4816 val_acc=0.895
2026-01-19 11:08:26,352 - INFO - epoch=862 train_loss=0.0829 train_acc=0.958 val_loss=0.4675 val_acc=0.892
2026-01-19 11:08:30,068 - INFO - epoch=863 train_loss=0.0835 train_acc=0.958 val_loss=0.4690 val_acc=0.895
2026-01-19 11:08:33,724 - INFO - epoch=864 train_loss=0.0840 train_acc=0.958 val_loss=0.4665 val_acc=0.893
2026-01-19 11:08:37,540 - INFO - epoch=865 train_loss=0.0829 train_acc=0.958 val_loss=0.4549 val_acc=0.894
2026-01-19 11:08:41,371 - INFO - epoch=866 train_loss=0.0824 train_acc=0.959 val_loss=0.4677 val_acc=0.894
2026-01-19 11:08:45,224 - INFO - epoch=867 train_loss=0.0825 train_acc=0.959 val_loss=0.4585 val_acc=0.893
2026-01-19 11:08:49,050 - INFO - epoch=868 train_loss=0.0831 train_acc=0.958 val_loss=0.4527 val_acc=0.895
2026-01-19 11:08:52,881 - INFO - epoch=869 train_loss=0.0831 train_acc=0.958 val_loss=0.4709 val_acc=0.895
2026-01-19 11:08:56,659 - INFO - epoch=870 train_loss=0.0835 train_acc=0.958 val_loss=0.4639 val_acc=0.896
2026-01-19 11:09:00,357 - INFO - epoch=871 train_loss=0.0831 train_acc=0.958 val_loss=0.4581 val_acc=0.896
2026-01-19 11:09:04,128 - INFO - epoch=872 train_loss=0.0844 train_acc=0.958 val_loss=0.4615 val_acc=0.896
2026-01-19 11:09:07,952 - INFO - epoch=873 train_loss=0.0821 train_acc=0.958 val_loss=0.4793 val_acc=0.895
2026-01-19 11:09:11,782 - INFO - epoch=874 train_loss=0.0828 train_acc=0.959 val_loss=0.4710 val_acc=0.893
2026-01-19 11:09:15,533 - INFO - epoch=875 train_loss=0.0826 train_acc=0.958 val_loss=0.4528 val_acc=0.893
2026-01-19 11:09:19,308 - INFO - epoch=876 train_loss=0.0831 train_acc=0.958 val_loss=0.4551 val_acc=0.894
2026-01-19 11:09:23,177 - INFO - epoch=877 train_loss=0.0825 train_acc=0.958 val_loss=0.4770 val_acc=0.892
2026-01-19 11:09:26,998 - INFO - epoch=878 train_loss=0.0825 train_acc=0.958 val_loss=0.4664 val_acc=0.894
2026-01-19 11:09:30,832 - INFO - epoch=879 train_loss=0.0818 train_acc=0.958 val_loss=0.4476 val_acc=0.894
2026-01-19 11:09:34,672 - INFO - epoch=880 train_loss=0.0833 train_acc=0.958 val_loss=0.4559 val_acc=0.892
2026-01-19 11:09:38,656 - INFO - epoch=881 train_loss=0.0818 train_acc=0.959 val_loss=0.4601 val_acc=0.894
2026-01-19 11:09:42,756 - INFO - epoch=882 train_loss=0.0811 train_acc=0.959 val_loss=0.4591 val_acc=0.896
2026-01-19 11:09:46,716 - INFO - epoch=883 train_loss=0.0813 train_acc=0.959 val_loss=0.4627 val_acc=0.894
2026-01-19 11:09:50,829 - INFO - epoch=884 train_loss=0.0814 train_acc=0.959 val_loss=0.4386 val_acc=0.895
2026-01-19 11:09:54,826 - INFO - epoch=885 train_loss=0.0812 train_acc=0.959 val_loss=0.4644 val_acc=0.895
2026-01-19 11:09:58,715 - INFO - epoch=886 train_loss=0.0823 train_acc=0.959 val_loss=0.4381 val_acc=0.894
2026-01-19 11:10:02,510 - INFO - epoch=887 train_loss=0.0828 train_acc=0.958 val_loss=0.4722 val_acc=0.894
2026-01-19 11:10:06,309 - INFO - epoch=888 train_loss=0.0835 train_acc=0.958 val_loss=0.4578 val_acc=0.896
2026-01-19 11:10:10,251 - INFO - epoch=889 train_loss=0.0831 train_acc=0.958 val_loss=0.4515 val_acc=0.895
2026-01-19 11:10:14,053 - INFO - epoch=890 train_loss=0.0819 train_acc=0.959 val_loss=0.4585 val_acc=0.895
2026-01-19 11:10:17,855 - INFO - epoch=891 train_loss=0.0814 train_acc=0.959 val_loss=0.4783 val_acc=0.894
2026-01-19 11:10:21,569 - INFO - epoch=892 train_loss=0.0802 train_acc=0.960 val_loss=0.4584 val_acc=0.893
2026-01-19 11:10:25,282 - INFO - epoch=893 train_loss=0.0812 train_acc=0.959 val_loss=0.4717 val_acc=0.894
2026-01-19 11:10:28,928 - INFO - epoch=894 train_loss=0.0811 train_acc=0.959 val_loss=0.4462 val_acc=0.894
2026-01-19 11:10:32,745 - INFO - epoch=895 train_loss=0.0821 train_acc=0.959 val_loss=0.4696 val_acc=0.893
2026-01-19 11:10:36,513 - INFO - epoch=896 train_loss=0.0824 train_acc=0.959 val_loss=0.4621 val_acc=0.894
2026-01-19 11:10:40,208 - INFO - epoch=897 train_loss=0.0827 train_acc=0.959 val_loss=0.4745 val_acc=0.894
2026-01-19 11:10:43,881 - INFO - epoch=898 train_loss=0.0824 train_acc=0.959 val_loss=0.4710 val_acc=0.894
2026-01-19 11:10:47,692 - INFO - epoch=899 train_loss=0.0830 train_acc=0.958 val_loss=0.4787 val_acc=0.893
2026-01-19 11:10:51,455 - INFO - epoch=900 train_loss=0.0837 train_acc=0.958 val_loss=0.4752 val_acc=0.892
2026-01-19 11:10:55,209 - INFO - epoch=901 train_loss=0.0846 train_acc=0.958 val_loss=0.4702 val_acc=0.894
2026-01-19 11:10:59,014 - INFO - epoch=902 train_loss=0.0828 train_acc=0.958 val_loss=0.4611 val_acc=0.895
2026-01-19 11:11:02,791 - INFO - epoch=903 train_loss=0.0814 train_acc=0.959 val_loss=0.4864 val_acc=0.894
2026-01-19 11:11:06,659 - INFO - epoch=904 train_loss=0.0807 train_acc=0.960 val_loss=0.4694 val_acc=0.894
2026-01-19 11:11:10,543 - INFO - epoch=905 train_loss=0.0818 train_acc=0.959 val_loss=0.4562 val_acc=0.894
2026-01-19 11:11:14,386 - INFO - epoch=906 train_loss=0.0804 train_acc=0.960 val_loss=0.4675 val_acc=0.892
2026-01-19 11:11:18,320 - INFO - epoch=907 train_loss=0.0811 train_acc=0.959 val_loss=0.4678 val_acc=0.893
2026-01-19 11:11:22,297 - INFO - epoch=908 train_loss=0.0812 train_acc=0.959 val_loss=0.4837 val_acc=0.896
2026-01-19 11:11:26,267 - INFO - epoch=909 train_loss=0.0820 train_acc=0.959 val_loss=0.4434 val_acc=0.895
2026-01-19 11:11:30,137 - INFO - epoch=910 train_loss=0.0812 train_acc=0.959 val_loss=0.4661 val_acc=0.895
2026-01-19 11:11:34,138 - INFO - epoch=911 train_loss=0.0805 train_acc=0.959 val_loss=0.4686 val_acc=0.894
2026-01-19 11:11:38,069 - INFO - epoch=912 train_loss=0.0789 train_acc=0.959 val_loss=0.4736 val_acc=0.893
2026-01-19 11:11:41,901 - INFO - epoch=913 train_loss=0.0809 train_acc=0.959 val_loss=0.4674 val_acc=0.894
2026-01-19 11:11:45,608 - INFO - epoch=914 train_loss=0.0807 train_acc=0.959 val_loss=0.4505 val_acc=0.893
2026-01-19 11:11:49,308 - INFO - epoch=915 train_loss=0.0814 train_acc=0.958 val_loss=0.4785 val_acc=0.895
2026-01-19 11:11:53,052 - INFO - epoch=916 train_loss=0.0822 train_acc=0.959 val_loss=0.4664 val_acc=0.894
2026-01-19 11:11:56,831 - INFO - epoch=917 train_loss=0.0822 train_acc=0.959 val_loss=0.4868 val_acc=0.894
2026-01-19 11:12:00,699 - INFO - epoch=918 train_loss=0.0827 train_acc=0.958 val_loss=0.4695 val_acc=0.895
2026-01-19 11:12:04,519 - INFO - epoch=919 train_loss=0.0824 train_acc=0.959 val_loss=0.4607 val_acc=0.895
2026-01-19 11:12:08,364 - INFO - epoch=920 train_loss=0.0801 train_acc=0.959 val_loss=0.4667 val_acc=0.893
2026-01-19 11:12:12,251 - INFO - epoch=921 train_loss=0.0809 train_acc=0.959 val_loss=0.4700 val_acc=0.895
2026-01-19 11:12:16,146 - INFO - epoch=922 train_loss=0.0820 train_acc=0.959 val_loss=0.4528 val_acc=0.896
2026-01-19 11:12:20,027 - INFO - epoch=923 train_loss=0.0825 train_acc=0.958 val_loss=0.4565 val_acc=0.895
2026-01-19 11:12:23,798 - INFO - epoch=924 train_loss=0.0820 train_acc=0.959 val_loss=0.4659 val_acc=0.895
2026-01-19 11:12:27,609 - INFO - epoch=925 train_loss=0.0814 train_acc=0.959 val_loss=0.4625 val_acc=0.894
2026-01-19 11:12:31,351 - INFO - epoch=926 train_loss=0.0805 train_acc=0.959 val_loss=0.4467 val_acc=0.895
2026-01-19 11:12:35,230 - INFO - epoch=927 train_loss=0.0805 train_acc=0.959 val_loss=0.4725 val_acc=0.894
2026-01-19 11:12:39,134 - INFO - epoch=928 train_loss=0.0808 train_acc=0.960 val_loss=0.4607 val_acc=0.895
2026-01-19 11:12:43,044 - INFO - epoch=929 train_loss=0.0811 train_acc=0.959 val_loss=0.4631 val_acc=0.896
2026-01-19 11:12:46,851 - INFO - epoch=930 train_loss=0.0802 train_acc=0.959 val_loss=0.4608 val_acc=0.893
2026-01-19 11:12:50,692 - INFO - epoch=931 train_loss=0.0799 train_acc=0.959 val_loss=0.4711 val_acc=0.894
2026-01-19 11:12:54,575 - INFO - epoch=932 train_loss=0.0808 train_acc=0.959 val_loss=0.4548 val_acc=0.897
2026-01-19 11:12:58,368 - INFO - epoch=933 train_loss=0.0813 train_acc=0.959 val_loss=0.4784 val_acc=0.895
2026-01-19 11:13:02,048 - INFO - epoch=934 train_loss=0.0801 train_acc=0.959 val_loss=0.4655 val_acc=0.895
2026-01-19 11:13:05,826 - INFO - epoch=935 train_loss=0.0792 train_acc=0.960 val_loss=0.4725 val_acc=0.895
2026-01-19 11:13:09,542 - INFO - epoch=936 train_loss=0.0814 train_acc=0.959 val_loss=0.4752 val_acc=0.892
2026-01-19 11:13:13,360 - INFO - epoch=937 train_loss=0.0796 train_acc=0.960 val_loss=0.4807 val_acc=0.894
2026-01-19 11:13:17,063 - INFO - epoch=938 train_loss=0.0799 train_acc=0.960 val_loss=0.4710 val_acc=0.894
2026-01-19 11:13:20,853 - INFO - epoch=939 train_loss=0.0798 train_acc=0.960 val_loss=0.4704 val_acc=0.893
2026-01-19 11:13:24,712 - INFO - epoch=940 train_loss=0.0803 train_acc=0.960 val_loss=0.4837 val_acc=0.895
2026-01-19 11:13:28,465 - INFO - epoch=941 train_loss=0.0803 train_acc=0.960 val_loss=0.4831 val_acc=0.895
2026-01-19 11:13:32,274 - INFO - epoch=942 train_loss=0.0788 train_acc=0.960 val_loss=0.4728 val_acc=0.895
2026-01-19 11:13:36,009 - INFO - epoch=943 train_loss=0.0792 train_acc=0.960 val_loss=0.4628 val_acc=0.894
2026-01-19 11:13:39,730 - INFO - epoch=944 train_loss=0.0788 train_acc=0.961 val_loss=0.4670 val_acc=0.892
2026-01-19 11:13:43,416 - INFO - epoch=945 train_loss=0.0790 train_acc=0.960 val_loss=0.4642 val_acc=0.896
2026-01-19 11:13:47,130 - INFO - epoch=946 train_loss=0.0781 train_acc=0.960 val_loss=0.4788 val_acc=0.894
2026-01-19 11:13:50,934 - INFO - epoch=947 train_loss=0.0785 train_acc=0.960 val_loss=0.4723 val_acc=0.895
2026-01-19 11:13:54,697 - INFO - epoch=948 train_loss=0.0787 train_acc=0.960 val_loss=0.4811 val_acc=0.894
2026-01-19 11:13:58,537 - INFO - epoch=949 train_loss=0.0802 train_acc=0.960 val_loss=0.4772 val_acc=0.894
2026-01-19 11:14:02,349 - INFO - epoch=950 train_loss=0.0787 train_acc=0.961 val_loss=0.4525 val_acc=0.897
2026-01-19 11:14:06,195 - INFO - epoch=951 train_loss=0.0778 train_acc=0.961 val_loss=0.4705 val_acc=0.894
2026-01-19 11:14:10,085 - INFO - epoch=952 train_loss=0.0767 train_acc=0.961 val_loss=0.4706 val_acc=0.895
2026-01-19 11:14:13,934 - INFO - epoch=953 train_loss=0.0784 train_acc=0.961 val_loss=0.4758 val_acc=0.895
2026-01-19 11:14:17,813 - INFO - epoch=954 train_loss=0.0797 train_acc=0.960 val_loss=0.4796 val_acc=0.895
2026-01-19 11:14:21,732 - INFO - epoch=955 train_loss=0.0794 train_acc=0.960 val_loss=0.4832 val_acc=0.895
2026-01-19 11:14:25,627 - INFO - epoch=956 train_loss=0.0794 train_acc=0.960 val_loss=0.4681 val_acc=0.894
2026-01-19 11:14:29,504 - INFO - epoch=957 train_loss=0.0793 train_acc=0.960 val_loss=0.4709 val_acc=0.894
2026-01-19 11:14:33,384 - INFO - epoch=958 train_loss=0.0794 train_acc=0.960 val_loss=0.4832 val_acc=0.895
2026-01-19 11:14:37,261 - INFO - epoch=959 train_loss=0.0800 train_acc=0.960 val_loss=0.4655 val_acc=0.897
2026-01-19 11:14:41,186 - INFO - epoch=960 train_loss=0.0795 train_acc=0.960 val_loss=0.4604 val_acc=0.895
2026-01-19 11:14:45,040 - INFO - epoch=961 train_loss=0.0802 train_acc=0.960 val_loss=0.4794 val_acc=0.896
2026-01-19 11:14:48,796 - INFO - epoch=962 train_loss=0.0805 train_acc=0.960 val_loss=0.4670 val_acc=0.897
2026-01-19 11:14:52,708 - INFO - epoch=963 train_loss=0.0796 train_acc=0.960 val_loss=0.4655 val_acc=0.897
2026-01-19 11:14:56,485 - INFO - epoch=964 train_loss=0.0781 train_acc=0.961 val_loss=0.4617 val_acc=0.895
2026-01-19 11:15:00,246 - INFO - epoch=965 train_loss=0.0778 train_acc=0.960 val_loss=0.4865 val_acc=0.893
2026-01-19 11:15:03,945 - INFO - epoch=966 train_loss=0.0791 train_acc=0.960 val_loss=0.4748 val_acc=0.896
2026-01-19 11:15:07,686 - INFO - epoch=967 train_loss=0.0779 train_acc=0.961 val_loss=0.5028 val_acc=0.894
2026-01-19 11:15:11,531 - INFO - epoch=968 train_loss=0.0799 train_acc=0.960 val_loss=0.4918 val_acc=0.893
2026-01-19 11:15:15,388 - INFO - epoch=969 train_loss=0.0786 train_acc=0.960 val_loss=0.4923 val_acc=0.895
2026-01-19 11:15:19,218 - INFO - epoch=970 train_loss=0.0797 train_acc=0.960 val_loss=0.4806 val_acc=0.891
2026-01-19 11:15:23,093 - INFO - epoch=971 train_loss=0.0795 train_acc=0.960 val_loss=0.4840 val_acc=0.896
2026-01-19 11:15:26,913 - INFO - epoch=972 train_loss=0.0795 train_acc=0.960 val_loss=0.4703 val_acc=0.895
2026-01-19 11:15:30,709 - INFO - epoch=973 train_loss=0.0793 train_acc=0.961 val_loss=0.4520 val_acc=0.895
2026-01-19 11:15:34,621 - INFO - epoch=974 train_loss=0.0789 train_acc=0.961 val_loss=0.5065 val_acc=0.895
2026-01-19 11:15:38,498 - INFO - epoch=975 train_loss=0.0783 train_acc=0.961 val_loss=0.4905 val_acc=0.894
2026-01-19 11:15:42,361 - INFO - epoch=976 train_loss=0.0788 train_acc=0.960 val_loss=0.4673 val_acc=0.894
2026-01-19 11:15:46,240 - INFO - epoch=977 train_loss=0.0785 train_acc=0.961 val_loss=0.4932 val_acc=0.897
2026-01-19 11:15:50,094 - INFO - epoch=978 train_loss=0.0788 train_acc=0.961 val_loss=0.4820 val_acc=0.894
2026-01-19 11:15:53,975 - INFO - epoch=979 train_loss=0.0782 train_acc=0.961 val_loss=0.4997 val_acc=0.895
2026-01-19 11:15:57,813 - INFO - epoch=980 train_loss=0.0777 train_acc=0.961 val_loss=0.4814 val_acc=0.896
2026-01-19 11:16:01,680 - INFO - epoch=981 train_loss=0.0786 train_acc=0.961 val_loss=0.4957 val_acc=0.896
2026-01-19 11:16:05,630 - INFO - epoch=982 train_loss=0.0795 train_acc=0.960 val_loss=0.4935 val_acc=0.895
2026-01-19 11:16:09,494 - INFO - epoch=983 train_loss=0.0787 train_acc=0.960 val_loss=0.4888 val_acc=0.894
2026-01-19 11:16:13,377 - INFO - epoch=984 train_loss=0.0788 train_acc=0.961 val_loss=0.5012 val_acc=0.892
2026-01-19 11:16:17,263 - INFO - epoch=985 train_loss=0.0786 train_acc=0.961 val_loss=0.4944 val_acc=0.894
2026-01-19 11:16:21,256 - INFO - epoch=986 train_loss=0.0782 train_acc=0.961 val_loss=0.5014 val_acc=0.894
2026-01-19 11:16:25,133 - INFO - epoch=987 train_loss=0.0785 train_acc=0.960 val_loss=0.4697 val_acc=0.893
2026-01-19 11:16:29,095 - INFO - epoch=988 train_loss=0.0764 train_acc=0.962 val_loss=0.5049 val_acc=0.895
2026-01-19 11:16:33,003 - INFO - epoch=989 train_loss=0.0784 train_acc=0.961 val_loss=0.4894 val_acc=0.893
2026-01-19 11:16:36,826 - INFO - epoch=990 train_loss=0.0782 train_acc=0.961 val_loss=0.4978 val_acc=0.893
2026-01-19 11:16:40,663 - INFO - epoch=991 train_loss=0.0785 train_acc=0.960 val_loss=0.4752 val_acc=0.893
2026-01-19 11:16:44,545 - INFO - epoch=992 train_loss=0.0778 train_acc=0.961 val_loss=0.4874 val_acc=0.894
2026-01-19 11:16:48,363 - INFO - epoch=993 train_loss=0.0771 train_acc=0.961 val_loss=0.4928 val_acc=0.895
2026-01-19 11:16:52,230 - INFO - epoch=994 train_loss=0.0781 train_acc=0.961 val_loss=0.4852 val_acc=0.893
2026-01-19 11:16:56,061 - INFO - epoch=995 train_loss=0.0767 train_acc=0.962 val_loss=0.5028 val_acc=0.893
2026-01-19 11:16:59,830 - INFO - epoch=996 train_loss=0.0774 train_acc=0.961 val_loss=0.4952 val_acc=0.895
2026-01-19 11:17:03,685 - INFO - epoch=997 train_loss=0.0782 train_acc=0.961 val_loss=0.4881 val_acc=0.893
2026-01-19 11:17:07,448 - INFO - epoch=998 train_loss=0.0783 train_acc=0.961 val_loss=0.4893 val_acc=0.897
2026-01-19 11:17:11,251 - INFO - epoch=999 train_loss=0.0780 train_acc=0.961 val_loss=0.4834 val_acc=0.894
2026-01-19 11:17:15,049 - INFO - epoch=1000 train_loss=0.0787 train_acc=0.961 val_loss=0.4901 val_acc=0.895
2026-01-19 11:17:15,129 - INFO - saved: /home/jinlin/data/geoexplicit_data/experiments/icml2026_routegen/WAYCASD_STRICT_xattn_nL64_rustbelt_seed0_e1000/W6_train_ae/report.json
