2026-02-10 21:24:25,350 - INFO - device=cuda
2026-02-10 21:24:26,160 - INFO - split_json=/home/jinlin/data/geoexplicit_data/experiments/icml2026_routegen/WAYCASD0_waydata_porto_seed0/W5_way_routes_strict_gate/od_split_min3_max160_seed0.json train_routes=1081535 val_routes=130867 => train_idx=1081535 val_idx=130867
2026-02-10 21:24:26,180 - INFO - routes: total=1349045 train=1081535 val=130867 min_hops=3 max_way_len=160
/home/jinlin/miniconda3/envs/dpl/lib/python3.11/site-packages/torch/nn/modules/transformer.py:392: UserWarning: enable_nested_tensor is True, but self.use_nested_tensor is False because encoder_layer.norm_first was True
  warnings.warn(
2026-02-10 21:24:35,215 - INFO - epoch=1 batch=50/1000 train_loss=3.3107 it/s=6.30 eta=2.5m
2026-02-10 21:24:42,607 - INFO - epoch=1 batch=100/1000 train_loss=2.6655 it/s=6.52 eta=2.3m
2026-02-10 21:24:50,186 - INFO - epoch=1 batch=150/1000 train_loss=2.3480 it/s=6.55 eta=2.2m
2026-02-10 21:24:57,976 - INFO - epoch=1 batch=200/1000 train_loss=2.1663 it/s=6.52 eta=2.0m
2026-02-10 21:25:05,815 - INFO - epoch=1 batch=250/1000 train_loss=2.0500 it/s=6.49 eta=1.9m
2026-02-10 21:25:13,815 - INFO - epoch=1 batch=300/1000 train_loss=1.9655 it/s=6.45 eta=1.8m
2026-02-10 21:25:21,891 - INFO - epoch=1 batch=350/1000 train_loss=1.9052 it/s=6.41 eta=1.7m
2026-02-10 21:25:29,985 - INFO - epoch=1 batch=400/1000 train_loss=1.8587 it/s=6.38 eta=1.6m
2026-02-10 21:25:38,287 - INFO - epoch=1 batch=450/1000 train_loss=1.8221 it/s=6.34 eta=1.4m
2026-02-10 21:25:46,745 - INFO - epoch=1 batch=500/1000 train_loss=1.7906 it/s=6.29 eta=1.3m
2026-02-10 21:25:55,262 - INFO - epoch=1 batch=550/1000 train_loss=1.7643 it/s=6.25 eta=1.2m
2026-02-10 21:26:03,753 - INFO - epoch=1 batch=600/1000 train_loss=1.7412 it/s=6.22 eta=1.1m
2026-02-10 21:26:12,283 - INFO - epoch=1 batch=650/1000 train_loss=1.7213 it/s=6.19 eta=0.9m
2026-02-10 21:26:20,842 - INFO - epoch=1 batch=700/1000 train_loss=1.7038 it/s=6.16 eta=0.8m
2026-02-10 21:26:29,382 - INFO - epoch=1 batch=750/1000 train_loss=1.6885 it/s=6.14 eta=0.7m
2026-02-10 21:26:37,904 - INFO - epoch=1 batch=800/1000 train_loss=1.6750 it/s=6.12 eta=0.5m
2026-02-10 21:26:46,455 - INFO - epoch=1 batch=850/1000 train_loss=1.6620 it/s=6.11 eta=0.4m
2026-02-10 21:26:54,974 - INFO - epoch=1 batch=900/1000 train_loss=1.6505 it/s=6.09 eta=0.3m
2026-02-10 21:27:03,589 - INFO - epoch=1 batch=950/1000 train_loss=1.6397 it/s=6.08 eta=0.1m
2026-02-10 21:27:12,210 - INFO - epoch=1 batch=1000/1000 train_loss=1.6298 it/s=6.06 eta=0.0m
2026-02-10 21:27:34,007 - INFO - epoch=1 train_loss=1.629797 val_loss=1.363605 best=inf@0
2026-02-10 21:27:42,999 - INFO - epoch=2 batch=50/1000 train_loss=1.4373 it/s=5.58 eta=2.8m
2026-02-10 21:27:51,548 - INFO - epoch=2 batch=100/1000 train_loss=1.4389 it/s=5.71 eta=2.6m
2026-02-10 21:28:00,027 - INFO - epoch=2 batch=150/1000 train_loss=1.4365 it/s=5.77 eta=2.5m
2026-02-10 21:28:08,569 - INFO - epoch=2 batch=200/1000 train_loss=1.4344 it/s=5.79 eta=2.3m
2026-02-10 21:28:17,038 - INFO - epoch=2 batch=250/1000 train_loss=1.4321 it/s=5.81 eta=2.2m
2026-02-10 21:28:25,478 - INFO - epoch=2 batch=300/1000 train_loss=1.4301 it/s=5.83 eta=2.0m
2026-02-10 21:28:33,987 - INFO - epoch=2 batch=350/1000 train_loss=1.4276 it/s=5.84 eta=1.9m
2026-02-10 21:28:42,476 - INFO - epoch=2 batch=400/1000 train_loss=1.4262 it/s=5.84 eta=1.7m
2026-02-10 21:28:50,910 - INFO - epoch=2 batch=450/1000 train_loss=1.4237 it/s=5.85 eta=1.6m
2026-02-10 21:28:59,361 - INFO - epoch=2 batch=500/1000 train_loss=1.4228 it/s=5.86 eta=1.4m
2026-02-10 21:29:07,845 - INFO - epoch=2 batch=550/1000 train_loss=1.4214 it/s=5.86 eta=1.3m
2026-02-10 21:29:16,284 - INFO - epoch=2 batch=600/1000 train_loss=1.4200 it/s=5.87 eta=1.1m
2026-02-10 21:29:24,705 - INFO - epoch=2 batch=650/1000 train_loss=1.4196 it/s=5.87 eta=1.0m
2026-02-10 21:29:33,160 - INFO - epoch=2 batch=700/1000 train_loss=1.4184 it/s=5.88 eta=0.9m
2026-02-10 21:29:41,718 - INFO - epoch=2 batch=750/1000 train_loss=1.4167 it/s=5.87 eta=0.7m
2026-02-10 21:29:50,182 - INFO - epoch=2 batch=800/1000 train_loss=1.4159 it/s=5.88 eta=0.6m
2026-02-10 21:29:58,664 - INFO - epoch=2 batch=850/1000 train_loss=1.4147 it/s=5.88 eta=0.4m
2026-02-10 21:30:07,219 - INFO - epoch=2 batch=900/1000 train_loss=1.4132 it/s=5.88 eta=0.3m
2026-02-10 21:30:15,667 - INFO - epoch=2 batch=950/1000 train_loss=1.4118 it/s=5.88 eta=0.1m
2026-02-10 21:30:24,196 - INFO - epoch=2 batch=1000/1000 train_loss=1.4107 it/s=5.88 eta=0.0m
2026-02-10 21:30:45,307 - INFO - epoch=2 train_loss=1.410697 val_loss=1.306822 best=1.363605@1
2026-02-10 21:30:54,166 - INFO - epoch=3 batch=50/1000 train_loss=1.3790 it/s=5.66 eta=2.8m
2026-02-10 21:31:02,646 - INFO - epoch=3 batch=100/1000 train_loss=1.3834 it/s=5.78 eta=2.6m
2026-02-10 21:31:11,147 - INFO - epoch=3 batch=150/1000 train_loss=1.3830 it/s=5.81 eta=2.4m
2026-02-10 21:31:19,579 - INFO - epoch=3 batch=200/1000 train_loss=1.3804 it/s=5.84 eta=2.3m
2026-02-10 21:31:28,089 - INFO - epoch=3 batch=250/1000 train_loss=1.3782 it/s=5.85 eta=2.1m
2026-02-10 21:31:36,535 - INFO - epoch=3 batch=300/1000 train_loss=1.3771 it/s=5.86 eta=2.0m
2026-02-10 21:31:44,976 - INFO - epoch=3 batch=350/1000 train_loss=1.3772 it/s=5.87 eta=1.8m
2026-02-10 21:31:53,525 - INFO - epoch=3 batch=400/1000 train_loss=1.3760 it/s=5.87 eta=1.7m
2026-02-10 21:32:01,961 - INFO - epoch=3 batch=450/1000 train_loss=1.3762 it/s=5.87 eta=1.6m
2026-02-10 21:32:10,399 - INFO - epoch=3 batch=500/1000 train_loss=1.3757 it/s=5.88 eta=1.4m
2026-02-10 21:32:18,887 - INFO - epoch=3 batch=550/1000 train_loss=1.3742 it/s=5.88 eta=1.3m
2026-02-10 21:32:27,432 - INFO - epoch=3 batch=600/1000 train_loss=1.3734 it/s=5.88 eta=1.1m
2026-02-10 21:32:35,928 - INFO - epoch=3 batch=650/1000 train_loss=1.3727 it/s=5.88 eta=1.0m
2026-02-10 21:32:44,398 - INFO - epoch=3 batch=700/1000 train_loss=1.3722 it/s=5.88 eta=0.9m
2026-02-10 21:32:52,882 - INFO - epoch=3 batch=750/1000 train_loss=1.3718 it/s=5.88 eta=0.7m
2026-02-10 21:33:01,409 - INFO - epoch=3 batch=800/1000 train_loss=1.3707 it/s=5.88 eta=0.6m
2026-02-10 21:33:09,887 - INFO - epoch=3 batch=850/1000 train_loss=1.3700 it/s=5.88 eta=0.4m
2026-02-10 21:33:18,339 - INFO - epoch=3 batch=900/1000 train_loss=1.3690 it/s=5.88 eta=0.3m
2026-02-10 21:33:26,800 - INFO - epoch=3 batch=950/1000 train_loss=1.3682 it/s=5.88 eta=0.1m
2026-02-10 21:33:35,275 - INFO - epoch=3 batch=1000/1000 train_loss=1.3673 it/s=5.88 eta=0.0m
2026-02-10 21:33:56,336 - INFO - epoch=3 train_loss=1.367314 val_loss=1.274423 best=1.306822@2
2026-02-10 21:34:05,024 - INFO - epoch=4 batch=50/1000 train_loss=1.3584 it/s=5.78 eta=2.7m
2026-02-10 21:34:13,486 - INFO - epoch=4 batch=100/1000 train_loss=1.3529 it/s=5.84 eta=2.6m
2026-02-10 21:34:22,051 - INFO - epoch=4 batch=150/1000 train_loss=1.3526 it/s=5.84 eta=2.4m
2026-02-10 21:34:30,549 - INFO - epoch=4 batch=200/1000 train_loss=1.3487 it/s=5.85 eta=2.3m
2026-02-10 21:34:39,028 - INFO - epoch=4 batch=250/1000 train_loss=1.3479 it/s=5.86 eta=2.1m
2026-02-10 21:34:47,510 - INFO - epoch=4 batch=300/1000 train_loss=1.3477 it/s=5.87 eta=2.0m
2026-02-10 21:34:55,991 - INFO - epoch=4 batch=350/1000 train_loss=1.3476 it/s=5.87 eta=1.8m
2026-02-10 21:35:04,407 - INFO - epoch=4 batch=400/1000 train_loss=1.3478 it/s=5.88 eta=1.7m
2026-02-10 21:35:12,811 - INFO - epoch=4 batch=450/1000 train_loss=1.3470 it/s=5.89 eta=1.6m
2026-02-10 21:35:21,297 - INFO - epoch=4 batch=500/1000 train_loss=1.3464 it/s=5.89 eta=1.4m
2026-02-10 21:35:29,789 - INFO - epoch=4 batch=550/1000 train_loss=1.3459 it/s=5.89 eta=1.3m
2026-02-10 21:35:38,224 - INFO - epoch=4 batch=600/1000 train_loss=1.3439 it/s=5.89 eta=1.1m
2026-02-10 21:35:46,656 - INFO - epoch=4 batch=650/1000 train_loss=1.3437 it/s=5.89 eta=1.0m
2026-02-10 21:35:55,129 - INFO - epoch=4 batch=700/1000 train_loss=1.3429 it/s=5.89 eta=0.8m
2026-02-10 21:36:03,595 - INFO - epoch=4 batch=750/1000 train_loss=1.3427 it/s=5.90 eta=0.7m
2026-02-10 21:36:12,090 - INFO - epoch=4 batch=800/1000 train_loss=1.3425 it/s=5.89 eta=0.6m
2026-02-10 21:36:20,558 - INFO - epoch=4 batch=850/1000 train_loss=1.3418 it/s=5.90 eta=0.4m
2026-02-10 21:36:29,021 - INFO - epoch=4 batch=900/1000 train_loss=1.3407 it/s=5.90 eta=0.3m
2026-02-10 21:36:37,533 - INFO - epoch=4 batch=950/1000 train_loss=1.3401 it/s=5.89 eta=0.1m
2026-02-10 21:36:46,014 - INFO - epoch=4 batch=1000/1000 train_loss=1.3398 it/s=5.89 eta=0.0m
2026-02-10 21:37:07,115 - INFO - epoch=4 train_loss=1.339824 val_loss=1.251093 best=1.274423@3
2026-02-10 21:37:15,854 - INFO - epoch=5 batch=50/1000 train_loss=1.3249 it/s=5.74 eta=2.8m
2026-02-10 21:37:24,315 - INFO - epoch=5 batch=100/1000 train_loss=1.3289 it/s=5.83 eta=2.6m
2026-02-10 21:37:32,769 - INFO - epoch=5 batch=150/1000 train_loss=1.3289 it/s=5.85 eta=2.4m
2026-02-10 21:37:41,241 - INFO - epoch=5 batch=200/1000 train_loss=1.3271 it/s=5.87 eta=2.3m
2026-02-10 21:37:49,695 - INFO - epoch=5 batch=250/1000 train_loss=1.3257 it/s=5.88 eta=2.1m
2026-02-10 21:37:58,132 - INFO - epoch=5 batch=300/1000 train_loss=1.3251 it/s=5.88 eta=2.0m
2026-02-10 21:38:06,604 - INFO - epoch=5 batch=350/1000 train_loss=1.3261 it/s=5.89 eta=1.8m
2026-02-10 21:38:15,070 - INFO - epoch=5 batch=400/1000 train_loss=1.3252 it/s=5.89 eta=1.7m
2026-02-10 21:38:23,534 - INFO - epoch=5 batch=450/1000 train_loss=1.3237 it/s=5.89 eta=1.6m
2026-02-10 21:38:31,990 - INFO - epoch=5 batch=500/1000 train_loss=1.3225 it/s=5.89 eta=1.4m
2026-02-10 21:38:40,459 - INFO - epoch=5 batch=550/1000 train_loss=1.3228 it/s=5.89 eta=1.3m
2026-02-10 21:38:48,883 - INFO - epoch=5 batch=600/1000 train_loss=1.3218 it/s=5.90 eta=1.1m
2026-02-10 21:38:57,367 - INFO - epoch=5 batch=650/1000 train_loss=1.3223 it/s=5.90 eta=1.0m
2026-02-10 21:39:05,820 - INFO - epoch=5 batch=700/1000 train_loss=1.3214 it/s=5.90 eta=0.8m
2026-02-10 21:39:14,335 - INFO - epoch=5 batch=750/1000 train_loss=1.3202 it/s=5.90 eta=0.7m
2026-02-10 21:39:22,856 - INFO - epoch=5 batch=800/1000 train_loss=1.3198 it/s=5.90 eta=0.6m
2026-02-10 21:39:31,347 - INFO - epoch=5 batch=850/1000 train_loss=1.3190 it/s=5.89 eta=0.4m
2026-02-10 21:39:39,788 - INFO - epoch=5 batch=900/1000 train_loss=1.3187 it/s=5.90 eta=0.3m
2026-02-10 21:39:48,341 - INFO - epoch=5 batch=950/1000 train_loss=1.3180 it/s=5.89 eta=0.1m
2026-02-10 21:39:56,840 - INFO - epoch=5 batch=1000/1000 train_loss=1.3178 it/s=5.89 eta=0.0m
2026-02-10 21:40:18,002 - INFO - epoch=5 train_loss=1.317782 val_loss=1.231939 best=1.251093@4
2026-02-10 21:40:26,764 - INFO - epoch=6 batch=50/1000 train_loss=1.3062 it/s=5.73 eta=2.8m
2026-02-10 21:40:35,263 - INFO - epoch=6 batch=100/1000 train_loss=1.3084 it/s=5.81 eta=2.6m
2026-02-10 21:40:43,739 - INFO - epoch=6 batch=150/1000 train_loss=1.3081 it/s=5.84 eta=2.4m
2026-02-10 21:40:52,177 - INFO - epoch=6 batch=200/1000 train_loss=1.3065 it/s=5.86 eta=2.3m
2026-02-10 21:41:00,688 - INFO - epoch=6 batch=250/1000 train_loss=1.3065 it/s=5.86 eta=2.1m
2026-02-10 21:41:09,147 - INFO - epoch=6 batch=300/1000 train_loss=1.3055 it/s=5.87 eta=2.0m
2026-02-10 21:41:17,606 - INFO - epoch=6 batch=350/1000 train_loss=1.3046 it/s=5.88 eta=1.8m
2026-02-10 21:41:26,109 - INFO - epoch=6 batch=400/1000 train_loss=1.3050 it/s=5.88 eta=1.7m
2026-02-10 21:41:34,628 - INFO - epoch=6 batch=450/1000 train_loss=1.3055 it/s=5.88 eta=1.6m
2026-02-10 21:41:43,131 - INFO - epoch=6 batch=500/1000 train_loss=1.3047 it/s=5.88 eta=1.4m
2026-02-10 21:41:51,619 - INFO - epoch=6 batch=550/1000 train_loss=1.3043 it/s=5.88 eta=1.3m
2026-02-10 21:42:00,023 - INFO - epoch=6 batch=600/1000 train_loss=1.3048 it/s=5.88 eta=1.1m
2026-02-10 21:42:08,495 - INFO - epoch=6 batch=650/1000 train_loss=1.3048 it/s=5.88 eta=1.0m
2026-02-10 21:42:16,947 - INFO - epoch=6 batch=700/1000 train_loss=1.3035 it/s=5.89 eta=0.8m
2026-02-10 21:42:25,436 - INFO - epoch=6 batch=750/1000 train_loss=1.3035 it/s=5.89 eta=0.7m
2026-02-10 21:42:33,907 - INFO - epoch=6 batch=800/1000 train_loss=1.3032 it/s=5.89 eta=0.6m
2026-02-10 21:42:42,403 - INFO - epoch=6 batch=850/1000 train_loss=1.3024 it/s=5.89 eta=0.4m
2026-02-10 21:42:50,868 - INFO - epoch=6 batch=900/1000 train_loss=1.3020 it/s=5.89 eta=0.3m
2026-02-10 21:42:59,269 - INFO - epoch=6 batch=950/1000 train_loss=1.3019 it/s=5.89 eta=0.1m
2026-02-10 21:43:07,765 - INFO - epoch=6 batch=1000/1000 train_loss=1.3016 it/s=5.89 eta=0.0m
2026-02-10 21:43:28,957 - INFO - epoch=6 train_loss=1.301557 val_loss=1.217223 best=1.231939@5
2026-02-10 21:43:37,780 - INFO - epoch=7 batch=50/1000 train_loss=1.2918 it/s=5.69 eta=2.8m
2026-02-10 21:43:46,292 - INFO - epoch=7 batch=100/1000 train_loss=1.2936 it/s=5.78 eta=2.6m
2026-02-10 21:43:54,731 - INFO - epoch=7 batch=150/1000 train_loss=1.2916 it/s=5.83 eta=2.4m
2026-02-10 21:44:03,244 - INFO - epoch=7 batch=200/1000 train_loss=1.2924 it/s=5.84 eta=2.3m
2026-02-10 21:44:11,696 - INFO - epoch=7 batch=250/1000 train_loss=1.2928 it/s=5.85 eta=2.1m
2026-02-10 21:44:20,182 - INFO - epoch=7 batch=300/1000 train_loss=1.2913 it/s=5.86 eta=2.0m
2026-02-10 21:44:28,719 - INFO - epoch=7 batch=350/1000 train_loss=1.2907 it/s=5.86 eta=1.8m
2026-02-10 21:44:37,210 - INFO - epoch=7 batch=400/1000 train_loss=1.2920 it/s=5.86 eta=1.7m
2026-02-10 21:44:45,661 - INFO - epoch=7 batch=450/1000 train_loss=1.2916 it/s=5.87 eta=1.6m
2026-02-10 21:44:54,146 - INFO - epoch=7 batch=500/1000 train_loss=1.2920 it/s=5.87 eta=1.4m
2026-02-10 21:45:02,601 - INFO - epoch=7 batch=550/1000 train_loss=1.2922 it/s=5.88 eta=1.3m
2026-02-10 21:45:11,083 - INFO - epoch=7 batch=600/1000 train_loss=1.2923 it/s=5.88 eta=1.1m
2026-02-10 21:45:19,609 - INFO - epoch=7 batch=650/1000 train_loss=1.2921 it/s=5.88 eta=1.0m
2026-02-10 21:45:28,047 - INFO - epoch=7 batch=700/1000 train_loss=1.2918 it/s=5.88 eta=0.9m
2026-02-10 21:45:36,547 - INFO - epoch=7 batch=750/1000 train_loss=1.2919 it/s=5.88 eta=0.7m
2026-02-10 21:45:45,069 - INFO - epoch=7 batch=800/1000 train_loss=1.2920 it/s=5.88 eta=0.6m
2026-02-10 21:45:53,545 - INFO - epoch=7 batch=850/1000 train_loss=1.2914 it/s=5.88 eta=0.4m
2026-02-10 21:46:02,029 - INFO - epoch=7 batch=900/1000 train_loss=1.2908 it/s=5.88 eta=0.3m
2026-02-10 21:46:10,515 - INFO - epoch=7 batch=950/1000 train_loss=1.2903 it/s=5.88 eta=0.1m
2026-02-10 21:46:18,985 - INFO - epoch=7 batch=1000/1000 train_loss=1.2896 it/s=5.88 eta=0.0m
2026-02-10 21:46:40,030 - INFO - epoch=7 train_loss=1.289555 val_loss=1.204986 best=1.217223@6
2026-02-10 21:46:48,791 - INFO - epoch=8 batch=50/1000 train_loss=1.2898 it/s=5.73 eta=2.8m
2026-02-10 21:46:57,286 - INFO - epoch=8 batch=100/1000 train_loss=1.2850 it/s=5.81 eta=2.6m
2026-02-10 21:47:05,801 - INFO - epoch=8 batch=150/1000 train_loss=1.2860 it/s=5.83 eta=2.4m
2026-02-10 21:47:14,310 - INFO - epoch=8 batch=200/1000 train_loss=1.2881 it/s=5.84 eta=2.3m
2026-02-10 21:47:22,779 - INFO - epoch=8 batch=250/1000 train_loss=1.2857 it/s=5.85 eta=2.1m
2026-02-10 21:47:31,274 - INFO - epoch=8 batch=300/1000 train_loss=1.2864 it/s=5.86 eta=2.0m
2026-02-10 21:47:39,730 - INFO - epoch=8 batch=350/1000 train_loss=1.2859 it/s=5.87 eta=1.8m
2026-02-10 21:47:48,292 - INFO - epoch=8 batch=400/1000 train_loss=1.2851 it/s=5.86 eta=1.7m
2026-02-10 21:47:56,768 - INFO - epoch=8 batch=450/1000 train_loss=1.2843 it/s=5.87 eta=1.6m
2026-02-10 21:48:05,239 - INFO - epoch=8 batch=500/1000 train_loss=1.2833 it/s=5.87 eta=1.4m
2026-02-10 21:48:13,669 - INFO - epoch=8 batch=550/1000 train_loss=1.2829 it/s=5.88 eta=1.3m
2026-02-10 21:48:22,176 - INFO - epoch=8 batch=600/1000 train_loss=1.2827 it/s=5.88 eta=1.1m
2026-02-10 21:48:30,671 - INFO - epoch=8 batch=650/1000 train_loss=1.2820 it/s=5.88 eta=1.0m
2026-02-10 21:48:39,160 - INFO - epoch=8 batch=700/1000 train_loss=1.2811 it/s=5.88 eta=0.9m
2026-02-10 21:48:47,659 - INFO - epoch=8 batch=750/1000 train_loss=1.2808 it/s=5.88 eta=0.7m
2026-02-10 21:48:56,111 - INFO - epoch=8 batch=800/1000 train_loss=1.2802 it/s=5.88 eta=0.6m
2026-02-10 21:49:04,618 - INFO - epoch=8 batch=850/1000 train_loss=1.2801 it/s=5.88 eta=0.4m
2026-02-10 21:49:13,074 - INFO - epoch=8 batch=900/1000 train_loss=1.2802 it/s=5.88 eta=0.3m
2026-02-10 21:49:21,587 - INFO - epoch=8 batch=950/1000 train_loss=1.2801 it/s=5.88 eta=0.1m
2026-02-10 21:49:30,124 - INFO - epoch=8 batch=1000/1000 train_loss=1.2793 it/s=5.88 eta=0.0m
2026-02-10 21:49:51,515 - INFO - epoch=8 train_loss=1.279253 val_loss=1.193106 best=1.204986@7
2026-02-10 21:50:00,364 - INFO - epoch=9 batch=50/1000 train_loss=1.2705 it/s=5.67 eta=2.8m
2026-02-10 21:50:08,823 - INFO - epoch=9 batch=100/1000 train_loss=1.2674 it/s=5.79 eta=2.6m
2026-02-10 21:50:17,351 - INFO - epoch=9 batch=150/1000 train_loss=1.2647 it/s=5.81 eta=2.4m
2026-02-10 21:50:25,799 - INFO - epoch=9 batch=200/1000 train_loss=1.2682 it/s=5.84 eta=2.3m
2026-02-10 21:50:34,290 - INFO - epoch=9 batch=250/1000 train_loss=1.2683 it/s=5.85 eta=2.1m
2026-02-10 21:50:42,712 - INFO - epoch=9 batch=300/1000 train_loss=1.2668 it/s=5.86 eta=2.0m
2026-02-10 21:50:51,142 - INFO - epoch=9 batch=350/1000 train_loss=1.2681 it/s=5.87 eta=1.8m
2026-02-10 21:50:59,676 - INFO - epoch=9 batch=400/1000 train_loss=1.2677 it/s=5.87 eta=1.7m
2026-02-10 21:51:08,142 - INFO - epoch=9 batch=450/1000 train_loss=1.2666 it/s=5.88 eta=1.6m
2026-02-10 21:51:16,607 - INFO - epoch=9 batch=500/1000 train_loss=1.2670 it/s=5.88 eta=1.4m
2026-02-10 21:51:25,059 - INFO - epoch=9 batch=550/1000 train_loss=1.2669 it/s=5.88 eta=1.3m
2026-02-10 21:51:33,567 - INFO - epoch=9 batch=600/1000 train_loss=1.2674 it/s=5.88 eta=1.1m
2026-02-10 21:51:42,025 - INFO - epoch=9 batch=650/1000 train_loss=1.2670 it/s=5.88 eta=1.0m
2026-02-10 21:51:50,483 - INFO - epoch=9 batch=700/1000 train_loss=1.2671 it/s=5.89 eta=0.8m
2026-02-10 21:51:58,988 - INFO - epoch=9 batch=750/1000 train_loss=1.2666 it/s=5.89 eta=0.7m
2026-02-10 21:52:07,407 - INFO - epoch=9 batch=800/1000 train_loss=1.2670 it/s=5.89 eta=0.6m
2026-02-10 21:52:15,906 - INFO - epoch=9 batch=850/1000 train_loss=1.2668 it/s=5.89 eta=0.4m
2026-02-10 21:52:24,426 - INFO - epoch=9 batch=900/1000 train_loss=1.2662 it/s=5.89 eta=0.3m
2026-02-10 21:52:32,968 - INFO - epoch=9 batch=950/1000 train_loss=1.2663 it/s=5.89 eta=0.1m
2026-02-10 21:52:41,473 - INFO - epoch=9 batch=1000/1000 train_loss=1.2663 it/s=5.88 eta=0.0m
2026-02-10 21:53:02,694 - INFO - epoch=9 train_loss=1.266279 val_loss=1.183208 best=1.193106@8
2026-02-10 21:53:11,385 - INFO - epoch=10 batch=50/1000 train_loss=1.2564 it/s=5.77 eta=2.7m
2026-02-10 21:53:19,890 - INFO - epoch=10 batch=100/1000 train_loss=1.2629 it/s=5.83 eta=2.6m
2026-02-10 21:53:28,371 - INFO - epoch=10 batch=150/1000 train_loss=1.2610 it/s=5.85 eta=2.4m
2026-02-10 21:53:36,793 - INFO - epoch=10 batch=200/1000 train_loss=1.2604 it/s=5.87 eta=2.3m
2026-02-10 21:53:45,342 - INFO - epoch=10 batch=250/1000 train_loss=1.2595 it/s=5.87 eta=2.1m
2026-02-10 21:53:53,871 - INFO - epoch=10 batch=300/1000 train_loss=1.2597 it/s=5.87 eta=2.0m
2026-02-10 21:54:02,385 - INFO - epoch=10 batch=350/1000 train_loss=1.2595 it/s=5.87 eta=1.8m
2026-02-10 21:54:10,796 - INFO - epoch=10 batch=400/1000 train_loss=1.2595 it/s=5.88 eta=1.7m
2026-02-10 21:54:19,220 - INFO - epoch=10 batch=450/1000 train_loss=1.2586 it/s=5.88 eta=1.6m
2026-02-10 21:54:27,637 - INFO - epoch=10 batch=500/1000 train_loss=1.2568 it/s=5.89 eta=1.4m
2026-02-10 21:54:36,120 - INFO - epoch=10 batch=550/1000 train_loss=1.2564 it/s=5.89 eta=1.3m
2026-02-10 21:54:44,608 - INFO - epoch=10 batch=600/1000 train_loss=1.2564 it/s=5.89 eta=1.1m
2026-02-10 21:54:53,092 - INFO - epoch=10 batch=650/1000 train_loss=1.2571 it/s=5.89 eta=1.0m
2026-02-10 21:55:01,590 - INFO - epoch=10 batch=700/1000 train_loss=1.2575 it/s=5.89 eta=0.8m
2026-02-10 21:55:10,060 - INFO - epoch=10 batch=750/1000 train_loss=1.2571 it/s=5.89 eta=0.7m
2026-02-10 21:55:18,587 - INFO - epoch=10 batch=800/1000 train_loss=1.2569 it/s=5.89 eta=0.6m
2026-02-10 21:55:27,171 - INFO - epoch=10 batch=850/1000 train_loss=1.2567 it/s=5.88 eta=0.4m
2026-02-10 21:55:35,666 - INFO - epoch=10 batch=900/1000 train_loss=1.2568 it/s=5.88 eta=0.3m
2026-02-10 21:55:44,121 - INFO - epoch=10 batch=950/1000 train_loss=1.2566 it/s=5.89 eta=0.1m
2026-02-10 21:55:52,565 - INFO - epoch=10 batch=1000/1000 train_loss=1.2567 it/s=5.89 eta=0.0m
2026-02-10 21:56:13,747 - INFO - epoch=10 train_loss=1.256724 val_loss=1.173949 best=1.183208@9
2026-02-10 21:56:22,489 - INFO - epoch=11 batch=50/1000 train_loss=1.2536 it/s=5.74 eta=2.8m
2026-02-10 21:56:30,970 - INFO - epoch=11 batch=100/1000 train_loss=1.2555 it/s=5.82 eta=2.6m
2026-02-10 21:56:39,476 - INFO - epoch=11 batch=150/1000 train_loss=1.2569 it/s=5.84 eta=2.4m
2026-02-10 21:56:48,027 - INFO - epoch=11 batch=200/1000 train_loss=1.2563 it/s=5.84 eta=2.3m
2026-02-10 21:56:56,489 - INFO - epoch=11 batch=250/1000 train_loss=1.2563 it/s=5.85 eta=2.1m
2026-02-10 21:57:04,923 - INFO - epoch=11 batch=300/1000 train_loss=1.2538 it/s=5.87 eta=2.0m
2026-02-10 21:57:13,410 - INFO - epoch=11 batch=350/1000 train_loss=1.2529 it/s=5.87 eta=1.8m
2026-02-10 21:57:21,903 - INFO - epoch=11 batch=400/1000 train_loss=1.2528 it/s=5.87 eta=1.7m
2026-02-10 21:57:30,373 - INFO - epoch=11 batch=450/1000 train_loss=1.2534 it/s=5.88 eta=1.6m
2026-02-10 21:57:38,881 - INFO - epoch=11 batch=500/1000 train_loss=1.2525 it/s=5.88 eta=1.4m
2026-02-10 21:57:47,389 - INFO - epoch=11 batch=550/1000 train_loss=1.2517 it/s=5.88 eta=1.3m
2026-02-10 21:57:55,836 - INFO - epoch=11 batch=600/1000 train_loss=1.2515 it/s=5.88 eta=1.1m
2026-02-10 21:58:04,292 - INFO - epoch=11 batch=650/1000 train_loss=1.2521 it/s=5.88 eta=1.0m
2026-02-10 21:58:12,714 - INFO - epoch=11 batch=700/1000 train_loss=1.2511 it/s=5.89 eta=0.8m
2026-02-10 21:58:21,204 - INFO - epoch=11 batch=750/1000 train_loss=1.2506 it/s=5.89 eta=0.7m
2026-02-10 21:58:29,667 - INFO - epoch=11 batch=800/1000 train_loss=1.2500 it/s=5.89 eta=0.6m
2026-02-10 21:58:38,151 - INFO - epoch=11 batch=850/1000 train_loss=1.2500 it/s=5.89 eta=0.4m
2026-02-10 21:58:46,681 - INFO - epoch=11 batch=900/1000 train_loss=1.2502 it/s=5.89 eta=0.3m
2026-02-10 21:58:55,181 - INFO - epoch=11 batch=950/1000 train_loss=1.2497 it/s=5.89 eta=0.1m
2026-02-10 21:59:03,638 - INFO - epoch=11 batch=1000/1000 train_loss=1.2496 it/s=5.89 eta=0.0m
2026-02-10 21:59:24,821 - INFO - epoch=11 train_loss=1.249570 val_loss=1.166446 best=1.173949@10
2026-02-10 21:59:33,695 - INFO - epoch=12 batch=50/1000 train_loss=1.2443 it/s=5.66 eta=2.8m
2026-02-10 21:59:42,214 - INFO - epoch=12 batch=100/1000 train_loss=1.2421 it/s=5.76 eta=2.6m
2026-02-10 21:59:50,705 - INFO - epoch=12 batch=150/1000 train_loss=1.2398 it/s=5.80 eta=2.4m
2026-02-10 21:59:59,177 - INFO - epoch=12 batch=200/1000 train_loss=1.2412 it/s=5.83 eta=2.3m
2026-02-10 22:00:07,696 - INFO - epoch=12 batch=250/1000 train_loss=1.2424 it/s=5.84 eta=2.1m
2026-02-10 22:00:16,075 - INFO - epoch=12 batch=300/1000 train_loss=1.2442 it/s=5.86 eta=2.0m
2026-02-10 22:00:24,531 - INFO - epoch=12 batch=350/1000 train_loss=1.2447 it/s=5.87 eta=1.8m
2026-02-10 22:00:32,983 - INFO - epoch=12 batch=400/1000 train_loss=1.2444 it/s=5.87 eta=1.7m
2026-02-10 22:00:41,503 - INFO - epoch=12 batch=450/1000 train_loss=1.2433 it/s=5.87 eta=1.6m
2026-02-10 22:00:49,942 - INFO - epoch=12 batch=500/1000 train_loss=1.2429 it/s=5.88 eta=1.4m
2026-02-10 22:00:58,404 - INFO - epoch=12 batch=550/1000 train_loss=1.2422 it/s=5.88 eta=1.3m
2026-02-10 22:01:06,916 - INFO - epoch=12 batch=600/1000 train_loss=1.2422 it/s=5.88 eta=1.1m
2026-02-10 22:01:15,423 - INFO - epoch=12 batch=650/1000 train_loss=1.2419 it/s=5.88 eta=1.0m
2026-02-10 22:01:23,892 - INFO - epoch=12 batch=700/1000 train_loss=1.2420 it/s=5.88 eta=0.9m
2026-02-10 22:01:32,433 - INFO - epoch=12 batch=750/1000 train_loss=1.2419 it/s=5.88 eta=0.7m
2026-02-10 22:01:40,939 - INFO - epoch=12 batch=800/1000 train_loss=1.2418 it/s=5.88 eta=0.6m
2026-02-10 22:01:49,448 - INFO - epoch=12 batch=850/1000 train_loss=1.2413 it/s=5.88 eta=0.4m
2026-02-10 22:01:57,969 - INFO - epoch=12 batch=900/1000 train_loss=1.2410 it/s=5.88 eta=0.3m
2026-02-10 22:02:06,453 - INFO - epoch=12 batch=950/1000 train_loss=1.2410 it/s=5.88 eta=0.1m
2026-02-10 22:02:14,913 - INFO - epoch=12 batch=1000/1000 train_loss=1.2412 it/s=5.88 eta=0.0m
2026-02-10 22:02:36,031 - INFO - epoch=12 train_loss=1.241212 val_loss=1.160364 best=1.166446@11
2026-02-10 22:02:44,780 - INFO - epoch=13 batch=50/1000 train_loss=1.2352 it/s=5.74 eta=2.8m
2026-02-10 22:02:53,272 - INFO - epoch=13 batch=100/1000 train_loss=1.2400 it/s=5.81 eta=2.6m
2026-02-10 22:03:01,811 - INFO - epoch=13 batch=150/1000 train_loss=1.2373 it/s=5.83 eta=2.4m
2026-02-10 22:03:10,241 - INFO - epoch=13 batch=200/1000 train_loss=1.2404 it/s=5.85 eta=2.3m
2026-02-10 22:03:18,673 - INFO - epoch=13 batch=250/1000 train_loss=1.2396 it/s=5.87 eta=2.1m
2026-02-10 22:03:27,127 - INFO - epoch=13 batch=300/1000 train_loss=1.2399 it/s=5.88 eta=2.0m
2026-02-10 22:03:35,603 - INFO - epoch=13 batch=350/1000 train_loss=1.2386 it/s=5.88 eta=1.8m
2026-02-10 22:03:44,046 - INFO - epoch=13 batch=400/1000 train_loss=1.2376 it/s=5.88 eta=1.7m
2026-02-10 22:03:52,535 - INFO - epoch=13 batch=450/1000 train_loss=1.2378 it/s=5.88 eta=1.6m
2026-02-10 22:04:01,061 - INFO - epoch=13 batch=500/1000 train_loss=1.2370 it/s=5.88 eta=1.4m
2026-02-10 22:04:09,492 - INFO - epoch=13 batch=550/1000 train_loss=1.2373 it/s=5.89 eta=1.3m
2026-02-10 22:04:17,934 - INFO - epoch=13 batch=600/1000 train_loss=1.2373 it/s=5.89 eta=1.1m
2026-02-10 22:04:26,383 - INFO - epoch=13 batch=650/1000 train_loss=1.2370 it/s=5.89 eta=1.0m
2026-02-10 22:04:34,848 - INFO - epoch=13 batch=700/1000 train_loss=1.2368 it/s=5.89 eta=0.8m
2026-02-10 22:04:43,279 - INFO - epoch=13 batch=750/1000 train_loss=1.2359 it/s=5.90 eta=0.7m
2026-02-10 22:04:51,779 - INFO - epoch=13 batch=800/1000 train_loss=1.2362 it/s=5.89 eta=0.6m
2026-02-10 22:05:00,268 - INFO - epoch=13 batch=850/1000 train_loss=1.2359 it/s=5.89 eta=0.4m
2026-02-10 22:05:08,746 - INFO - epoch=13 batch=900/1000 train_loss=1.2360 it/s=5.89 eta=0.3m
2026-02-10 22:05:17,197 - INFO - epoch=13 batch=950/1000 train_loss=1.2356 it/s=5.90 eta=0.1m
2026-02-10 22:05:25,697 - INFO - epoch=13 batch=1000/1000 train_loss=1.2355 it/s=5.90 eta=0.0m
2026-02-10 22:05:46,752 - INFO - epoch=13 train_loss=1.235547 val_loss=1.152634 best=1.160364@12
2026-02-10 22:05:55,456 - INFO - epoch=14 batch=50/1000 train_loss=1.2266 it/s=5.77 eta=2.7m
2026-02-10 22:06:03,919 - INFO - epoch=14 batch=100/1000 train_loss=1.2247 it/s=5.84 eta=2.6m
2026-02-10 22:06:12,381 - INFO - epoch=14 batch=150/1000 train_loss=1.2258 it/s=5.86 eta=2.4m
2026-02-10 22:06:20,848 - INFO - epoch=14 batch=200/1000 train_loss=1.2261 it/s=5.87 eta=2.3m
2026-02-10 22:06:29,304 - INFO - epoch=14 batch=250/1000 train_loss=1.2271 it/s=5.88 eta=2.1m
2026-02-10 22:06:37,742 - INFO - epoch=14 batch=300/1000 train_loss=1.2270 it/s=5.89 eta=2.0m
2026-02-10 22:06:46,202 - INFO - epoch=14 batch=350/1000 train_loss=1.2280 it/s=5.89 eta=1.8m
2026-02-10 22:06:54,644 - INFO - epoch=14 batch=400/1000 train_loss=1.2287 it/s=5.89 eta=1.7m
2026-02-10 22:07:03,166 - INFO - epoch=14 batch=450/1000 train_loss=1.2284 it/s=5.89 eta=1.6m
2026-02-10 22:07:11,626 - INFO - epoch=14 batch=500/1000 train_loss=1.2295 it/s=5.89 eta=1.4m
2026-02-10 22:07:20,021 - INFO - epoch=14 batch=550/1000 train_loss=1.2299 it/s=5.90 eta=1.3m
2026-02-10 22:07:28,499 - INFO - epoch=14 batch=600/1000 train_loss=1.2289 it/s=5.90 eta=1.1m
2026-02-10 22:07:37,009 - INFO - epoch=14 batch=650/1000 train_loss=1.2288 it/s=5.90 eta=1.0m
2026-02-10 22:07:45,411 - INFO - epoch=14 batch=700/1000 train_loss=1.2287 it/s=5.90 eta=0.8m
2026-02-10 22:07:53,855 - INFO - epoch=14 batch=750/1000 train_loss=1.2285 it/s=5.90 eta=0.7m
2026-02-10 22:08:02,338 - INFO - epoch=14 batch=800/1000 train_loss=1.2284 it/s=5.90 eta=0.6m
2026-02-10 22:08:10,830 - INFO - epoch=14 batch=850/1000 train_loss=1.2278 it/s=5.90 eta=0.4m
2026-02-10 22:08:19,273 - INFO - epoch=14 batch=900/1000 train_loss=1.2281 it/s=5.90 eta=0.3m
2026-02-10 22:08:27,774 - INFO - epoch=14 batch=950/1000 train_loss=1.2282 it/s=5.90 eta=0.1m
2026-02-10 22:08:36,250 - INFO - epoch=14 batch=1000/1000 train_loss=1.2282 it/s=5.90 eta=0.0m
2026-02-10 22:08:57,328 - INFO - epoch=14 train_loss=1.228236 val_loss=1.147350 best=1.152634@13
2026-02-10 22:09:06,024 - INFO - epoch=15 batch=50/1000 train_loss=1.2240 it/s=5.77 eta=2.7m
2026-02-10 22:09:14,469 - INFO - epoch=15 batch=100/1000 train_loss=1.2216 it/s=5.85 eta=2.6m
2026-02-10 22:09:22,963 - INFO - epoch=15 batch=150/1000 train_loss=1.2181 it/s=5.86 eta=2.4m
2026-02-10 22:09:31,371 - INFO - epoch=15 batch=200/1000 train_loss=1.2183 it/s=5.88 eta=2.3m
2026-02-10 22:09:39,804 - INFO - epoch=15 batch=250/1000 train_loss=1.2202 it/s=5.89 eta=2.1m
2026-02-10 22:09:48,223 - INFO - epoch=15 batch=300/1000 train_loss=1.2209 it/s=5.90 eta=2.0m
2026-02-10 22:09:56,716 - INFO - epoch=15 batch=350/1000 train_loss=1.2210 it/s=5.90 eta=1.8m
2026-02-10 22:10:05,210 - INFO - epoch=15 batch=400/1000 train_loss=1.2215 it/s=5.90 eta=1.7m
2026-02-10 22:10:13,625 - INFO - epoch=15 batch=450/1000 train_loss=1.2217 it/s=5.90 eta=1.6m
2026-02-10 22:10:22,138 - INFO - epoch=15 batch=500/1000 train_loss=1.2225 it/s=5.90 eta=1.4m
2026-02-10 22:10:30,562 - INFO - epoch=15 batch=550/1000 train_loss=1.2234 it/s=5.90 eta=1.3m
2026-02-10 22:10:39,071 - INFO - epoch=15 batch=600/1000 train_loss=1.2228 it/s=5.90 eta=1.1m
2026-02-10 22:10:47,489 - INFO - epoch=15 batch=650/1000 train_loss=1.2227 it/s=5.90 eta=1.0m
2026-02-10 22:10:55,939 - INFO - epoch=15 batch=700/1000 train_loss=1.2226 it/s=5.90 eta=0.8m
2026-02-10 22:11:04,450 - INFO - epoch=15 batch=750/1000 train_loss=1.2230 it/s=5.90 eta=0.7m
2026-02-10 22:11:12,960 - INFO - epoch=15 batch=800/1000 train_loss=1.2228 it/s=5.90 eta=0.6m
2026-02-10 22:11:21,440 - INFO - epoch=15 batch=850/1000 train_loss=1.2231 it/s=5.90 eta=0.4m
2026-02-10 22:11:29,922 - INFO - epoch=15 batch=900/1000 train_loss=1.2228 it/s=5.90 eta=0.3m
2026-02-10 22:11:38,427 - INFO - epoch=15 batch=950/1000 train_loss=1.2230 it/s=5.90 eta=0.1m
2026-02-10 22:11:46,943 - INFO - epoch=15 batch=1000/1000 train_loss=1.2230 it/s=5.90 eta=0.0m
2026-02-10 22:12:08,165 - INFO - epoch=15 train_loss=1.223037 val_loss=1.140403 best=1.147350@14
2026-02-10 22:12:17,056 - INFO - epoch=16 batch=50/1000 train_loss=1.2196 it/s=5.65 eta=2.8m
2026-02-10 22:12:25,563 - INFO - epoch=16 batch=100/1000 train_loss=1.2220 it/s=5.76 eta=2.6m
2026-02-10 22:12:34,114 - INFO - epoch=16 batch=150/1000 train_loss=1.2211 it/s=5.79 eta=2.4m
2026-02-10 22:12:42,604 - INFO - epoch=16 batch=200/1000 train_loss=1.2225 it/s=5.81 eta=2.3m
2026-02-10 22:12:51,016 - INFO - epoch=16 batch=250/1000 train_loss=1.2202 it/s=5.84 eta=2.1m
2026-02-10 22:12:59,538 - INFO - epoch=16 batch=300/1000 train_loss=1.2218 it/s=5.84 eta=2.0m
2026-02-10 22:13:08,043 - INFO - epoch=16 batch=350/1000 train_loss=1.2209 it/s=5.85 eta=1.9m
2026-02-10 22:13:16,545 - INFO - epoch=16 batch=400/1000 train_loss=1.2208 it/s=5.85 eta=1.7m
2026-02-10 22:13:25,041 - INFO - epoch=16 batch=450/1000 train_loss=1.2196 it/s=5.86 eta=1.6m
2026-02-10 22:13:33,536 - INFO - epoch=16 batch=500/1000 train_loss=1.2195 it/s=5.86 eta=1.4m
2026-02-10 22:13:41,993 - INFO - epoch=16 batch=550/1000 train_loss=1.2190 it/s=5.86 eta=1.3m
2026-02-10 22:13:50,468 - INFO - epoch=16 batch=600/1000 train_loss=1.2185 it/s=5.87 eta=1.1m
2026-02-10 22:13:58,960 - INFO - epoch=16 batch=650/1000 train_loss=1.2185 it/s=5.87 eta=1.0m
2026-02-10 22:14:07,453 - INFO - epoch=16 batch=700/1000 train_loss=1.2184 it/s=5.87 eta=0.9m
2026-02-10 22:14:15,977 - INFO - epoch=16 batch=750/1000 train_loss=1.2185 it/s=5.87 eta=0.7m
2026-02-10 22:14:24,510 - INFO - epoch=16 batch=800/1000 train_loss=1.2188 it/s=5.87 eta=0.6m
2026-02-10 22:14:33,034 - INFO - epoch=16 batch=850/1000 train_loss=1.2184 it/s=5.87 eta=0.4m
2026-02-10 22:14:41,574 - INFO - epoch=16 batch=900/1000 train_loss=1.2185 it/s=5.87 eta=0.3m
2026-02-10 22:14:50,049 - INFO - epoch=16 batch=950/1000 train_loss=1.2188 it/s=5.87 eta=0.1m
2026-02-10 22:14:58,510 - INFO - epoch=16 batch=1000/1000 train_loss=1.2183 it/s=5.87 eta=0.0m
2026-02-10 22:15:19,548 - INFO - epoch=16 train_loss=1.218331 val_loss=1.135063 best=1.140403@15
2026-02-10 22:15:28,477 - INFO - epoch=17 batch=50/1000 train_loss=1.2147 it/s=5.62 eta=2.8m
2026-02-10 22:15:36,669 - INFO - epoch=17 batch=100/1000 train_loss=1.2139 it/s=5.85 eta=2.6m
2026-02-10 22:15:44,866 - INFO - epoch=17 batch=150/1000 train_loss=1.2153 it/s=5.93 eta=2.4m
2026-02-10 22:15:53,218 - INFO - epoch=17 batch=200/1000 train_loss=1.2139 it/s=5.95 eta=2.2m
2026-02-10 22:16:01,989 - INFO - epoch=17 batch=250/1000 train_loss=1.2141 it/s=5.90 eta=2.1m
2026-02-10 22:16:10,737 - INFO - epoch=17 batch=300/1000 train_loss=1.2139 it/s=5.86 eta=2.0m
2026-02-10 22:16:19,621 - INFO - epoch=17 batch=350/1000 train_loss=1.2141 it/s=5.83 eta=1.9m
2026-02-10 22:16:28,490 - INFO - epoch=17 batch=400/1000 train_loss=1.2128 it/s=5.80 eta=1.7m
2026-02-10 22:16:37,322 - INFO - epoch=17 batch=450/1000 train_loss=1.2137 it/s=5.79 eta=1.6m
2026-02-10 22:16:46,198 - INFO - epoch=17 batch=500/1000 train_loss=1.2130 it/s=5.77 eta=1.4m
2026-02-10 22:16:55,051 - INFO - epoch=17 batch=550/1000 train_loss=1.2127 it/s=5.76 eta=1.3m
2026-02-10 22:17:03,850 - INFO - epoch=17 batch=600/1000 train_loss=1.2120 it/s=5.75 eta=1.2m
2026-02-10 22:17:12,656 - INFO - epoch=17 batch=650/1000 train_loss=1.2120 it/s=5.75 eta=1.0m
2026-02-10 22:17:21,489 - INFO - epoch=17 batch=700/1000 train_loss=1.2120 it/s=5.74 eta=0.9m
2026-02-10 22:17:30,308 - INFO - epoch=17 batch=750/1000 train_loss=1.2118 it/s=5.74 eta=0.7m
2026-02-10 22:17:39,129 - INFO - epoch=17 batch=800/1000 train_loss=1.2119 it/s=5.73 eta=0.6m
2026-02-10 22:17:47,910 - INFO - epoch=17 batch=850/1000 train_loss=1.2123 it/s=5.73 eta=0.4m
2026-02-10 22:17:56,726 - INFO - epoch=17 batch=900/1000 train_loss=1.2119 it/s=5.73 eta=0.3m
2026-02-10 22:18:05,620 - INFO - epoch=17 batch=950/1000 train_loss=1.2121 it/s=5.72 eta=0.1m
2026-02-10 22:18:14,458 - INFO - epoch=17 batch=1000/1000 train_loss=1.2121 it/s=5.72 eta=0.0m
2026-02-10 22:18:36,295 - INFO - epoch=17 train_loss=1.212138 val_loss=1.130843 best=1.135063@16
2026-02-10 22:18:45,488 - INFO - epoch=18 batch=50/1000 train_loss=1.2063 it/s=5.46 eta=2.9m
2026-02-10 22:18:54,314 - INFO - epoch=18 batch=100/1000 train_loss=1.2070 it/s=5.56 eta=2.7m
2026-02-10 22:19:03,141 - INFO - epoch=18 batch=150/1000 train_loss=1.2108 it/s=5.59 eta=2.5m
2026-02-10 22:19:11,940 - INFO - epoch=18 batch=200/1000 train_loss=1.2078 it/s=5.62 eta=2.4m
2026-02-10 22:19:20,777 - INFO - epoch=18 batch=250/1000 train_loss=1.2070 it/s=5.62 eta=2.2m
2026-02-10 22:19:29,582 - INFO - epoch=18 batch=300/1000 train_loss=1.2085 it/s=5.63 eta=2.1m
2026-02-10 22:19:38,487 - INFO - epoch=18 batch=350/1000 train_loss=1.2079 it/s=5.63 eta=1.9m
2026-02-10 22:19:47,347 - INFO - epoch=18 batch=400/1000 train_loss=1.2075 it/s=5.63 eta=1.8m
2026-02-10 22:19:56,200 - INFO - epoch=18 batch=450/1000 train_loss=1.2079 it/s=5.63 eta=1.6m
2026-02-10 22:20:05,027 - INFO - epoch=18 batch=500/1000 train_loss=1.2079 it/s=5.64 eta=1.5m
2026-02-10 22:20:13,860 - INFO - epoch=18 batch=550/1000 train_loss=1.2081 it/s=5.64 eta=1.3m
2026-02-10 22:20:22,682 - INFO - epoch=18 batch=600/1000 train_loss=1.2076 it/s=5.64 eta=1.2m
2026-02-10 22:20:31,468 - INFO - epoch=18 batch=650/1000 train_loss=1.2083 it/s=5.65 eta=1.0m
2026-02-10 22:20:40,328 - INFO - epoch=18 batch=700/1000 train_loss=1.2082 it/s=5.65 eta=0.9m
2026-02-10 22:20:49,182 - INFO - epoch=18 batch=750/1000 train_loss=1.2085 it/s=5.65 eta=0.7m
2026-02-10 22:20:58,006 - INFO - epoch=18 batch=800/1000 train_loss=1.2081 it/s=5.65 eta=0.6m
2026-02-10 22:21:06,837 - INFO - epoch=18 batch=850/1000 train_loss=1.2081 it/s=5.65 eta=0.4m
2026-02-10 22:21:15,723 - INFO - epoch=18 batch=900/1000 train_loss=1.2085 it/s=5.65 eta=0.3m
2026-02-10 22:21:24,634 - INFO - epoch=18 batch=950/1000 train_loss=1.2081 it/s=5.64 eta=0.1m
2026-02-10 22:21:33,552 - INFO - epoch=18 batch=1000/1000 train_loss=1.2081 it/s=5.64 eta=0.0m
2026-02-10 22:21:55,527 - INFO - epoch=18 train_loss=1.208113 val_loss=1.126146 best=1.130843@17
2026-02-10 22:22:04,619 - INFO - epoch=19 batch=50/1000 train_loss=1.2068 it/s=5.52 eta=2.9m
2026-02-10 22:22:13,507 - INFO - epoch=19 batch=100/1000 train_loss=1.2006 it/s=5.57 eta=2.7m
2026-02-10 22:22:22,337 - INFO - epoch=19 batch=150/1000 train_loss=1.2033 it/s=5.60 eta=2.5m
2026-02-10 22:22:31,134 - INFO - epoch=19 batch=200/1000 train_loss=1.2034 it/s=5.62 eta=2.4m
2026-02-10 22:22:39,922 - INFO - epoch=19 batch=250/1000 train_loss=1.2044 it/s=5.64 eta=2.2m
2026-02-10 22:22:48,787 - INFO - epoch=19 batch=300/1000 train_loss=1.2055 it/s=5.64 eta=2.1m
2026-02-10 22:22:57,603 - INFO - epoch=19 batch=350/1000 train_loss=1.2048 it/s=5.64 eta=1.9m
2026-02-10 22:23:06,457 - INFO - epoch=19 batch=400/1000 train_loss=1.2049 it/s=5.64 eta=1.8m
2026-02-10 22:23:15,258 - INFO - epoch=19 batch=450/1000 train_loss=1.2057 it/s=5.65 eta=1.6m
2026-02-10 22:23:24,027 - INFO - epoch=19 batch=500/1000 train_loss=1.2058 it/s=5.65 eta=1.5m
2026-02-10 22:23:32,848 - INFO - epoch=19 batch=550/1000 train_loss=1.2048 it/s=5.65 eta=1.3m
2026-02-10 22:23:41,647 - INFO - epoch=19 batch=600/1000 train_loss=1.2035 it/s=5.66 eta=1.2m
2026-02-10 22:23:50,456 - INFO - epoch=19 batch=650/1000 train_loss=1.2036 it/s=5.66 eta=1.0m
2026-02-10 22:23:59,271 - INFO - epoch=19 batch=700/1000 train_loss=1.2034 it/s=5.66 eta=0.9m
2026-02-10 22:24:08,185 - INFO - epoch=19 batch=750/1000 train_loss=1.2039 it/s=5.65 eta=0.7m
2026-02-10 22:24:17,071 - INFO - epoch=19 batch=800/1000 train_loss=1.2036 it/s=5.65 eta=0.6m
2026-02-10 22:24:25,849 - INFO - epoch=19 batch=850/1000 train_loss=1.2033 it/s=5.66 eta=0.4m
2026-02-10 22:24:34,714 - INFO - epoch=19 batch=900/1000 train_loss=1.2035 it/s=5.65 eta=0.3m
2026-02-10 22:24:43,572 - INFO - epoch=19 batch=950/1000 train_loss=1.2033 it/s=5.65 eta=0.1m
2026-02-10 22:24:52,380 - INFO - epoch=19 batch=1000/1000 train_loss=1.2034 it/s=5.66 eta=0.0m
2026-02-10 22:25:14,325 - INFO - epoch=19 train_loss=1.203435 val_loss=1.122051 best=1.126146@18
2026-02-10 22:25:23,470 - INFO - epoch=20 batch=50/1000 train_loss=1.2039 it/s=5.49 eta=2.9m
2026-02-10 22:25:32,372 - INFO - epoch=20 batch=100/1000 train_loss=1.1992 it/s=5.55 eta=2.7m
2026-02-10 22:25:41,180 - INFO - epoch=20 batch=150/1000 train_loss=1.1983 it/s=5.59 eta=2.5m
2026-02-10 22:25:49,980 - INFO - epoch=20 batch=200/1000 train_loss=1.1986 it/s=5.61 eta=2.4m
2026-02-10 22:25:58,777 - INFO - epoch=20 batch=250/1000 train_loss=1.1995 it/s=5.63 eta=2.2m
2026-02-10 22:26:07,639 - INFO - epoch=20 batch=300/1000 train_loss=1.1987 it/s=5.63 eta=2.1m
2026-02-10 22:26:16,461 - INFO - epoch=20 batch=350/1000 train_loss=1.1990 it/s=5.64 eta=1.9m
2026-02-10 22:26:25,292 - INFO - epoch=20 batch=400/1000 train_loss=1.1982 it/s=5.64 eta=1.8m
2026-02-10 22:26:34,134 - INFO - epoch=20 batch=450/1000 train_loss=1.1983 it/s=5.64 eta=1.6m
2026-02-10 22:26:42,983 - INFO - epoch=20 batch=500/1000 train_loss=1.1992 it/s=5.64 eta=1.5m
2026-02-10 22:26:51,835 - INFO - epoch=20 batch=550/1000 train_loss=1.1991 it/s=5.64 eta=1.3m
2026-02-10 22:27:00,686 - INFO - epoch=20 batch=600/1000 train_loss=1.1999 it/s=5.64 eta=1.2m
2026-02-10 22:27:09,511 - INFO - epoch=20 batch=650/1000 train_loss=1.2001 it/s=5.64 eta=1.0m
2026-02-10 22:27:18,360 - INFO - epoch=20 batch=700/1000 train_loss=1.1996 it/s=5.65 eta=0.9m
2026-02-10 22:27:27,254 - INFO - epoch=20 batch=750/1000 train_loss=1.1995 it/s=5.64 eta=0.7m
2026-02-10 22:27:36,095 - INFO - epoch=20 batch=800/1000 train_loss=1.1994 it/s=5.64 eta=0.6m
2026-02-10 22:27:45,008 - INFO - epoch=20 batch=850/1000 train_loss=1.1991 it/s=5.64 eta=0.4m
2026-02-10 22:27:53,844 - INFO - epoch=20 batch=900/1000 train_loss=1.1988 it/s=5.64 eta=0.3m
2026-02-10 22:28:02,703 - INFO - epoch=20 batch=950/1000 train_loss=1.1989 it/s=5.64 eta=0.1m
2026-02-10 22:28:11,601 - INFO - epoch=20 batch=1000/1000 train_loss=1.1993 it/s=5.64 eta=0.0m
2026-02-10 22:28:33,584 - INFO - epoch=20 train_loss=1.199321 val_loss=1.118048 best=1.122051@19
2026-02-10 22:28:42,672 - INFO - epoch=21 batch=50/1000 train_loss=1.1913 it/s=5.52 eta=2.9m
2026-02-10 22:28:51,487 - INFO - epoch=21 batch=100/1000 train_loss=1.1936 it/s=5.60 eta=2.7m
2026-02-10 22:29:00,353 - INFO - epoch=21 batch=150/1000 train_loss=1.1940 it/s=5.61 eta=2.5m
2026-02-10 22:29:09,185 - INFO - epoch=21 batch=200/1000 train_loss=1.1941 it/s=5.62 eta=2.4m
2026-02-10 22:29:18,006 - INFO - epoch=21 batch=250/1000 train_loss=1.1940 it/s=5.63 eta=2.2m
2026-02-10 22:29:26,820 - INFO - epoch=21 batch=300/1000 train_loss=1.1949 it/s=5.64 eta=2.1m
2026-02-10 22:29:35,626 - INFO - epoch=21 batch=350/1000 train_loss=1.1936 it/s=5.64 eta=1.9m
2026-02-10 22:29:44,454 - INFO - epoch=21 batch=400/1000 train_loss=1.1933 it/s=5.65 eta=1.8m
2026-02-10 22:29:53,315 - INFO - epoch=21 batch=450/1000 train_loss=1.1944 it/s=5.65 eta=1.6m
2026-02-10 22:30:02,155 - INFO - epoch=21 batch=500/1000 train_loss=1.1951 it/s=5.65 eta=1.5m
2026-02-10 22:30:11,005 - INFO - epoch=21 batch=550/1000 train_loss=1.1946 it/s=5.65 eta=1.3m
2026-02-10 22:30:19,798 - INFO - epoch=21 batch=600/1000 train_loss=1.1947 it/s=5.65 eta=1.2m
2026-02-10 22:30:28,664 - INFO - epoch=21 batch=650/1000 train_loss=1.1945 it/s=5.65 eta=1.0m
2026-02-10 22:30:37,449 - INFO - epoch=21 batch=700/1000 train_loss=1.1939 it/s=5.65 eta=0.9m
2026-02-10 22:30:46,346 - INFO - epoch=21 batch=750/1000 train_loss=1.1933 it/s=5.65 eta=0.7m
2026-02-10 22:30:55,102 - INFO - epoch=21 batch=800/1000 train_loss=1.1936 it/s=5.65 eta=0.6m
2026-02-10 22:31:03,981 - INFO - epoch=21 batch=850/1000 train_loss=1.1931 it/s=5.65 eta=0.4m
2026-02-10 22:31:12,888 - INFO - epoch=21 batch=900/1000 train_loss=1.1931 it/s=5.65 eta=0.3m
2026-02-10 22:31:21,764 - INFO - epoch=21 batch=950/1000 train_loss=1.1929 it/s=5.65 eta=0.1m
2026-02-10 22:31:30,628 - INFO - epoch=21 batch=1000/1000 train_loss=1.1933 it/s=5.65 eta=0.0m
2026-02-10 22:31:52,499 - INFO - epoch=21 train_loss=1.193272 val_loss=1.114283 best=1.118048@20
2026-02-10 22:32:01,548 - INFO - epoch=22 batch=50/1000 train_loss=1.1845 it/s=5.55 eta=2.9m
2026-02-10 22:32:10,442 - INFO - epoch=22 batch=100/1000 train_loss=1.1872 it/s=5.58 eta=2.7m
2026-02-10 22:32:19,194 - INFO - epoch=22 batch=150/1000 train_loss=1.1894 it/s=5.63 eta=2.5m
2026-02-10 22:32:28,077 - INFO - epoch=22 batch=200/1000 train_loss=1.1888 it/s=5.63 eta=2.4m
2026-02-10 22:32:36,934 - INFO - epoch=22 batch=250/1000 train_loss=1.1903 it/s=5.63 eta=2.2m
2026-02-10 22:32:45,789 - INFO - epoch=22 batch=300/1000 train_loss=1.1909 it/s=5.63 eta=2.1m
2026-02-10 22:32:54,591 - INFO - epoch=22 batch=350/1000 train_loss=1.1916 it/s=5.64 eta=1.9m
2026-02-10 22:33:03,394 - INFO - epoch=22 batch=400/1000 train_loss=1.1923 it/s=5.64 eta=1.8m
2026-02-10 22:33:12,196 - INFO - epoch=22 batch=450/1000 train_loss=1.1921 it/s=5.65 eta=1.6m
2026-02-10 22:33:21,027 - INFO - epoch=22 batch=500/1000 train_loss=1.1922 it/s=5.65 eta=1.5m
2026-02-10 22:33:29,842 - INFO - epoch=22 batch=550/1000 train_loss=1.1919 it/s=5.65 eta=1.3m
2026-02-10 22:33:38,729 - INFO - epoch=22 batch=600/1000 train_loss=1.1921 it/s=5.65 eta=1.2m
2026-02-10 22:33:47,548 - INFO - epoch=22 batch=650/1000 train_loss=1.1925 it/s=5.65 eta=1.0m
2026-02-10 22:33:56,387 - INFO - epoch=22 batch=700/1000 train_loss=1.1924 it/s=5.65 eta=0.9m
2026-02-10 22:34:05,289 - INFO - epoch=22 batch=750/1000 train_loss=1.1920 it/s=5.65 eta=0.7m
2026-02-10 22:34:14,036 - INFO - epoch=22 batch=800/1000 train_loss=1.1917 it/s=5.65 eta=0.6m
2026-02-10 22:34:22,859 - INFO - epoch=22 batch=850/1000 train_loss=1.1918 it/s=5.65 eta=0.4m
2026-02-10 22:34:31,698 - INFO - epoch=22 batch=900/1000 train_loss=1.1915 it/s=5.65 eta=0.3m
2026-02-10 22:34:40,473 - INFO - epoch=22 batch=950/1000 train_loss=1.1915 it/s=5.66 eta=0.1m
2026-02-10 22:34:49,309 - INFO - epoch=22 batch=1000/1000 train_loss=1.1913 it/s=5.66 eta=0.0m
2026-02-10 22:35:11,223 - INFO - epoch=22 train_loss=1.191312 val_loss=1.109790 best=1.114283@21
2026-02-10 22:35:20,347 - INFO - epoch=23 batch=50/1000 train_loss=1.1923 it/s=5.50 eta=2.9m
2026-02-10 22:35:29,248 - INFO - epoch=23 batch=100/1000 train_loss=1.1932 it/s=5.56 eta=2.7m
2026-02-10 22:35:38,154 - INFO - epoch=23 batch=150/1000 train_loss=1.1880 it/s=5.58 eta=2.5m
2026-02-10 22:35:46,937 - INFO - epoch=23 batch=200/1000 train_loss=1.1900 it/s=5.60 eta=2.4m
2026-02-10 22:35:55,790 - INFO - epoch=23 batch=250/1000 train_loss=1.1882 it/s=5.61 eta=2.2m
2026-02-10 22:36:04,574 - INFO - epoch=23 batch=300/1000 train_loss=1.1871 it/s=5.63 eta=2.1m
2026-02-10 22:36:13,433 - INFO - epoch=23 batch=350/1000 train_loss=1.1873 it/s=5.63 eta=1.9m
2026-02-10 22:36:22,327 - INFO - epoch=23 batch=400/1000 train_loss=1.1890 it/s=5.63 eta=1.8m
2026-02-10 22:36:31,100 - INFO - epoch=23 batch=450/1000 train_loss=1.1886 it/s=5.64 eta=1.6m
2026-02-10 22:36:39,986 - INFO - epoch=23 batch=500/1000 train_loss=1.1891 it/s=5.63 eta=1.5m
2026-02-10 22:36:48,799 - INFO - epoch=23 batch=550/1000 train_loss=1.1889 it/s=5.64 eta=1.3m
2026-02-10 22:36:57,677 - INFO - epoch=23 batch=600/1000 train_loss=1.1884 it/s=5.64 eta=1.2m
2026-02-10 22:37:06,520 - INFO - epoch=23 batch=650/1000 train_loss=1.1884 it/s=5.64 eta=1.0m
2026-02-10 22:37:15,374 - INFO - epoch=23 batch=700/1000 train_loss=1.1883 it/s=5.64 eta=0.9m
2026-02-10 22:37:24,231 - INFO - epoch=23 batch=750/1000 train_loss=1.1882 it/s=5.64 eta=0.7m
2026-02-10 22:37:33,060 - INFO - epoch=23 batch=800/1000 train_loss=1.1883 it/s=5.64 eta=0.6m
2026-02-10 22:37:41,824 - INFO - epoch=23 batch=850/1000 train_loss=1.1882 it/s=5.65 eta=0.4m
2026-02-10 22:37:50,651 - INFO - epoch=23 batch=900/1000 train_loss=1.1882 it/s=5.65 eta=0.3m
2026-02-10 22:37:59,616 - INFO - epoch=23 batch=950/1000 train_loss=1.1876 it/s=5.64 eta=0.1m
2026-02-10 22:38:08,415 - INFO - epoch=23 batch=1000/1000 train_loss=1.1875 it/s=5.64 eta=0.0m
2026-02-10 22:38:30,389 - INFO - epoch=23 train_loss=1.187541 val_loss=1.105754 best=1.109790@22
2026-02-10 22:38:39,492 - INFO - epoch=24 batch=50/1000 train_loss=1.1778 it/s=5.51 eta=2.9m
2026-02-10 22:38:48,368 - INFO - epoch=24 batch=100/1000 train_loss=1.1794 it/s=5.57 eta=2.7m
2026-02-10 22:38:57,240 - INFO - epoch=24 batch=150/1000 train_loss=1.1808 it/s=5.59 eta=2.5m
2026-02-10 22:39:06,100 - INFO - epoch=24 batch=200/1000 train_loss=1.1816 it/s=5.61 eta=2.4m
2026-02-10 22:39:14,938 - INFO - epoch=24 batch=250/1000 train_loss=1.1839 it/s=5.62 eta=2.2m
2026-02-10 22:39:23,768 - INFO - epoch=24 batch=300/1000 train_loss=1.1853 it/s=5.62 eta=2.1m
2026-02-10 22:39:32,616 - INFO - epoch=24 batch=350/1000 train_loss=1.1850 it/s=5.63 eta=1.9m
2026-02-10 22:39:41,434 - INFO - epoch=24 batch=400/1000 train_loss=1.1857 it/s=5.63 eta=1.8m
2026-02-10 22:39:50,300 - INFO - epoch=24 batch=450/1000 train_loss=1.1857 it/s=5.63 eta=1.6m
2026-02-10 22:39:59,172 - INFO - epoch=24 batch=500/1000 train_loss=1.1857 it/s=5.63 eta=1.5m
2026-02-10 22:40:07,985 - INFO - epoch=24 batch=550/1000 train_loss=1.1844 it/s=5.64 eta=1.3m
2026-02-10 22:40:16,785 - INFO - epoch=24 batch=600/1000 train_loss=1.1848 it/s=5.64 eta=1.2m
2026-02-10 22:40:25,620 - INFO - epoch=24 batch=650/1000 train_loss=1.1843 it/s=5.64 eta=1.0m
2026-02-10 22:40:34,498 - INFO - epoch=24 batch=700/1000 train_loss=1.1838 it/s=5.64 eta=0.9m
2026-02-10 22:40:43,394 - INFO - epoch=24 batch=750/1000 train_loss=1.1838 it/s=5.64 eta=0.7m
2026-02-10 22:40:52,275 - INFO - epoch=24 batch=800/1000 train_loss=1.1837 it/s=5.64 eta=0.6m
2026-02-10 22:41:01,127 - INFO - epoch=24 batch=850/1000 train_loss=1.1836 it/s=5.64 eta=0.4m
2026-02-10 22:41:09,932 - INFO - epoch=24 batch=900/1000 train_loss=1.1838 it/s=5.64 eta=0.3m
2026-02-10 22:41:18,730 - INFO - epoch=24 batch=950/1000 train_loss=1.1833 it/s=5.64 eta=0.1m
2026-02-10 22:41:27,602 - INFO - epoch=24 batch=1000/1000 train_loss=1.1827 it/s=5.64 eta=0.0m
2026-02-10 22:41:49,553 - INFO - epoch=24 train_loss=1.182694 val_loss=1.102233 best=1.105754@23
2026-02-10 22:41:58,687 - INFO - epoch=25 batch=50/1000 train_loss=1.1840 it/s=5.50 eta=2.9m
2026-02-10 22:42:07,499 - INFO - epoch=25 batch=100/1000 train_loss=1.1812 it/s=5.58 eta=2.7m
2026-02-10 22:42:16,323 - INFO - epoch=25 batch=150/1000 train_loss=1.1820 it/s=5.61 eta=2.5m
2026-02-10 22:42:25,152 - INFO - epoch=25 batch=200/1000 train_loss=1.1804 it/s=5.62 eta=2.4m
2026-02-10 22:42:34,053 - INFO - epoch=25 batch=250/1000 train_loss=1.1816 it/s=5.62 eta=2.2m
2026-02-10 22:42:42,924 - INFO - epoch=25 batch=300/1000 train_loss=1.1826 it/s=5.62 eta=2.1m
2026-02-10 22:42:51,672 - INFO - epoch=25 batch=350/1000 train_loss=1.1832 it/s=5.64 eta=1.9m
2026-02-10 22:43:00,477 - INFO - epoch=25 batch=400/1000 train_loss=1.1831 it/s=5.64 eta=1.8m
2026-02-10 22:43:09,324 - INFO - epoch=25 batch=450/1000 train_loss=1.1832 it/s=5.64 eta=1.6m
2026-02-10 22:43:18,129 - INFO - epoch=25 batch=500/1000 train_loss=1.1827 it/s=5.65 eta=1.5m
2026-02-10 22:43:26,999 - INFO - epoch=25 batch=550/1000 train_loss=1.1823 it/s=5.65 eta=1.3m
2026-02-10 22:43:35,814 - INFO - epoch=25 batch=600/1000 train_loss=1.1817 it/s=5.65 eta=1.2m
2026-02-10 22:43:44,653 - INFO - epoch=25 batch=650/1000 train_loss=1.1810 it/s=5.65 eta=1.0m
2026-02-10 22:43:53,522 - INFO - epoch=25 batch=700/1000 train_loss=1.1807 it/s=5.65 eta=0.9m
2026-02-10 22:44:02,340 - INFO - epoch=25 batch=750/1000 train_loss=1.1808 it/s=5.65 eta=0.7m
2026-02-10 22:44:11,296 - INFO - epoch=25 batch=800/1000 train_loss=1.1802 it/s=5.65 eta=0.6m
2026-02-10 22:44:20,006 - INFO - epoch=25 batch=850/1000 train_loss=1.1805 it/s=5.65 eta=0.4m
2026-02-10 22:44:28,854 - INFO - epoch=25 batch=900/1000 train_loss=1.1801 it/s=5.65 eta=0.3m
2026-02-10 22:44:37,728 - INFO - epoch=25 batch=950/1000 train_loss=1.1798 it/s=5.65 eta=0.1m
2026-02-10 22:44:46,600 - INFO - epoch=25 batch=1000/1000 train_loss=1.1799 it/s=5.65 eta=0.0m
2026-02-10 22:45:08,626 - INFO - epoch=25 train_loss=1.179854 val_loss=1.098983 best=1.102233@24
2026-02-10 22:45:17,704 - INFO - epoch=26 batch=50/1000 train_loss=1.1753 it/s=5.53 eta=2.9m
2026-02-10 22:45:26,501 - INFO - epoch=26 batch=100/1000 train_loss=1.1815 it/s=5.60 eta=2.7m
2026-02-10 22:45:35,415 - INFO - epoch=26 batch=150/1000 train_loss=1.1788 it/s=5.61 eta=2.5m
2026-02-10 22:45:44,233 - INFO - epoch=26 batch=200/1000 train_loss=1.1760 it/s=5.62 eta=2.4m
2026-02-10 22:45:53,129 - INFO - epoch=26 batch=250/1000 train_loss=1.1763 it/s=5.62 eta=2.2m
2026-02-10 22:46:01,987 - INFO - epoch=26 batch=300/1000 train_loss=1.1757 it/s=5.63 eta=2.1m
2026-02-10 22:46:10,843 - INFO - epoch=26 batch=350/1000 train_loss=1.1745 it/s=5.63 eta=1.9m
2026-02-10 22:46:19,685 - INFO - epoch=26 batch=400/1000 train_loss=1.1758 it/s=5.63 eta=1.8m
2026-02-10 22:46:28,601 - INFO - epoch=26 batch=450/1000 train_loss=1.1756 it/s=5.63 eta=1.6m
2026-02-10 22:46:37,382 - INFO - epoch=26 batch=500/1000 train_loss=1.1752 it/s=5.64 eta=1.5m
2026-02-10 22:46:46,171 - INFO - epoch=26 batch=550/1000 train_loss=1.1743 it/s=5.64 eta=1.3m
2026-02-10 22:46:55,063 - INFO - epoch=26 batch=600/1000 train_loss=1.1744 it/s=5.64 eta=1.2m
2026-02-10 22:47:03,894 - INFO - epoch=26 batch=650/1000 train_loss=1.1757 it/s=5.64 eta=1.0m
2026-02-10 22:47:12,842 - INFO - epoch=26 batch=700/1000 train_loss=1.1755 it/s=5.64 eta=0.9m
2026-02-10 22:47:21,715 - INFO - epoch=26 batch=750/1000 train_loss=1.1755 it/s=5.64 eta=0.7m
2026-02-10 22:47:30,606 - INFO - epoch=26 batch=800/1000 train_loss=1.1756 it/s=5.64 eta=0.6m
2026-02-10 22:47:39,518 - INFO - epoch=26 batch=850/1000 train_loss=1.1757 it/s=5.63 eta=0.4m
2026-02-10 22:47:48,410 - INFO - epoch=26 batch=900/1000 train_loss=1.1760 it/s=5.63 eta=0.3m
2026-02-10 22:47:57,291 - INFO - epoch=26 batch=950/1000 train_loss=1.1760 it/s=5.63 eta=0.1m
2026-02-10 22:48:06,137 - INFO - epoch=26 batch=1000/1000 train_loss=1.1752 it/s=5.63 eta=0.0m
2026-02-10 22:48:28,128 - INFO - epoch=26 train_loss=1.175195 val_loss=1.095676 best=1.098983@25
2026-02-10 22:48:37,244 - INFO - epoch=27 batch=50/1000 train_loss=1.1781 it/s=5.51 eta=2.9m
2026-02-10 22:48:46,162 - INFO - epoch=27 batch=100/1000 train_loss=1.1771 it/s=5.56 eta=2.7m
2026-02-10 22:48:54,983 - INFO - epoch=27 batch=150/1000 train_loss=1.1782 it/s=5.59 eta=2.5m
2026-02-10 22:49:03,876 - INFO - epoch=27 batch=200/1000 train_loss=1.1772 it/s=5.60 eta=2.4m
2026-02-10 22:49:12,772 - INFO - epoch=27 batch=250/1000 train_loss=1.1765 it/s=5.60 eta=2.2m
2026-02-10 22:49:21,614 - INFO - epoch=27 batch=300/1000 train_loss=1.1774 it/s=5.61 eta=2.1m
2026-02-10 22:49:30,403 - INFO - epoch=27 batch=350/1000 train_loss=1.1773 it/s=5.62 eta=1.9m
2026-02-10 22:49:39,251 - INFO - epoch=27 batch=400/1000 train_loss=1.1764 it/s=5.63 eta=1.8m
2026-02-10 22:49:48,134 - INFO - epoch=27 batch=450/1000 train_loss=1.1764 it/s=5.63 eta=1.6m
2026-02-10 22:49:57,033 - INFO - epoch=27 batch=500/1000 train_loss=1.1753 it/s=5.63 eta=1.5m
2026-02-10 22:50:05,851 - INFO - epoch=27 batch=550/1000 train_loss=1.1750 it/s=5.63 eta=1.3m
2026-02-10 22:50:14,730 - INFO - epoch=27 batch=600/1000 train_loss=1.1746 it/s=5.63 eta=1.2m
2026-02-10 22:50:23,581 - INFO - epoch=27 batch=650/1000 train_loss=1.1745 it/s=5.63 eta=1.0m
2026-02-10 22:50:32,422 - INFO - epoch=27 batch=700/1000 train_loss=1.1746 it/s=5.63 eta=0.9m
2026-02-10 22:50:41,209 - INFO - epoch=27 batch=750/1000 train_loss=1.1744 it/s=5.64 eta=0.7m
2026-02-10 22:50:50,077 - INFO - epoch=27 batch=800/1000 train_loss=1.1750 it/s=5.64 eta=0.6m
2026-02-10 22:50:58,869 - INFO - epoch=27 batch=850/1000 train_loss=1.1748 it/s=5.64 eta=0.4m
2026-02-10 22:51:07,449 - INFO - epoch=27 batch=900/1000 train_loss=1.1749 it/s=5.65 eta=0.3m
2026-02-10 22:51:15,631 - INFO - epoch=27 batch=950/1000 train_loss=1.1751 it/s=5.67 eta=0.1m
2026-02-10 22:51:23,825 - INFO - epoch=27 batch=1000/1000 train_loss=1.1751 it/s=5.69 eta=0.0m
2026-02-10 22:51:44,015 - INFO - epoch=27 train_loss=1.175082 val_loss=1.092644 best=1.095676@26
2026-02-10 22:51:52,512 - INFO - epoch=28 batch=50/1000 train_loss=1.1827 it/s=5.91 eta=2.7m
2026-02-10 22:52:01,273 - INFO - epoch=28 batch=100/1000 train_loss=1.1812 it/s=5.81 eta=2.6m
2026-02-10 22:52:10,014 - INFO - epoch=28 batch=150/1000 train_loss=1.1763 it/s=5.78 eta=2.5m
2026-02-10 22:52:18,849 - INFO - epoch=28 batch=200/1000 train_loss=1.1736 it/s=5.75 eta=2.3m
2026-02-10 22:52:27,598 - INFO - epoch=28 batch=250/1000 train_loss=1.1734 it/s=5.74 eta=2.2m
2026-02-10 22:52:36,415 - INFO - epoch=28 batch=300/1000 train_loss=1.1713 it/s=5.73 eta=2.0m
2026-02-10 22:52:45,236 - INFO - epoch=28 batch=350/1000 train_loss=1.1704 it/s=5.72 eta=1.9m
2026-02-10 22:52:53,856 - INFO - epoch=28 batch=400/1000 train_loss=1.1694 it/s=5.73 eta=1.7m
2026-02-10 22:53:02,494 - INFO - epoch=28 batch=450/1000 train_loss=1.1701 it/s=5.74 eta=1.6m
2026-02-10 22:53:11,223 - INFO - epoch=28 batch=500/1000 train_loss=1.1699 it/s=5.74 eta=1.5m
2026-02-10 22:53:20,074 - INFO - epoch=28 batch=550/1000 train_loss=1.1702 it/s=5.73 eta=1.3m
2026-02-10 22:53:28,941 - INFO - epoch=28 batch=600/1000 train_loss=1.1699 it/s=5.72 eta=1.2m
2026-02-10 22:53:37,755 - INFO - epoch=28 batch=650/1000 train_loss=1.1698 it/s=5.72 eta=1.0m
2026-02-10 22:53:46,701 - INFO - epoch=28 batch=700/1000 train_loss=1.1702 it/s=5.71 eta=0.9m
2026-02-10 22:53:55,499 - INFO - epoch=28 batch=750/1000 train_loss=1.1703 it/s=5.71 eta=0.7m
2026-02-10 22:54:04,094 - INFO - epoch=28 batch=800/1000 train_loss=1.1693 it/s=5.71 eta=0.6m
2026-02-10 22:54:12,979 - INFO - epoch=28 batch=850/1000 train_loss=1.1691 it/s=5.71 eta=0.4m
2026-02-10 22:54:21,781 - INFO - epoch=28 batch=900/1000 train_loss=1.1687 it/s=5.71 eta=0.3m
2026-02-10 22:54:30,719 - INFO - epoch=28 batch=950/1000 train_loss=1.1687 it/s=5.70 eta=0.1m
2026-02-10 22:54:39,571 - INFO - epoch=28 batch=1000/1000 train_loss=1.1689 it/s=5.70 eta=0.0m
2026-02-10 22:55:01,255 - INFO - epoch=28 train_loss=1.168929 val_loss=1.089703 best=1.092644@27
2026-02-10 22:55:10,338 - INFO - epoch=29 batch=50/1000 train_loss=1.1514 it/s=5.53 eta=2.9m
2026-02-10 22:55:19,222 - INFO - epoch=29 batch=100/1000 train_loss=1.1628 it/s=5.58 eta=2.7m
2026-02-10 22:55:28,068 - INFO - epoch=29 batch=150/1000 train_loss=1.1623 it/s=5.60 eta=2.5m
2026-02-10 22:55:36,923 - INFO - epoch=29 batch=200/1000 train_loss=1.1622 it/s=5.61 eta=2.4m
2026-02-10 22:55:45,732 - INFO - epoch=29 batch=250/1000 train_loss=1.1633 it/s=5.63 eta=2.2m
2026-02-10 22:55:54,617 - INFO - epoch=29 batch=300/1000 train_loss=1.1637 it/s=5.63 eta=2.1m
2026-02-10 22:56:03,223 - INFO - epoch=29 batch=350/1000 train_loss=1.1645 it/s=5.65 eta=1.9m
2026-02-10 22:56:11,998 - INFO - epoch=29 batch=400/1000 train_loss=1.1658 it/s=5.66 eta=1.8m
2026-02-10 22:56:20,860 - INFO - epoch=29 batch=450/1000 train_loss=1.1655 it/s=5.66 eta=1.6m
2026-02-10 22:56:29,700 - INFO - epoch=29 batch=500/1000 train_loss=1.1654 it/s=5.66 eta=1.5m
2026-02-10 22:56:38,460 - INFO - epoch=29 batch=550/1000 train_loss=1.1667 it/s=5.66 eta=1.3m
2026-02-10 22:56:47,320 - INFO - epoch=29 batch=600/1000 train_loss=1.1660 it/s=5.66 eta=1.2m
2026-02-10 22:56:56,180 - INFO - epoch=29 batch=650/1000 train_loss=1.1666 it/s=5.66 eta=1.0m
2026-02-10 22:57:04,775 - INFO - epoch=29 batch=700/1000 train_loss=1.1666 it/s=5.67 eta=0.9m
2026-02-10 22:57:13,207 - INFO - epoch=29 batch=750/1000 train_loss=1.1670 it/s=5.69 eta=0.7m
2026-02-10 22:57:21,459 - INFO - epoch=29 batch=800/1000 train_loss=1.1667 it/s=5.71 eta=0.6m
2026-02-10 22:57:30,815 - INFO - epoch=29 batch=850/1000 train_loss=1.1662 it/s=5.68 eta=0.4m
2026-02-10 22:57:40,205 - INFO - epoch=29 batch=900/1000 train_loss=1.1668 it/s=5.66 eta=0.3m
2026-02-10 22:57:49,355 - INFO - epoch=29 batch=950/1000 train_loss=1.1668 it/s=5.65 eta=0.1m
2026-02-10 22:57:58,679 - INFO - epoch=29 batch=1000/1000 train_loss=1.1668 it/s=5.64 eta=0.0m
2026-02-10 22:58:21,643 - INFO - epoch=29 train_loss=1.166759 val_loss=1.086659 best=1.089703@28
2026-02-10 22:58:31,242 - INFO - epoch=30 batch=50/1000 train_loss=1.1606 it/s=5.23 eta=3.0m
2026-02-10 22:58:40,429 - INFO - epoch=30 batch=100/1000 train_loss=1.1624 it/s=5.33 eta=2.8m
2026-02-10 22:58:49,805 - INFO - epoch=30 batch=150/1000 train_loss=1.1603 it/s=5.33 eta=2.7m
2026-02-10 22:58:59,097 - INFO - epoch=30 batch=200/1000 train_loss=1.1629 it/s=5.34 eta=2.5m
2026-02-10 22:59:08,246 - INFO - epoch=30 batch=250/1000 train_loss=1.1637 it/s=5.37 eta=2.3m
2026-02-10 22:59:17,647 - INFO - epoch=30 batch=300/1000 train_loss=1.1638 it/s=5.36 eta=2.2m
2026-02-10 22:59:26,639 - INFO - epoch=30 batch=350/1000 train_loss=1.1638 it/s=5.39 eta=2.0m
2026-02-10 22:59:36,034 - INFO - epoch=30 batch=400/1000 train_loss=1.1631 it/s=5.38 eta=1.9m
2026-02-10 22:59:45,058 - INFO - epoch=30 batch=450/1000 train_loss=1.1633 it/s=5.40 eta=1.7m
2026-02-10 22:59:54,558 - INFO - epoch=30 batch=500/1000 train_loss=1.1635 it/s=5.38 eta=1.5m
2026-02-10 23:00:03,790 - INFO - epoch=30 batch=550/1000 train_loss=1.1641 it/s=5.39 eta=1.4m
2026-02-10 23:00:12,977 - INFO - epoch=30 batch=600/1000 train_loss=1.1640 it/s=5.39 eta=1.2m
2026-02-10 23:00:22,295 - INFO - epoch=30 batch=650/1000 train_loss=1.1646 it/s=5.39 eta=1.1m
2026-02-10 23:00:31,405 - INFO - epoch=30 batch=700/1000 train_loss=1.1649 it/s=5.40 eta=0.9m
2026-02-10 23:00:40,833 - INFO - epoch=30 batch=750/1000 train_loss=1.1643 it/s=5.39 eta=0.8m
2026-02-10 23:00:49,931 - INFO - epoch=30 batch=800/1000 train_loss=1.1643 it/s=5.40 eta=0.6m
2026-02-10 23:00:59,244 - INFO - epoch=30 batch=850/1000 train_loss=1.1641 it/s=5.39 eta=0.5m
2026-02-10 23:01:07,770 - INFO - epoch=30 batch=900/1000 train_loss=1.1647 it/s=5.42 eta=0.3m
2026-02-10 23:01:16,003 - INFO - epoch=30 batch=950/1000 train_loss=1.1643 it/s=5.45 eta=0.2m
2026-02-10 23:01:26,331 - INFO - epoch=30 batch=1000/1000 train_loss=1.1641 it/s=5.42 eta=0.0m
2026-02-10 23:01:47,221 - INFO - epoch=30 train_loss=1.164131 val_loss=1.084498 best=1.086659@29
2026-02-10 23:01:55,837 - INFO - epoch=31 batch=50/1000 train_loss=1.1617 it/s=5.83 eta=2.7m
2026-02-10 23:02:04,032 - INFO - epoch=31 batch=100/1000 train_loss=1.1603 it/s=5.96 eta=2.5m
2026-02-10 23:02:12,216 - INFO - epoch=31 batch=150/1000 train_loss=1.1606 it/s=6.01 eta=2.4m
2026-02-10 23:02:20,403 - INFO - epoch=31 batch=200/1000 train_loss=1.1593 it/s=6.03 eta=2.2m
2026-02-10 23:02:28,604 - INFO - epoch=31 batch=250/1000 train_loss=1.1604 it/s=6.05 eta=2.1m
2026-02-10 23:02:36,805 - INFO - epoch=31 batch=300/1000 train_loss=1.1613 it/s=6.06 eta=1.9m
2026-02-10 23:02:44,918 - INFO - epoch=31 batch=350/1000 train_loss=1.1620 it/s=6.07 eta=1.8m
2026-02-10 23:02:53,130 - INFO - epoch=31 batch=400/1000 train_loss=1.1629 it/s=6.07 eta=1.6m
2026-02-10 23:03:01,286 - INFO - epoch=31 batch=450/1000 train_loss=1.1630 it/s=6.08 eta=1.5m
2026-02-10 23:03:09,461 - INFO - epoch=31 batch=500/1000 train_loss=1.1637 it/s=6.08 eta=1.4m
2026-02-10 23:03:17,645 - INFO - epoch=31 batch=550/1000 train_loss=1.1635 it/s=6.09 eta=1.2m
2026-02-10 23:03:25,847 - INFO - epoch=31 batch=600/1000 train_loss=1.1638 it/s=6.09 eta=1.1m
2026-02-10 23:03:34,010 - INFO - epoch=31 batch=650/1000 train_loss=1.1632 it/s=6.09 eta=1.0m
2026-02-10 23:03:42,228 - INFO - epoch=31 batch=700/1000 train_loss=1.1626 it/s=6.09 eta=0.8m
2026-02-10 23:03:50,443 - INFO - epoch=31 batch=750/1000 train_loss=1.1624 it/s=6.09 eta=0.7m
2026-02-10 23:03:58,606 - INFO - epoch=31 batch=800/1000 train_loss=1.1622 it/s=6.09 eta=0.5m
2026-02-10 23:04:06,773 - INFO - epoch=31 batch=850/1000 train_loss=1.1620 it/s=6.09 eta=0.4m
2026-02-10 23:04:15,440 - INFO - epoch=31 batch=900/1000 train_loss=1.1623 it/s=6.07 eta=0.3m
2026-02-10 23:04:23,671 - INFO - epoch=31 batch=950/1000 train_loss=1.1628 it/s=6.07 eta=0.1m
2026-02-10 23:04:31,831 - INFO - epoch=31 batch=1000/1000 train_loss=1.1624 it/s=6.08 eta=0.0m
2026-02-10 23:04:52,051 - INFO - epoch=31 train_loss=1.162414 val_loss=1.081981 best=1.084498@30
2026-02-10 23:05:00,499 - INFO - epoch=32 batch=50/1000 train_loss=1.1611 it/s=5.94 eta=2.7m
2026-02-10 23:05:08,669 - INFO - epoch=32 batch=100/1000 train_loss=1.1657 it/s=6.03 eta=2.5m
2026-02-10 23:05:16,822 - INFO - epoch=32 batch=150/1000 train_loss=1.1650 it/s=6.06 eta=2.3m
2026-02-10 23:05:25,004 - INFO - epoch=32 batch=200/1000 train_loss=1.1624 it/s=6.08 eta=2.2m
2026-02-10 23:05:33,211 - INFO - epoch=32 batch=250/1000 train_loss=1.1602 it/s=6.08 eta=2.1m
2026-02-10 23:05:41,433 - INFO - epoch=32 batch=300/1000 train_loss=1.1596 it/s=6.08 eta=1.9m
2026-02-10 23:05:49,605 - INFO - epoch=32 batch=350/1000 train_loss=1.1582 it/s=6.08 eta=1.8m
2026-02-10 23:05:57,758 - INFO - epoch=32 batch=400/1000 train_loss=1.1584 it/s=6.09 eta=1.6m
2026-02-10 23:06:05,955 - INFO - epoch=32 batch=450/1000 train_loss=1.1588 it/s=6.09 eta=1.5m
2026-02-10 23:06:14,104 - INFO - epoch=32 batch=500/1000 train_loss=1.1590 it/s=6.10 eta=1.4m
2026-02-10 23:06:22,277 - INFO - epoch=32 batch=550/1000 train_loss=1.1591 it/s=6.10 eta=1.2m
2026-02-10 23:06:30,475 - INFO - epoch=32 batch=600/1000 train_loss=1.1585 it/s=6.10 eta=1.1m
2026-02-10 23:06:38,674 - INFO - epoch=32 batch=650/1000 train_loss=1.1586 it/s=6.10 eta=1.0m
2026-02-10 23:06:46,832 - INFO - epoch=32 batch=700/1000 train_loss=1.1596 it/s=6.10 eta=0.8m
2026-02-10 23:06:55,077 - INFO - epoch=32 batch=750/1000 train_loss=1.1600 it/s=6.10 eta=0.7m
2026-02-10 23:07:03,204 - INFO - epoch=32 batch=800/1000 train_loss=1.1599 it/s=6.10 eta=0.5m
2026-02-10 23:07:11,411 - INFO - epoch=32 batch=850/1000 train_loss=1.1604 it/s=6.10 eta=0.4m
2026-02-10 23:07:19,586 - INFO - epoch=32 batch=900/1000 train_loss=1.1603 it/s=6.10 eta=0.3m
2026-02-10 23:07:27,777 - INFO - epoch=32 batch=950/1000 train_loss=1.1605 it/s=6.10 eta=0.1m
2026-02-10 23:07:35,941 - INFO - epoch=32 batch=1000/1000 train_loss=1.1602 it/s=6.10 eta=0.0m
2026-02-10 23:07:56,237 - INFO - epoch=32 train_loss=1.160200 val_loss=1.079183 best=1.081981@31
2026-02-10 23:08:04,729 - INFO - epoch=33 batch=50/1000 train_loss=1.1590 it/s=5.92 eta=2.7m
2026-02-10 23:08:12,865 - INFO - epoch=33 batch=100/1000 train_loss=1.1586 it/s=6.03 eta=2.5m
2026-02-10 23:08:21,070 - INFO - epoch=33 batch=150/1000 train_loss=1.1562 it/s=6.05 eta=2.3m
2026-02-10 23:08:29,230 - INFO - epoch=33 batch=200/1000 train_loss=1.1555 it/s=6.07 eta=2.2m
2026-02-10 23:08:37,440 - INFO - epoch=33 batch=250/1000 train_loss=1.1565 it/s=6.07 eta=2.1m
2026-02-10 23:08:45,626 - INFO - epoch=33 batch=300/1000 train_loss=1.1562 it/s=6.08 eta=1.9m
2026-02-10 23:08:53,814 - INFO - epoch=33 batch=350/1000 train_loss=1.1568 it/s=6.08 eta=1.8m
2026-02-10 23:09:02,007 - INFO - epoch=33 batch=400/1000 train_loss=1.1570 it/s=6.09 eta=1.6m
2026-02-10 23:09:10,226 - INFO - epoch=33 batch=450/1000 train_loss=1.1581 it/s=6.09 eta=1.5m
2026-02-10 23:09:18,593 - INFO - epoch=33 batch=500/1000 train_loss=1.1579 it/s=6.07 eta=1.4m
2026-02-10 23:09:28,619 - INFO - epoch=33 batch=550/1000 train_loss=1.1573 it/s=5.96 eta=1.3m
2026-02-10 23:09:38,601 - INFO - epoch=33 batch=600/1000 train_loss=1.1570 it/s=5.86 eta=1.1m
2026-02-10 23:09:48,506 - INFO - epoch=33 batch=650/1000 train_loss=1.1572 it/s=5.79 eta=1.0m
2026-02-10 23:09:58,548 - INFO - epoch=33 batch=700/1000 train_loss=1.1568 it/s=5.72 eta=0.9m
2026-02-10 23:10:08,278 - INFO - epoch=33 batch=750/1000 train_loss=1.1566 it/s=5.68 eta=0.7m
2026-02-10 23:10:18,337 - INFO - epoch=33 batch=800/1000 train_loss=1.1567 it/s=5.63 eta=0.6m
2026-02-10 23:10:28,205 - INFO - epoch=33 batch=850/1000 train_loss=1.1565 it/s=5.59 eta=0.4m
2026-02-10 23:10:38,202 - INFO - epoch=33 batch=900/1000 train_loss=1.1568 it/s=5.56 eta=0.3m
2026-02-10 23:10:48,107 - INFO - epoch=33 batch=950/1000 train_loss=1.1571 it/s=5.53 eta=0.2m
2026-02-10 23:10:58,091 - INFO - epoch=33 batch=1000/1000 train_loss=1.1576 it/s=5.50 eta=0.0m
2026-02-10 23:11:21,922 - INFO - epoch=33 train_loss=1.157611 val_loss=1.077304 best=1.079183@32
2026-02-10 23:11:32,206 - INFO - epoch=34 batch=50/1000 train_loss=1.1598 it/s=4.88 eta=3.2m
2026-02-10 23:11:42,171 - INFO - epoch=34 batch=100/1000 train_loss=1.1562 it/s=4.95 eta=3.0m
2026-02-10 23:11:52,018 - INFO - epoch=34 batch=150/1000 train_loss=1.1583 it/s=4.99 eta=2.8m
2026-02-10 23:12:01,992 - INFO - epoch=34 batch=200/1000 train_loss=1.1585 it/s=5.00 eta=2.7m
2026-02-10 23:12:11,984 - INFO - epoch=34 batch=250/1000 train_loss=1.1576 it/s=5.00 eta=2.5m
2026-02-10 23:12:21,760 - INFO - epoch=34 batch=300/1000 train_loss=1.1582 it/s=5.02 eta=2.3m
2026-02-10 23:12:31,737 - INFO - epoch=34 batch=350/1000 train_loss=1.1568 it/s=5.02 eta=2.2m
2026-02-10 23:12:41,631 - INFO - epoch=34 batch=400/1000 train_loss=1.1568 it/s=5.02 eta=2.0m
2026-02-10 23:12:51,545 - INFO - epoch=34 batch=450/1000 train_loss=1.1572 it/s=5.02 eta=1.8m
2026-02-10 23:13:01,591 - INFO - epoch=34 batch=500/1000 train_loss=1.1565 it/s=5.02 eta=1.7m
2026-02-10 23:13:11,473 - INFO - epoch=34 batch=550/1000 train_loss=1.1567 it/s=5.02 eta=1.5m
2026-02-10 23:13:21,225 - INFO - epoch=34 batch=600/1000 train_loss=1.1566 it/s=5.03 eta=1.3m
2026-02-10 23:13:30,298 - INFO - epoch=34 batch=650/1000 train_loss=1.1566 it/s=5.06 eta=1.2m
2026-02-10 23:13:40,316 - INFO - epoch=34 batch=700/1000 train_loss=1.1563 it/s=5.06 eta=1.0m
2026-02-10 23:13:50,393 - INFO - epoch=34 batch=750/1000 train_loss=1.1561 it/s=5.05 eta=0.8m
2026-02-10 23:14:00,257 - INFO - epoch=34 batch=800/1000 train_loss=1.1562 it/s=5.05 eta=0.7m
2026-02-10 23:14:10,238 - INFO - epoch=34 batch=850/1000 train_loss=1.1564 it/s=5.05 eta=0.5m
2026-02-10 23:14:20,113 - INFO - epoch=34 batch=900/1000 train_loss=1.1567 it/s=5.05 eta=0.3m
2026-02-10 23:14:30,142 - INFO - epoch=34 batch=950/1000 train_loss=1.1568 it/s=5.05 eta=0.2m
2026-02-10 23:14:40,171 - INFO - epoch=34 batch=1000/1000 train_loss=1.1566 it/s=5.05 eta=0.0m
2026-02-10 23:15:05,084 - INFO - epoch=34 train_loss=1.156569 val_loss=1.074039 best=1.077304@33
2026-02-10 23:15:15,506 - INFO - epoch=35 batch=50/1000 train_loss=1.1475 it/s=4.81 eta=3.3m
2026-02-10 23:15:25,115 - INFO - epoch=35 batch=100/1000 train_loss=1.1485 it/s=5.00 eta=3.0m
2026-02-10 23:15:34,219 - INFO - epoch=35 batch=150/1000 train_loss=1.1502 it/s=5.15 eta=2.7m
2026-02-10 23:15:44,195 - INFO - epoch=35 batch=200/1000 train_loss=1.1493 it/s=5.12 eta=2.6m
2026-02-10 23:15:54,099 - INFO - epoch=35 batch=250/1000 train_loss=1.1462 it/s=5.10 eta=2.4m
2026-02-10 23:16:04,035 - INFO - epoch=35 batch=300/1000 train_loss=1.1459 it/s=5.09 eta=2.3m
2026-02-10 23:16:13,950 - INFO - epoch=35 batch=350/1000 train_loss=1.1458 it/s=5.08 eta=2.1m
2026-02-10 23:16:23,988 - INFO - epoch=35 batch=400/1000 train_loss=1.1466 it/s=5.07 eta=2.0m
2026-02-10 23:16:33,843 - INFO - epoch=35 batch=450/1000 train_loss=1.1473 it/s=5.07 eta=1.8m
2026-02-10 23:16:43,784 - INFO - epoch=35 batch=500/1000 train_loss=1.1473 it/s=5.07 eta=1.6m
2026-02-10 23:16:53,713 - INFO - epoch=35 batch=550/1000 train_loss=1.1473 it/s=5.06 eta=1.5m
2026-02-10 23:17:03,728 - INFO - epoch=35 batch=600/1000 train_loss=1.1476 it/s=5.06 eta=1.3m
2026-02-10 23:17:13,623 - INFO - epoch=35 batch=650/1000 train_loss=1.1479 it/s=5.06 eta=1.2m
2026-02-10 23:17:23,715 - INFO - epoch=35 batch=700/1000 train_loss=1.1486 it/s=5.05 eta=1.0m
2026-02-10 23:17:33,451 - INFO - epoch=35 batch=750/1000 train_loss=1.1486 it/s=5.06 eta=0.8m
2026-02-10 23:17:42,644 - INFO - epoch=35 batch=800/1000 train_loss=1.1490 it/s=5.08 eta=0.7m
2026-02-10 23:17:52,515 - INFO - epoch=35 batch=850/1000 train_loss=1.1494 it/s=5.08 eta=0.5m
2026-02-10 23:18:02,400 - INFO - epoch=35 batch=900/1000 train_loss=1.1494 it/s=5.08 eta=0.3m
2026-02-10 23:18:12,427 - INFO - epoch=35 batch=950/1000 train_loss=1.1495 it/s=5.07 eta=0.2m
2026-02-10 23:18:22,465 - INFO - epoch=35 batch=1000/1000 train_loss=1.1496 it/s=5.07 eta=0.0m
2026-02-10 23:18:47,512 - INFO - epoch=35 train_loss=1.149567 val_loss=1.072247 best=1.074039@34
2026-02-10 23:18:57,842 - INFO - epoch=36 batch=50/1000 train_loss=1.1492 it/s=4.86 eta=3.3m
2026-02-10 23:19:07,892 - INFO - epoch=36 batch=100/1000 train_loss=1.1503 it/s=4.91 eta=3.1m
2026-02-10 23:19:17,752 - INFO - epoch=36 batch=150/1000 train_loss=1.1515 it/s=4.97 eta=2.9m
2026-02-10 23:19:27,750 - INFO - epoch=36 batch=200/1000 train_loss=1.1523 it/s=4.97 eta=2.7m
2026-02-10 23:19:37,303 - INFO - epoch=36 batch=250/1000 train_loss=1.1516 it/s=5.02 eta=2.5m
2026-02-10 23:19:46,501 - INFO - epoch=36 batch=300/1000 train_loss=1.1500 it/s=5.09 eta=2.3m
2026-02-10 23:19:56,511 - INFO - epoch=36 batch=350/1000 train_loss=1.1491 it/s=5.07 eta=2.1m
2026-02-10 23:20:06,522 - INFO - epoch=36 batch=400/1000 train_loss=1.1487 it/s=5.06 eta=2.0m
2026-02-10 23:20:16,401 - INFO - epoch=36 batch=450/1000 train_loss=1.1481 it/s=5.06 eta=1.8m
2026-02-10 23:20:26,370 - INFO - epoch=36 batch=500/1000 train_loss=1.1480 it/s=5.06 eta=1.6m
2026-02-10 23:20:36,201 - INFO - epoch=36 batch=550/1000 train_loss=1.1478 it/s=5.06 eta=1.5m
2026-02-10 23:20:46,290 - INFO - epoch=36 batch=600/1000 train_loss=1.1485 it/s=5.05 eta=1.3m
2026-02-10 23:20:56,210 - INFO - epoch=36 batch=650/1000 train_loss=1.1476 it/s=5.05 eta=1.2m
2026-02-10 23:21:06,182 - INFO - epoch=36 batch=700/1000 train_loss=1.1481 it/s=5.05 eta=1.0m
2026-02-10 23:21:16,104 - INFO - epoch=36 batch=750/1000 train_loss=1.1485 it/s=5.05 eta=0.8m
2026-02-10 23:21:26,063 - INFO - epoch=36 batch=800/1000 train_loss=1.1485 it/s=5.05 eta=0.7m
2026-02-10 23:21:35,938 - INFO - epoch=36 batch=850/1000 train_loss=1.1487 it/s=5.05 eta=0.5m
2026-02-10 23:21:45,566 - INFO - epoch=36 batch=900/1000 train_loss=1.1483 it/s=5.06 eta=0.3m
2026-02-10 23:21:54,857 - INFO - epoch=36 batch=950/1000 train_loss=1.1483 it/s=5.07 eta=0.2m
2026-02-10 23:22:04,733 - INFO - epoch=36 batch=1000/1000 train_loss=1.1477 it/s=5.07 eta=0.0m
2026-02-10 23:22:29,644 - INFO - epoch=36 train_loss=1.147735 val_loss=1.069569 best=1.072247@35
2026-02-10 23:22:39,892 - INFO - epoch=37 batch=50/1000 train_loss=1.1558 it/s=4.89 eta=3.2m
2026-02-10 23:22:49,962 - INFO - epoch=37 batch=100/1000 train_loss=1.1480 it/s=4.93 eta=3.0m
2026-02-10 23:22:59,986 - INFO - epoch=37 batch=150/1000 train_loss=1.1482 it/s=4.95 eta=2.9m
2026-02-10 23:23:09,869 - INFO - epoch=37 batch=200/1000 train_loss=1.1503 it/s=4.98 eta=2.7m
2026-02-10 23:23:19,857 - INFO - epoch=37 batch=250/1000 train_loss=1.1501 it/s=4.98 eta=2.5m
2026-02-10 23:23:29,713 - INFO - epoch=37 batch=300/1000 train_loss=1.1477 it/s=5.00 eta=2.3m
2026-02-10 23:23:39,728 - INFO - epoch=37 batch=350/1000 train_loss=1.1475 it/s=5.00 eta=2.2m
2026-02-10 23:23:49,328 - INFO - epoch=37 batch=400/1000 train_loss=1.1485 it/s=5.02 eta=2.0m
2026-02-10 23:23:58,157 - INFO - epoch=37 batch=450/1000 train_loss=1.1477 it/s=5.09 eta=1.8m
2026-02-10 23:24:06,649 - INFO - epoch=37 batch=500/1000 train_loss=1.1473 it/s=5.16 eta=1.6m
2026-02-10 23:24:14,878 - INFO - epoch=37 batch=550/1000 train_loss=1.1473 it/s=5.23 eta=1.4m
2026-02-10 23:24:24,286 - INFO - epoch=37 batch=600/1000 train_loss=1.1483 it/s=5.24 eta=1.3m
2026-02-10 23:24:33,728 - INFO - epoch=37 batch=650/1000 train_loss=1.1483 it/s=5.24 eta=1.1m
2026-02-10 23:24:43,607 - INFO - epoch=37 batch=700/1000 train_loss=1.1477 it/s=5.23 eta=1.0m
2026-02-10 23:24:55,185 - INFO - epoch=37 batch=750/1000 train_loss=1.1468 it/s=5.15 eta=0.8m
2026-02-10 23:25:06,658 - INFO - epoch=37 batch=800/1000 train_loss=1.1461 it/s=5.10 eta=0.7m
2026-02-10 23:25:18,139 - INFO - epoch=37 batch=850/1000 train_loss=1.1459 it/s=5.05 eta=0.5m
2026-02-10 23:25:29,532 - INFO - epoch=37 batch=900/1000 train_loss=1.1461 it/s=5.00 eta=0.3m
2026-02-10 23:25:41,133 - INFO - epoch=37 batch=950/1000 train_loss=1.1460 it/s=4.96 eta=0.2m
2026-02-10 23:25:52,496 - INFO - epoch=37 batch=1000/1000 train_loss=1.1457 it/s=4.93 eta=0.0m
2026-02-10 23:26:21,738 - INFO - epoch=37 train_loss=1.145693 val_loss=1.067052 best=1.069569@36
2026-02-10 23:26:33,581 - INFO - epoch=38 batch=50/1000 train_loss=1.1487 it/s=4.23 eta=3.7m
2026-02-10 23:26:45,093 - INFO - epoch=38 batch=100/1000 train_loss=1.1426 it/s=4.29 eta=3.5m
2026-02-10 23:26:56,530 - INFO - epoch=38 batch=150/1000 train_loss=1.1472 it/s=4.32 eta=3.3m
2026-02-10 23:27:07,979 - INFO - epoch=38 batch=200/1000 train_loss=1.1473 it/s=4.33 eta=3.1m
2026-02-10 23:27:19,398 - INFO - epoch=38 batch=250/1000 train_loss=1.1502 it/s=4.34 eta=2.9m
2026-02-10 23:27:30,973 - INFO - epoch=38 batch=300/1000 train_loss=1.1500 it/s=4.34 eta=2.7m
2026-02-10 23:27:42,521 - INFO - epoch=38 batch=350/1000 train_loss=1.1485 it/s=4.33 eta=2.5m
2026-02-10 23:27:53,983 - INFO - epoch=38 batch=400/1000 train_loss=1.1489 it/s=4.34 eta=2.3m
2026-02-10 23:28:05,081 - INFO - epoch=38 batch=450/1000 train_loss=1.1474 it/s=4.36 eta=2.1m
2026-02-10 23:28:16,054 - INFO - epoch=38 batch=500/1000 train_loss=1.1466 it/s=4.38 eta=1.9m
2026-02-10 23:28:27,259 - INFO - epoch=38 batch=550/1000 train_loss=1.1466 it/s=4.38 eta=1.7m
2026-02-10 23:28:38,946 - INFO - epoch=38 batch=600/1000 train_loss=1.1466 it/s=4.37 eta=1.5m
2026-02-10 23:28:50,548 - INFO - epoch=38 batch=650/1000 train_loss=1.1456 it/s=4.37 eta=1.3m
2026-02-10 23:29:01,969 - INFO - epoch=38 batch=700/1000 train_loss=1.1459 it/s=4.37 eta=1.1m
2026-02-10 23:29:12,515 - INFO - epoch=38 batch=750/1000 train_loss=1.1455 it/s=4.39 eta=0.9m
2026-02-10 23:29:22,882 - INFO - epoch=38 batch=800/1000 train_loss=1.1457 it/s=4.42 eta=0.8m
2026-02-10 23:29:33,855 - INFO - epoch=38 batch=850/1000 train_loss=1.1450 it/s=4.43 eta=0.6m
2026-02-10 23:29:45,190 - INFO - epoch=38 batch=900/1000 train_loss=1.1452 it/s=4.42 eta=0.4m
2026-02-10 23:29:56,613 - INFO - epoch=38 batch=950/1000 train_loss=1.1449 it/s=4.42 eta=0.2m
2026-02-10 23:30:08,186 - INFO - epoch=38 batch=1000/1000 train_loss=1.1449 it/s=4.42 eta=0.0m
2026-02-10 23:30:37,308 - INFO - epoch=38 train_loss=1.144879 val_loss=1.064595 best=1.067052@37
2026-02-10 23:30:49,124 - INFO - epoch=39 batch=50/1000 train_loss=1.1560 it/s=4.24 eta=3.7m
2026-02-10 23:31:00,688 - INFO - epoch=39 batch=100/1000 train_loss=1.1470 it/s=4.28 eta=3.5m
2026-02-10 23:31:11,974 - INFO - epoch=39 batch=150/1000 train_loss=1.1464 it/s=4.33 eta=3.3m
2026-02-10 23:31:23,505 - INFO - epoch=39 batch=200/1000 train_loss=1.1454 it/s=4.33 eta=3.1m
2026-02-10 23:31:34,893 - INFO - epoch=39 batch=250/1000 train_loss=1.1451 it/s=4.34 eta=2.9m
2026-02-10 23:31:46,616 - INFO - epoch=39 batch=300/1000 train_loss=1.1442 it/s=4.33 eta=2.7m
2026-02-10 23:31:57,904 - INFO - epoch=39 batch=350/1000 train_loss=1.1434 it/s=4.34 eta=2.5m
2026-02-10 23:32:09,384 - INFO - epoch=39 batch=400/1000 train_loss=1.1427 it/s=4.35 eta=2.3m
2026-02-10 23:32:20,367 - INFO - epoch=39 batch=450/1000 train_loss=1.1426 it/s=4.37 eta=2.1m
2026-02-10 23:32:31,241 - INFO - epoch=39 batch=500/1000 train_loss=1.1435 it/s=4.39 eta=1.9m
2026-02-10 23:32:42,512 - INFO - epoch=39 batch=550/1000 train_loss=1.1431 it/s=4.39 eta=1.7m
2026-02-10 23:32:53,958 - INFO - epoch=39 batch=600/1000 train_loss=1.1435 it/s=4.39 eta=1.5m
2026-02-10 23:33:05,455 - INFO - epoch=39 batch=650/1000 train_loss=1.1440 it/s=4.39 eta=1.3m
2026-02-10 23:33:17,085 - INFO - epoch=39 batch=700/1000 train_loss=1.1440 it/s=4.38 eta=1.1m
2026-02-10 23:33:28,519 - INFO - epoch=39 batch=750/1000 train_loss=1.1436 it/s=4.38 eta=1.0m
2026-02-10 23:33:39,939 - INFO - epoch=39 batch=800/1000 train_loss=1.1433 it/s=4.38 eta=0.8m
2026-02-10 23:33:51,177 - INFO - epoch=39 batch=850/1000 train_loss=1.1434 it/s=4.39 eta=0.6m
2026-02-10 23:34:01,436 - INFO - epoch=39 batch=900/1000 train_loss=1.1430 it/s=4.41 eta=0.4m
2026-02-10 23:34:11,991 - INFO - epoch=39 batch=950/1000 train_loss=1.1436 it/s=4.43 eta=0.2m
2026-02-10 23:34:23,435 - INFO - epoch=39 batch=1000/1000 train_loss=1.1438 it/s=4.42 eta=0.0m
2026-02-10 23:34:52,446 - INFO - epoch=39 train_loss=1.143811 val_loss=1.062534 best=1.064595@38
2026-02-10 23:35:04,284 - INFO - epoch=40 batch=50/1000 train_loss=1.1372 it/s=4.24 eta=3.7m
2026-02-10 23:35:15,737 - INFO - epoch=40 batch=100/1000 train_loss=1.1417 it/s=4.30 eta=3.5m
2026-02-10 23:35:27,397 - INFO - epoch=40 batch=150/1000 train_loss=1.1429 it/s=4.30 eta=3.3m
2026-02-10 23:35:39,047 - INFO - epoch=40 batch=200/1000 train_loss=1.1443 it/s=4.30 eta=3.1m
2026-02-10 23:35:50,355 - INFO - epoch=40 batch=250/1000 train_loss=1.1423 it/s=4.32 eta=2.9m
2026-02-10 23:36:01,824 - INFO - epoch=40 batch=300/1000 train_loss=1.1427 it/s=4.33 eta=2.7m
2026-02-10 23:36:13,463 - INFO - epoch=40 batch=350/1000 train_loss=1.1429 it/s=4.32 eta=2.5m
2026-02-10 23:36:24,900 - INFO - epoch=40 batch=400/1000 train_loss=1.1420 it/s=4.33 eta=2.3m
2026-02-10 23:36:35,699 - INFO - epoch=40 batch=450/1000 train_loss=1.1424 it/s=4.36 eta=2.1m
2026-02-10 23:36:46,815 - INFO - epoch=40 batch=500/1000 train_loss=1.1414 it/s=4.37 eta=1.9m
2026-02-10 23:36:58,141 - INFO - epoch=40 batch=550/1000 train_loss=1.1408 it/s=4.38 eta=1.7m
2026-02-10 23:37:09,343 - INFO - epoch=40 batch=600/1000 train_loss=1.1408 it/s=4.38 eta=1.5m
2026-02-10 23:37:20,935 - INFO - epoch=40 batch=650/1000 train_loss=1.1405 it/s=4.38 eta=1.3m
2026-02-10 23:37:32,436 - INFO - epoch=40 batch=700/1000 train_loss=1.1410 it/s=4.38 eta=1.1m
2026-02-10 23:37:44,004 - INFO - epoch=40 batch=750/1000 train_loss=1.1404 it/s=4.37 eta=1.0m
2026-02-10 23:37:55,575 - INFO - epoch=40 batch=800/1000 train_loss=1.1406 it/s=4.37 eta=0.8m
2026-02-10 23:38:06,969 - INFO - epoch=40 batch=850/1000 train_loss=1.1408 it/s=4.37 eta=0.6m
2026-02-10 23:38:18,603 - INFO - epoch=40 batch=900/1000 train_loss=1.1410 it/s=4.37 eta=0.4m
2026-02-10 23:38:29,895 - INFO - epoch=40 batch=950/1000 train_loss=1.1413 it/s=4.37 eta=0.2m
2026-02-10 23:38:40,475 - INFO - epoch=40 batch=1000/1000 train_loss=1.1412 it/s=4.39 eta=0.0m
2026-02-10 23:39:07,821 - INFO - epoch=40 train_loss=1.141238 val_loss=1.061857 best=1.062534@39
2026-02-10 23:39:19,490 - INFO - epoch=41 batch=50/1000 train_loss=1.1378 it/s=4.30 eta=3.7m
2026-02-10 23:39:30,966 - INFO - epoch=41 batch=100/1000 train_loss=1.1331 it/s=4.33 eta=3.5m
2026-02-10 23:39:42,387 - INFO - epoch=41 batch=150/1000 train_loss=1.1307 it/s=4.34 eta=3.3m
2026-02-10 23:39:53,816 - INFO - epoch=41 batch=200/1000 train_loss=1.1341 it/s=4.35 eta=3.1m
2026-02-10 23:40:05,388 - INFO - epoch=41 batch=250/1000 train_loss=1.1333 it/s=4.34 eta=2.9m
2026-02-10 23:40:16,876 - INFO - epoch=41 batch=300/1000 train_loss=1.1354 it/s=4.35 eta=2.7m
2026-02-10 23:40:28,332 - INFO - epoch=41 batch=350/1000 train_loss=1.1362 it/s=4.35 eta=2.5m
2026-02-10 23:40:39,866 - INFO - epoch=41 batch=400/1000 train_loss=1.1375 it/s=4.35 eta=2.3m
2026-02-10 23:40:51,008 - INFO - epoch=41 batch=450/1000 train_loss=1.1373 it/s=4.36 eta=2.1m
2026-02-10 23:41:01,955 - INFO - epoch=41 batch=500/1000 train_loss=1.1372 it/s=4.38 eta=1.9m
2026-02-10 23:41:13,090 - INFO - epoch=41 batch=550/1000 train_loss=1.1376 it/s=4.39 eta=1.7m
2026-02-10 23:41:24,574 - INFO - epoch=41 batch=600/1000 train_loss=1.1385 it/s=4.39 eta=1.5m
2026-02-10 23:41:35,950 - INFO - epoch=41 batch=650/1000 train_loss=1.1388 it/s=4.39 eta=1.3m
2026-02-10 23:41:47,378 - INFO - epoch=41 batch=700/1000 train_loss=1.1392 it/s=4.39 eta=1.1m
2026-02-10 23:41:58,948 - INFO - epoch=41 batch=750/1000 train_loss=1.1396 it/s=4.38 eta=1.0m
2026-02-10 23:42:10,113 - INFO - epoch=41 batch=800/1000 train_loss=1.1396 it/s=4.39 eta=0.8m
2026-02-10 23:42:21,659 - INFO - epoch=41 batch=850/1000 train_loss=1.1393 it/s=4.39 eta=0.6m
2026-02-10 23:42:33,168 - INFO - epoch=41 batch=900/1000 train_loss=1.1397 it/s=4.38 eta=0.4m
2026-02-10 23:42:44,604 - INFO - epoch=41 batch=950/1000 train_loss=1.1398 it/s=4.38 eta=0.2m
2026-02-10 23:42:55,965 - INFO - epoch=41 batch=1000/1000 train_loss=1.1397 it/s=4.38 eta=0.0m
2026-02-10 23:43:23,741 - INFO - epoch=41 train_loss=1.139673 val_loss=1.058645 best=1.061857@40
2026-02-10 23:43:34,169 - INFO - epoch=42 batch=50/1000 train_loss=1.1350 it/s=4.81 eta=3.3m
2026-02-10 23:43:45,474 - INFO - epoch=42 batch=100/1000 train_loss=1.1343 it/s=4.61 eta=3.3m
2026-02-10 23:43:57,036 - INFO - epoch=42 batch=150/1000 train_loss=1.1327 it/s=4.51 eta=3.1m
2026-02-10 23:44:08,301 - INFO - epoch=42 batch=200/1000 train_loss=1.1315 it/s=4.49 eta=3.0m
2026-02-10 23:44:19,799 - INFO - epoch=42 batch=250/1000 train_loss=1.1327 it/s=4.46 eta=2.8m
2026-02-10 23:44:31,242 - INFO - epoch=42 batch=300/1000 train_loss=1.1326 it/s=4.45 eta=2.6m
2026-02-10 23:44:42,666 - INFO - epoch=42 batch=350/1000 train_loss=1.1339 it/s=4.44 eta=2.4m
2026-02-10 23:44:53,957 - INFO - epoch=42 batch=400/1000 train_loss=1.1357 it/s=4.44 eta=2.3m
2026-02-10 23:45:04,911 - INFO - epoch=42 batch=450/1000 train_loss=1.1356 it/s=4.45 eta=2.1m
2026-02-10 23:45:15,648 - INFO - epoch=42 batch=500/1000 train_loss=1.1364 it/s=4.47 eta=1.9m
2026-02-10 23:45:27,023 - INFO - epoch=42 batch=550/1000 train_loss=1.1362 it/s=4.46 eta=1.7m
2026-02-10 23:45:38,492 - INFO - epoch=42 batch=600/1000 train_loss=1.1358 it/s=4.45 eta=1.5m
2026-02-10 23:45:50,163 - INFO - epoch=42 batch=650/1000 train_loss=1.1351 it/s=4.44 eta=1.3m
2026-02-10 23:46:01,538 - INFO - epoch=42 batch=700/1000 train_loss=1.1354 it/s=4.44 eta=1.1m
2026-02-10 23:46:13,011 - INFO - epoch=42 batch=750/1000 train_loss=1.1352 it/s=4.43 eta=0.9m
2026-02-10 23:46:24,402 - INFO - epoch=42 batch=800/1000 train_loss=1.1354 it/s=4.43 eta=0.8m
2026-02-10 23:46:36,219 - INFO - epoch=42 batch=850/1000 train_loss=1.1356 it/s=4.42 eta=0.6m
2026-02-10 23:46:47,437 - INFO - epoch=42 batch=900/1000 train_loss=1.1351 it/s=4.42 eta=0.4m
2026-02-10 23:46:59,017 - INFO - epoch=42 batch=950/1000 train_loss=1.1351 it/s=4.41 eta=0.2m
2026-02-10 23:47:10,484 - INFO - epoch=42 batch=1000/1000 train_loss=1.1353 it/s=4.41 eta=0.0m
2026-02-10 23:47:39,518 - INFO - epoch=42 train_loss=1.135337 val_loss=1.056715 best=1.058645@41
2026-02-10 23:47:51,459 - INFO - epoch=43 batch=50/1000 train_loss=1.1354 it/s=4.20 eta=3.8m
2026-02-10 23:48:01,864 - INFO - epoch=43 batch=100/1000 train_loss=1.1365 it/s=4.48 eta=3.3m
2026-02-10 23:48:11,962 - INFO - epoch=43 batch=150/1000 train_loss=1.1410 it/s=4.63 eta=3.1m
2026-02-10 23:48:22,739 - INFO - epoch=43 batch=200/1000 train_loss=1.1424 it/s=4.63 eta=2.9m
2026-02-10 23:48:34,138 - INFO - epoch=43 batch=250/1000 train_loss=1.1414 it/s=4.58 eta=2.7m
2026-02-10 23:48:45,692 - INFO - epoch=43 batch=300/1000 train_loss=1.1389 it/s=4.54 eta=2.6m
2026-02-10 23:48:57,074 - INFO - epoch=43 batch=350/1000 train_loss=1.1391 it/s=4.51 eta=2.4m
2026-02-10 23:49:08,616 - INFO - epoch=43 batch=400/1000 train_loss=1.1385 it/s=4.49 eta=2.2m
2026-02-10 23:49:19,702 - INFO - epoch=43 batch=450/1000 train_loss=1.1387 it/s=4.49 eta=2.0m
2026-02-10 23:49:30,513 - INFO - epoch=43 batch=500/1000 train_loss=1.1384 it/s=4.51 eta=1.8m
2026-02-10 23:49:41,711 - INFO - epoch=43 batch=550/1000 train_loss=1.1374 it/s=4.50 eta=1.7m
2026-02-10 23:49:53,063 - INFO - epoch=43 batch=600/1000 train_loss=1.1373 it/s=4.49 eta=1.5m
2026-02-10 23:50:04,705 - INFO - epoch=43 batch=650/1000 train_loss=1.1372 it/s=4.48 eta=1.3m
2026-02-10 23:50:16,208 - INFO - epoch=43 batch=700/1000 train_loss=1.1361 it/s=4.47 eta=1.1m
2026-02-10 23:50:27,988 - INFO - epoch=43 batch=750/1000 train_loss=1.1359 it/s=4.45 eta=0.9m
2026-02-10 23:50:39,500 - INFO - epoch=43 batch=800/1000 train_loss=1.1359 it/s=4.45 eta=0.7m
2026-02-10 23:50:51,046 - INFO - epoch=43 batch=850/1000 train_loss=1.1358 it/s=4.44 eta=0.6m
2026-02-10 23:51:02,466 - INFO - epoch=43 batch=900/1000 train_loss=1.1353 it/s=4.44 eta=0.4m
2026-02-10 23:51:13,903 - INFO - epoch=43 batch=950/1000 train_loss=1.1355 it/s=4.43 eta=0.2m
2026-02-10 23:51:25,193 - INFO - epoch=43 batch=1000/1000 train_loss=1.1357 it/s=4.43 eta=0.0m
2026-02-10 23:51:54,144 - INFO - epoch=43 train_loss=1.135731 val_loss=1.054562 best=1.056715@42
2026-02-10 23:52:06,013 - INFO - epoch=44 batch=50/1000 train_loss=1.1246 it/s=4.23 eta=3.7m
2026-02-10 23:52:17,581 - INFO - epoch=44 batch=100/1000 train_loss=1.1281 it/s=4.27 eta=3.5m
2026-02-10 23:52:28,734 - INFO - epoch=44 batch=150/1000 train_loss=1.1289 it/s=4.34 eta=3.3m
2026-02-10 23:52:40,105 - INFO - epoch=44 batch=200/1000 train_loss=1.1307 it/s=4.36 eta=3.1m
2026-02-10 23:52:50,408 - INFO - epoch=44 batch=250/1000 train_loss=1.1328 it/s=4.45 eta=2.8m
2026-02-10 23:53:00,617 - INFO - epoch=44 batch=300/1000 train_loss=1.1351 it/s=4.52 eta=2.6m
2026-02-10 23:53:11,995 - INFO - epoch=44 batch=350/1000 train_loss=1.1354 it/s=4.50 eta=2.4m
2026-02-10 23:53:23,233 - INFO - epoch=44 batch=400/1000 train_loss=1.1348 it/s=4.49 eta=2.2m
2026-02-10 23:53:34,303 - INFO - epoch=44 batch=450/1000 train_loss=1.1349 it/s=4.49 eta=2.0m
2026-02-10 23:53:45,187 - INFO - epoch=44 batch=500/1000 train_loss=1.1357 it/s=4.50 eta=1.9m
2026-02-10 23:53:56,481 - INFO - epoch=44 batch=550/1000 train_loss=1.1359 it/s=4.50 eta=1.7m
2026-02-10 23:54:08,084 - INFO - epoch=44 batch=600/1000 train_loss=1.1352 it/s=4.48 eta=1.5m
2026-02-10 23:54:19,408 - INFO - epoch=44 batch=650/1000 train_loss=1.1352 it/s=4.48 eta=1.3m
2026-02-10 23:54:30,970 - INFO - epoch=44 batch=700/1000 train_loss=1.1349 it/s=4.46 eta=1.1m
2026-02-10 23:54:42,380 - INFO - epoch=44 batch=750/1000 train_loss=1.1352 it/s=4.46 eta=0.9m
2026-02-10 23:54:53,909 - INFO - epoch=44 batch=800/1000 train_loss=1.1351 it/s=4.45 eta=0.7m
2026-02-10 23:55:05,189 - INFO - epoch=44 batch=850/1000 train_loss=1.1346 it/s=4.45 eta=0.6m
2026-02-10 23:55:16,724 - INFO - epoch=44 batch=900/1000 train_loss=1.1344 it/s=4.44 eta=0.4m
2026-02-10 23:55:28,264 - INFO - epoch=44 batch=950/1000 train_loss=1.1346 it/s=4.44 eta=0.2m
2026-02-10 23:55:39,734 - INFO - epoch=44 batch=1000/1000 train_loss=1.1343 it/s=4.43 eta=0.0m
2026-02-10 23:56:08,811 - INFO - epoch=44 train_loss=1.134251 val_loss=1.053200 best=1.054562@43
2026-02-10 23:56:20,560 - INFO - epoch=45 batch=50/1000 train_loss=1.1347 it/s=4.27 eta=3.7m
2026-02-10 23:56:32,004 - INFO - epoch=45 batch=100/1000 train_loss=1.1337 it/s=4.32 eta=3.5m
2026-02-10 23:56:43,336 - INFO - epoch=45 batch=150/1000 train_loss=1.1342 it/s=4.35 eta=3.3m
2026-02-10 23:56:54,865 - INFO - epoch=45 batch=200/1000 train_loss=1.1322 it/s=4.35 eta=3.1m
2026-02-10 23:57:06,212 - INFO - epoch=45 batch=250/1000 train_loss=1.1316 it/s=4.36 eta=2.9m
2026-02-10 23:57:18,025 - INFO - epoch=45 batch=300/1000 train_loss=1.1326 it/s=4.34 eta=2.7m
2026-02-10 23:57:28,690 - INFO - epoch=45 batch=350/1000 train_loss=1.1327 it/s=4.38 eta=2.5m
2026-02-10 23:57:39,005 - INFO - epoch=45 batch=400/1000 train_loss=1.1326 it/s=4.44 eta=2.3m
2026-02-10 23:57:48,863 - INFO - epoch=45 batch=450/1000 train_loss=1.1329 it/s=4.50 eta=2.0m
2026-02-10 23:57:59,721 - INFO - epoch=45 batch=500/1000 train_loss=1.1321 it/s=4.51 eta=1.8m
2026-02-10 23:58:11,319 - INFO - epoch=45 batch=550/1000 train_loss=1.1325 it/s=4.49 eta=1.7m
2026-02-10 23:58:22,801 - INFO - epoch=45 batch=600/1000 train_loss=1.1333 it/s=4.48 eta=1.5m
2026-02-10 23:58:34,194 - INFO - epoch=45 batch=650/1000 train_loss=1.1330 it/s=4.47 eta=1.3m
2026-02-10 23:58:45,756 - INFO - epoch=45 batch=700/1000 train_loss=1.1324 it/s=4.46 eta=1.1m
2026-02-10 23:58:57,063 - INFO - epoch=45 batch=750/1000 train_loss=1.1323 it/s=4.46 eta=0.9m
2026-02-10 23:59:08,743 - INFO - epoch=45 batch=800/1000 train_loss=1.1319 it/s=4.45 eta=0.7m
2026-02-10 23:59:20,106 - INFO - epoch=45 batch=850/1000 train_loss=1.1326 it/s=4.44 eta=0.6m
2026-02-10 23:59:31,739 - INFO - epoch=45 batch=900/1000 train_loss=1.1323 it/s=4.44 eta=0.4m
2026-02-10 23:59:43,094 - INFO - epoch=45 batch=950/1000 train_loss=1.1326 it/s=4.43 eta=0.2m
2026-02-10 23:59:54,492 - INFO - epoch=45 batch=1000/1000 train_loss=1.1325 it/s=4.43 eta=0.0m
2026-02-11 00:00:23,286 - INFO - epoch=45 train_loss=1.132497 val_loss=1.051340 best=1.053200@44
2026-02-11 00:00:35,010 - INFO - epoch=46 batch=50/1000 train_loss=1.1326 it/s=4.28 eta=3.7m
2026-02-11 00:00:46,614 - INFO - epoch=46 batch=100/1000 train_loss=1.1367 it/s=4.29 eta=3.5m
2026-02-11 00:00:58,009 - INFO - epoch=46 batch=150/1000 train_loss=1.1317 it/s=4.32 eta=3.3m
2026-02-11 00:01:09,481 - INFO - epoch=46 batch=200/1000 train_loss=1.1305 it/s=4.33 eta=3.1m
2026-02-11 00:01:21,093 - INFO - epoch=46 batch=250/1000 train_loss=1.1315 it/s=4.33 eta=2.9m
2026-02-11 00:01:32,734 - INFO - epoch=46 batch=300/1000 train_loss=1.1327 it/s=4.32 eta=2.7m
2026-02-11 00:01:43,896 - INFO - epoch=46 batch=350/1000 train_loss=1.1331 it/s=4.34 eta=2.5m
2026-02-11 00:01:55,559 - INFO - epoch=46 batch=400/1000 train_loss=1.1334 it/s=4.34 eta=2.3m
2026-02-11 00:02:06,313 - INFO - epoch=46 batch=450/1000 train_loss=1.1328 it/s=4.37 eta=2.1m
2026-02-11 00:02:16,085 - INFO - epoch=46 batch=500/1000 train_loss=1.1331 it/s=4.43 eta=1.9m
2026-02-11 00:02:26,289 - INFO - epoch=46 batch=550/1000 train_loss=1.1336 it/s=4.47 eta=1.7m
2026-02-11 00:02:37,396 - INFO - epoch=46 batch=600/1000 train_loss=1.1337 it/s=4.48 eta=1.5m
2026-02-11 00:02:48,870 - INFO - epoch=46 batch=650/1000 train_loss=1.1329 it/s=4.47 eta=1.3m
2026-02-11 00:03:00,184 - INFO - epoch=46 batch=700/1000 train_loss=1.1325 it/s=4.46 eta=1.1m
2026-02-11 00:03:11,940 - INFO - epoch=46 batch=750/1000 train_loss=1.1321 it/s=4.45 eta=0.9m
2026-02-11 00:03:23,357 - INFO - epoch=46 batch=800/1000 train_loss=1.1311 it/s=4.44 eta=0.8m
2026-02-11 00:03:34,830 - INFO - epoch=46 batch=850/1000 train_loss=1.1312 it/s=4.44 eta=0.6m
2026-02-11 00:03:46,367 - INFO - epoch=46 batch=900/1000 train_loss=1.1308 it/s=4.43 eta=0.4m
2026-02-11 00:03:57,783 - INFO - epoch=46 batch=950/1000 train_loss=1.1304 it/s=4.43 eta=0.2m
2026-02-11 00:04:09,165 - INFO - epoch=46 batch=1000/1000 train_loss=1.1305 it/s=4.43 eta=0.0m
2026-02-11 00:04:37,916 - INFO - epoch=46 train_loss=1.130465 val_loss=1.049038 best=1.051340@45
2026-02-11 00:04:49,843 - INFO - epoch=47 batch=50/1000 train_loss=1.1334 it/s=4.20 eta=3.8m
2026-02-11 00:05:01,292 - INFO - epoch=47 batch=100/1000 train_loss=1.1327 it/s=4.28 eta=3.5m
2026-02-11 00:05:12,877 - INFO - epoch=47 batch=150/1000 train_loss=1.1333 it/s=4.29 eta=3.3m
2026-02-11 00:05:24,289 - INFO - epoch=47 batch=200/1000 train_loss=1.1340 it/s=4.32 eta=3.1m
2026-02-11 00:05:35,820 - INFO - epoch=47 batch=250/1000 train_loss=1.1310 it/s=4.32 eta=2.9m
2026-02-11 00:05:47,424 - INFO - epoch=47 batch=300/1000 train_loss=1.1305 it/s=4.32 eta=2.7m
2026-02-11 00:05:58,808 - INFO - epoch=47 batch=350/1000 train_loss=1.1300 it/s=4.33 eta=2.5m
2026-02-11 00:06:10,245 - INFO - epoch=47 batch=400/1000 train_loss=1.1309 it/s=4.33 eta=2.3m
2026-02-11 00:06:21,131 - INFO - epoch=47 batch=450/1000 train_loss=1.1299 it/s=4.36 eta=2.1m
2026-02-11 00:06:31,960 - INFO - epoch=47 batch=500/1000 train_loss=1.1310 it/s=4.39 eta=1.9m
2026-02-11 00:06:43,404 - INFO - epoch=47 batch=550/1000 train_loss=1.1300 it/s=4.38 eta=1.7m
2026-02-11 00:06:54,526 - INFO - epoch=47 batch=600/1000 train_loss=1.1303 it/s=4.39 eta=1.5m
2026-02-11 00:07:04,802 - INFO - epoch=47 batch=650/1000 train_loss=1.1296 it/s=4.43 eta=1.3m
2026-02-11 00:07:15,079 - INFO - epoch=47 batch=700/1000 train_loss=1.1295 it/s=4.45 eta=1.1m
2026-02-11 00:07:26,816 - INFO - epoch=47 batch=750/1000 train_loss=1.1293 it/s=4.44 eta=0.9m
2026-02-11 00:07:37,994 - INFO - epoch=47 batch=800/1000 train_loss=1.1293 it/s=4.44 eta=0.8m
2026-02-11 00:07:49,575 - INFO - epoch=47 batch=850/1000 train_loss=1.1290 it/s=4.44 eta=0.6m
2026-02-11 00:08:00,886 - INFO - epoch=47 batch=900/1000 train_loss=1.1290 it/s=4.43 eta=0.4m
2026-02-11 00:08:12,318 - INFO - epoch=47 batch=950/1000 train_loss=1.1295 it/s=4.43 eta=0.2m
2026-02-11 00:08:23,785 - INFO - epoch=47 batch=1000/1000 train_loss=1.1293 it/s=4.43 eta=0.0m
2026-02-11 00:08:52,657 - INFO - epoch=47 train_loss=1.129327 val_loss=1.046935 best=1.049038@46
2026-02-11 00:09:04,842 - INFO - epoch=48 batch=50/1000 train_loss=1.1269 it/s=4.11 eta=3.8m
2026-02-11 00:09:16,352 - INFO - epoch=48 batch=100/1000 train_loss=1.1246 it/s=4.23 eta=3.5m
2026-02-11 00:09:27,666 - INFO - epoch=48 batch=150/1000 train_loss=1.1247 it/s=4.29 eta=3.3m
2026-02-11 00:09:38,969 - INFO - epoch=48 batch=200/1000 train_loss=1.1256 it/s=4.32 eta=3.1m
2026-02-11 00:09:50,692 - INFO - epoch=48 batch=250/1000 train_loss=1.1262 it/s=4.31 eta=2.9m
2026-02-11 00:10:02,010 - INFO - epoch=48 batch=300/1000 train_loss=1.1267 it/s=4.33 eta=2.7m
2026-02-11 00:10:13,325 - INFO - epoch=48 batch=350/1000 train_loss=1.1261 it/s=4.34 eta=2.5m
2026-02-11 00:10:24,879 - INFO - epoch=48 batch=400/1000 train_loss=1.1256 it/s=4.34 eta=2.3m
2026-02-11 00:10:35,586 - INFO - epoch=48 batch=450/1000 train_loss=1.1259 it/s=4.37 eta=2.1m
2026-02-11 00:10:46,432 - INFO - epoch=48 batch=500/1000 train_loss=1.1254 it/s=4.40 eta=1.9m
2026-02-11 00:10:57,760 - INFO - epoch=48 batch=550/1000 train_loss=1.1258 it/s=4.40 eta=1.7m
2026-02-11 00:11:09,091 - INFO - epoch=48 batch=600/1000 train_loss=1.1255 it/s=4.40 eta=1.5m
2026-02-11 00:11:20,698 - INFO - epoch=48 batch=650/1000 train_loss=1.1259 it/s=4.39 eta=1.3m
2026-02-11 00:11:32,174 - INFO - epoch=48 batch=700/1000 train_loss=1.1263 it/s=4.39 eta=1.1m
2026-02-11 00:11:42,875 - INFO - epoch=48 batch=750/1000 train_loss=1.1262 it/s=4.41 eta=0.9m
2026-02-11 00:11:53,016 - INFO - epoch=48 batch=800/1000 train_loss=1.1262 it/s=4.44 eta=0.8m
2026-02-11 00:12:03,626 - INFO - epoch=48 batch=850/1000 train_loss=1.1258 it/s=4.45 eta=0.6m
2026-02-11 00:12:15,158 - INFO - epoch=48 batch=900/1000 train_loss=1.1255 it/s=4.45 eta=0.4m
2026-02-11 00:12:26,385 - INFO - epoch=48 batch=950/1000 train_loss=1.1253 it/s=4.45 eta=0.2m
2026-02-11 00:12:37,882 - INFO - epoch=48 batch=1000/1000 train_loss=1.1252 it/s=4.44 eta=0.0m
2026-02-11 00:13:06,726 - INFO - epoch=48 train_loss=1.125168 val_loss=1.046208 best=1.046935@47
2026-02-11 00:13:18,401 - INFO - epoch=49 batch=50/1000 train_loss=1.1425 it/s=4.29 eta=3.7m
2026-02-11 00:13:29,728 - INFO - epoch=49 batch=100/1000 train_loss=1.1328 it/s=4.35 eta=3.4m
2026-02-11 00:13:41,142 - INFO - epoch=49 batch=150/1000 train_loss=1.1316 it/s=4.36 eta=3.2m
2026-02-11 00:13:52,552 - INFO - epoch=49 batch=200/1000 train_loss=1.1302 it/s=4.37 eta=3.1m
2026-02-11 00:14:04,186 - INFO - epoch=49 batch=250/1000 train_loss=1.1295 it/s=4.35 eta=2.9m
2026-02-11 00:14:15,644 - INFO - epoch=49 batch=300/1000 train_loss=1.1275 it/s=4.36 eta=2.7m
2026-02-11 00:14:27,245 - INFO - epoch=49 batch=350/1000 train_loss=1.1266 it/s=4.35 eta=2.5m
2026-02-11 00:14:38,449 - INFO - epoch=49 batch=400/1000 train_loss=1.1262 it/s=4.36 eta=2.3m
2026-02-11 00:14:49,697 - INFO - epoch=49 batch=450/1000 train_loss=1.1263 it/s=4.37 eta=2.1m
2026-02-11 00:15:00,361 - INFO - epoch=49 batch=500/1000 train_loss=1.1267 it/s=4.40 eta=1.9m
2026-02-11 00:15:11,781 - INFO - epoch=49 batch=550/1000 train_loss=1.1266 it/s=4.40 eta=1.7m
2026-02-11 00:15:23,088 - INFO - epoch=49 batch=600/1000 train_loss=1.1252 it/s=4.40 eta=1.5m
2026-02-11 00:15:34,799 - INFO - epoch=49 batch=650/1000 train_loss=1.1251 it/s=4.39 eta=1.3m
2026-02-11 00:15:46,257 - INFO - epoch=49 batch=700/1000 train_loss=1.1256 it/s=4.39 eta=1.1m
2026-02-11 00:15:57,490 - INFO - epoch=49 batch=750/1000 train_loss=1.1252 it/s=4.39 eta=0.9m
2026-02-11 00:16:09,133 - INFO - epoch=49 batch=800/1000 train_loss=1.1250 it/s=4.39 eta=0.8m
2026-02-11 00:16:20,728 - INFO - epoch=49 batch=850/1000 train_loss=1.1250 it/s=4.38 eta=0.6m
2026-02-11 00:16:31,054 - INFO - epoch=49 batch=900/1000 train_loss=1.1247 it/s=4.41 eta=0.4m
2026-02-11 00:16:41,232 - INFO - epoch=49 batch=950/1000 train_loss=1.1245 it/s=4.43 eta=0.2m
2026-02-11 00:16:52,597 - INFO - epoch=49 batch=1000/1000 train_loss=1.1247 it/s=4.43 eta=0.0m
2026-02-11 00:17:21,647 - INFO - epoch=49 train_loss=1.124719 val_loss=1.043448 best=1.046208@48
2026-02-11 00:17:33,425 - INFO - epoch=50 batch=50/1000 train_loss=1.1262 it/s=4.26 eta=3.7m
2026-02-11 00:17:44,961 - INFO - epoch=50 batch=100/1000 train_loss=1.1266 it/s=4.30 eta=3.5m
2026-02-11 00:17:56,488 - INFO - epoch=50 batch=150/1000 train_loss=1.1287 it/s=4.31 eta=3.3m
2026-02-11 00:18:07,779 - INFO - epoch=50 batch=200/1000 train_loss=1.1253 it/s=4.34 eta=3.1m
2026-02-11 00:18:19,402 - INFO - epoch=50 batch=250/1000 train_loss=1.1258 it/s=4.33 eta=2.9m
2026-02-11 00:18:30,753 - INFO - epoch=50 batch=300/1000 train_loss=1.1250 it/s=4.34 eta=2.7m
2026-02-11 00:18:42,395 - INFO - epoch=50 batch=350/1000 train_loss=1.1248 it/s=4.34 eta=2.5m
2026-02-11 00:18:53,825 - INFO - epoch=50 batch=400/1000 train_loss=1.1241 it/s=4.34 eta=2.3m
2026-02-11 00:19:04,586 - INFO - epoch=50 batch=450/1000 train_loss=1.1244 it/s=4.37 eta=2.1m
2026-02-11 00:19:15,668 - INFO - epoch=50 batch=500/1000 train_loss=1.1233 it/s=4.39 eta=1.9m
2026-02-11 00:19:27,061 - INFO - epoch=50 batch=550/1000 train_loss=1.1240 it/s=4.39 eta=1.7m
2026-02-11 00:19:38,594 - INFO - epoch=50 batch=600/1000 train_loss=1.1235 it/s=4.38 eta=1.5m
2026-02-11 00:19:49,984 - INFO - epoch=50 batch=650/1000 train_loss=1.1234 it/s=4.38 eta=1.3m
2026-02-11 00:20:01,567 - INFO - epoch=50 batch=700/1000 train_loss=1.1229 it/s=4.38 eta=1.1m
2026-02-11 00:20:13,035 - INFO - epoch=50 batch=750/1000 train_loss=1.1232 it/s=4.38 eta=1.0m
2026-02-11 00:20:24,501 - INFO - epoch=50 batch=800/1000 train_loss=1.1235 it/s=4.38 eta=0.8m
2026-02-11 00:20:36,215 - INFO - epoch=50 batch=850/1000 train_loss=1.1231 it/s=4.37 eta=0.6m
2026-02-11 00:20:47,419 - INFO - epoch=50 batch=900/1000 train_loss=1.1233 it/s=4.37 eta=0.4m
2026-02-11 00:20:59,068 - INFO - epoch=50 batch=950/1000 train_loss=1.1228 it/s=4.37 eta=0.2m
2026-02-11 00:21:09,815 - INFO - epoch=50 batch=1000/1000 train_loss=1.1223 it/s=4.38 eta=0.0m
2026-02-11 00:21:36,846 - INFO - epoch=50 train_loss=1.122255 val_loss=1.043214 best=1.043448@49
2026-02-11 00:21:48,693 - INFO - epoch=51 batch=50/1000 train_loss=1.1274 it/s=4.23 eta=3.7m
2026-02-11 00:22:00,280 - INFO - epoch=51 batch=100/1000 train_loss=1.1228 it/s=4.27 eta=3.5m
2026-02-11 00:22:11,548 - INFO - epoch=51 batch=150/1000 train_loss=1.1229 it/s=4.33 eta=3.3m
2026-02-11 00:22:23,144 - INFO - epoch=51 batch=200/1000 train_loss=1.1228 it/s=4.32 eta=3.1m
2026-02-11 00:22:34,318 - INFO - epoch=51 batch=250/1000 train_loss=1.1241 it/s=4.35 eta=2.9m
2026-02-11 00:22:45,775 - INFO - epoch=51 batch=300/1000 train_loss=1.1229 it/s=4.35 eta=2.7m
2026-02-11 00:22:57,239 - INFO - epoch=51 batch=350/1000 train_loss=1.1229 it/s=4.36 eta=2.5m
2026-02-11 00:23:08,752 - INFO - epoch=51 batch=400/1000 train_loss=1.1233 it/s=4.35 eta=2.3m
2026-02-11 00:23:19,737 - INFO - epoch=51 batch=450/1000 train_loss=1.1230 it/s=4.37 eta=2.1m
2026-02-11 00:23:30,654 - INFO - epoch=51 batch=500/1000 train_loss=1.1221 it/s=4.39 eta=1.9m
2026-02-11 00:23:41,870 - INFO - epoch=51 batch=550/1000 train_loss=1.1213 it/s=4.40 eta=1.7m
2026-02-11 00:23:53,440 - INFO - epoch=51 batch=600/1000 train_loss=1.1216 it/s=4.39 eta=1.5m
2026-02-11 00:24:04,767 - INFO - epoch=51 batch=650/1000 train_loss=1.1215 it/s=4.40 eta=1.3m
2026-02-11 00:24:16,490 - INFO - epoch=51 batch=700/1000 train_loss=1.1215 it/s=4.39 eta=1.1m
2026-02-11 00:24:28,076 - INFO - epoch=51 batch=750/1000 train_loss=1.1209 it/s=4.38 eta=1.0m
2026-02-11 00:24:39,490 - INFO - epoch=51 batch=800/1000 train_loss=1.1217 it/s=4.38 eta=0.8m
2026-02-11 00:24:50,967 - INFO - epoch=51 batch=850/1000 train_loss=1.1218 it/s=4.38 eta=0.6m
2026-02-11 00:25:02,124 - INFO - epoch=51 batch=900/1000 train_loss=1.1217 it/s=4.39 eta=0.4m
2026-02-11 00:25:13,935 - INFO - epoch=51 batch=950/1000 train_loss=1.1214 it/s=4.38 eta=0.2m
2026-02-11 00:25:25,406 - INFO - epoch=51 batch=1000/1000 train_loss=1.1215 it/s=4.38 eta=0.0m
2026-02-11 00:25:53,110 - INFO - epoch=51 train_loss=1.121464 val_loss=1.041193 best=1.043214@50
2026-02-11 00:26:03,673 - INFO - epoch=52 batch=50/1000 train_loss=1.1192 it/s=4.75 eta=3.3m
2026-02-11 00:26:15,045 - INFO - epoch=52 batch=100/1000 train_loss=1.1195 it/s=4.57 eta=3.3m
2026-02-11 00:26:26,585 - INFO - epoch=52 batch=150/1000 train_loss=1.1210 it/s=4.49 eta=3.2m
2026-02-11 00:26:38,129 - INFO - epoch=52 batch=200/1000 train_loss=1.1206 it/s=4.45 eta=3.0m
2026-02-11 00:26:49,529 - INFO - epoch=52 batch=250/1000 train_loss=1.1181 it/s=4.43 eta=2.8m
2026-02-11 00:27:01,420 - INFO - epoch=52 batch=300/1000 train_loss=1.1191 it/s=4.39 eta=2.7m
2026-02-11 00:27:12,548 - INFO - epoch=52 batch=350/1000 train_loss=1.1186 it/s=4.41 eta=2.5m
2026-02-11 00:27:24,081 - INFO - epoch=52 batch=400/1000 train_loss=1.1194 it/s=4.40 eta=2.3m
2026-02-11 00:27:34,831 - INFO - epoch=52 batch=450/1000 train_loss=1.1196 it/s=4.43 eta=2.1m
2026-02-11 00:27:45,887 - INFO - epoch=52 batch=500/1000 train_loss=1.1189 it/s=4.43 eta=1.9m
2026-02-11 00:27:57,298 - INFO - epoch=52 batch=550/1000 train_loss=1.1194 it/s=4.43 eta=1.7m
2026-02-11 00:28:08,496 - INFO - epoch=52 batch=600/1000 train_loss=1.1197 it/s=4.43 eta=1.5m
2026-02-11 00:28:20,114 - INFO - epoch=52 batch=650/1000 train_loss=1.1198 it/s=4.42 eta=1.3m
2026-02-11 00:28:31,537 - INFO - epoch=52 batch=700/1000 train_loss=1.1204 it/s=4.42 eta=1.1m
2026-02-11 00:28:42,927 - INFO - epoch=52 batch=750/1000 train_loss=1.1202 it/s=4.42 eta=0.9m
2026-02-11 00:28:54,263 - INFO - epoch=52 batch=800/1000 train_loss=1.1199 it/s=4.42 eta=0.8m
2026-02-11 00:29:06,038 - INFO - epoch=52 batch=850/1000 train_loss=1.1196 it/s=4.41 eta=0.6m
2026-02-11 00:29:17,120 - INFO - epoch=52 batch=900/1000 train_loss=1.1196 it/s=4.41 eta=0.4m
2026-02-11 00:29:28,873 - INFO - epoch=52 batch=950/1000 train_loss=1.1196 it/s=4.40 eta=0.2m
2026-02-11 00:29:40,302 - INFO - epoch=52 batch=1000/1000 train_loss=1.1193 it/s=4.40 eta=0.0m
2026-02-11 00:30:09,276 - INFO - epoch=52 train_loss=1.119260 val_loss=1.039331 best=1.041193@51
2026-02-11 00:30:21,074 - INFO - epoch=53 batch=50/1000 train_loss=1.1156 it/s=4.25 eta=3.7m
2026-02-11 00:30:31,810 - INFO - epoch=53 batch=100/1000 train_loss=1.1180 it/s=4.44 eta=3.4m
2026-02-11 00:30:41,907 - INFO - epoch=53 batch=150/1000 train_loss=1.1207 it/s=4.60 eta=3.1m
2026-02-11 00:30:52,701 - INFO - epoch=53 batch=200/1000 train_loss=1.1181 it/s=4.61 eta=2.9m
2026-02-11 00:31:04,219 - INFO - epoch=53 batch=250/1000 train_loss=1.1175 it/s=4.55 eta=2.7m
2026-02-11 00:31:15,674 - INFO - epoch=53 batch=300/1000 train_loss=1.1157 it/s=4.52 eta=2.6m
2026-02-11 00:31:26,974 - INFO - epoch=53 batch=350/1000 train_loss=1.1167 it/s=4.51 eta=2.4m
2026-02-11 00:31:38,388 - INFO - epoch=53 batch=400/1000 train_loss=1.1165 it/s=4.49 eta=2.2m
2026-02-11 00:31:49,238 - INFO - epoch=53 batch=450/1000 train_loss=1.1159 it/s=4.50 eta=2.0m
2026-02-11 00:32:00,316 - INFO - epoch=53 batch=500/1000 train_loss=1.1151 it/s=4.50 eta=1.9m
2026-02-11 00:32:11,692 - INFO - epoch=53 batch=550/1000 train_loss=1.1150 it/s=4.49 eta=1.7m
2026-02-11 00:32:23,244 - INFO - epoch=53 batch=600/1000 train_loss=1.1151 it/s=4.48 eta=1.5m
2026-02-11 00:32:34,783 - INFO - epoch=53 batch=650/1000 train_loss=1.1151 it/s=4.47 eta=1.3m
2026-02-11 00:32:46,070 - INFO - epoch=53 batch=700/1000 train_loss=1.1149 it/s=4.47 eta=1.1m
2026-02-11 00:32:57,727 - INFO - epoch=53 batch=750/1000 train_loss=1.1143 it/s=4.45 eta=0.9m
2026-02-11 00:33:09,208 - INFO - epoch=53 batch=800/1000 train_loss=1.1152 it/s=4.45 eta=0.7m
2026-02-11 00:33:20,777 - INFO - epoch=53 batch=850/1000 train_loss=1.1156 it/s=4.44 eta=0.6m
2026-02-11 00:33:32,139 - INFO - epoch=53 batch=900/1000 train_loss=1.1159 it/s=4.44 eta=0.4m
2026-02-11 00:33:43,446 - INFO - epoch=53 batch=950/1000 train_loss=1.1158 it/s=4.44 eta=0.2m
2026-02-11 00:33:54,736 - INFO - epoch=53 batch=1000/1000 train_loss=1.1160 it/s=4.44 eta=0.0m
2026-02-11 00:34:23,930 - INFO - epoch=53 train_loss=1.116027 val_loss=1.038564 best=1.039331@52
2026-02-11 00:34:35,597 - INFO - epoch=54 batch=50/1000 train_loss=1.1153 it/s=4.30 eta=3.7m
2026-02-11 00:34:47,348 - INFO - epoch=54 batch=100/1000 train_loss=1.1161 it/s=4.28 eta=3.5m
2026-02-11 00:34:58,990 - INFO - epoch=54 batch=150/1000 train_loss=1.1150 it/s=4.28 eta=3.3m
2026-02-11 00:35:09,956 - INFO - epoch=54 batch=200/1000 train_loss=1.1132 it/s=4.35 eta=3.1m
2026-02-11 00:35:20,159 - INFO - epoch=54 batch=250/1000 train_loss=1.1125 it/s=4.45 eta=2.8m
2026-02-11 00:35:30,391 - INFO - epoch=54 batch=300/1000 train_loss=1.1124 it/s=4.52 eta=2.6m
2026-02-11 00:35:41,740 - INFO - epoch=54 batch=350/1000 train_loss=1.1149 it/s=4.50 eta=2.4m
2026-02-11 00:35:53,392 - INFO - epoch=54 batch=400/1000 train_loss=1.1151 it/s=4.47 eta=2.2m
2026-02-11 00:36:04,235 - INFO - epoch=54 batch=450/1000 train_loss=1.1150 it/s=4.49 eta=2.0m
2026-02-11 00:36:15,222 - INFO - epoch=54 batch=500/1000 train_loss=1.1138 it/s=4.49 eta=1.9m
2026-02-11 00:36:26,435 - INFO - epoch=54 batch=550/1000 train_loss=1.1145 it/s=4.49 eta=1.7m
2026-02-11 00:36:37,981 - INFO - epoch=54 batch=600/1000 train_loss=1.1142 it/s=4.48 eta=1.5m
2026-02-11 00:36:49,353 - INFO - epoch=54 batch=650/1000 train_loss=1.1140 it/s=4.47 eta=1.3m
2026-02-11 00:37:00,951 - INFO - epoch=54 batch=700/1000 train_loss=1.1141 it/s=4.46 eta=1.1m
2026-02-11 00:37:12,640 - INFO - epoch=54 batch=750/1000 train_loss=1.1142 it/s=4.45 eta=0.9m
2026-02-11 00:37:24,163 - INFO - epoch=54 batch=800/1000 train_loss=1.1143 it/s=4.44 eta=0.8m
2026-02-11 00:37:35,599 - INFO - epoch=54 batch=850/1000 train_loss=1.1145 it/s=4.44 eta=0.6m
2026-02-11 00:37:47,176 - INFO - epoch=54 batch=900/1000 train_loss=1.1147 it/s=4.43 eta=0.4m
2026-02-11 00:37:58,498 - INFO - epoch=54 batch=950/1000 train_loss=1.1147 it/s=4.43 eta=0.2m
2026-02-11 00:38:09,974 - INFO - epoch=54 batch=1000/1000 train_loss=1.1148 it/s=4.42 eta=0.0m
2026-02-11 00:38:38,784 - INFO - epoch=54 train_loss=1.114820 val_loss=1.036248 best=1.038564@53
2026-02-11 00:38:50,241 - INFO - epoch=55 batch=50/1000 train_loss=1.1185 it/s=4.38 eta=3.6m
2026-02-11 00:39:01,871 - INFO - epoch=55 batch=100/1000 train_loss=1.1149 it/s=4.34 eta=3.5m
2026-02-11 00:39:13,371 - INFO - epoch=55 batch=150/1000 train_loss=1.1144 it/s=4.34 eta=3.3m
2026-02-11 00:39:24,899 - INFO - epoch=55 batch=200/1000 train_loss=1.1145 it/s=4.34 eta=3.1m
2026-02-11 00:39:36,487 - INFO - epoch=55 batch=250/1000 train_loss=1.1135 it/s=4.34 eta=2.9m
2026-02-11 00:39:47,701 - INFO - epoch=55 batch=300/1000 train_loss=1.1125 it/s=4.36 eta=2.7m
2026-02-11 00:39:58,563 - INFO - epoch=55 batch=350/1000 train_loss=1.1137 it/s=4.39 eta=2.5m
2026-02-11 00:40:08,876 - INFO - epoch=55 batch=400/1000 train_loss=1.1148 it/s=4.44 eta=2.3m
2026-02-11 00:40:18,841 - INFO - epoch=55 batch=450/1000 train_loss=1.1149 it/s=4.50 eta=2.0m
2026-02-11 00:40:29,594 - INFO - epoch=55 batch=500/1000 train_loss=1.1152 it/s=4.51 eta=1.8m
2026-02-11 00:40:41,085 - INFO - epoch=55 batch=550/1000 train_loss=1.1156 it/s=4.50 eta=1.7m
2026-02-11 00:40:52,470 - INFO - epoch=55 batch=600/1000 train_loss=1.1158 it/s=4.49 eta=1.5m
2026-02-11 00:41:04,113 - INFO - epoch=55 batch=650/1000 train_loss=1.1160 it/s=4.47 eta=1.3m
2026-02-11 00:41:15,515 - INFO - epoch=55 batch=700/1000 train_loss=1.1156 it/s=4.47 eta=1.1m
2026-02-11 00:41:27,056 - INFO - epoch=55 batch=750/1000 train_loss=1.1151 it/s=4.46 eta=0.9m
2026-02-11 00:41:38,444 - INFO - epoch=55 batch=800/1000 train_loss=1.1147 it/s=4.45 eta=0.7m
2026-02-11 00:41:49,952 - INFO - epoch=55 batch=850/1000 train_loss=1.1143 it/s=4.45 eta=0.6m
2026-02-11 00:42:01,283 - INFO - epoch=55 batch=900/1000 train_loss=1.1143 it/s=4.45 eta=0.4m
2026-02-11 00:42:12,889 - INFO - epoch=55 batch=950/1000 train_loss=1.1144 it/s=4.44 eta=0.2m
2026-02-11 00:42:24,359 - INFO - epoch=55 batch=1000/1000 train_loss=1.1145 it/s=4.43 eta=0.0m
2026-02-11 00:42:53,335 - INFO - epoch=55 train_loss=1.114538 val_loss=1.034306 best=1.036248@54
2026-02-11 00:43:04,880 - INFO - epoch=56 batch=50/1000 train_loss=1.1157 it/s=4.34 eta=3.6m
2026-02-11 00:43:16,557 - INFO - epoch=56 batch=100/1000 train_loss=1.1150 it/s=4.31 eta=3.5m
2026-02-11 00:43:27,861 - INFO - epoch=56 batch=150/1000 train_loss=1.1131 it/s=4.35 eta=3.3m
2026-02-11 00:43:39,471 - INFO - epoch=56 batch=200/1000 train_loss=1.1165 it/s=4.34 eta=3.1m
2026-02-11 00:43:51,122 - INFO - epoch=56 batch=250/1000 train_loss=1.1179 it/s=4.33 eta=2.9m
2026-02-11 00:44:02,482 - INFO - epoch=56 batch=300/1000 train_loss=1.1174 it/s=4.34 eta=2.7m
2026-02-11 00:44:14,029 - INFO - epoch=56 batch=350/1000 train_loss=1.1166 it/s=4.34 eta=2.5m
2026-02-11 00:44:25,201 - INFO - epoch=56 batch=400/1000 train_loss=1.1168 it/s=4.36 eta=2.3m
2026-02-11 00:44:36,136 - INFO - epoch=56 batch=450/1000 train_loss=1.1165 it/s=4.38 eta=2.1m
2026-02-11 00:44:46,151 - INFO - epoch=56 batch=500/1000 train_loss=1.1165 it/s=4.43 eta=1.9m
2026-02-11 00:44:56,378 - INFO - epoch=56 batch=550/1000 train_loss=1.1148 it/s=4.47 eta=1.7m
2026-02-11 00:45:07,028 - INFO - epoch=56 batch=600/1000 train_loss=1.1144 it/s=4.49 eta=1.5m
2026-02-11 00:45:18,541 - INFO - epoch=56 batch=650/1000 train_loss=1.1144 it/s=4.48 eta=1.3m
2026-02-11 00:45:30,217 - INFO - epoch=56 batch=700/1000 train_loss=1.1141 it/s=4.46 eta=1.1m
2026-02-11 00:45:41,556 - INFO - epoch=56 batch=750/1000 train_loss=1.1138 it/s=4.46 eta=0.9m
2026-02-11 00:45:53,013 - INFO - epoch=56 batch=800/1000 train_loss=1.1140 it/s=4.45 eta=0.7m
2026-02-11 00:46:04,756 - INFO - epoch=56 batch=850/1000 train_loss=1.1139 it/s=4.44 eta=0.6m
2026-02-11 00:46:16,214 - INFO - epoch=56 batch=900/1000 train_loss=1.1142 it/s=4.44 eta=0.4m
2026-02-11 00:46:27,710 - INFO - epoch=56 batch=950/1000 train_loss=1.1141 it/s=4.43 eta=0.2m
2026-02-11 00:46:39,184 - INFO - epoch=56 batch=1000/1000 train_loss=1.1138 it/s=4.43 eta=0.0m
2026-02-11 00:47:08,057 - INFO - epoch=56 train_loss=1.113779 val_loss=1.033279 best=1.034306@55
2026-02-11 00:47:19,750 - INFO - epoch=57 batch=50/1000 train_loss=1.1124 it/s=4.29 eta=3.7m
2026-02-11 00:47:31,432 - INFO - epoch=57 batch=100/1000 train_loss=1.1155 it/s=4.28 eta=3.5m
2026-02-11 00:47:42,592 - INFO - epoch=57 batch=150/1000 train_loss=1.1174 it/s=4.35 eta=3.3m
2026-02-11 00:47:54,330 - INFO - epoch=57 batch=200/1000 train_loss=1.1132 it/s=4.33 eta=3.1m
2026-02-11 00:48:05,486 - INFO - epoch=57 batch=250/1000 train_loss=1.1139 it/s=4.36 eta=2.9m
2026-02-11 00:48:17,116 - INFO - epoch=57 batch=300/1000 train_loss=1.1134 it/s=4.35 eta=2.7m
2026-02-11 00:48:28,359 - INFO - epoch=57 batch=350/1000 train_loss=1.1144 it/s=4.36 eta=2.5m
2026-02-11 00:48:39,493 - INFO - epoch=57 batch=400/1000 train_loss=1.1140 it/s=4.38 eta=2.3m
2026-02-11 00:48:50,530 - INFO - epoch=57 batch=450/1000 train_loss=1.1137 it/s=4.39 eta=2.1m
2026-02-11 00:49:01,281 - INFO - epoch=57 batch=500/1000 train_loss=1.1133 it/s=4.42 eta=1.9m
2026-02-11 00:49:11,679 - INFO - epoch=57 batch=550/1000 train_loss=1.1129 it/s=4.45 eta=1.7m
2026-02-11 00:49:21,984 - INFO - epoch=57 batch=600/1000 train_loss=1.1133 it/s=4.48 eta=1.5m
2026-02-11 00:49:31,285 - INFO - epoch=57 batch=650/1000 train_loss=1.1136 it/s=4.54 eta=1.3m
2026-02-11 00:49:40,734 - INFO - epoch=57 batch=700/1000 train_loss=1.1135 it/s=4.59 eta=1.1m
2026-02-11 00:49:51,013 - INFO - epoch=57 batch=750/1000 train_loss=1.1133 it/s=4.60 eta=0.9m
2026-02-11 00:50:01,765 - INFO - epoch=57 batch=800/1000 train_loss=1.1123 it/s=4.61 eta=0.7m
2026-02-11 00:50:12,430 - INFO - epoch=57 batch=850/1000 train_loss=1.1124 it/s=4.61 eta=0.5m
2026-02-11 00:50:22,734 - INFO - epoch=57 batch=900/1000 train_loss=1.1124 it/s=4.62 eta=0.4m
2026-02-11 00:50:33,304 - INFO - epoch=57 batch=950/1000 train_loss=1.1117 it/s=4.63 eta=0.2m
2026-02-11 00:50:43,858 - INFO - epoch=57 batch=1000/1000 train_loss=1.1119 it/s=4.63 eta=0.0m
2026-02-11 00:51:10,294 - INFO - epoch=57 train_loss=1.111893 val_loss=1.031766 best=1.033279@56
2026-02-11 00:51:21,122 - INFO - epoch=58 batch=50/1000 train_loss=1.1150 it/s=4.63 eta=3.4m
2026-02-11 00:51:31,678 - INFO - epoch=58 batch=100/1000 train_loss=1.1113 it/s=4.68 eta=3.2m
2026-02-11 00:51:42,267 - INFO - epoch=58 batch=150/1000 train_loss=1.1140 it/s=4.70 eta=3.0m
2026-02-11 00:51:52,950 - INFO - epoch=58 batch=200/1000 train_loss=1.1121 it/s=4.69 eta=2.8m
2026-02-11 00:52:03,403 - INFO - epoch=58 batch=250/1000 train_loss=1.1120 it/s=4.71 eta=2.7m
2026-02-11 00:52:14,181 - INFO - epoch=58 batch=300/1000 train_loss=1.1144 it/s=4.70 eta=2.5m
2026-02-11 00:52:24,640 - INFO - epoch=58 batch=350/1000 train_loss=1.1146 it/s=4.71 eta=2.3m
2026-02-11 00:52:35,162 - INFO - epoch=58 batch=400/1000 train_loss=1.1138 it/s=4.71 eta=2.1m
2026-02-11 00:52:45,713 - INFO - epoch=58 batch=450/1000 train_loss=1.1137 it/s=4.72 eta=1.9m
2026-02-11 00:52:56,196 - INFO - epoch=58 batch=500/1000 train_loss=1.1143 it/s=4.72 eta=1.8m
2026-02-11 00:53:06,777 - INFO - epoch=58 batch=550/1000 train_loss=1.1136 it/s=4.72 eta=1.6m
2026-02-11 00:53:17,268 - INFO - epoch=58 batch=600/1000 train_loss=1.1127 it/s=4.73 eta=1.4m
2026-02-11 00:53:27,617 - INFO - epoch=58 batch=650/1000 train_loss=1.1125 it/s=4.73 eta=1.2m
2026-02-11 00:53:36,876 - INFO - epoch=58 batch=700/1000 train_loss=1.1119 it/s=4.78 eta=1.0m
2026-02-11 00:53:46,176 - INFO - epoch=58 batch=750/1000 train_loss=1.1123 it/s=4.81 eta=0.9m
2026-02-11 00:53:56,635 - INFO - epoch=58 batch=800/1000 train_loss=1.1119 it/s=4.81 eta=0.7m
2026-02-11 00:54:07,290 - INFO - epoch=58 batch=850/1000 train_loss=1.1122 it/s=4.80 eta=0.5m
2026-02-11 00:54:17,844 - INFO - epoch=58 batch=900/1000 train_loss=1.1125 it/s=4.80 eta=0.3m
2026-02-11 00:54:28,364 - INFO - epoch=58 batch=950/1000 train_loss=1.1124 it/s=4.80 eta=0.2m
2026-02-11 00:54:38,917 - INFO - epoch=58 batch=1000/1000 train_loss=1.1124 it/s=4.79 eta=0.0m
2026-02-11 00:55:05,240 - INFO - epoch=58 train_loss=1.112396 val_loss=1.029792 best=1.031766@57
2026-02-11 00:55:16,154 - INFO - epoch=59 batch=50/1000 train_loss=1.1116 it/s=4.59 eta=3.4m
2026-02-11 00:55:26,525 - INFO - epoch=59 batch=100/1000 train_loss=1.1129 it/s=4.71 eta=3.2m
2026-02-11 00:55:37,032 - INFO - epoch=59 batch=150/1000 train_loss=1.1167 it/s=4.72 eta=3.0m
2026-02-11 00:55:47,475 - INFO - epoch=59 batch=200/1000 train_loss=1.1155 it/s=4.74 eta=2.8m
2026-02-11 00:55:57,952 - INFO - epoch=59 batch=250/1000 train_loss=1.1138 it/s=4.75 eta=2.6m
2026-02-11 00:56:08,426 - INFO - epoch=59 batch=300/1000 train_loss=1.1122 it/s=4.75 eta=2.5m
2026-02-11 00:56:19,305 - INFO - epoch=59 batch=350/1000 train_loss=1.1119 it/s=4.73 eta=2.3m
2026-02-11 00:56:29,928 - INFO - epoch=59 batch=400/1000 train_loss=1.1117 it/s=4.72 eta=2.1m
2026-02-11 00:56:40,328 - INFO - epoch=59 batch=450/1000 train_loss=1.1109 it/s=4.73 eta=1.9m
2026-02-11 00:56:51,127 - INFO - epoch=59 batch=500/1000 train_loss=1.1098 it/s=4.72 eta=1.8m
2026-02-11 00:57:01,568 - INFO - epoch=59 batch=550/1000 train_loss=1.1091 it/s=4.73 eta=1.6m
2026-02-11 00:57:12,121 - INFO - epoch=59 batch=600/1000 train_loss=1.1089 it/s=4.73 eta=1.4m
2026-02-11 00:57:22,748 - INFO - epoch=59 batch=650/1000 train_loss=1.1089 it/s=4.73 eta=1.2m
2026-02-11 00:57:33,464 - INFO - epoch=59 batch=700/1000 train_loss=1.1083 it/s=4.72 eta=1.1m
2026-02-11 00:57:42,887 - INFO - epoch=59 batch=750/1000 train_loss=1.1085 it/s=4.76 eta=0.9m
2026-02-11 00:57:52,176 - INFO - epoch=59 batch=800/1000 train_loss=1.1090 it/s=4.79 eta=0.7m
2026-02-11 00:58:00,553 - INFO - epoch=59 batch=850/1000 train_loss=1.1084 it/s=4.85 eta=0.5m
2026-02-11 00:58:08,756 - INFO - epoch=59 batch=900/1000 train_loss=1.1087 it/s=4.91 eta=0.3m
2026-02-11 00:58:16,982 - INFO - epoch=59 batch=950/1000 train_loss=1.1088 it/s=4.96 eta=0.2m
2026-02-11 00:58:25,208 - INFO - epoch=59 batch=1000/1000 train_loss=1.1087 it/s=5.00 eta=0.0m
2026-02-11 00:58:45,467 - INFO - epoch=59 train_loss=1.108692 val_loss=1.029435 best=1.029792@58
2026-02-11 00:58:53,870 - INFO - epoch=60 batch=50/1000 train_loss=1.1030 it/s=5.97 eta=2.7m
2026-02-11 00:59:02,049 - INFO - epoch=60 batch=100/1000 train_loss=1.1071 it/s=6.04 eta=2.5m
2026-02-11 00:59:10,303 - INFO - epoch=60 batch=150/1000 train_loss=1.1067 it/s=6.05 eta=2.3m
2026-02-11 00:59:18,469 - INFO - epoch=60 batch=200/1000 train_loss=1.1061 it/s=6.07 eta=2.2m
2026-02-11 00:59:26,619 - INFO - epoch=60 batch=250/1000 train_loss=1.1063 it/s=6.08 eta=2.1m
2026-02-11 00:59:34,696 - INFO - epoch=60 batch=300/1000 train_loss=1.1059 it/s=6.10 eta=1.9m
2026-02-11 00:59:42,832 - INFO - epoch=60 batch=350/1000 train_loss=1.1062 it/s=6.10 eta=1.8m
2026-02-11 00:59:51,009 - INFO - epoch=60 batch=400/1000 train_loss=1.1080 it/s=6.11 eta=1.6m
2026-02-11 00:59:59,197 - INFO - epoch=60 batch=450/1000 train_loss=1.1080 it/s=6.11 eta=1.5m
2026-02-11 01:00:07,284 - INFO - epoch=60 batch=500/1000 train_loss=1.1070 it/s=6.11 eta=1.4m
2026-02-11 01:00:15,433 - INFO - epoch=60 batch=550/1000 train_loss=1.1067 it/s=6.12 eta=1.2m
2026-02-11 01:00:23,615 - INFO - epoch=60 batch=600/1000 train_loss=1.1071 it/s=6.12 eta=1.1m
2026-02-11 01:00:31,777 - INFO - epoch=60 batch=650/1000 train_loss=1.1070 it/s=6.12 eta=1.0m
2026-02-11 01:00:39,903 - INFO - epoch=60 batch=700/1000 train_loss=1.1061 it/s=6.12 eta=0.8m
2026-02-11 01:00:48,095 - INFO - epoch=60 batch=750/1000 train_loss=1.1058 it/s=6.12 eta=0.7m
2026-02-11 01:00:56,290 - INFO - epoch=60 batch=800/1000 train_loss=1.1064 it/s=6.12 eta=0.5m
2026-02-11 01:01:04,468 - INFO - epoch=60 batch=850/1000 train_loss=1.1064 it/s=6.12 eta=0.4m
2026-02-11 01:01:12,660 - INFO - epoch=60 batch=900/1000 train_loss=1.1063 it/s=6.12 eta=0.3m
2026-02-11 01:01:20,812 - INFO - epoch=60 batch=950/1000 train_loss=1.1058 it/s=6.12 eta=0.1m
2026-02-11 01:01:28,958 - INFO - epoch=60 batch=1000/1000 train_loss=1.1060 it/s=6.12 eta=0.0m
2026-02-11 01:01:49,112 - INFO - epoch=60 train_loss=1.106035 val_loss=1.028355 best=1.029435@59
2026-02-11 01:01:49,146 - INFO - saved: _sync/wsa/pi_verify/20260210_porto_phase1_s0/e2_joint_ft_fast_s0/report.json
[W211 01:01:49.460902254 AllocatorConfig.cpp:28] Warning: PYTORCH_CUDA_ALLOC_CONF is deprecated, use PYTORCH_ALLOC_CONF instead (function operator())
