2026-01-23 08:36:27,611 - INFO - device=cuda
2026-01-23 08:36:27,621 - INFO - routes: total=5392 train=4853 val=539 max_way_len=160
2026-01-23 08:36:28,764 - INFO - init best_val_loss=0.332943 from current weights (epoch=0)
2026-01-23 08:36:30,957 - INFO - epoch=1 train_loss=0.3112 train_acc=0.803 val_loss=0.3254 val_acc=0.790
2026-01-23 08:36:32,657 - INFO - epoch=2 train_loss=0.3080 train_acc=0.806 val_loss=0.3210 val_acc=0.795
2026-01-23 08:36:34,320 - INFO - epoch=3 train_loss=0.3027 train_acc=0.809 val_loss=0.3163 val_acc=0.805
2026-01-23 08:36:36,007 - INFO - epoch=4 train_loss=0.2999 train_acc=0.811 val_loss=0.3139 val_acc=0.806
2026-01-23 08:36:37,708 - INFO - epoch=5 train_loss=0.2971 train_acc=0.814 val_loss=0.3123 val_acc=0.811
2026-01-23 08:36:39,394 - INFO - epoch=6 train_loss=0.2949 train_acc=0.817 val_loss=0.3109 val_acc=0.811
2026-01-23 08:36:41,049 - INFO - epoch=7 train_loss=0.2928 train_acc=0.818 val_loss=0.3094 val_acc=0.813
2026-01-23 08:36:42,755 - INFO - epoch=8 train_loss=0.2913 train_acc=0.820 val_loss=0.3084 val_acc=0.816
2026-01-23 08:36:44,413 - INFO - epoch=9 train_loss=0.2894 train_acc=0.820 val_loss=0.3075 val_acc=0.814
2026-01-23 08:36:46,070 - INFO - epoch=10 train_loss=0.2874 train_acc=0.823 val_loss=0.3061 val_acc=0.813
2026-01-23 08:36:47,721 - INFO - epoch=11 train_loss=0.2855 train_acc=0.823 val_loss=0.3034 val_acc=0.815
2026-01-23 08:36:49,382 - INFO - epoch=12 train_loss=0.2831 train_acc=0.828 val_loss=0.3009 val_acc=0.823
2026-01-23 08:36:51,036 - INFO - epoch=13 train_loss=0.2805 train_acc=0.831 val_loss=0.2992 val_acc=0.831
2026-01-23 08:36:52,683 - INFO - epoch=14 train_loss=0.2783 train_acc=0.835 val_loss=0.2956 val_acc=0.835
2026-01-23 08:36:54,345 - INFO - epoch=15 train_loss=0.2760 train_acc=0.838 val_loss=0.2948 val_acc=0.833
2026-01-23 08:36:56,051 - INFO - epoch=16 train_loss=0.2740 train_acc=0.841 val_loss=0.2922 val_acc=0.834
2026-01-23 08:36:57,750 - INFO - epoch=17 train_loss=0.2718 train_acc=0.843 val_loss=0.2915 val_acc=0.836
2026-01-23 08:36:59,416 - INFO - epoch=18 train_loss=0.2701 train_acc=0.844 val_loss=0.2905 val_acc=0.834
2026-01-23 08:37:01,103 - INFO - epoch=19 train_loss=0.2687 train_acc=0.845 val_loss=0.2903 val_acc=0.838
2026-01-23 08:37:02,770 - INFO - epoch=20 train_loss=0.2654 train_acc=0.849 val_loss=0.2886 val_acc=0.840
2026-01-23 08:37:04,510 - INFO - epoch=21 train_loss=0.2635 train_acc=0.849 val_loss=0.2871 val_acc=0.839
2026-01-23 08:37:06,212 - INFO - epoch=22 train_loss=0.2620 train_acc=0.851 val_loss=0.2865 val_acc=0.841
2026-01-23 08:37:07,877 - INFO - epoch=23 train_loss=0.2597 train_acc=0.852 val_loss=0.2863 val_acc=0.843
2026-01-23 08:37:09,545 - INFO - epoch=24 train_loss=0.2585 train_acc=0.855 val_loss=0.2828 val_acc=0.843
2026-01-23 08:37:11,210 - INFO - epoch=25 train_loss=0.2557 train_acc=0.857 val_loss=0.2807 val_acc=0.846
2026-01-23 08:37:12,935 - INFO - epoch=26 train_loss=0.2548 train_acc=0.858 val_loss=0.2789 val_acc=0.846
2026-01-23 08:37:14,599 - INFO - epoch=27 train_loss=0.2522 train_acc=0.859 val_loss=0.2796 val_acc=0.845
2026-01-23 08:37:16,265 - INFO - epoch=28 train_loss=0.2507 train_acc=0.861 val_loss=0.2789 val_acc=0.848
2026-01-23 08:37:17,967 - INFO - epoch=29 train_loss=0.2490 train_acc=0.861 val_loss=0.2760 val_acc=0.849
2026-01-23 08:37:19,684 - INFO - epoch=30 train_loss=0.2474 train_acc=0.863 val_loss=0.2768 val_acc=0.849
2026-01-23 08:37:21,361 - INFO - epoch=31 train_loss=0.2453 train_acc=0.865 val_loss=0.2751 val_acc=0.850
2026-01-23 08:37:23,108 - INFO - epoch=32 train_loss=0.2440 train_acc=0.866 val_loss=0.2740 val_acc=0.850
2026-01-23 08:37:24,778 - INFO - epoch=33 train_loss=0.2429 train_acc=0.866 val_loss=0.2794 val_acc=0.851
2026-01-23 08:37:26,449 - INFO - epoch=34 train_loss=0.2411 train_acc=0.868 val_loss=0.2776 val_acc=0.852
2026-01-23 08:37:28,138 - INFO - epoch=35 train_loss=0.2393 train_acc=0.869 val_loss=0.2741 val_acc=0.854
2026-01-23 08:37:29,868 - INFO - epoch=36 train_loss=0.2382 train_acc=0.869 val_loss=0.2741 val_acc=0.856
2026-01-23 08:37:31,556 - INFO - epoch=37 train_loss=0.2362 train_acc=0.870 val_loss=0.2728 val_acc=0.855
2026-01-23 08:37:33,244 - INFO - epoch=38 train_loss=0.2345 train_acc=0.871 val_loss=0.2722 val_acc=0.858
2026-01-23 08:37:34,932 - INFO - epoch=39 train_loss=0.2334 train_acc=0.872 val_loss=0.2783 val_acc=0.858
2026-01-23 08:37:36,627 - INFO - epoch=40 train_loss=0.2321 train_acc=0.873 val_loss=0.2760 val_acc=0.855
2026-01-23 08:37:38,339 - INFO - epoch=41 train_loss=0.2309 train_acc=0.874 val_loss=0.2722 val_acc=0.860
2026-01-23 08:37:40,030 - INFO - epoch=42 train_loss=0.2292 train_acc=0.875 val_loss=0.2741 val_acc=0.857
2026-01-23 08:37:41,722 - INFO - epoch=43 train_loss=0.2276 train_acc=0.876 val_loss=0.2727 val_acc=0.856
2026-01-23 08:37:43,428 - INFO - epoch=44 train_loss=0.2253 train_acc=0.877 val_loss=0.2722 val_acc=0.858
2026-01-23 08:37:45,133 - INFO - epoch=45 train_loss=0.2251 train_acc=0.877 val_loss=0.2721 val_acc=0.859
2026-01-23 08:37:46,898 - INFO - epoch=46 train_loss=0.2246 train_acc=0.877 val_loss=0.2730 val_acc=0.859
2026-01-23 08:37:48,607 - INFO - epoch=47 train_loss=0.2219 train_acc=0.879 val_loss=0.2750 val_acc=0.858
2026-01-23 08:37:50,330 - INFO - epoch=48 train_loss=0.2212 train_acc=0.879 val_loss=0.2722 val_acc=0.860
2026-01-23 08:37:52,038 - INFO - epoch=49 train_loss=0.2204 train_acc=0.879 val_loss=0.2732 val_acc=0.861
2026-01-23 08:37:53,744 - INFO - epoch=50 train_loss=0.2199 train_acc=0.880 val_loss=0.2757 val_acc=0.859
2026-01-23 08:37:55,436 - INFO - epoch=51 train_loss=0.2178 train_acc=0.882 val_loss=0.2719 val_acc=0.860
2026-01-23 08:37:57,195 - INFO - epoch=52 train_loss=0.2159 train_acc=0.883 val_loss=0.2749 val_acc=0.862
2026-01-23 08:37:58,935 - INFO - epoch=53 train_loss=0.2147 train_acc=0.883 val_loss=0.2736 val_acc=0.863
2026-01-23 08:38:00,703 - INFO - epoch=54 train_loss=0.2129 train_acc=0.884 val_loss=0.2770 val_acc=0.862
2026-01-23 08:38:02,416 - INFO - epoch=55 train_loss=0.2116 train_acc=0.885 val_loss=0.2744 val_acc=0.863
2026-01-23 08:38:04,144 - INFO - epoch=56 train_loss=0.2102 train_acc=0.886 val_loss=0.2758 val_acc=0.862
2026-01-23 08:38:05,867 - INFO - epoch=57 train_loss=0.2092 train_acc=0.887 val_loss=0.2745 val_acc=0.865
2026-01-23 08:38:07,599 - INFO - epoch=58 train_loss=0.2079 train_acc=0.888 val_loss=0.2797 val_acc=0.863
2026-01-23 08:38:09,334 - INFO - epoch=59 train_loss=0.2081 train_acc=0.887 val_loss=0.2772 val_acc=0.864
2026-01-23 08:38:11,084 - INFO - epoch=60 train_loss=0.2074 train_acc=0.889 val_loss=0.2782 val_acc=0.862
2026-01-23 08:38:12,883 - INFO - epoch=61 train_loss=0.2057 train_acc=0.889 val_loss=0.2772 val_acc=0.862
2026-01-23 08:38:14,646 - INFO - epoch=62 train_loss=0.2039 train_acc=0.890 val_loss=0.2828 val_acc=0.862
2026-01-23 08:38:16,405 - INFO - epoch=63 train_loss=0.2023 train_acc=0.890 val_loss=0.2836 val_acc=0.861
2026-01-23 08:38:18,131 - INFO - epoch=64 train_loss=0.2019 train_acc=0.891 val_loss=0.2796 val_acc=0.865
2026-01-23 08:38:19,869 - INFO - epoch=65 train_loss=0.2010 train_acc=0.891 val_loss=0.2769 val_acc=0.864
2026-01-23 08:38:21,605 - INFO - epoch=66 train_loss=0.2003 train_acc=0.892 val_loss=0.2820 val_acc=0.864
2026-01-23 08:38:23,324 - INFO - epoch=67 train_loss=0.1995 train_acc=0.892 val_loss=0.2754 val_acc=0.865
2026-01-23 08:38:25,067 - INFO - epoch=68 train_loss=0.1968 train_acc=0.894 val_loss=0.2845 val_acc=0.864
2026-01-23 08:38:26,800 - INFO - epoch=69 train_loss=0.1969 train_acc=0.895 val_loss=0.2840 val_acc=0.866
2026-01-23 08:38:28,533 - INFO - epoch=70 train_loss=0.1958 train_acc=0.895 val_loss=0.2817 val_acc=0.864
2026-01-23 08:38:30,295 - INFO - epoch=71 train_loss=0.1948 train_acc=0.896 val_loss=0.2794 val_acc=0.864
2026-01-23 08:38:32,078 - INFO - epoch=72 train_loss=0.1942 train_acc=0.895 val_loss=0.2852 val_acc=0.866
2026-01-23 08:38:33,834 - INFO - epoch=73 train_loss=0.1927 train_acc=0.897 val_loss=0.2826 val_acc=0.866
2026-01-23 08:38:35,598 - INFO - epoch=74 train_loss=0.1924 train_acc=0.898 val_loss=0.2868 val_acc=0.865
2026-01-23 08:38:37,387 - INFO - epoch=75 train_loss=0.1921 train_acc=0.897 val_loss=0.2832 val_acc=0.863
2026-01-23 08:38:39,158 - INFO - epoch=76 train_loss=0.1911 train_acc=0.896 val_loss=0.2862 val_acc=0.863
2026-01-23 08:38:40,901 - INFO - epoch=77 train_loss=0.1889 train_acc=0.899 val_loss=0.2872 val_acc=0.866
2026-01-23 08:38:42,674 - INFO - epoch=78 train_loss=0.1872 train_acc=0.900 val_loss=0.2890 val_acc=0.865
2026-01-23 08:38:44,417 - INFO - epoch=79 train_loss=0.1872 train_acc=0.900 val_loss=0.2889 val_acc=0.866
2026-01-23 08:38:46,183 - INFO - epoch=80 train_loss=0.1858 train_acc=0.900 val_loss=0.2954 val_acc=0.865
2026-01-23 08:38:47,987 - INFO - epoch=81 train_loss=0.1845 train_acc=0.902 val_loss=0.2916 val_acc=0.868
2026-01-23 08:38:49,737 - INFO - epoch=82 train_loss=0.1843 train_acc=0.901 val_loss=0.2888 val_acc=0.863
2026-01-23 08:38:51,475 - INFO - epoch=83 train_loss=0.1856 train_acc=0.902 val_loss=0.2950 val_acc=0.866
2026-01-23 08:38:53,249 - INFO - epoch=84 train_loss=0.1844 train_acc=0.903 val_loss=0.2975 val_acc=0.866
2026-01-23 08:38:55,010 - INFO - epoch=85 train_loss=0.1832 train_acc=0.902 val_loss=0.2923 val_acc=0.867
2026-01-23 08:38:56,797 - INFO - epoch=86 train_loss=0.1820 train_acc=0.903 val_loss=0.2989 val_acc=0.867
2026-01-23 08:38:58,531 - INFO - epoch=87 train_loss=0.1792 train_acc=0.905 val_loss=0.2925 val_acc=0.867
2026-01-23 08:39:00,280 - INFO - epoch=88 train_loss=0.1789 train_acc=0.905 val_loss=0.2960 val_acc=0.866
2026-01-23 08:39:02,030 - INFO - epoch=89 train_loss=0.1789 train_acc=0.905 val_loss=0.3040 val_acc=0.867
2026-01-23 08:39:03,778 - INFO - epoch=90 train_loss=0.1765 train_acc=0.906 val_loss=0.3018 val_acc=0.865
2026-01-23 08:39:05,523 - INFO - epoch=91 train_loss=0.1766 train_acc=0.907 val_loss=0.2982 val_acc=0.866
2026-01-23 08:39:07,286 - INFO - epoch=92 train_loss=0.1759 train_acc=0.907 val_loss=0.2990 val_acc=0.866
2026-01-23 08:39:09,020 - INFO - epoch=93 train_loss=0.1754 train_acc=0.907 val_loss=0.3029 val_acc=0.868
2026-01-23 08:39:10,784 - INFO - epoch=94 train_loss=0.1725 train_acc=0.909 val_loss=0.3113 val_acc=0.866
2026-01-23 08:39:12,544 - INFO - epoch=95 train_loss=0.1735 train_acc=0.908 val_loss=0.3017 val_acc=0.870
2026-01-23 08:39:14,333 - INFO - epoch=96 train_loss=0.1724 train_acc=0.909 val_loss=0.3095 val_acc=0.866
2026-01-23 08:39:16,088 - INFO - epoch=97 train_loss=0.1725 train_acc=0.909 val_loss=0.3034 val_acc=0.866
2026-01-23 08:39:17,838 - INFO - epoch=98 train_loss=0.1708 train_acc=0.909 val_loss=0.3019 val_acc=0.867
2026-01-23 08:39:19,620 - INFO - epoch=99 train_loss=0.1699 train_acc=0.910 val_loss=0.3065 val_acc=0.867
2026-01-23 08:39:21,412 - INFO - epoch=100 train_loss=0.1703 train_acc=0.911 val_loss=0.3035 val_acc=0.869
2026-01-23 08:39:23,238 - INFO - epoch=101 train_loss=0.1687 train_acc=0.912 val_loss=0.3010 val_acc=0.869
2026-01-23 08:39:24,990 - INFO - epoch=102 train_loss=0.1681 train_acc=0.912 val_loss=0.3084 val_acc=0.868
2026-01-23 08:39:26,770 - INFO - epoch=103 train_loss=0.1676 train_acc=0.912 val_loss=0.3062 val_acc=0.867
2026-01-23 08:39:28,568 - INFO - epoch=104 train_loss=0.1656 train_acc=0.913 val_loss=0.3192 val_acc=0.869
2026-01-23 08:39:30,364 - INFO - epoch=105 train_loss=0.1649 train_acc=0.914 val_loss=0.3117 val_acc=0.869
2026-01-23 08:39:32,127 - INFO - epoch=106 train_loss=0.1640 train_acc=0.914 val_loss=0.3145 val_acc=0.869
2026-01-23 08:39:33,893 - INFO - epoch=107 train_loss=0.1660 train_acc=0.913 val_loss=0.3107 val_acc=0.868
2026-01-23 08:39:35,644 - INFO - epoch=108 train_loss=0.1660 train_acc=0.913 val_loss=0.3118 val_acc=0.867
2026-01-23 08:39:37,407 - INFO - epoch=109 train_loss=0.1631 train_acc=0.914 val_loss=0.3108 val_acc=0.868
2026-01-23 08:39:39,157 - INFO - epoch=110 train_loss=0.1619 train_acc=0.915 val_loss=0.3113 val_acc=0.870
2026-01-23 08:39:40,924 - INFO - epoch=111 train_loss=0.1608 train_acc=0.916 val_loss=0.3159 val_acc=0.870
2026-01-23 08:39:42,700 - INFO - epoch=112 train_loss=0.1620 train_acc=0.915 val_loss=0.3209 val_acc=0.871
2026-01-23 08:39:44,467 - INFO - epoch=113 train_loss=0.1602 train_acc=0.916 val_loss=0.3137 val_acc=0.870
2026-01-23 08:39:46,215 - INFO - epoch=114 train_loss=0.1612 train_acc=0.915 val_loss=0.3154 val_acc=0.871
2026-01-23 08:39:48,001 - INFO - epoch=115 train_loss=0.1593 train_acc=0.917 val_loss=0.3201 val_acc=0.868
2026-01-23 08:39:49,762 - INFO - epoch=116 train_loss=0.1585 train_acc=0.917 val_loss=0.3179 val_acc=0.870
2026-01-23 08:39:51,523 - INFO - epoch=117 train_loss=0.1567 train_acc=0.918 val_loss=0.3214 val_acc=0.870
2026-01-23 08:39:53,322 - INFO - epoch=118 train_loss=0.1558 train_acc=0.919 val_loss=0.3233 val_acc=0.873
2026-01-23 08:39:55,128 - INFO - epoch=119 train_loss=0.1556 train_acc=0.919 val_loss=0.3149 val_acc=0.869
2026-01-23 08:39:56,919 - INFO - epoch=120 train_loss=0.1558 train_acc=0.919 val_loss=0.3263 val_acc=0.868
2026-01-23 08:39:58,700 - INFO - epoch=121 train_loss=0.1547 train_acc=0.920 val_loss=0.3236 val_acc=0.871
2026-01-23 08:40:00,458 - INFO - epoch=122 train_loss=0.1549 train_acc=0.920 val_loss=0.3198 val_acc=0.869
2026-01-23 08:40:02,266 - INFO - epoch=123 train_loss=0.1527 train_acc=0.920 val_loss=0.3318 val_acc=0.869
2026-01-23 08:40:04,071 - INFO - epoch=124 train_loss=0.1528 train_acc=0.921 val_loss=0.3314 val_acc=0.871
2026-01-23 08:40:05,838 - INFO - epoch=125 train_loss=0.1532 train_acc=0.921 val_loss=0.3311 val_acc=0.869
2026-01-23 08:40:07,634 - INFO - epoch=126 train_loss=0.1527 train_acc=0.921 val_loss=0.3300 val_acc=0.871
2026-01-23 08:40:09,440 - INFO - epoch=127 train_loss=0.1507 train_acc=0.922 val_loss=0.3297 val_acc=0.871
2026-01-23 08:40:11,221 - INFO - epoch=128 train_loss=0.1495 train_acc=0.922 val_loss=0.3263 val_acc=0.873
2026-01-23 08:40:12,981 - INFO - epoch=129 train_loss=0.1489 train_acc=0.923 val_loss=0.3353 val_acc=0.869
2026-01-23 08:40:14,796 - INFO - epoch=130 train_loss=0.1482 train_acc=0.923 val_loss=0.3275 val_acc=0.870
2026-01-23 08:40:16,552 - INFO - epoch=131 train_loss=0.1479 train_acc=0.924 val_loss=0.3294 val_acc=0.874
2026-01-23 08:40:18,328 - INFO - epoch=132 train_loss=0.1482 train_acc=0.923 val_loss=0.3340 val_acc=0.871
2026-01-23 08:40:20,124 - INFO - epoch=133 train_loss=0.1467 train_acc=0.925 val_loss=0.3373 val_acc=0.870
2026-01-23 08:40:21,933 - INFO - epoch=134 train_loss=0.1472 train_acc=0.924 val_loss=0.3350 val_acc=0.869
2026-01-23 08:40:23,745 - INFO - epoch=135 train_loss=0.1441 train_acc=0.926 val_loss=0.3414 val_acc=0.872
2026-01-23 08:40:25,553 - INFO - epoch=136 train_loss=0.1441 train_acc=0.926 val_loss=0.3407 val_acc=0.872
2026-01-23 08:40:27,344 - INFO - epoch=137 train_loss=0.1445 train_acc=0.926 val_loss=0.3368 val_acc=0.872
2026-01-23 08:40:29,100 - INFO - epoch=138 train_loss=0.1427 train_acc=0.927 val_loss=0.3468 val_acc=0.870
2026-01-23 08:40:30,870 - INFO - epoch=139 train_loss=0.1424 train_acc=0.927 val_loss=0.3464 val_acc=0.872
2026-01-23 08:40:32,661 - INFO - epoch=140 train_loss=0.1429 train_acc=0.928 val_loss=0.3462 val_acc=0.873
2026-01-23 08:40:34,460 - INFO - epoch=141 train_loss=0.1437 train_acc=0.926 val_loss=0.3402 val_acc=0.873
2026-01-23 08:40:36,215 - INFO - epoch=142 train_loss=0.1406 train_acc=0.928 val_loss=0.3497 val_acc=0.871
2026-01-23 08:40:37,990 - INFO - epoch=143 train_loss=0.1416 train_acc=0.927 val_loss=0.3495 val_acc=0.871
2026-01-23 08:40:39,787 - INFO - epoch=144 train_loss=0.1413 train_acc=0.927 val_loss=0.3540 val_acc=0.873
2026-01-23 08:40:41,549 - INFO - epoch=145 train_loss=0.1391 train_acc=0.928 val_loss=0.3573 val_acc=0.875
2026-01-23 08:40:43,354 - INFO - epoch=146 train_loss=0.1379 train_acc=0.929 val_loss=0.3517 val_acc=0.870
2026-01-23 08:40:45,118 - INFO - epoch=147 train_loss=0.1382 train_acc=0.929 val_loss=0.3607 val_acc=0.871
2026-01-23 08:40:46,907 - INFO - epoch=148 train_loss=0.1382 train_acc=0.930 val_loss=0.3559 val_acc=0.873
2026-01-23 08:40:48,690 - INFO - epoch=149 train_loss=0.1369 train_acc=0.930 val_loss=0.3585 val_acc=0.872
2026-01-23 08:40:50,480 - INFO - epoch=150 train_loss=0.1362 train_acc=0.931 val_loss=0.3508 val_acc=0.873
2026-01-23 08:40:52,281 - INFO - epoch=151 train_loss=0.1360 train_acc=0.930 val_loss=0.3598 val_acc=0.873
2026-01-23 08:40:54,043 - INFO - epoch=152 train_loss=0.1347 train_acc=0.932 val_loss=0.3595 val_acc=0.872
2026-01-23 08:40:55,811 - INFO - epoch=153 train_loss=0.1358 train_acc=0.931 val_loss=0.3563 val_acc=0.875
2026-01-23 08:40:57,570 - INFO - epoch=154 train_loss=0.1346 train_acc=0.931 val_loss=0.3731 val_acc=0.874
2026-01-23 08:40:59,335 - INFO - epoch=155 train_loss=0.1360 train_acc=0.931 val_loss=0.3672 val_acc=0.870
2026-01-23 08:41:01,102 - INFO - epoch=156 train_loss=0.1349 train_acc=0.931 val_loss=0.3625 val_acc=0.874
2026-01-23 08:41:02,864 - INFO - epoch=157 train_loss=0.1327 train_acc=0.932 val_loss=0.3691 val_acc=0.872
2026-01-23 08:41:04,642 - INFO - epoch=158 train_loss=0.1344 train_acc=0.931 val_loss=0.3660 val_acc=0.875
2026-01-23 08:41:06,415 - INFO - epoch=159 train_loss=0.1330 train_acc=0.933 val_loss=0.3682 val_acc=0.872
2026-01-23 08:41:08,173 - INFO - epoch=160 train_loss=0.1320 train_acc=0.933 val_loss=0.3671 val_acc=0.872
2026-01-23 08:41:09,974 - INFO - epoch=161 train_loss=0.1314 train_acc=0.934 val_loss=0.3794 val_acc=0.870
2026-01-23 08:41:11,785 - INFO - epoch=162 train_loss=0.1307 train_acc=0.935 val_loss=0.3760 val_acc=0.873
2026-01-23 08:41:13,606 - INFO - epoch=163 train_loss=0.1288 train_acc=0.935 val_loss=0.3753 val_acc=0.870
2026-01-23 08:41:15,424 - INFO - epoch=164 train_loss=0.1304 train_acc=0.933 val_loss=0.3669 val_acc=0.872
2026-01-23 08:41:17,194 - INFO - epoch=165 train_loss=0.1286 train_acc=0.935 val_loss=0.3821 val_acc=0.873
2026-01-23 08:41:18,965 - INFO - epoch=166 train_loss=0.1286 train_acc=0.935 val_loss=0.3766 val_acc=0.873
2026-01-23 08:41:20,754 - INFO - epoch=167 train_loss=0.1276 train_acc=0.935 val_loss=0.3805 val_acc=0.872
2026-01-23 08:41:22,524 - INFO - epoch=168 train_loss=0.1266 train_acc=0.936 val_loss=0.3844 val_acc=0.872
2026-01-23 08:41:24,297 - INFO - epoch=169 train_loss=0.1267 train_acc=0.937 val_loss=0.3912 val_acc=0.874
2026-01-23 08:41:26,096 - INFO - epoch=170 train_loss=0.1274 train_acc=0.936 val_loss=0.3783 val_acc=0.875
2026-01-23 08:41:27,868 - INFO - epoch=171 train_loss=0.1255 train_acc=0.937 val_loss=0.3779 val_acc=0.875
2026-01-23 08:41:29,648 - INFO - epoch=172 train_loss=0.1256 train_acc=0.937 val_loss=0.3850 val_acc=0.873
2026-01-23 08:41:31,420 - INFO - epoch=173 train_loss=0.1248 train_acc=0.936 val_loss=0.3767 val_acc=0.874
2026-01-23 08:41:33,223 - INFO - epoch=174 train_loss=0.1258 train_acc=0.937 val_loss=0.3751 val_acc=0.874
2026-01-23 08:41:35,004 - INFO - epoch=175 train_loss=0.1254 train_acc=0.937 val_loss=0.3868 val_acc=0.874
2026-01-23 08:41:36,753 - INFO - epoch=176 train_loss=0.1260 train_acc=0.937 val_loss=0.3846 val_acc=0.875
2026-01-23 08:41:38,519 - INFO - epoch=177 train_loss=0.1224 train_acc=0.938 val_loss=0.3936 val_acc=0.877
2026-01-23 08:41:40,287 - INFO - epoch=178 train_loss=0.1224 train_acc=0.939 val_loss=0.3854 val_acc=0.874
2026-01-23 08:41:42,080 - INFO - epoch=179 train_loss=0.1241 train_acc=0.938 val_loss=0.3961 val_acc=0.874
2026-01-23 08:41:43,905 - INFO - epoch=180 train_loss=0.1212 train_acc=0.939 val_loss=0.3914 val_acc=0.874
2026-01-23 08:41:45,695 - INFO - epoch=181 train_loss=0.1219 train_acc=0.939 val_loss=0.3783 val_acc=0.875
2026-01-23 08:41:47,511 - INFO - epoch=182 train_loss=0.1210 train_acc=0.940 val_loss=0.3946 val_acc=0.873
2026-01-23 08:41:49,294 - INFO - epoch=183 train_loss=0.1208 train_acc=0.940 val_loss=0.3942 val_acc=0.876
2026-01-23 08:41:51,064 - INFO - epoch=184 train_loss=0.1189 train_acc=0.941 val_loss=0.3991 val_acc=0.876
2026-01-23 08:41:52,847 - INFO - epoch=185 train_loss=0.1189 train_acc=0.941 val_loss=0.4056 val_acc=0.874
2026-01-23 08:41:54,622 - INFO - epoch=186 train_loss=0.1188 train_acc=0.941 val_loss=0.4050 val_acc=0.873
2026-01-23 08:41:56,436 - INFO - epoch=187 train_loss=0.1189 train_acc=0.940 val_loss=0.3929 val_acc=0.874
2026-01-23 08:41:58,210 - INFO - epoch=188 train_loss=0.1185 train_acc=0.941 val_loss=0.4121 val_acc=0.876
2026-01-23 08:42:00,019 - INFO - epoch=189 train_loss=0.1183 train_acc=0.941 val_loss=0.3962 val_acc=0.874
2026-01-23 08:42:01,791 - INFO - epoch=190 train_loss=0.1184 train_acc=0.942 val_loss=0.4253 val_acc=0.877
2026-01-23 08:42:03,570 - INFO - epoch=191 train_loss=0.1179 train_acc=0.941 val_loss=0.3980 val_acc=0.875
2026-01-23 08:42:05,334 - INFO - epoch=192 train_loss=0.1164 train_acc=0.942 val_loss=0.4150 val_acc=0.874
2026-01-23 08:42:07,112 - INFO - epoch=193 train_loss=0.1158 train_acc=0.942 val_loss=0.3984 val_acc=0.877
2026-01-23 08:42:08,921 - INFO - epoch=194 train_loss=0.1155 train_acc=0.943 val_loss=0.4134 val_acc=0.875
2026-01-23 08:42:10,705 - INFO - epoch=195 train_loss=0.1162 train_acc=0.942 val_loss=0.4101 val_acc=0.876
2026-01-23 08:42:12,483 - INFO - epoch=196 train_loss=0.1159 train_acc=0.943 val_loss=0.4112 val_acc=0.876
2026-01-23 08:42:14,243 - INFO - epoch=197 train_loss=0.1144 train_acc=0.944 val_loss=0.4093 val_acc=0.879
2026-01-23 08:42:16,034 - INFO - epoch=198 train_loss=0.1143 train_acc=0.944 val_loss=0.4158 val_acc=0.873
2026-01-23 08:42:17,802 - INFO - epoch=199 train_loss=0.1139 train_acc=0.944 val_loss=0.4235 val_acc=0.875
2026-01-23 08:42:19,571 - INFO - epoch=200 train_loss=0.1140 train_acc=0.944 val_loss=0.4262 val_acc=0.878
2026-01-23 08:42:21,383 - INFO - epoch=201 train_loss=0.1126 train_acc=0.944 val_loss=0.4207 val_acc=0.877
2026-01-23 08:42:23,187 - INFO - epoch=202 train_loss=0.1119 train_acc=0.945 val_loss=0.4219 val_acc=0.876
2026-01-23 08:42:24,977 - INFO - epoch=203 train_loss=0.1106 train_acc=0.946 val_loss=0.4256 val_acc=0.875
2026-01-23 08:42:26,793 - INFO - epoch=204 train_loss=0.1115 train_acc=0.945 val_loss=0.4210 val_acc=0.875
2026-01-23 08:42:28,573 - INFO - epoch=205 train_loss=0.1108 train_acc=0.945 val_loss=0.4434 val_acc=0.876
2026-01-23 08:42:30,342 - INFO - epoch=206 train_loss=0.1097 train_acc=0.946 val_loss=0.4377 val_acc=0.875
2026-01-23 08:42:32,108 - INFO - epoch=207 train_loss=0.1116 train_acc=0.946 val_loss=0.4311 val_acc=0.875
2026-01-23 08:42:33,887 - INFO - epoch=208 train_loss=0.1098 train_acc=0.946 val_loss=0.4202 val_acc=0.876
2026-01-23 08:42:35,703 - INFO - epoch=209 train_loss=0.1093 train_acc=0.946 val_loss=0.4234 val_acc=0.874
2026-01-23 08:42:37,481 - INFO - epoch=210 train_loss=0.1105 train_acc=0.946 val_loss=0.4245 val_acc=0.875
2026-01-23 08:42:39,287 - INFO - epoch=211 train_loss=0.1094 train_acc=0.947 val_loss=0.4287 val_acc=0.876
2026-01-23 08:42:41,090 - INFO - epoch=212 train_loss=0.1078 train_acc=0.947 val_loss=0.4280 val_acc=0.875
2026-01-23 08:42:42,887 - INFO - epoch=213 train_loss=0.1093 train_acc=0.946 val_loss=0.4342 val_acc=0.877
2026-01-23 08:42:44,707 - INFO - epoch=214 train_loss=0.1105 train_acc=0.946 val_loss=0.4165 val_acc=0.872
2026-01-23 08:42:46,503 - INFO - epoch=215 train_loss=0.1093 train_acc=0.946 val_loss=0.4318 val_acc=0.878
2026-01-23 08:42:48,303 - INFO - epoch=216 train_loss=0.1084 train_acc=0.947 val_loss=0.4388 val_acc=0.876
2026-01-23 08:42:50,088 - INFO - epoch=217 train_loss=0.1057 train_acc=0.949 val_loss=0.4438 val_acc=0.877
2026-01-23 08:42:51,865 - INFO - epoch=218 train_loss=0.1049 train_acc=0.949 val_loss=0.4475 val_acc=0.876
2026-01-23 08:42:53,631 - INFO - epoch=219 train_loss=0.1073 train_acc=0.948 val_loss=0.4340 val_acc=0.878
2026-01-23 08:42:55,419 - INFO - epoch=220 train_loss=0.1073 train_acc=0.947 val_loss=0.4436 val_acc=0.874
2026-01-23 08:42:57,258 - INFO - epoch=221 train_loss=0.1054 train_acc=0.949 val_loss=0.4514 val_acc=0.878
2026-01-23 08:42:59,024 - INFO - epoch=222 train_loss=0.1052 train_acc=0.949 val_loss=0.4396 val_acc=0.877
2026-01-23 08:43:00,839 - INFO - epoch=223 train_loss=0.1035 train_acc=0.951 val_loss=0.4400 val_acc=0.876
2026-01-23 08:43:02,636 - INFO - epoch=224 train_loss=0.1033 train_acc=0.950 val_loss=0.4406 val_acc=0.875
2026-01-23 08:43:04,408 - INFO - epoch=225 train_loss=0.1032 train_acc=0.950 val_loss=0.4551 val_acc=0.874
2026-01-23 08:43:06,211 - INFO - epoch=226 train_loss=0.1049 train_acc=0.950 val_loss=0.4508 val_acc=0.874
2026-01-23 08:43:07,997 - INFO - epoch=227 train_loss=0.1040 train_acc=0.949 val_loss=0.4544 val_acc=0.874
2026-01-23 08:43:09,793 - INFO - epoch=228 train_loss=0.1020 train_acc=0.951 val_loss=0.4616 val_acc=0.875
2026-01-23 08:43:11,591 - INFO - epoch=229 train_loss=0.1031 train_acc=0.950 val_loss=0.4665 val_acc=0.874
2026-01-23 08:43:13,365 - INFO - epoch=230 train_loss=0.1013 train_acc=0.951 val_loss=0.4523 val_acc=0.874
2026-01-23 08:43:15,180 - INFO - epoch=231 train_loss=0.1006 train_acc=0.952 val_loss=0.4659 val_acc=0.877
2026-01-23 08:43:17,003 - INFO - epoch=232 train_loss=0.1015 train_acc=0.950 val_loss=0.4509 val_acc=0.875
2026-01-23 08:43:18,787 - INFO - epoch=233 train_loss=0.1024 train_acc=0.950 val_loss=0.4556 val_acc=0.877
2026-01-23 08:43:20,548 - INFO - epoch=234 train_loss=0.1005 train_acc=0.952 val_loss=0.4496 val_acc=0.876
2026-01-23 08:43:22,308 - INFO - epoch=235 train_loss=0.1003 train_acc=0.952 val_loss=0.4631 val_acc=0.876
2026-01-23 08:43:24,097 - INFO - epoch=236 train_loss=0.0990 train_acc=0.952 val_loss=0.4590 val_acc=0.874
2026-01-23 08:43:25,870 - INFO - epoch=237 train_loss=0.0996 train_acc=0.952 val_loss=0.4614 val_acc=0.874
2026-01-23 08:43:27,662 - INFO - epoch=238 train_loss=0.0986 train_acc=0.952 val_loss=0.4571 val_acc=0.875
2026-01-23 08:43:29,423 - INFO - epoch=239 train_loss=0.0986 train_acc=0.953 val_loss=0.4635 val_acc=0.875
2026-01-23 08:43:31,226 - INFO - epoch=240 train_loss=0.0999 train_acc=0.952 val_loss=0.4642 val_acc=0.876
2026-01-23 08:43:33,074 - INFO - epoch=241 train_loss=0.0982 train_acc=0.953 val_loss=0.4696 val_acc=0.876
2026-01-23 08:43:34,852 - INFO - epoch=242 train_loss=0.0986 train_acc=0.953 val_loss=0.4846 val_acc=0.876
2026-01-23 08:43:36,626 - INFO - epoch=243 train_loss=0.0976 train_acc=0.953 val_loss=0.4693 val_acc=0.878
2026-01-23 08:43:38,404 - INFO - epoch=244 train_loss=0.0977 train_acc=0.953 val_loss=0.4814 val_acc=0.876
2026-01-23 08:43:40,231 - INFO - epoch=245 train_loss=0.0979 train_acc=0.953 val_loss=0.4711 val_acc=0.877
2026-01-23 08:43:42,049 - INFO - epoch=246 train_loss=0.0963 train_acc=0.954 val_loss=0.4811 val_acc=0.876
2026-01-23 08:43:43,817 - INFO - epoch=247 train_loss=0.0953 train_acc=0.955 val_loss=0.4761 val_acc=0.877
2026-01-23 08:43:45,608 - INFO - epoch=248 train_loss=0.0948 train_acc=0.955 val_loss=0.4843 val_acc=0.876
2026-01-23 08:43:47,416 - INFO - epoch=249 train_loss=0.0952 train_acc=0.955 val_loss=0.4980 val_acc=0.876
2026-01-23 08:43:49,195 - INFO - epoch=250 train_loss=0.0957 train_acc=0.954 val_loss=0.4853 val_acc=0.874
2026-01-23 08:43:51,003 - INFO - epoch=251 train_loss=0.0953 train_acc=0.954 val_loss=0.4858 val_acc=0.876
2026-01-23 08:43:52,781 - INFO - epoch=252 train_loss=0.0956 train_acc=0.955 val_loss=0.4854 val_acc=0.878
2026-01-23 08:43:54,565 - INFO - epoch=253 train_loss=0.0943 train_acc=0.955 val_loss=0.4980 val_acc=0.875
2026-01-23 08:43:56,337 - INFO - epoch=254 train_loss=0.0953 train_acc=0.954 val_loss=0.4962 val_acc=0.877
2026-01-23 08:43:58,130 - INFO - epoch=255 train_loss=0.0954 train_acc=0.954 val_loss=0.4741 val_acc=0.877
2026-01-23 08:43:59,906 - INFO - epoch=256 train_loss=0.0950 train_acc=0.954 val_loss=0.4897 val_acc=0.876
2026-01-23 08:44:01,706 - INFO - epoch=257 train_loss=0.0949 train_acc=0.955 val_loss=0.4882 val_acc=0.877
2026-01-23 08:44:03,506 - INFO - epoch=258 train_loss=0.0928 train_acc=0.956 val_loss=0.4921 val_acc=0.875
2026-01-23 08:44:05,282 - INFO - epoch=259 train_loss=0.0943 train_acc=0.955 val_loss=0.5028 val_acc=0.874
2026-01-23 08:44:07,049 - INFO - epoch=260 train_loss=0.0943 train_acc=0.956 val_loss=0.5027 val_acc=0.874
2026-01-23 08:44:08,843 - INFO - epoch=261 train_loss=0.0937 train_acc=0.956 val_loss=0.4876 val_acc=0.876
2026-01-23 08:44:10,606 - INFO - epoch=262 train_loss=0.0923 train_acc=0.956 val_loss=0.5013 val_acc=0.875
2026-01-23 08:44:12,374 - INFO - epoch=263 train_loss=0.0903 train_acc=0.957 val_loss=0.4978 val_acc=0.877
2026-01-23 08:44:14,140 - INFO - epoch=264 train_loss=0.0914 train_acc=0.957 val_loss=0.4890 val_acc=0.876
2026-01-23 08:44:15,916 - INFO - epoch=265 train_loss=0.0913 train_acc=0.957 val_loss=0.4915 val_acc=0.877
2026-01-23 08:44:17,708 - INFO - epoch=266 train_loss=0.0907 train_acc=0.957 val_loss=0.5128 val_acc=0.877
2026-01-23 08:44:19,499 - INFO - epoch=267 train_loss=0.0895 train_acc=0.958 val_loss=0.5017 val_acc=0.878
2026-01-23 08:44:21,297 - INFO - epoch=268 train_loss=0.0905 train_acc=0.958 val_loss=0.5138 val_acc=0.875
2026-01-23 08:44:23,115 - INFO - epoch=269 train_loss=0.0901 train_acc=0.958 val_loss=0.5090 val_acc=0.878
2026-01-23 08:44:24,913 - INFO - epoch=270 train_loss=0.0892 train_acc=0.958 val_loss=0.5160 val_acc=0.876
2026-01-23 08:44:26,743 - INFO - epoch=271 train_loss=0.0900 train_acc=0.957 val_loss=0.5089 val_acc=0.877
2026-01-23 08:44:28,537 - INFO - epoch=272 train_loss=0.0913 train_acc=0.957 val_loss=0.5141 val_acc=0.875
2026-01-23 08:44:30,333 - INFO - epoch=273 train_loss=0.0890 train_acc=0.959 val_loss=0.5077 val_acc=0.875
2026-01-23 08:44:32,120 - INFO - epoch=274 train_loss=0.0875 train_acc=0.959 val_loss=0.5250 val_acc=0.874
2026-01-23 08:44:33,885 - INFO - epoch=275 train_loss=0.0888 train_acc=0.958 val_loss=0.5068 val_acc=0.876
2026-01-23 08:44:35,661 - INFO - epoch=276 train_loss=0.0874 train_acc=0.959 val_loss=0.5242 val_acc=0.876
2026-01-23 08:44:37,421 - INFO - epoch=277 train_loss=0.0864 train_acc=0.959 val_loss=0.5348 val_acc=0.874
2026-01-23 08:44:39,228 - INFO - epoch=278 train_loss=0.0872 train_acc=0.959 val_loss=0.5185 val_acc=0.874
2026-01-23 08:44:41,034 - INFO - epoch=279 train_loss=0.0867 train_acc=0.959 val_loss=0.5183 val_acc=0.876
2026-01-23 08:44:42,805 - INFO - epoch=280 train_loss=0.0852 train_acc=0.961 val_loss=0.5213 val_acc=0.878
2026-01-23 08:44:44,601 - INFO - epoch=281 train_loss=0.0857 train_acc=0.960 val_loss=0.5373 val_acc=0.875
2026-01-23 08:44:46,374 - INFO - epoch=282 train_loss=0.0860 train_acc=0.960 val_loss=0.5111 val_acc=0.874
2026-01-23 08:44:48,136 - INFO - epoch=283 train_loss=0.0872 train_acc=0.959 val_loss=0.5282 val_acc=0.873
2026-01-23 08:44:49,926 - INFO - epoch=284 train_loss=0.0850 train_acc=0.961 val_loss=0.5369 val_acc=0.876
2026-01-23 08:44:51,748 - INFO - epoch=285 train_loss=0.0853 train_acc=0.960 val_loss=0.5239 val_acc=0.876
2026-01-23 08:44:53,623 - INFO - epoch=286 train_loss=0.0864 train_acc=0.960 val_loss=0.5335 val_acc=0.876
2026-01-23 08:44:55,420 - INFO - epoch=287 train_loss=0.0857 train_acc=0.960 val_loss=0.5259 val_acc=0.877
2026-01-23 08:44:57,195 - INFO - epoch=288 train_loss=0.0841 train_acc=0.961 val_loss=0.5198 val_acc=0.877
2026-01-23 08:44:58,951 - INFO - epoch=289 train_loss=0.0852 train_acc=0.960 val_loss=0.5206 val_acc=0.874
2026-01-23 08:45:00,712 - INFO - epoch=290 train_loss=0.0853 train_acc=0.960 val_loss=0.5349 val_acc=0.876
2026-01-23 08:45:02,497 - INFO - epoch=291 train_loss=0.0845 train_acc=0.961 val_loss=0.5427 val_acc=0.879
2026-01-23 08:45:04,279 - INFO - epoch=292 train_loss=0.0835 train_acc=0.961 val_loss=0.5407 val_acc=0.876
2026-01-23 08:45:06,073 - INFO - epoch=293 train_loss=0.0823 train_acc=0.961 val_loss=0.5354 val_acc=0.876
2026-01-23 08:45:07,849 - INFO - epoch=294 train_loss=0.0829 train_acc=0.962 val_loss=0.5517 val_acc=0.874
2026-01-23 08:45:09,648 - INFO - epoch=295 train_loss=0.0827 train_acc=0.961 val_loss=0.5308 val_acc=0.878
2026-01-23 08:45:11,431 - INFO - epoch=296 train_loss=0.0818 train_acc=0.962 val_loss=0.5398 val_acc=0.876
2026-01-23 08:45:13,249 - INFO - epoch=297 train_loss=0.0816 train_acc=0.962 val_loss=0.5354 val_acc=0.876
2026-01-23 08:45:15,022 - INFO - epoch=298 train_loss=0.0827 train_acc=0.962 val_loss=0.5529 val_acc=0.875
2026-01-23 08:45:16,840 - INFO - epoch=299 train_loss=0.0803 train_acc=0.963 val_loss=0.5650 val_acc=0.876
2026-01-23 08:45:18,608 - INFO - epoch=300 train_loss=0.0822 train_acc=0.962 val_loss=0.5631 val_acc=0.875
2026-01-23 08:45:20,432 - INFO - epoch=301 train_loss=0.0825 train_acc=0.962 val_loss=0.5488 val_acc=0.878
2026-01-23 08:45:22,224 - INFO - epoch=302 train_loss=0.0798 train_acc=0.963 val_loss=0.5576 val_acc=0.877
2026-01-23 08:45:24,053 - INFO - epoch=303 train_loss=0.0813 train_acc=0.962 val_loss=0.5479 val_acc=0.878
2026-01-23 08:45:25,828 - INFO - epoch=304 train_loss=0.0832 train_acc=0.962 val_loss=0.5625 val_acc=0.875
2026-01-23 08:45:27,596 - INFO - epoch=305 train_loss=0.0819 train_acc=0.963 val_loss=0.5600 val_acc=0.876
2026-01-23 08:45:29,370 - INFO - epoch=306 train_loss=0.0827 train_acc=0.962 val_loss=0.5414 val_acc=0.877
2026-01-23 08:45:31,143 - INFO - epoch=307 train_loss=0.0809 train_acc=0.962 val_loss=0.5474 val_acc=0.877
2026-01-23 08:45:32,914 - INFO - epoch=308 train_loss=0.0795 train_acc=0.963 val_loss=0.5513 val_acc=0.878
2026-01-23 08:45:34,743 - INFO - epoch=309 train_loss=0.0800 train_acc=0.963 val_loss=0.5663 val_acc=0.875
2026-01-23 08:45:36,536 - INFO - epoch=310 train_loss=0.0804 train_acc=0.963 val_loss=0.5608 val_acc=0.876
2026-01-23 08:45:38,313 - INFO - epoch=311 train_loss=0.0803 train_acc=0.963 val_loss=0.5535 val_acc=0.877
2026-01-23 08:45:40,102 - INFO - epoch=312 train_loss=0.0794 train_acc=0.964 val_loss=0.5543 val_acc=0.876
2026-01-23 08:45:41,905 - INFO - epoch=313 train_loss=0.0798 train_acc=0.963 val_loss=0.5513 val_acc=0.877
2026-01-23 08:45:43,739 - INFO - epoch=314 train_loss=0.0782 train_acc=0.964 val_loss=0.5784 val_acc=0.878
2026-01-23 08:45:45,518 - INFO - epoch=315 train_loss=0.0769 train_acc=0.965 val_loss=0.5724 val_acc=0.878
2026-01-23 08:45:47,290 - INFO - epoch=316 train_loss=0.0762 train_acc=0.965 val_loss=0.5736 val_acc=0.878
2026-01-23 08:45:49,099 - INFO - epoch=317 train_loss=0.0769 train_acc=0.965 val_loss=0.5691 val_acc=0.876
2026-01-23 08:45:50,877 - INFO - epoch=318 train_loss=0.0766 train_acc=0.965 val_loss=0.5884 val_acc=0.876
2026-01-23 08:45:52,705 - INFO - epoch=319 train_loss=0.0756 train_acc=0.965 val_loss=0.5841 val_acc=0.877
2026-01-23 08:45:54,464 - INFO - epoch=320 train_loss=0.0765 train_acc=0.964 val_loss=0.5884 val_acc=0.876
2026-01-23 08:45:56,264 - INFO - epoch=321 train_loss=0.0767 train_acc=0.965 val_loss=0.5883 val_acc=0.875
2026-01-23 08:45:58,041 - INFO - epoch=322 train_loss=0.0746 train_acc=0.966 val_loss=0.5817 val_acc=0.876
2026-01-23 08:45:59,800 - INFO - epoch=323 train_loss=0.0750 train_acc=0.966 val_loss=0.5722 val_acc=0.879
2026-01-23 08:46:01,568 - INFO - epoch=324 train_loss=0.0759 train_acc=0.965 val_loss=0.5739 val_acc=0.876
2026-01-23 08:46:03,394 - INFO - epoch=325 train_loss=0.0763 train_acc=0.965 val_loss=0.5879 val_acc=0.875
2026-01-23 08:46:05,160 - INFO - epoch=326 train_loss=0.0761 train_acc=0.965 val_loss=0.5932 val_acc=0.873
2026-01-23 08:46:06,964 - INFO - epoch=327 train_loss=0.0747 train_acc=0.966 val_loss=0.5872 val_acc=0.876
2026-01-23 08:46:08,736 - INFO - epoch=328 train_loss=0.0759 train_acc=0.966 val_loss=0.5943 val_acc=0.875
2026-01-23 08:46:10,553 - INFO - epoch=329 train_loss=0.0766 train_acc=0.966 val_loss=0.5825 val_acc=0.877
2026-01-23 08:46:12,344 - INFO - epoch=330 train_loss=0.0754 train_acc=0.966 val_loss=0.5718 val_acc=0.877
2026-01-23 08:46:14,108 - INFO - epoch=331 train_loss=0.0755 train_acc=0.965 val_loss=0.5711 val_acc=0.874
2026-01-23 08:46:15,906 - INFO - epoch=332 train_loss=0.0744 train_acc=0.967 val_loss=0.5871 val_acc=0.877
2026-01-23 08:46:17,686 - INFO - epoch=333 train_loss=0.0751 train_acc=0.966 val_loss=0.6000 val_acc=0.874
2026-01-23 08:46:19,441 - INFO - epoch=334 train_loss=0.0749 train_acc=0.965 val_loss=0.5865 val_acc=0.877
2026-01-23 08:46:21,211 - INFO - epoch=335 train_loss=0.0736 train_acc=0.966 val_loss=0.5957 val_acc=0.877
2026-01-23 08:46:23,028 - INFO - epoch=336 train_loss=0.0754 train_acc=0.966 val_loss=0.5893 val_acc=0.876
2026-01-23 08:46:24,808 - INFO - epoch=337 train_loss=0.0750 train_acc=0.967 val_loss=0.5932 val_acc=0.876
2026-01-23 08:46:26,622 - INFO - epoch=338 train_loss=0.0748 train_acc=0.966 val_loss=0.5937 val_acc=0.879
2026-01-23 08:46:28,418 - INFO - epoch=339 train_loss=0.0726 train_acc=0.967 val_loss=0.6066 val_acc=0.877
2026-01-23 08:46:30,191 - INFO - epoch=340 train_loss=0.0736 train_acc=0.966 val_loss=0.5844 val_acc=0.878
2026-01-23 08:46:32,005 - INFO - epoch=341 train_loss=0.0736 train_acc=0.967 val_loss=0.5967 val_acc=0.878
2026-01-23 08:46:33,786 - INFO - epoch=342 train_loss=0.0727 train_acc=0.967 val_loss=0.5806 val_acc=0.878
2026-01-23 08:46:35,561 - INFO - epoch=343 train_loss=0.0725 train_acc=0.967 val_loss=0.6053 val_acc=0.876
2026-01-23 08:46:37,384 - INFO - epoch=344 train_loss=0.0733 train_acc=0.967 val_loss=0.5908 val_acc=0.878
2026-01-23 08:46:39,164 - INFO - epoch=345 train_loss=0.0717 train_acc=0.968 val_loss=0.6046 val_acc=0.877
2026-01-23 08:46:40,977 - INFO - epoch=346 train_loss=0.0718 train_acc=0.968 val_loss=0.6036 val_acc=0.879
2026-01-23 08:46:42,756 - INFO - epoch=347 train_loss=0.0705 train_acc=0.968 val_loss=0.6126 val_acc=0.878
2026-01-23 08:46:44,523 - INFO - epoch=348 train_loss=0.0711 train_acc=0.968 val_loss=0.5982 val_acc=0.878
2026-01-23 08:46:46,301 - INFO - epoch=349 train_loss=0.0709 train_acc=0.968 val_loss=0.6130 val_acc=0.879
2026-01-23 08:46:48,114 - INFO - epoch=350 train_loss=0.0719 train_acc=0.968 val_loss=0.6054 val_acc=0.877
2026-01-23 08:46:49,899 - INFO - epoch=351 train_loss=0.0704 train_acc=0.968 val_loss=0.6196 val_acc=0.878
2026-01-23 08:46:51,672 - INFO - epoch=352 train_loss=0.0706 train_acc=0.969 val_loss=0.6165 val_acc=0.878
2026-01-23 08:46:53,446 - INFO - epoch=353 train_loss=0.0683 train_acc=0.969 val_loss=0.6174 val_acc=0.876
2026-01-23 08:46:55,206 - INFO - epoch=354 train_loss=0.0694 train_acc=0.969 val_loss=0.6161 val_acc=0.877
2026-01-23 08:46:56,998 - INFO - epoch=355 train_loss=0.0708 train_acc=0.968 val_loss=0.6102 val_acc=0.876
2026-01-23 08:46:58,761 - INFO - epoch=356 train_loss=0.0705 train_acc=0.969 val_loss=0.6068 val_acc=0.877
2026-01-23 08:47:00,577 - INFO - epoch=357 train_loss=0.0694 train_acc=0.969 val_loss=0.6319 val_acc=0.876
2026-01-23 08:47:02,345 - INFO - epoch=358 train_loss=0.0699 train_acc=0.968 val_loss=0.6298 val_acc=0.875
2026-01-23 08:47:04,136 - INFO - epoch=359 train_loss=0.0705 train_acc=0.969 val_loss=0.6170 val_acc=0.877
2026-01-23 08:47:05,910 - INFO - epoch=360 train_loss=0.0700 train_acc=0.968 val_loss=0.6239 val_acc=0.876
2026-01-23 08:47:07,718 - INFO - epoch=361 train_loss=0.0706 train_acc=0.969 val_loss=0.6264 val_acc=0.875
2026-01-23 08:47:09,522 - INFO - epoch=362 train_loss=0.0705 train_acc=0.969 val_loss=0.6124 val_acc=0.875
2026-01-23 08:47:11,303 - INFO - epoch=363 train_loss=0.0701 train_acc=0.968 val_loss=0.6101 val_acc=0.873
2026-01-23 08:47:13,093 - INFO - epoch=364 train_loss=0.0702 train_acc=0.969 val_loss=0.6323 val_acc=0.878
2026-01-23 08:47:14,908 - INFO - epoch=365 train_loss=0.0691 train_acc=0.969 val_loss=0.6153 val_acc=0.876
2026-01-23 08:47:16,701 - INFO - epoch=366 train_loss=0.0693 train_acc=0.969 val_loss=0.6219 val_acc=0.877
2026-01-23 08:47:18,490 - INFO - epoch=367 train_loss=0.0697 train_acc=0.969 val_loss=0.6219 val_acc=0.878
2026-01-23 08:47:20,309 - INFO - epoch=368 train_loss=0.0700 train_acc=0.969 val_loss=0.6258 val_acc=0.876
2026-01-23 08:47:22,099 - INFO - epoch=369 train_loss=0.0685 train_acc=0.969 val_loss=0.6171 val_acc=0.878
2026-01-23 08:47:23,906 - INFO - epoch=370 train_loss=0.0677 train_acc=0.970 val_loss=0.6225 val_acc=0.878
2026-01-23 08:47:25,702 - INFO - epoch=371 train_loss=0.0678 train_acc=0.969 val_loss=0.6328 val_acc=0.876
2026-01-23 08:47:27,468 - INFO - epoch=372 train_loss=0.0661 train_acc=0.971 val_loss=0.6391 val_acc=0.877
2026-01-23 08:47:29,286 - INFO - epoch=373 train_loss=0.0671 train_acc=0.970 val_loss=0.6401 val_acc=0.877
2026-01-23 08:47:31,061 - INFO - epoch=374 train_loss=0.0670 train_acc=0.970 val_loss=0.6315 val_acc=0.878
2026-01-23 08:47:32,869 - INFO - epoch=375 train_loss=0.0663 train_acc=0.971 val_loss=0.6326 val_acc=0.875
2026-01-23 08:47:34,709 - INFO - epoch=376 train_loss=0.0697 train_acc=0.969 val_loss=0.6179 val_acc=0.878
2026-01-23 08:47:36,506 - INFO - epoch=377 train_loss=0.0688 train_acc=0.969 val_loss=0.6288 val_acc=0.877
2026-01-23 08:47:38,315 - INFO - epoch=378 train_loss=0.0663 train_acc=0.971 val_loss=0.6293 val_acc=0.877
2026-01-23 08:47:40,115 - INFO - epoch=379 train_loss=0.0651 train_acc=0.971 val_loss=0.6285 val_acc=0.878
2026-01-23 08:47:41,877 - INFO - epoch=380 train_loss=0.0652 train_acc=0.971 val_loss=0.6501 val_acc=0.875
2026-01-23 08:47:43,720 - INFO - epoch=381 train_loss=0.0646 train_acc=0.971 val_loss=0.6248 val_acc=0.877
2026-01-23 08:47:45,493 - INFO - epoch=382 train_loss=0.0655 train_acc=0.971 val_loss=0.6299 val_acc=0.878
2026-01-23 08:47:47,268 - INFO - epoch=383 train_loss=0.0642 train_acc=0.972 val_loss=0.6544 val_acc=0.876
2026-01-23 08:47:49,032 - INFO - epoch=384 train_loss=0.0648 train_acc=0.972 val_loss=0.6429 val_acc=0.877
2026-01-23 08:47:50,862 - INFO - epoch=385 train_loss=0.0642 train_acc=0.971 val_loss=0.6635 val_acc=0.876
2026-01-23 08:47:52,671 - INFO - epoch=386 train_loss=0.0640 train_acc=0.972 val_loss=0.6291 val_acc=0.877
2026-01-23 08:47:54,467 - INFO - epoch=387 train_loss=0.0647 train_acc=0.972 val_loss=0.6627 val_acc=0.877
2026-01-23 08:47:56,263 - INFO - epoch=388 train_loss=0.0649 train_acc=0.971 val_loss=0.6584 val_acc=0.875
2026-01-23 08:47:58,060 - INFO - epoch=389 train_loss=0.0649 train_acc=0.972 val_loss=0.6598 val_acc=0.879
2026-01-23 08:47:59,825 - INFO - epoch=390 train_loss=0.0645 train_acc=0.971 val_loss=0.6529 val_acc=0.878
2026-01-23 08:48:01,597 - INFO - epoch=391 train_loss=0.0647 train_acc=0.972 val_loss=0.6441 val_acc=0.879
2026-01-23 08:48:03,414 - INFO - epoch=392 train_loss=0.0643 train_acc=0.972 val_loss=0.6486 val_acc=0.876
2026-01-23 08:48:05,203 - INFO - epoch=393 train_loss=0.0625 train_acc=0.972 val_loss=0.6426 val_acc=0.876
2026-01-23 08:48:06,963 - INFO - epoch=394 train_loss=0.0619 train_acc=0.973 val_loss=0.6688 val_acc=0.875
2026-01-23 08:48:08,763 - INFO - epoch=395 train_loss=0.0638 train_acc=0.972 val_loss=0.6492 val_acc=0.877
2026-01-23 08:48:10,539 - INFO - epoch=396 train_loss=0.0642 train_acc=0.972 val_loss=0.6830 val_acc=0.877
2026-01-23 08:48:12,317 - INFO - epoch=397 train_loss=0.0650 train_acc=0.971 val_loss=0.6702 val_acc=0.875
2026-01-23 08:48:14,098 - INFO - epoch=398 train_loss=0.0640 train_acc=0.971 val_loss=0.6535 val_acc=0.879
2026-01-23 08:48:15,867 - INFO - epoch=399 train_loss=0.0634 train_acc=0.972 val_loss=0.6610 val_acc=0.874
2026-01-23 08:48:17,654 - INFO - epoch=400 train_loss=0.0633 train_acc=0.972 val_loss=0.6652 val_acc=0.878
2026-01-23 08:48:19,447 - INFO - epoch=401 train_loss=0.0607 train_acc=0.973 val_loss=0.6747 val_acc=0.876
2026-01-23 08:48:21,257 - INFO - epoch=402 train_loss=0.0628 train_acc=0.972 val_loss=0.6714 val_acc=0.876
2026-01-23 08:48:23,035 - INFO - epoch=403 train_loss=0.0629 train_acc=0.973 val_loss=0.6845 val_acc=0.876
2026-01-23 08:48:24,838 - INFO - epoch=404 train_loss=0.0628 train_acc=0.972 val_loss=0.6898 val_acc=0.876
2026-01-23 08:48:26,598 - INFO - epoch=405 train_loss=0.0647 train_acc=0.972 val_loss=0.6691 val_acc=0.878
2026-01-23 08:48:28,363 - INFO - epoch=406 train_loss=0.0656 train_acc=0.971 val_loss=0.6621 val_acc=0.880
2026-01-23 08:48:30,143 - INFO - epoch=407 train_loss=0.0642 train_acc=0.972 val_loss=0.6593 val_acc=0.876
2026-01-23 08:48:31,920 - INFO - epoch=408 train_loss=0.0624 train_acc=0.972 val_loss=0.6663 val_acc=0.877
2026-01-23 08:48:33,699 - INFO - epoch=409 train_loss=0.0619 train_acc=0.973 val_loss=0.6687 val_acc=0.877
2026-01-23 08:48:35,479 - INFO - epoch=410 train_loss=0.0613 train_acc=0.972 val_loss=0.6660 val_acc=0.879
2026-01-23 08:48:37,295 - INFO - epoch=411 train_loss=0.0602 train_acc=0.974 val_loss=0.6705 val_acc=0.877
2026-01-23 08:48:39,109 - INFO - epoch=412 train_loss=0.0596 train_acc=0.974 val_loss=0.6750 val_acc=0.876
2026-01-23 08:48:40,886 - INFO - epoch=413 train_loss=0.0618 train_acc=0.973 val_loss=0.6817 val_acc=0.876
2026-01-23 08:48:42,705 - INFO - epoch=414 train_loss=0.0616 train_acc=0.973 val_loss=0.6751 val_acc=0.876
2026-01-23 08:48:44,488 - INFO - epoch=415 train_loss=0.0623 train_acc=0.972 val_loss=0.6688 val_acc=0.879
2026-01-23 08:48:46,268 - INFO - epoch=416 train_loss=0.0613 train_acc=0.973 val_loss=0.6735 val_acc=0.877
2026-01-23 08:48:48,060 - INFO - epoch=417 train_loss=0.0598 train_acc=0.974 val_loss=0.6750 val_acc=0.878
2026-01-23 08:48:49,846 - INFO - epoch=418 train_loss=0.0595 train_acc=0.973 val_loss=0.6994 val_acc=0.877
2026-01-23 08:48:51,661 - INFO - epoch=419 train_loss=0.0595 train_acc=0.975 val_loss=0.6826 val_acc=0.879
2026-01-23 08:48:53,437 - INFO - epoch=420 train_loss=0.0587 train_acc=0.974 val_loss=0.6813 val_acc=0.881
2026-01-23 08:48:55,273 - INFO - epoch=421 train_loss=0.0591 train_acc=0.974 val_loss=0.6844 val_acc=0.879
2026-01-23 08:48:57,090 - INFO - epoch=422 train_loss=0.0594 train_acc=0.974 val_loss=0.6993 val_acc=0.877
2026-01-23 08:48:58,916 - INFO - epoch=423 train_loss=0.0583 train_acc=0.975 val_loss=0.6872 val_acc=0.879
2026-01-23 08:49:00,731 - INFO - epoch=424 train_loss=0.0582 train_acc=0.974 val_loss=0.6865 val_acc=0.877
2026-01-23 08:49:02,559 - INFO - epoch=425 train_loss=0.0580 train_acc=0.974 val_loss=0.7043 val_acc=0.877
2026-01-23 08:49:04,392 - INFO - epoch=426 train_loss=0.0594 train_acc=0.974 val_loss=0.6931 val_acc=0.876
2026-01-23 08:49:06,192 - INFO - epoch=427 train_loss=0.0578 train_acc=0.975 val_loss=0.6929 val_acc=0.877
2026-01-23 08:49:07,992 - INFO - epoch=428 train_loss=0.0592 train_acc=0.974 val_loss=0.6894 val_acc=0.879
2026-01-23 08:49:09,764 - INFO - epoch=429 train_loss=0.0593 train_acc=0.974 val_loss=0.6768 val_acc=0.880
2026-01-23 08:49:11,581 - INFO - epoch=430 train_loss=0.0573 train_acc=0.975 val_loss=0.6998 val_acc=0.879
2026-01-23 08:49:13,390 - INFO - epoch=431 train_loss=0.0589 train_acc=0.974 val_loss=0.7000 val_acc=0.876
2026-01-23 08:49:15,185 - INFO - epoch=432 train_loss=0.0590 train_acc=0.974 val_loss=0.7097 val_acc=0.876
2026-01-23 08:49:16,993 - INFO - epoch=433 train_loss=0.0585 train_acc=0.975 val_loss=0.6867 val_acc=0.878
2026-01-23 08:49:18,812 - INFO - epoch=434 train_loss=0.0588 train_acc=0.974 val_loss=0.7017 val_acc=0.876
2026-01-23 08:49:20,620 - INFO - epoch=435 train_loss=0.0593 train_acc=0.974 val_loss=0.7127 val_acc=0.875
2026-01-23 08:49:22,423 - INFO - epoch=436 train_loss=0.0604 train_acc=0.974 val_loss=0.7017 val_acc=0.878
2026-01-23 08:49:24,214 - INFO - epoch=437 train_loss=0.0585 train_acc=0.975 val_loss=0.7067 val_acc=0.879
2026-01-23 08:49:26,024 - INFO - epoch=438 train_loss=0.0576 train_acc=0.975 val_loss=0.6893 val_acc=0.878
2026-01-23 08:49:27,813 - INFO - epoch=439 train_loss=0.0566 train_acc=0.975 val_loss=0.7188 val_acc=0.877
2026-01-23 08:49:29,595 - INFO - epoch=440 train_loss=0.0566 train_acc=0.976 val_loss=0.7193 val_acc=0.879
2026-01-23 08:49:31,398 - INFO - epoch=441 train_loss=0.0579 train_acc=0.975 val_loss=0.7200 val_acc=0.879
2026-01-23 08:49:33,167 - INFO - epoch=442 train_loss=0.0573 train_acc=0.975 val_loss=0.7076 val_acc=0.877
2026-01-23 08:49:34,972 - INFO - epoch=443 train_loss=0.0571 train_acc=0.975 val_loss=0.7090 val_acc=0.879
2026-01-23 08:49:36,774 - INFO - epoch=444 train_loss=0.0551 train_acc=0.976 val_loss=0.7099 val_acc=0.879
2026-01-23 08:49:38,575 - INFO - epoch=445 train_loss=0.0559 train_acc=0.976 val_loss=0.7096 val_acc=0.879
2026-01-23 08:49:40,357 - INFO - epoch=446 train_loss=0.0550 train_acc=0.976 val_loss=0.7222 val_acc=0.878
2026-01-23 08:49:42,148 - INFO - epoch=447 train_loss=0.0565 train_acc=0.975 val_loss=0.7152 val_acc=0.875
2026-01-23 08:49:43,923 - INFO - epoch=448 train_loss=0.0570 train_acc=0.975 val_loss=0.7237 val_acc=0.876
2026-01-23 08:49:45,705 - INFO - epoch=449 train_loss=0.0553 train_acc=0.976 val_loss=0.7204 val_acc=0.877
2026-01-23 08:49:47,492 - INFO - epoch=450 train_loss=0.0558 train_acc=0.976 val_loss=0.7241 val_acc=0.877
2026-01-23 08:49:49,325 - INFO - epoch=451 train_loss=0.0559 train_acc=0.976 val_loss=0.7322 val_acc=0.876
2026-01-23 08:49:51,114 - INFO - epoch=452 train_loss=0.0565 train_acc=0.975 val_loss=0.7066 val_acc=0.877
2026-01-23 08:49:52,933 - INFO - epoch=453 train_loss=0.0584 train_acc=0.975 val_loss=0.7176 val_acc=0.877
2026-01-23 08:49:54,753 - INFO - epoch=454 train_loss=0.0567 train_acc=0.976 val_loss=0.7302 val_acc=0.875
2026-01-23 08:49:56,541 - INFO - epoch=455 train_loss=0.0585 train_acc=0.975 val_loss=0.7053 val_acc=0.876
2026-01-23 08:49:58,310 - INFO - epoch=456 train_loss=0.0580 train_acc=0.975 val_loss=0.7167 val_acc=0.875
2026-01-23 08:50:00,074 - INFO - epoch=457 train_loss=0.0564 train_acc=0.976 val_loss=0.7448 val_acc=0.877
2026-01-23 08:50:01,889 - INFO - epoch=458 train_loss=0.0572 train_acc=0.975 val_loss=0.7299 val_acc=0.876
2026-01-23 08:50:03,654 - INFO - epoch=459 train_loss=0.0581 train_acc=0.975 val_loss=0.7156 val_acc=0.876
2026-01-23 08:50:05,415 - INFO - epoch=460 train_loss=0.0580 train_acc=0.975 val_loss=0.7136 val_acc=0.876
2026-01-23 08:50:07,213 - INFO - epoch=461 train_loss=0.0577 train_acc=0.975 val_loss=0.7165 val_acc=0.875
2026-01-23 08:50:09,012 - INFO - epoch=462 train_loss=0.0565 train_acc=0.976 val_loss=0.7191 val_acc=0.879
2026-01-23 08:50:10,782 - INFO - epoch=463 train_loss=0.0568 train_acc=0.976 val_loss=0.7236 val_acc=0.878
2026-01-23 08:50:12,579 - INFO - epoch=464 train_loss=0.0567 train_acc=0.976 val_loss=0.7221 val_acc=0.877
2026-01-23 08:50:14,356 - INFO - epoch=465 train_loss=0.0555 train_acc=0.976 val_loss=0.7207 val_acc=0.879
2026-01-23 08:50:16,127 - INFO - epoch=466 train_loss=0.0537 train_acc=0.976 val_loss=0.7097 val_acc=0.879
2026-01-23 08:50:17,915 - INFO - epoch=467 train_loss=0.0531 train_acc=0.977 val_loss=0.7459 val_acc=0.880
2026-01-23 08:50:19,722 - INFO - epoch=468 train_loss=0.0521 train_acc=0.977 val_loss=0.7410 val_acc=0.877
2026-01-23 08:50:21,494 - INFO - epoch=469 train_loss=0.0543 train_acc=0.977 val_loss=0.7372 val_acc=0.877
2026-01-23 08:50:23,294 - INFO - epoch=470 train_loss=0.0547 train_acc=0.976 val_loss=0.7400 val_acc=0.879
2026-01-23 08:50:25,071 - INFO - epoch=471 train_loss=0.0556 train_acc=0.976 val_loss=0.7309 val_acc=0.877
2026-01-23 08:50:26,882 - INFO - epoch=472 train_loss=0.0523 train_acc=0.978 val_loss=0.7663 val_acc=0.877
2026-01-23 08:50:28,679 - INFO - epoch=473 train_loss=0.0529 train_acc=0.977 val_loss=0.7411 val_acc=0.878
2026-01-23 08:50:30,451 - INFO - epoch=474 train_loss=0.0528 train_acc=0.977 val_loss=0.7529 val_acc=0.879
2026-01-23 08:50:32,262 - INFO - epoch=475 train_loss=0.0532 train_acc=0.977 val_loss=0.7138 val_acc=0.880
2026-01-23 08:50:34,044 - INFO - epoch=476 train_loss=0.0533 train_acc=0.977 val_loss=0.7405 val_acc=0.878
2026-01-23 08:50:35,842 - INFO - epoch=477 train_loss=0.0542 train_acc=0.977 val_loss=0.7494 val_acc=0.878
2026-01-23 08:50:37,606 - INFO - epoch=478 train_loss=0.0534 train_acc=0.977 val_loss=0.7486 val_acc=0.877
2026-01-23 08:50:39,417 - INFO - epoch=479 train_loss=0.0532 train_acc=0.977 val_loss=0.7636 val_acc=0.877
2026-01-23 08:50:41,238 - INFO - epoch=480 train_loss=0.0538 train_acc=0.977 val_loss=0.7379 val_acc=0.876
2026-01-23 08:50:43,105 - INFO - epoch=481 train_loss=0.0525 train_acc=0.978 val_loss=0.7467 val_acc=0.877
2026-01-23 08:50:44,903 - INFO - epoch=482 train_loss=0.0521 train_acc=0.977 val_loss=0.7328 val_acc=0.878
2026-01-23 08:50:46,678 - INFO - epoch=483 train_loss=0.0525 train_acc=0.977 val_loss=0.7366 val_acc=0.878
2026-01-23 08:50:48,485 - INFO - epoch=484 train_loss=0.0516 train_acc=0.978 val_loss=0.7197 val_acc=0.878
2026-01-23 08:50:50,311 - INFO - epoch=485 train_loss=0.0527 train_acc=0.977 val_loss=0.7586 val_acc=0.876
2026-01-23 08:50:52,082 - INFO - epoch=486 train_loss=0.0520 train_acc=0.978 val_loss=0.7452 val_acc=0.878
2026-01-23 08:50:53,868 - INFO - epoch=487 train_loss=0.0524 train_acc=0.978 val_loss=0.7691 val_acc=0.876
2026-01-23 08:50:55,652 - INFO - epoch=488 train_loss=0.0526 train_acc=0.977 val_loss=0.7625 val_acc=0.874
2026-01-23 08:50:57,417 - INFO - epoch=489 train_loss=0.0523 train_acc=0.978 val_loss=0.7621 val_acc=0.877
2026-01-23 08:50:59,211 - INFO - epoch=490 train_loss=0.0532 train_acc=0.978 val_loss=0.7547 val_acc=0.874
2026-01-23 08:51:00,991 - INFO - epoch=491 train_loss=0.0527 train_acc=0.978 val_loss=0.7591 val_acc=0.876
2026-01-23 08:51:02,760 - INFO - epoch=492 train_loss=0.0519 train_acc=0.978 val_loss=0.7577 val_acc=0.876
2026-01-23 08:51:04,562 - INFO - epoch=493 train_loss=0.0523 train_acc=0.978 val_loss=0.7553 val_acc=0.874
2026-01-23 08:51:06,349 - INFO - epoch=494 train_loss=0.0511 train_acc=0.978 val_loss=0.7649 val_acc=0.877
2026-01-23 08:51:08,136 - INFO - epoch=495 train_loss=0.0509 train_acc=0.978 val_loss=0.7807 val_acc=0.876
2026-01-23 08:51:09,938 - INFO - epoch=496 train_loss=0.0518 train_acc=0.978 val_loss=0.7579 val_acc=0.878
2026-01-23 08:51:11,728 - INFO - epoch=497 train_loss=0.0511 train_acc=0.978 val_loss=0.7733 val_acc=0.877
2026-01-23 08:51:13,523 - INFO - epoch=498 train_loss=0.0515 train_acc=0.978 val_loss=0.7571 val_acc=0.877
2026-01-23 08:51:15,347 - INFO - epoch=499 train_loss=0.0532 train_acc=0.977 val_loss=0.7659 val_acc=0.877
2026-01-23 08:51:17,177 - INFO - epoch=500 train_loss=0.0515 train_acc=0.978 val_loss=0.7740 val_acc=0.876
2026-01-23 08:51:18,990 - INFO - epoch=501 train_loss=0.0526 train_acc=0.978 val_loss=0.7734 val_acc=0.877
2026-01-23 08:51:20,792 - INFO - epoch=502 train_loss=0.0513 train_acc=0.979 val_loss=0.7619 val_acc=0.876
2026-01-23 08:51:22,621 - INFO - epoch=503 train_loss=0.0501 train_acc=0.979 val_loss=0.7468 val_acc=0.874
2026-01-23 08:51:24,388 - INFO - epoch=504 train_loss=0.0490 train_acc=0.979 val_loss=0.7841 val_acc=0.874
2026-01-23 08:51:26,177 - INFO - epoch=505 train_loss=0.0496 train_acc=0.979 val_loss=0.7749 val_acc=0.874
2026-01-23 08:51:27,942 - INFO - epoch=506 train_loss=0.0493 train_acc=0.979 val_loss=0.7828 val_acc=0.875
2026-01-23 08:51:29,750 - INFO - epoch=507 train_loss=0.0502 train_acc=0.979 val_loss=0.7862 val_acc=0.876
2026-01-23 08:51:31,561 - INFO - epoch=508 train_loss=0.0502 train_acc=0.979 val_loss=0.7936 val_acc=0.877
2026-01-23 08:51:33,375 - INFO - epoch=509 train_loss=0.0499 train_acc=0.979 val_loss=0.7974 val_acc=0.877
2026-01-23 08:51:35,156 - INFO - epoch=510 train_loss=0.0510 train_acc=0.979 val_loss=0.7674 val_acc=0.877
2026-01-23 08:51:36,944 - INFO - epoch=511 train_loss=0.0495 train_acc=0.979 val_loss=0.7793 val_acc=0.876
2026-01-23 08:51:38,737 - INFO - epoch=512 train_loss=0.0499 train_acc=0.979 val_loss=0.7986 val_acc=0.877
2026-01-23 08:51:40,554 - INFO - epoch=513 train_loss=0.0499 train_acc=0.979 val_loss=0.7720 val_acc=0.880
2026-01-23 08:51:42,339 - INFO - epoch=514 train_loss=0.0514 train_acc=0.978 val_loss=0.7809 val_acc=0.877
2026-01-23 08:51:44,167 - INFO - epoch=515 train_loss=0.0512 train_acc=0.978 val_loss=0.7664 val_acc=0.877
2026-01-23 08:51:45,978 - INFO - epoch=516 train_loss=0.0501 train_acc=0.979 val_loss=0.7562 val_acc=0.877
2026-01-23 08:51:47,791 - INFO - epoch=517 train_loss=0.0503 train_acc=0.979 val_loss=0.7735 val_acc=0.878
2026-01-23 08:51:49,556 - INFO - epoch=518 train_loss=0.0514 train_acc=0.978 val_loss=0.7580 val_acc=0.877
2026-01-23 08:51:51,354 - INFO - epoch=519 train_loss=0.0503 train_acc=0.979 val_loss=0.7831 val_acc=0.879
2026-01-23 08:51:53,164 - INFO - epoch=520 train_loss=0.0489 train_acc=0.979 val_loss=0.7692 val_acc=0.879
2026-01-23 08:51:54,977 - INFO - epoch=521 train_loss=0.0501 train_acc=0.979 val_loss=0.7703 val_acc=0.878
2026-01-23 08:51:56,764 - INFO - epoch=522 train_loss=0.0495 train_acc=0.979 val_loss=0.7840 val_acc=0.881
2026-01-23 08:51:58,546 - INFO - epoch=523 train_loss=0.0492 train_acc=0.979 val_loss=0.7831 val_acc=0.877
2026-01-23 08:52:00,332 - INFO - epoch=524 train_loss=0.0479 train_acc=0.980 val_loss=0.7756 val_acc=0.879
2026-01-23 08:52:02,145 - INFO - epoch=525 train_loss=0.0487 train_acc=0.979 val_loss=0.7918 val_acc=0.877
2026-01-23 08:52:03,934 - INFO - epoch=526 train_loss=0.0486 train_acc=0.979 val_loss=0.8209 val_acc=0.878
2026-01-23 08:52:05,711 - INFO - epoch=527 train_loss=0.0486 train_acc=0.980 val_loss=0.7756 val_acc=0.877
2026-01-23 08:52:07,485 - INFO - epoch=528 train_loss=0.0470 train_acc=0.980 val_loss=0.8030 val_acc=0.878
2026-01-23 08:52:09,250 - INFO - epoch=529 train_loss=0.0477 train_acc=0.980 val_loss=0.8182 val_acc=0.877
2026-01-23 08:52:11,041 - INFO - epoch=530 train_loss=0.0482 train_acc=0.980 val_loss=0.8088 val_acc=0.878
2026-01-23 08:52:12,846 - INFO - epoch=531 train_loss=0.0484 train_acc=0.980 val_loss=0.7820 val_acc=0.878
2026-01-23 08:52:14,662 - INFO - epoch=532 train_loss=0.0463 train_acc=0.980 val_loss=0.8082 val_acc=0.878
2026-01-23 08:52:16,446 - INFO - epoch=533 train_loss=0.0466 train_acc=0.980 val_loss=0.8110 val_acc=0.877
2026-01-23 08:52:18,235 - INFO - epoch=534 train_loss=0.0471 train_acc=0.980 val_loss=0.8144 val_acc=0.878
2026-01-23 08:52:20,026 - INFO - epoch=535 train_loss=0.0490 train_acc=0.980 val_loss=0.7884 val_acc=0.877
2026-01-23 08:52:21,795 - INFO - epoch=536 train_loss=0.0493 train_acc=0.980 val_loss=0.8157 val_acc=0.877
2026-01-23 08:52:23,600 - INFO - epoch=537 train_loss=0.0478 train_acc=0.980 val_loss=0.7992 val_acc=0.877
2026-01-23 08:52:25,377 - INFO - epoch=538 train_loss=0.0484 train_acc=0.980 val_loss=0.7974 val_acc=0.878
2026-01-23 08:52:27,199 - INFO - epoch=539 train_loss=0.0475 train_acc=0.980 val_loss=0.8019 val_acc=0.877
2026-01-23 08:52:28,957 - INFO - epoch=540 train_loss=0.0478 train_acc=0.980 val_loss=0.7807 val_acc=0.878
2026-01-23 08:52:30,786 - INFO - epoch=541 train_loss=0.0482 train_acc=0.980 val_loss=0.7990 val_acc=0.876
2026-01-23 08:52:32,602 - INFO - epoch=542 train_loss=0.0485 train_acc=0.979 val_loss=0.7892 val_acc=0.875
2026-01-23 08:52:34,417 - INFO - epoch=543 train_loss=0.0491 train_acc=0.979 val_loss=0.7981 val_acc=0.876
2026-01-23 08:52:36,242 - INFO - epoch=544 train_loss=0.0474 train_acc=0.980 val_loss=0.7953 val_acc=0.877
2026-01-23 08:52:38,036 - INFO - epoch=545 train_loss=0.0469 train_acc=0.980 val_loss=0.8076 val_acc=0.876
2026-01-23 08:52:39,804 - INFO - epoch=546 train_loss=0.0465 train_acc=0.981 val_loss=0.7657 val_acc=0.878
2026-01-23 08:52:41,567 - INFO - epoch=547 train_loss=0.0458 train_acc=0.981 val_loss=0.8042 val_acc=0.879
2026-01-23 08:52:43,344 - INFO - epoch=548 train_loss=0.0481 train_acc=0.980 val_loss=0.7628 val_acc=0.877
2026-01-23 08:52:45,159 - INFO - epoch=549 train_loss=0.0476 train_acc=0.980 val_loss=0.7947 val_acc=0.876
2026-01-23 08:52:46,979 - INFO - epoch=550 train_loss=0.0467 train_acc=0.980 val_loss=0.7963 val_acc=0.879
2026-01-23 08:52:48,767 - INFO - epoch=551 train_loss=0.0478 train_acc=0.980 val_loss=0.8240 val_acc=0.876
2026-01-23 08:52:50,578 - INFO - epoch=552 train_loss=0.0468 train_acc=0.980 val_loss=0.8101 val_acc=0.878
2026-01-23 08:52:52,398 - INFO - epoch=553 train_loss=0.0467 train_acc=0.980 val_loss=0.8028 val_acc=0.878
2026-01-23 08:52:54,159 - INFO - epoch=554 train_loss=0.0467 train_acc=0.980 val_loss=0.8137 val_acc=0.879
2026-01-23 08:52:55,985 - INFO - epoch=555 train_loss=0.0463 train_acc=0.980 val_loss=0.7986 val_acc=0.878
2026-01-23 08:52:57,754 - INFO - epoch=556 train_loss=0.0452 train_acc=0.981 val_loss=0.8183 val_acc=0.877
2026-01-23 08:52:59,523 - INFO - epoch=557 train_loss=0.0455 train_acc=0.981 val_loss=0.8199 val_acc=0.878
2026-01-23 08:53:01,322 - INFO - epoch=558 train_loss=0.0447 train_acc=0.981 val_loss=0.8124 val_acc=0.878
2026-01-23 08:53:03,135 - INFO - epoch=559 train_loss=0.0453 train_acc=0.981 val_loss=0.8020 val_acc=0.875
2026-01-23 08:53:04,899 - INFO - epoch=560 train_loss=0.0451 train_acc=0.981 val_loss=0.8218 val_acc=0.876
2026-01-23 08:53:06,712 - INFO - epoch=561 train_loss=0.0442 train_acc=0.981 val_loss=0.8111 val_acc=0.879
2026-01-23 08:53:08,513 - INFO - epoch=562 train_loss=0.0458 train_acc=0.981 val_loss=0.8238 val_acc=0.877
2026-01-23 08:53:10,312 - INFO - epoch=563 train_loss=0.0449 train_acc=0.981 val_loss=0.7946 val_acc=0.879
2026-01-23 08:53:12,098 - INFO - epoch=564 train_loss=0.0451 train_acc=0.981 val_loss=0.8157 val_acc=0.878
2026-01-23 08:53:13,875 - INFO - epoch=565 train_loss=0.0445 train_acc=0.982 val_loss=0.8204 val_acc=0.878
2026-01-23 08:53:15,659 - INFO - epoch=566 train_loss=0.0434 train_acc=0.982 val_loss=0.8251 val_acc=0.878
2026-01-23 08:53:17,448 - INFO - epoch=567 train_loss=0.0433 train_acc=0.982 val_loss=0.8283 val_acc=0.878
2026-01-23 08:53:19,226 - INFO - epoch=568 train_loss=0.0447 train_acc=0.981 val_loss=0.8272 val_acc=0.880
2026-01-23 08:53:21,033 - INFO - epoch=569 train_loss=0.0455 train_acc=0.981 val_loss=0.8467 val_acc=0.878
2026-01-23 08:53:22,803 - INFO - epoch=570 train_loss=0.0447 train_acc=0.981 val_loss=0.8206 val_acc=0.876
2026-01-23 08:53:24,612 - INFO - epoch=571 train_loss=0.0453 train_acc=0.981 val_loss=0.8304 val_acc=0.877
2026-01-23 08:53:26,406 - INFO - epoch=572 train_loss=0.0439 train_acc=0.982 val_loss=0.8382 val_acc=0.876
2026-01-23 08:53:28,195 - INFO - epoch=573 train_loss=0.0466 train_acc=0.981 val_loss=0.8332 val_acc=0.876
2026-01-23 08:53:29,958 - INFO - epoch=574 train_loss=0.0455 train_acc=0.981 val_loss=0.8275 val_acc=0.875
2026-01-23 08:53:31,759 - INFO - epoch=575 train_loss=0.0456 train_acc=0.981 val_loss=0.8386 val_acc=0.873
2026-01-23 08:53:33,564 - INFO - epoch=576 train_loss=0.0447 train_acc=0.981 val_loss=0.8388 val_acc=0.877
2026-01-23 08:53:35,327 - INFO - epoch=577 train_loss=0.0431 train_acc=0.982 val_loss=0.8343 val_acc=0.876
2026-01-23 08:53:37,153 - INFO - epoch=578 train_loss=0.0453 train_acc=0.981 val_loss=0.8328 val_acc=0.875
2026-01-23 08:53:38,940 - INFO - epoch=579 train_loss=0.0455 train_acc=0.981 val_loss=0.8380 val_acc=0.874
2026-01-23 08:53:40,742 - INFO - epoch=580 train_loss=0.0434 train_acc=0.982 val_loss=0.8505 val_acc=0.877
2026-01-23 08:53:42,530 - INFO - epoch=581 train_loss=0.0425 train_acc=0.982 val_loss=0.8860 val_acc=0.874
2026-01-23 08:53:44,350 - INFO - epoch=582 train_loss=0.0438 train_acc=0.982 val_loss=0.8707 val_acc=0.874
2026-01-23 08:53:46,124 - INFO - epoch=583 train_loss=0.0441 train_acc=0.982 val_loss=0.8480 val_acc=0.876
2026-01-23 08:53:47,938 - INFO - epoch=584 train_loss=0.0453 train_acc=0.981 val_loss=0.8398 val_acc=0.876
2026-01-23 08:53:49,702 - INFO - epoch=585 train_loss=0.0446 train_acc=0.981 val_loss=0.8323 val_acc=0.877
2026-01-23 08:53:51,468 - INFO - epoch=586 train_loss=0.0439 train_acc=0.981 val_loss=0.8360 val_acc=0.876
2026-01-23 08:53:53,256 - INFO - epoch=587 train_loss=0.0463 train_acc=0.981 val_loss=0.8604 val_acc=0.877
2026-01-23 08:53:55,026 - INFO - epoch=588 train_loss=0.0439 train_acc=0.982 val_loss=0.8312 val_acc=0.876
2026-01-23 08:53:56,796 - INFO - epoch=589 train_loss=0.0452 train_acc=0.982 val_loss=0.8595 val_acc=0.876
2026-01-23 08:53:58,565 - INFO - epoch=590 train_loss=0.0448 train_acc=0.981 val_loss=0.8421 val_acc=0.877
2026-01-23 08:54:00,349 - INFO - epoch=591 train_loss=0.0454 train_acc=0.982 val_loss=0.8702 val_acc=0.875
2026-01-23 08:54:02,175 - INFO - epoch=592 train_loss=0.0454 train_acc=0.981 val_loss=0.8400 val_acc=0.873
2026-01-23 08:54:03,962 - INFO - epoch=593 train_loss=0.0436 train_acc=0.982 val_loss=0.8464 val_acc=0.874
2026-01-23 08:54:05,764 - INFO - epoch=594 train_loss=0.0435 train_acc=0.982 val_loss=0.8408 val_acc=0.878
2026-01-23 08:54:07,539 - INFO - epoch=595 train_loss=0.0442 train_acc=0.982 val_loss=0.8267 val_acc=0.876
2026-01-23 08:54:09,301 - INFO - epoch=596 train_loss=0.0421 train_acc=0.983 val_loss=0.8282 val_acc=0.878
2026-01-23 08:54:11,103 - INFO - epoch=597 train_loss=0.0413 train_acc=0.983 val_loss=0.8494 val_acc=0.877
2026-01-23 08:54:12,903 - INFO - epoch=598 train_loss=0.0421 train_acc=0.982 val_loss=0.8672 val_acc=0.876
2026-01-23 08:54:14,711 - INFO - epoch=599 train_loss=0.0413 train_acc=0.983 val_loss=0.8739 val_acc=0.875
2026-01-23 08:54:16,493 - INFO - epoch=600 train_loss=0.0427 train_acc=0.983 val_loss=0.8683 val_acc=0.876
2026-01-23 08:54:18,295 - INFO - epoch=601 train_loss=0.0428 train_acc=0.982 val_loss=0.8578 val_acc=0.877
2026-01-23 08:54:20,058 - INFO - epoch=602 train_loss=0.0432 train_acc=0.982 val_loss=0.8749 val_acc=0.877
2026-01-23 08:54:21,843 - INFO - epoch=603 train_loss=0.0438 train_acc=0.982 val_loss=0.8524 val_acc=0.877
2026-01-23 08:54:23,620 - INFO - epoch=604 train_loss=0.0444 train_acc=0.982 val_loss=0.8359 val_acc=0.877
2026-01-23 08:54:25,394 - INFO - epoch=605 train_loss=0.0445 train_acc=0.982 val_loss=0.8142 val_acc=0.877
2026-01-23 08:54:27,197 - INFO - epoch=606 train_loss=0.0436 train_acc=0.982 val_loss=0.8313 val_acc=0.876
2026-01-23 08:54:28,974 - INFO - epoch=607 train_loss=0.0423 train_acc=0.982 val_loss=0.8632 val_acc=0.876
2026-01-23 08:54:30,794 - INFO - epoch=608 train_loss=0.0436 train_acc=0.982 val_loss=0.8624 val_acc=0.878
2026-01-23 08:54:32,625 - INFO - epoch=609 train_loss=0.0431 train_acc=0.982 val_loss=0.8397 val_acc=0.877
2026-01-23 08:54:34,426 - INFO - epoch=610 train_loss=0.0435 train_acc=0.982 val_loss=0.8666 val_acc=0.878
2026-01-23 08:54:36,195 - INFO - epoch=611 train_loss=0.0421 train_acc=0.983 val_loss=0.8685 val_acc=0.877
2026-01-23 08:54:37,986 - INFO - epoch=612 train_loss=0.0423 train_acc=0.982 val_loss=0.8612 val_acc=0.878
2026-01-23 08:54:39,792 - INFO - epoch=613 train_loss=0.0422 train_acc=0.983 val_loss=0.8459 val_acc=0.877
2026-01-23 08:54:41,563 - INFO - epoch=614 train_loss=0.0420 train_acc=0.982 val_loss=0.8619 val_acc=0.876
2026-01-23 08:54:43,375 - INFO - epoch=615 train_loss=0.0444 train_acc=0.982 val_loss=0.8690 val_acc=0.876
2026-01-23 08:54:45,164 - INFO - epoch=616 train_loss=0.0439 train_acc=0.982 val_loss=0.8707 val_acc=0.876
2026-01-23 08:54:46,937 - INFO - epoch=617 train_loss=0.0417 train_acc=0.983 val_loss=0.8668 val_acc=0.877
2026-01-23 08:54:48,711 - INFO - epoch=618 train_loss=0.0422 train_acc=0.982 val_loss=0.8824 val_acc=0.878
2026-01-23 08:54:50,496 - INFO - epoch=619 train_loss=0.0407 train_acc=0.984 val_loss=0.8666 val_acc=0.877
2026-01-23 08:54:52,289 - INFO - epoch=620 train_loss=0.0416 train_acc=0.983 val_loss=0.8903 val_acc=0.877
2026-01-23 08:54:54,099 - INFO - epoch=621 train_loss=0.0415 train_acc=0.983 val_loss=0.8593 val_acc=0.878
2026-01-23 08:54:55,900 - INFO - epoch=622 train_loss=0.0427 train_acc=0.982 val_loss=0.8618 val_acc=0.875
2026-01-23 08:54:57,679 - INFO - epoch=623 train_loss=0.0424 train_acc=0.983 val_loss=0.8416 val_acc=0.877
2026-01-23 08:54:59,446 - INFO - epoch=624 train_loss=0.0416 train_acc=0.983 val_loss=0.8746 val_acc=0.875
2026-01-23 08:55:01,221 - INFO - epoch=625 train_loss=0.0413 train_acc=0.983 val_loss=0.8668 val_acc=0.875
2026-01-23 08:55:03,034 - INFO - epoch=626 train_loss=0.0408 train_acc=0.983 val_loss=0.8860 val_acc=0.877
2026-01-23 08:55:04,850 - INFO - epoch=627 train_loss=0.0411 train_acc=0.983 val_loss=0.8408 val_acc=0.876
2026-01-23 08:55:06,634 - INFO - epoch=628 train_loss=0.0407 train_acc=0.984 val_loss=0.8908 val_acc=0.878
2026-01-23 08:55:08,430 - INFO - epoch=629 train_loss=0.0412 train_acc=0.983 val_loss=0.8948 val_acc=0.876
2026-01-23 08:55:10,211 - INFO - epoch=630 train_loss=0.0406 train_acc=0.983 val_loss=0.8947 val_acc=0.878
2026-01-23 08:55:12,002 - INFO - epoch=631 train_loss=0.0405 train_acc=0.983 val_loss=0.8501 val_acc=0.877
2026-01-23 08:55:13,786 - INFO - epoch=632 train_loss=0.0390 train_acc=0.984 val_loss=0.8960 val_acc=0.878
2026-01-23 08:55:15,553 - INFO - epoch=633 train_loss=0.0407 train_acc=0.983 val_loss=0.8787 val_acc=0.878
2026-01-23 08:55:17,324 - INFO - epoch=634 train_loss=0.0396 train_acc=0.983 val_loss=0.8746 val_acc=0.879
2026-01-23 08:55:19,142 - INFO - epoch=635 train_loss=0.0404 train_acc=0.984 val_loss=0.8768 val_acc=0.878
2026-01-23 08:55:20,938 - INFO - epoch=636 train_loss=0.0388 train_acc=0.984 val_loss=0.9044 val_acc=0.878
2026-01-23 08:55:22,739 - INFO - epoch=637 train_loss=0.0386 train_acc=0.984 val_loss=0.8935 val_acc=0.879
2026-01-23 08:55:24,535 - INFO - epoch=638 train_loss=0.0390 train_acc=0.984 val_loss=0.9237 val_acc=0.879
2026-01-23 08:55:26,334 - INFO - epoch=639 train_loss=0.0399 train_acc=0.984 val_loss=0.9015 val_acc=0.877
2026-01-23 08:55:28,092 - INFO - epoch=640 train_loss=0.0389 train_acc=0.984 val_loss=0.8890 val_acc=0.877
2026-01-23 08:55:29,892 - INFO - epoch=641 train_loss=0.0395 train_acc=0.984 val_loss=0.8956 val_acc=0.876
2026-01-23 08:55:31,669 - INFO - epoch=642 train_loss=0.0393 train_acc=0.983 val_loss=0.8879 val_acc=0.879
2026-01-23 08:55:33,445 - INFO - epoch=643 train_loss=0.0393 train_acc=0.984 val_loss=0.9444 val_acc=0.878
2026-01-23 08:55:35,228 - INFO - epoch=644 train_loss=0.0401 train_acc=0.984 val_loss=0.8877 val_acc=0.879
2026-01-23 08:55:37,006 - INFO - epoch=645 train_loss=0.0400 train_acc=0.984 val_loss=0.9048 val_acc=0.876
2026-01-23 08:55:38,780 - INFO - epoch=646 train_loss=0.0399 train_acc=0.984 val_loss=0.8789 val_acc=0.879
2026-01-23 08:55:40,557 - INFO - epoch=647 train_loss=0.0395 train_acc=0.984 val_loss=0.8850 val_acc=0.878
2026-01-23 08:55:42,337 - INFO - epoch=648 train_loss=0.0394 train_acc=0.984 val_loss=0.8762 val_acc=0.877
2026-01-23 08:55:44,146 - INFO - epoch=649 train_loss=0.0401 train_acc=0.983 val_loss=0.8869 val_acc=0.876
2026-01-23 08:55:45,941 - INFO - epoch=650 train_loss=0.0396 train_acc=0.984 val_loss=0.8972 val_acc=0.877
2026-01-23 08:55:47,745 - INFO - epoch=651 train_loss=0.0408 train_acc=0.983 val_loss=0.9141 val_acc=0.878
2026-01-23 08:55:49,519 - INFO - epoch=652 train_loss=0.0409 train_acc=0.984 val_loss=0.9360 val_acc=0.876
2026-01-23 08:55:51,286 - INFO - epoch=653 train_loss=0.0407 train_acc=0.983 val_loss=0.8881 val_acc=0.876
2026-01-23 08:55:53,049 - INFO - epoch=654 train_loss=0.0401 train_acc=0.984 val_loss=0.9229 val_acc=0.877
2026-01-23 08:55:54,855 - INFO - epoch=655 train_loss=0.0405 train_acc=0.983 val_loss=0.9226 val_acc=0.877
2026-01-23 08:55:56,668 - INFO - epoch=656 train_loss=0.0406 train_acc=0.983 val_loss=0.9024 val_acc=0.877
2026-01-23 08:55:58,475 - INFO - epoch=657 train_loss=0.0410 train_acc=0.983 val_loss=0.8995 val_acc=0.878
2026-01-23 08:56:00,255 - INFO - epoch=658 train_loss=0.0414 train_acc=0.983 val_loss=0.9181 val_acc=0.877
2026-01-23 08:56:02,039 - INFO - epoch=659 train_loss=0.0393 train_acc=0.984 val_loss=0.8922 val_acc=0.877
2026-01-23 08:56:03,865 - INFO - epoch=660 train_loss=0.0389 train_acc=0.984 val_loss=0.8925 val_acc=0.877
2026-01-23 08:56:05,721 - INFO - epoch=661 train_loss=0.0390 train_acc=0.984 val_loss=0.8841 val_acc=0.878
2026-01-23 08:56:07,487 - INFO - epoch=662 train_loss=0.0395 train_acc=0.984 val_loss=0.8962 val_acc=0.876
2026-01-23 08:56:09,266 - INFO - epoch=663 train_loss=0.0389 train_acc=0.984 val_loss=0.8986 val_acc=0.878
2026-01-23 08:56:11,067 - INFO - epoch=664 train_loss=0.0381 train_acc=0.984 val_loss=0.8941 val_acc=0.878
2026-01-23 08:56:12,888 - INFO - epoch=665 train_loss=0.0391 train_acc=0.984 val_loss=0.8957 val_acc=0.877
2026-01-23 08:56:14,710 - INFO - epoch=666 train_loss=0.0388 train_acc=0.984 val_loss=0.9069 val_acc=0.879
2026-01-23 08:56:16,486 - INFO - epoch=667 train_loss=0.0402 train_acc=0.984 val_loss=0.8921 val_acc=0.879
2026-01-23 08:56:18,318 - INFO - epoch=668 train_loss=0.0401 train_acc=0.984 val_loss=0.9026 val_acc=0.877
2026-01-23 08:56:20,095 - INFO - epoch=669 train_loss=0.0406 train_acc=0.984 val_loss=0.8976 val_acc=0.878
2026-01-23 08:56:21,879 - INFO - epoch=670 train_loss=0.0400 train_acc=0.983 val_loss=0.9024 val_acc=0.876
2026-01-23 08:56:23,648 - INFO - epoch=671 train_loss=0.0397 train_acc=0.984 val_loss=0.9229 val_acc=0.879
2026-01-23 08:56:25,417 - INFO - epoch=672 train_loss=0.0396 train_acc=0.984 val_loss=0.8749 val_acc=0.878
2026-01-23 08:56:27,195 - INFO - epoch=673 train_loss=0.0386 train_acc=0.985 val_loss=0.9286 val_acc=0.878
2026-01-23 08:56:29,005 - INFO - epoch=674 train_loss=0.0383 train_acc=0.985 val_loss=0.9165 val_acc=0.879
2026-01-23 08:56:30,790 - INFO - epoch=675 train_loss=0.0377 train_acc=0.984 val_loss=0.8950 val_acc=0.879
2026-01-23 08:56:32,560 - INFO - epoch=676 train_loss=0.0367 train_acc=0.985 val_loss=0.9011 val_acc=0.878
2026-01-23 08:56:34,339 - INFO - epoch=677 train_loss=0.0360 train_acc=0.985 val_loss=0.9124 val_acc=0.878
2026-01-23 08:56:36,114 - INFO - epoch=678 train_loss=0.0376 train_acc=0.985 val_loss=0.9011 val_acc=0.880
2026-01-23 08:56:37,897 - INFO - epoch=679 train_loss=0.0372 train_acc=0.985 val_loss=0.9225 val_acc=0.878
2026-01-23 08:56:39,676 - INFO - epoch=680 train_loss=0.0380 train_acc=0.985 val_loss=0.8864 val_acc=0.878
2026-01-23 08:56:41,542 - INFO - epoch=681 train_loss=0.0382 train_acc=0.985 val_loss=0.8896 val_acc=0.877
2026-01-23 08:56:43,365 - INFO - epoch=682 train_loss=0.0372 train_acc=0.985 val_loss=0.9155 val_acc=0.880
2026-01-23 08:56:45,136 - INFO - epoch=683 train_loss=0.0395 train_acc=0.984 val_loss=0.9045 val_acc=0.879
2026-01-23 08:56:46,920 - INFO - epoch=684 train_loss=0.0383 train_acc=0.985 val_loss=0.9228 val_acc=0.879
2026-01-23 08:56:48,689 - INFO - epoch=685 train_loss=0.0371 train_acc=0.985 val_loss=0.9060 val_acc=0.877
2026-01-23 08:56:50,512 - INFO - epoch=686 train_loss=0.0382 train_acc=0.984 val_loss=0.9317 val_acc=0.876
2026-01-23 08:56:52,306 - INFO - epoch=687 train_loss=0.0370 train_acc=0.985 val_loss=0.9187 val_acc=0.878
2026-01-23 08:56:54,129 - INFO - epoch=688 train_loss=0.0377 train_acc=0.985 val_loss=0.9453 val_acc=0.877
2026-01-23 08:56:55,945 - INFO - epoch=689 train_loss=0.0378 train_acc=0.985 val_loss=0.9178 val_acc=0.876
2026-01-23 08:56:57,771 - INFO - epoch=690 train_loss=0.0369 train_acc=0.985 val_loss=0.9496 val_acc=0.877
2026-01-23 08:56:59,576 - INFO - epoch=691 train_loss=0.0376 train_acc=0.985 val_loss=0.9513 val_acc=0.876
2026-01-23 08:57:01,347 - INFO - epoch=692 train_loss=0.0391 train_acc=0.984 val_loss=0.9134 val_acc=0.878
2026-01-23 08:57:03,135 - INFO - epoch=693 train_loss=0.0383 train_acc=0.984 val_loss=0.8990 val_acc=0.877
2026-01-23 08:57:04,905 - INFO - epoch=694 train_loss=0.0393 train_acc=0.984 val_loss=0.9143 val_acc=0.877
2026-01-23 08:57:06,705 - INFO - epoch=695 train_loss=0.0376 train_acc=0.984 val_loss=0.9090 val_acc=0.875
2026-01-23 08:57:08,503 - INFO - epoch=696 train_loss=0.0382 train_acc=0.985 val_loss=0.8828 val_acc=0.878
2026-01-23 08:57:10,294 - INFO - epoch=697 train_loss=0.0375 train_acc=0.984 val_loss=0.8975 val_acc=0.877
2026-01-23 08:57:12,123 - INFO - epoch=698 train_loss=0.0370 train_acc=0.985 val_loss=0.9077 val_acc=0.877
2026-01-23 08:57:13,928 - INFO - epoch=699 train_loss=0.0370 train_acc=0.985 val_loss=0.9038 val_acc=0.878
2026-01-23 08:57:15,734 - INFO - epoch=700 train_loss=0.0353 train_acc=0.986 val_loss=0.9574 val_acc=0.878
2026-01-23 08:57:17,537 - INFO - epoch=701 train_loss=0.0347 train_acc=0.986 val_loss=0.9582 val_acc=0.879
2026-01-23 08:57:19,347 - INFO - epoch=702 train_loss=0.0368 train_acc=0.985 val_loss=0.9450 val_acc=0.878
2026-01-23 08:57:21,140 - INFO - epoch=703 train_loss=0.0366 train_acc=0.985 val_loss=0.9292 val_acc=0.879
2026-01-23 08:57:22,931 - INFO - epoch=704 train_loss=0.0364 train_acc=0.985 val_loss=0.9357 val_acc=0.881
2026-01-23 08:57:24,750 - INFO - epoch=705 train_loss=0.0370 train_acc=0.985 val_loss=0.8744 val_acc=0.880
2026-01-23 08:57:26,529 - INFO - epoch=706 train_loss=0.0381 train_acc=0.984 val_loss=0.9134 val_acc=0.879
2026-01-23 08:57:28,321 - INFO - epoch=707 train_loss=0.0370 train_acc=0.985 val_loss=0.9173 val_acc=0.878
2026-01-23 08:57:30,144 - INFO - epoch=708 train_loss=0.0370 train_acc=0.985 val_loss=0.9173 val_acc=0.879
2026-01-23 08:57:31,908 - INFO - epoch=709 train_loss=0.0376 train_acc=0.985 val_loss=0.9462 val_acc=0.878
2026-01-23 08:57:33,676 - INFO - epoch=710 train_loss=0.0368 train_acc=0.985 val_loss=0.9019 val_acc=0.880
2026-01-23 08:57:35,441 - INFO - epoch=711 train_loss=0.0362 train_acc=0.985 val_loss=0.9059 val_acc=0.880
2026-01-23 08:57:37,246 - INFO - epoch=712 train_loss=0.0372 train_acc=0.985 val_loss=0.9323 val_acc=0.877
2026-01-23 08:57:39,054 - INFO - epoch=713 train_loss=0.0371 train_acc=0.985 val_loss=0.9222 val_acc=0.878
2026-01-23 08:57:40,849 - INFO - epoch=714 train_loss=0.0358 train_acc=0.985 val_loss=0.9258 val_acc=0.880
2026-01-23 08:57:42,666 - INFO - epoch=715 train_loss=0.0359 train_acc=0.986 val_loss=0.9506 val_acc=0.880
2026-01-23 08:57:44,459 - INFO - epoch=716 train_loss=0.0353 train_acc=0.986 val_loss=0.9189 val_acc=0.878
2026-01-23 08:57:46,254 - INFO - epoch=717 train_loss=0.0354 train_acc=0.986 val_loss=0.9570 val_acc=0.880
2026-01-23 08:57:48,028 - INFO - epoch=718 train_loss=0.0356 train_acc=0.985 val_loss=0.9636 val_acc=0.880
2026-01-23 08:57:49,841 - INFO - epoch=719 train_loss=0.0354 train_acc=0.986 val_loss=0.9607 val_acc=0.882
2026-01-23 08:57:51,656 - INFO - epoch=720 train_loss=0.0369 train_acc=0.985 val_loss=0.9675 val_acc=0.878
2026-01-23 08:57:53,468 - INFO - epoch=721 train_loss=0.0371 train_acc=0.985 val_loss=0.9660 val_acc=0.879
2026-01-23 08:57:55,257 - INFO - epoch=722 train_loss=0.0369 train_acc=0.985 val_loss=0.9285 val_acc=0.878
2026-01-23 08:57:57,026 - INFO - epoch=723 train_loss=0.0353 train_acc=0.986 val_loss=0.9428 val_acc=0.878
2026-01-23 08:57:58,800 - INFO - epoch=724 train_loss=0.0368 train_acc=0.985 val_loss=0.9326 val_acc=0.878
2026-01-23 08:58:00,576 - INFO - epoch=725 train_loss=0.0368 train_acc=0.985 val_loss=0.9237 val_acc=0.879
2026-01-23 08:58:02,355 - INFO - epoch=726 train_loss=0.0357 train_acc=0.985 val_loss=0.9378 val_acc=0.880
2026-01-23 08:58:04,146 - INFO - epoch=727 train_loss=0.0361 train_acc=0.986 val_loss=0.9120 val_acc=0.879
2026-01-23 08:58:05,941 - INFO - epoch=728 train_loss=0.0359 train_acc=0.986 val_loss=0.8974 val_acc=0.880
2026-01-23 08:58:07,755 - INFO - epoch=729 train_loss=0.0348 train_acc=0.986 val_loss=0.9755 val_acc=0.878
2026-01-23 08:58:09,585 - INFO - epoch=730 train_loss=0.0365 train_acc=0.985 val_loss=0.9316 val_acc=0.879
2026-01-23 08:58:11,392 - INFO - epoch=731 train_loss=0.0359 train_acc=0.986 val_loss=0.9770 val_acc=0.878
2026-01-23 08:58:13,183 - INFO - epoch=732 train_loss=0.0352 train_acc=0.986 val_loss=0.9483 val_acc=0.879
2026-01-23 08:58:14,988 - INFO - epoch=733 train_loss=0.0369 train_acc=0.985 val_loss=0.9011 val_acc=0.879
2026-01-23 08:58:16,752 - INFO - epoch=734 train_loss=0.0357 train_acc=0.986 val_loss=0.9431 val_acc=0.880
2026-01-23 08:58:18,539 - INFO - epoch=735 train_loss=0.0355 train_acc=0.986 val_loss=0.9373 val_acc=0.879
2026-01-23 08:58:20,355 - INFO - epoch=736 train_loss=0.0356 train_acc=0.986 val_loss=0.9082 val_acc=0.877
2026-01-23 08:58:22,139 - INFO - epoch=737 train_loss=0.0360 train_acc=0.985 val_loss=0.9466 val_acc=0.877
2026-01-23 08:58:23,901 - INFO - epoch=738 train_loss=0.0392 train_acc=0.984 val_loss=0.9500 val_acc=0.880
2026-01-23 08:58:25,677 - INFO - epoch=739 train_loss=0.0377 train_acc=0.985 val_loss=0.9309 val_acc=0.880
2026-01-23 08:58:27,464 - INFO - epoch=740 train_loss=0.0374 train_acc=0.985 val_loss=0.9283 val_acc=0.879
2026-01-23 08:58:29,259 - INFO - epoch=741 train_loss=0.0363 train_acc=0.986 val_loss=0.9809 val_acc=0.879
2026-01-23 08:58:31,053 - INFO - epoch=742 train_loss=0.0364 train_acc=0.986 val_loss=0.9427 val_acc=0.878
2026-01-23 08:58:32,865 - INFO - epoch=743 train_loss=0.0359 train_acc=0.985 val_loss=0.9514 val_acc=0.877
2026-01-23 08:58:34,686 - INFO - epoch=744 train_loss=0.0352 train_acc=0.986 val_loss=0.9562 val_acc=0.875
2026-01-23 08:58:36,496 - INFO - epoch=745 train_loss=0.0347 train_acc=0.986 val_loss=0.9345 val_acc=0.879
2026-01-23 08:58:38,330 - INFO - epoch=746 train_loss=0.0343 train_acc=0.986 val_loss=0.9306 val_acc=0.880
2026-01-23 08:58:40,098 - INFO - epoch=747 train_loss=0.0334 train_acc=0.986 val_loss=0.9245 val_acc=0.879
2026-01-23 08:58:41,887 - INFO - epoch=748 train_loss=0.0349 train_acc=0.986 val_loss=0.9593 val_acc=0.878
2026-01-23 08:58:43,694 - INFO - epoch=749 train_loss=0.0347 train_acc=0.986 val_loss=0.9602 val_acc=0.879
2026-01-23 08:58:45,498 - INFO - epoch=750 train_loss=0.0340 train_acc=0.986 val_loss=0.9252 val_acc=0.881
2026-01-23 08:58:47,283 - INFO - epoch=751 train_loss=0.0348 train_acc=0.986 val_loss=0.9239 val_acc=0.877
2026-01-23 08:58:49,057 - INFO - epoch=752 train_loss=0.0348 train_acc=0.986 val_loss=0.9014 val_acc=0.879
2026-01-23 08:58:50,882 - INFO - epoch=753 train_loss=0.0352 train_acc=0.986 val_loss=0.9261 val_acc=0.879
2026-01-23 08:58:52,655 - INFO - epoch=754 train_loss=0.0351 train_acc=0.986 val_loss=0.9413 val_acc=0.878
2026-01-23 08:58:54,450 - INFO - epoch=755 train_loss=0.0351 train_acc=0.986 val_loss=0.9719 val_acc=0.877
2026-01-23 08:58:56,260 - INFO - epoch=756 train_loss=0.0342 train_acc=0.986 val_loss=0.9671 val_acc=0.880
2026-01-23 08:58:58,064 - INFO - epoch=757 train_loss=0.0343 train_acc=0.987 val_loss=0.9328 val_acc=0.880
2026-01-23 08:58:59,836 - INFO - epoch=758 train_loss=0.0347 train_acc=0.986 val_loss=0.9500 val_acc=0.880
2026-01-23 08:59:01,665 - INFO - epoch=759 train_loss=0.0352 train_acc=0.986 val_loss=0.9683 val_acc=0.880
2026-01-23 08:59:03,434 - INFO - epoch=760 train_loss=0.0345 train_acc=0.986 val_loss=0.9716 val_acc=0.879
2026-01-23 08:59:05,234 - INFO - epoch=761 train_loss=0.0337 train_acc=0.986 val_loss=0.9619 val_acc=0.879
2026-01-23 08:59:07,015 - INFO - epoch=762 train_loss=0.0337 train_acc=0.986 val_loss=0.9928 val_acc=0.878
2026-01-23 08:59:08,832 - INFO - epoch=763 train_loss=0.0338 train_acc=0.987 val_loss=0.9743 val_acc=0.880
2026-01-23 08:59:10,601 - INFO - epoch=764 train_loss=0.0342 train_acc=0.986 val_loss=0.9780 val_acc=0.881
2026-01-23 08:59:12,393 - INFO - epoch=765 train_loss=0.0343 train_acc=0.986 val_loss=0.9622 val_acc=0.879
2026-01-23 08:59:14,185 - INFO - epoch=766 train_loss=0.0351 train_acc=0.986 val_loss=0.9453 val_acc=0.879
2026-01-23 08:59:15,966 - INFO - epoch=767 train_loss=0.0345 train_acc=0.986 val_loss=0.9555 val_acc=0.880
2026-01-23 08:59:17,734 - INFO - epoch=768 train_loss=0.0347 train_acc=0.986 val_loss=0.9342 val_acc=0.880
2026-01-23 08:59:19,536 - INFO - epoch=769 train_loss=0.0348 train_acc=0.987 val_loss=0.9518 val_acc=0.880
2026-01-23 08:59:21,310 - INFO - epoch=770 train_loss=0.0366 train_acc=0.986 val_loss=0.9625 val_acc=0.881
2026-01-23 08:59:23,094 - INFO - epoch=771 train_loss=0.0364 train_acc=0.985 val_loss=0.9469 val_acc=0.880
2026-01-23 08:59:24,917 - INFO - epoch=772 train_loss=0.0350 train_acc=0.986 val_loss=0.9680 val_acc=0.879
2026-01-23 08:59:26,696 - INFO - epoch=773 train_loss=0.0352 train_acc=0.986 val_loss=1.0023 val_acc=0.880
2026-01-23 08:59:28,518 - INFO - epoch=774 train_loss=0.0346 train_acc=0.986 val_loss=0.9868 val_acc=0.879
2026-01-23 08:59:30,339 - INFO - epoch=775 train_loss=0.0337 train_acc=0.986 val_loss=0.9687 val_acc=0.880
2026-01-23 08:59:32,120 - INFO - epoch=776 train_loss=0.0336 train_acc=0.987 val_loss=0.9654 val_acc=0.881
2026-01-23 08:59:33,926 - INFO - epoch=777 train_loss=0.0342 train_acc=0.986 val_loss=0.9734 val_acc=0.879
2026-01-23 08:59:35,698 - INFO - epoch=778 train_loss=0.0338 train_acc=0.986 val_loss=0.9719 val_acc=0.878
2026-01-23 08:59:37,513 - INFO - epoch=779 train_loss=0.0331 train_acc=0.987 val_loss=0.9680 val_acc=0.879
2026-01-23 08:59:39,339 - INFO - epoch=780 train_loss=0.0328 train_acc=0.987 val_loss=0.9962 val_acc=0.881
2026-01-23 08:59:41,183 - INFO - epoch=781 train_loss=0.0323 train_acc=0.987 val_loss=0.9726 val_acc=0.879
2026-01-23 08:59:42,949 - INFO - epoch=782 train_loss=0.0333 train_acc=0.986 val_loss=0.9789 val_acc=0.882
2026-01-23 08:59:44,732 - INFO - epoch=783 train_loss=0.0341 train_acc=0.987 val_loss=1.0077 val_acc=0.881
2026-01-23 08:59:46,536 - INFO - epoch=784 train_loss=0.0344 train_acc=0.986 val_loss=1.0063 val_acc=0.876
2026-01-23 08:59:48,318 - INFO - epoch=785 train_loss=0.0334 train_acc=0.987 val_loss=0.9737 val_acc=0.878
2026-01-23 08:59:50,087 - INFO - epoch=786 train_loss=0.0343 train_acc=0.987 val_loss=0.9505 val_acc=0.877
2026-01-23 08:59:51,896 - INFO - epoch=787 train_loss=0.0337 train_acc=0.987 val_loss=0.9548 val_acc=0.880
2026-01-23 08:59:53,703 - INFO - epoch=788 train_loss=0.0340 train_acc=0.987 val_loss=0.9651 val_acc=0.877
2026-01-23 08:59:55,498 - INFO - epoch=789 train_loss=0.0344 train_acc=0.986 val_loss=0.9757 val_acc=0.877
2026-01-23 08:59:57,269 - INFO - epoch=790 train_loss=0.0327 train_acc=0.987 val_loss=0.9685 val_acc=0.879
2026-01-23 08:59:59,049 - INFO - epoch=791 train_loss=0.0318 train_acc=0.987 val_loss=0.9768 val_acc=0.879
2026-01-23 09:00:00,829 - INFO - epoch=792 train_loss=0.0316 train_acc=0.987 val_loss=0.9899 val_acc=0.880
2026-01-23 09:00:02,593 - INFO - epoch=793 train_loss=0.0321 train_acc=0.987 val_loss=0.9725 val_acc=0.877
2026-01-23 09:00:04,357 - INFO - epoch=794 train_loss=0.0314 train_acc=0.987 val_loss=0.9688 val_acc=0.877
2026-01-23 09:00:06,144 - INFO - epoch=795 train_loss=0.0327 train_acc=0.987 val_loss=1.0049 val_acc=0.877
2026-01-23 09:00:07,912 - INFO - epoch=796 train_loss=0.0338 train_acc=0.987 val_loss=1.0047 val_acc=0.877
2026-01-23 09:00:09,674 - INFO - epoch=797 train_loss=0.0334 train_acc=0.987 val_loss=0.9745 val_acc=0.878
2026-01-23 09:00:11,482 - INFO - epoch=798 train_loss=0.0323 train_acc=0.987 val_loss=0.9759 val_acc=0.877
2026-01-23 09:00:13,289 - INFO - epoch=799 train_loss=0.0344 train_acc=0.987 val_loss=0.9560 val_acc=0.879
2026-01-23 09:00:15,108 - INFO - epoch=800 train_loss=0.0342 train_acc=0.987 val_loss=0.9682 val_acc=0.878
2026-01-23 09:00:16,931 - INFO - epoch=801 train_loss=0.0345 train_acc=0.986 val_loss=0.9711 val_acc=0.878
2026-01-23 09:00:18,729 - INFO - epoch=802 train_loss=0.0334 train_acc=0.987 val_loss=1.0038 val_acc=0.879
2026-01-23 09:00:20,544 - INFO - epoch=803 train_loss=0.0344 train_acc=0.986 val_loss=0.9589 val_acc=0.879
2026-01-23 09:00:22,335 - INFO - epoch=804 train_loss=0.0335 train_acc=0.987 val_loss=0.9881 val_acc=0.877
2026-01-23 09:00:24,107 - INFO - epoch=805 train_loss=0.0331 train_acc=0.987 val_loss=0.9890 val_acc=0.878
2026-01-23 09:00:25,878 - INFO - epoch=806 train_loss=0.0339 train_acc=0.987 val_loss=0.9823 val_acc=0.880
2026-01-23 09:00:27,664 - INFO - epoch=807 train_loss=0.0331 train_acc=0.987 val_loss=0.9717 val_acc=0.876
2026-01-23 09:00:29,437 - INFO - epoch=808 train_loss=0.0313 train_acc=0.987 val_loss=1.0225 val_acc=0.879
2026-01-23 09:00:31,222 - INFO - epoch=809 train_loss=0.0323 train_acc=0.987 val_loss=0.9966 val_acc=0.879
2026-01-23 09:00:33,034 - INFO - epoch=810 train_loss=0.0313 train_acc=0.988 val_loss=1.0196 val_acc=0.880
2026-01-23 09:00:34,794 - INFO - epoch=811 train_loss=0.0317 train_acc=0.988 val_loss=1.0174 val_acc=0.880
2026-01-23 09:00:36,560 - INFO - epoch=812 train_loss=0.0302 train_acc=0.988 val_loss=1.0270 val_acc=0.880
2026-01-23 09:00:38,374 - INFO - epoch=813 train_loss=0.0313 train_acc=0.988 val_loss=0.9974 val_acc=0.880
2026-01-23 09:00:40,170 - INFO - epoch=814 train_loss=0.0340 train_acc=0.987 val_loss=1.0177 val_acc=0.881
2026-01-23 09:00:41,982 - INFO - epoch=815 train_loss=0.0322 train_acc=0.987 val_loss=1.0329 val_acc=0.880
2026-01-23 09:00:43,797 - INFO - epoch=816 train_loss=0.0328 train_acc=0.987 val_loss=1.0140 val_acc=0.880
2026-01-23 09:00:45,580 - INFO - epoch=817 train_loss=0.0316 train_acc=0.988 val_loss=1.0333 val_acc=0.879
2026-01-23 09:00:47,379 - INFO - epoch=818 train_loss=0.0312 train_acc=0.988 val_loss=1.0276 val_acc=0.879
2026-01-23 09:00:49,158 - INFO - epoch=819 train_loss=0.0330 train_acc=0.987 val_loss=0.9637 val_acc=0.878
2026-01-23 09:00:50,924 - INFO - epoch=820 train_loss=0.0322 train_acc=0.987 val_loss=0.9814 val_acc=0.879
2026-01-23 09:00:52,740 - INFO - epoch=821 train_loss=0.0315 train_acc=0.988 val_loss=1.0132 val_acc=0.877
2026-01-23 09:00:54,517 - INFO - epoch=822 train_loss=0.0334 train_acc=0.987 val_loss=1.0015 val_acc=0.880
2026-01-23 09:00:56,286 - INFO - epoch=823 train_loss=0.0334 train_acc=0.987 val_loss=0.9933 val_acc=0.878
2026-01-23 09:00:58,057 - INFO - epoch=824 train_loss=0.0338 train_acc=0.987 val_loss=1.0112 val_acc=0.880
2026-01-23 09:00:59,845 - INFO - epoch=825 train_loss=0.0342 train_acc=0.987 val_loss=1.0219 val_acc=0.878
2026-01-23 09:01:01,649 - INFO - epoch=826 train_loss=0.0329 train_acc=0.987 val_loss=0.9751 val_acc=0.876
2026-01-23 09:01:03,459 - INFO - epoch=827 train_loss=0.0315 train_acc=0.987 val_loss=1.0018 val_acc=0.875
2026-01-23 09:01:05,264 - INFO - epoch=828 train_loss=0.0329 train_acc=0.987 val_loss=1.0036 val_acc=0.874
2026-01-23 09:01:07,068 - INFO - epoch=829 train_loss=0.0310 train_acc=0.988 val_loss=0.9726 val_acc=0.875
2026-01-23 09:01:08,844 - INFO - epoch=830 train_loss=0.0319 train_acc=0.987 val_loss=1.0185 val_acc=0.877
2026-01-23 09:01:10,636 - INFO - epoch=831 train_loss=0.0325 train_acc=0.987 val_loss=1.0168 val_acc=0.875
2026-01-23 09:01:12,403 - INFO - epoch=832 train_loss=0.0325 train_acc=0.987 val_loss=1.0332 val_acc=0.876
2026-01-23 09:01:14,198 - INFO - epoch=833 train_loss=0.0327 train_acc=0.987 val_loss=0.9853 val_acc=0.878
2026-01-23 09:01:15,990 - INFO - epoch=834 train_loss=0.0325 train_acc=0.987 val_loss=1.0215 val_acc=0.877
2026-01-23 09:01:17,765 - INFO - epoch=835 train_loss=0.0328 train_acc=0.987 val_loss=1.0280 val_acc=0.877
2026-01-23 09:01:19,554 - INFO - epoch=836 train_loss=0.0318 train_acc=0.988 val_loss=1.0163 val_acc=0.878
2026-01-23 09:01:21,320 - INFO - epoch=837 train_loss=0.0316 train_acc=0.988 val_loss=0.9873 val_acc=0.878
2026-01-23 09:01:23,084 - INFO - epoch=838 train_loss=0.0319 train_acc=0.988 val_loss=1.0005 val_acc=0.877
2026-01-23 09:01:24,856 - INFO - epoch=839 train_loss=0.0333 train_acc=0.987 val_loss=1.0066 val_acc=0.877
2026-01-23 09:01:26,656 - INFO - epoch=840 train_loss=0.0329 train_acc=0.987 val_loss=1.0018 val_acc=0.877
2026-01-23 09:01:28,479 - INFO - epoch=841 train_loss=0.0327 train_acc=0.987 val_loss=1.0041 val_acc=0.876
2026-01-23 09:01:30,307 - INFO - epoch=842 train_loss=0.0316 train_acc=0.988 val_loss=1.0331 val_acc=0.876
2026-01-23 09:01:32,121 - INFO - epoch=843 train_loss=0.0318 train_acc=0.988 val_loss=1.0333 val_acc=0.878
2026-01-23 09:01:33,885 - INFO - epoch=844 train_loss=0.0318 train_acc=0.987 val_loss=1.0481 val_acc=0.878
2026-01-23 09:01:35,649 - INFO - epoch=845 train_loss=0.0328 train_acc=0.987 val_loss=0.9982 val_acc=0.876
2026-01-23 09:01:37,459 - INFO - epoch=846 train_loss=0.0314 train_acc=0.988 val_loss=1.0402 val_acc=0.876
2026-01-23 09:01:39,226 - INFO - epoch=847 train_loss=0.0317 train_acc=0.988 val_loss=1.0102 val_acc=0.878
2026-01-23 09:01:41,004 - INFO - epoch=848 train_loss=0.0313 train_acc=0.988 val_loss=1.0093 val_acc=0.878
2026-01-23 09:01:42,801 - INFO - epoch=849 train_loss=0.0299 train_acc=0.988 val_loss=1.0177 val_acc=0.876
2026-01-23 09:01:44,585 - INFO - epoch=850 train_loss=0.0305 train_acc=0.988 val_loss=1.0157 val_acc=0.880
2026-01-23 09:01:46,376 - INFO - epoch=851 train_loss=0.0312 train_acc=0.988 val_loss=1.0211 val_acc=0.880
2026-01-23 09:01:48,181 - INFO - epoch=852 train_loss=0.0327 train_acc=0.987 val_loss=0.9967 val_acc=0.877
2026-01-23 09:01:49,989 - INFO - epoch=853 train_loss=0.0336 train_acc=0.987 val_loss=0.9997 val_acc=0.880
2026-01-23 09:01:51,812 - INFO - epoch=854 train_loss=0.0329 train_acc=0.987 val_loss=1.0101 val_acc=0.878
2026-01-23 09:01:53,620 - INFO - epoch=855 train_loss=0.0325 train_acc=0.987 val_loss=1.0170 val_acc=0.879
2026-01-23 09:01:55,449 - INFO - epoch=856 train_loss=0.0315 train_acc=0.987 val_loss=1.0320 val_acc=0.879
2026-01-23 09:01:57,262 - INFO - epoch=857 train_loss=0.0319 train_acc=0.988 val_loss=1.0184 val_acc=0.877
2026-01-23 09:01:59,081 - INFO - epoch=858 train_loss=0.0316 train_acc=0.988 val_loss=0.9988 val_acc=0.876
2026-01-23 09:02:00,844 - INFO - epoch=859 train_loss=0.0306 train_acc=0.988 val_loss=0.9990 val_acc=0.877
2026-01-23 09:02:02,616 - INFO - epoch=860 train_loss=0.0322 train_acc=0.988 val_loss=1.0024 val_acc=0.877
2026-01-23 09:02:04,415 - INFO - epoch=861 train_loss=0.0314 train_acc=0.988 val_loss=0.9918 val_acc=0.876
2026-01-23 09:02:06,180 - INFO - epoch=862 train_loss=0.0316 train_acc=0.988 val_loss=0.9895 val_acc=0.879
2026-01-23 09:02:07,953 - INFO - epoch=863 train_loss=0.0310 train_acc=0.988 val_loss=1.0193 val_acc=0.877
2026-01-23 09:02:09,719 - INFO - epoch=864 train_loss=0.0315 train_acc=0.988 val_loss=1.0458 val_acc=0.879
2026-01-23 09:02:11,531 - INFO - epoch=865 train_loss=0.0308 train_acc=0.988 val_loss=1.0260 val_acc=0.877
2026-01-23 09:02:13,325 - INFO - epoch=866 train_loss=0.0316 train_acc=0.988 val_loss=1.0277 val_acc=0.875
2026-01-23 09:02:15,121 - INFO - epoch=867 train_loss=0.0313 train_acc=0.988 val_loss=1.0128 val_acc=0.879
2026-01-23 09:02:16,890 - INFO - epoch=868 train_loss=0.0297 train_acc=0.988 val_loss=1.0461 val_acc=0.878
2026-01-23 09:02:18,671 - INFO - epoch=869 train_loss=0.0315 train_acc=0.988 val_loss=1.0438 val_acc=0.876
2026-01-23 09:02:20,438 - INFO - epoch=870 train_loss=0.0311 train_acc=0.988 val_loss=1.0408 val_acc=0.878
2026-01-23 09:02:22,211 - INFO - epoch=871 train_loss=0.0303 train_acc=0.988 val_loss=1.0409 val_acc=0.878
2026-01-23 09:02:23,996 - INFO - epoch=872 train_loss=0.0307 train_acc=0.987 val_loss=1.0699 val_acc=0.878
2026-01-23 09:02:25,798 - INFO - epoch=873 train_loss=0.0324 train_acc=0.988 val_loss=1.0538 val_acc=0.878
2026-01-23 09:02:27,588 - INFO - epoch=874 train_loss=0.0323 train_acc=0.988 val_loss=1.0644 val_acc=0.877
2026-01-23 09:02:29,386 - INFO - epoch=875 train_loss=0.0337 train_acc=0.987 val_loss=1.0153 val_acc=0.877
2026-01-23 09:02:31,205 - INFO - epoch=876 train_loss=0.0326 train_acc=0.988 val_loss=1.0296 val_acc=0.878
2026-01-23 09:02:33,009 - INFO - epoch=877 train_loss=0.0322 train_acc=0.987 val_loss=1.0111 val_acc=0.880
2026-01-23 09:02:34,787 - INFO - epoch=878 train_loss=0.0303 train_acc=0.988 val_loss=1.0095 val_acc=0.878
2026-01-23 09:02:36,553 - INFO - epoch=879 train_loss=0.0309 train_acc=0.988 val_loss=1.0575 val_acc=0.878
2026-01-23 09:02:38,312 - INFO - epoch=880 train_loss=0.0296 train_acc=0.988 val_loss=1.0566 val_acc=0.878
2026-01-23 09:02:40,119 - INFO - epoch=881 train_loss=0.0301 train_acc=0.988 val_loss=1.0362 val_acc=0.877
2026-01-23 09:02:41,900 - INFO - epoch=882 train_loss=0.0293 train_acc=0.988 val_loss=1.0338 val_acc=0.879
2026-01-23 09:02:43,674 - INFO - epoch=883 train_loss=0.0302 train_acc=0.988 val_loss=1.0362 val_acc=0.882
2026-01-23 09:02:45,446 - INFO - epoch=884 train_loss=0.0288 train_acc=0.989 val_loss=1.0618 val_acc=0.878
2026-01-23 09:02:47,210 - INFO - epoch=885 train_loss=0.0284 train_acc=0.989 val_loss=1.0569 val_acc=0.877
2026-01-23 09:02:48,990 - INFO - epoch=886 train_loss=0.0292 train_acc=0.988 val_loss=1.0093 val_acc=0.879
2026-01-23 09:02:50,765 - INFO - epoch=887 train_loss=0.0301 train_acc=0.988 val_loss=1.0026 val_acc=0.878
2026-01-23 09:02:52,558 - INFO - epoch=888 train_loss=0.0320 train_acc=0.988 val_loss=1.0019 val_acc=0.878
2026-01-23 09:02:54,360 - INFO - epoch=889 train_loss=0.0295 train_acc=0.988 val_loss=1.0809 val_acc=0.878
2026-01-23 09:02:56,133 - INFO - epoch=890 train_loss=0.0284 train_acc=0.989 val_loss=1.0506 val_acc=0.879
2026-01-23 09:02:57,909 - INFO - epoch=891 train_loss=0.0297 train_acc=0.989 val_loss=1.0440 val_acc=0.879
2026-01-23 09:02:59,708 - INFO - epoch=892 train_loss=0.0295 train_acc=0.989 val_loss=1.0253 val_acc=0.880
2026-01-23 09:03:01,487 - INFO - epoch=893 train_loss=0.0289 train_acc=0.989 val_loss=1.0225 val_acc=0.880
2026-01-23 09:03:03,304 - INFO - epoch=894 train_loss=0.0287 train_acc=0.989 val_loss=1.0484 val_acc=0.879
2026-01-23 09:03:05,106 - INFO - epoch=895 train_loss=0.0280 train_acc=0.989 val_loss=1.0565 val_acc=0.880
2026-01-23 09:03:06,885 - INFO - epoch=896 train_loss=0.0274 train_acc=0.989 val_loss=1.0486 val_acc=0.878
2026-01-23 09:03:08,674 - INFO - epoch=897 train_loss=0.0277 train_acc=0.989 val_loss=1.0436 val_acc=0.878
2026-01-23 09:03:10,475 - INFO - epoch=898 train_loss=0.0299 train_acc=0.988 val_loss=1.0383 val_acc=0.878
2026-01-23 09:03:12,298 - INFO - epoch=899 train_loss=0.0286 train_acc=0.989 val_loss=1.0925 val_acc=0.879
2026-01-23 09:03:14,096 - INFO - epoch=900 train_loss=0.0287 train_acc=0.989 val_loss=1.0508 val_acc=0.880
2026-01-23 09:03:15,906 - INFO - epoch=901 train_loss=0.0299 train_acc=0.988 val_loss=1.0274 val_acc=0.880
2026-01-23 09:03:17,689 - INFO - epoch=902 train_loss=0.0299 train_acc=0.988 val_loss=1.0384 val_acc=0.880
2026-01-23 09:03:19,458 - INFO - epoch=903 train_loss=0.0302 train_acc=0.988 val_loss=1.0535 val_acc=0.879
2026-01-23 09:03:21,234 - INFO - epoch=904 train_loss=0.0308 train_acc=0.988 val_loss=1.0832 val_acc=0.878
2026-01-23 09:03:23,035 - INFO - epoch=905 train_loss=0.0294 train_acc=0.988 val_loss=1.0427 val_acc=0.880
2026-01-23 09:03:24,832 - INFO - epoch=906 train_loss=0.0301 train_acc=0.988 val_loss=1.0817 val_acc=0.877
2026-01-23 09:03:26,606 - INFO - epoch=907 train_loss=0.0295 train_acc=0.988 val_loss=1.0890 val_acc=0.879
2026-01-23 09:03:28,429 - INFO - epoch=908 train_loss=0.0293 train_acc=0.988 val_loss=1.0420 val_acc=0.880
2026-01-23 09:03:30,257 - INFO - epoch=909 train_loss=0.0297 train_acc=0.988 val_loss=1.0304 val_acc=0.878
2026-01-23 09:03:32,055 - INFO - epoch=910 train_loss=0.0296 train_acc=0.989 val_loss=1.0526 val_acc=0.878
2026-01-23 09:03:33,822 - INFO - epoch=911 train_loss=0.0287 train_acc=0.989 val_loss=1.0350 val_acc=0.878
2026-01-23 09:03:35,594 - INFO - epoch=912 train_loss=0.0283 train_acc=0.989 val_loss=1.0579 val_acc=0.878
2026-01-23 09:03:37,390 - INFO - epoch=913 train_loss=0.0289 train_acc=0.989 val_loss=1.0657 val_acc=0.879
2026-01-23 09:03:39,163 - INFO - epoch=914 train_loss=0.0292 train_acc=0.989 val_loss=1.0638 val_acc=0.880
2026-01-23 09:03:40,961 - INFO - epoch=915 train_loss=0.0309 train_acc=0.988 val_loss=1.0250 val_acc=0.880
2026-01-23 09:03:42,783 - INFO - epoch=916 train_loss=0.0299 train_acc=0.988 val_loss=1.0370 val_acc=0.879
2026-01-23 09:03:44,608 - INFO - epoch=917 train_loss=0.0298 train_acc=0.988 val_loss=1.0628 val_acc=0.878
2026-01-23 09:03:46,383 - INFO - epoch=918 train_loss=0.0288 train_acc=0.989 val_loss=1.0854 val_acc=0.878
2026-01-23 09:03:48,142 - INFO - epoch=919 train_loss=0.0306 train_acc=0.988 val_loss=1.0397 val_acc=0.878
2026-01-23 09:03:49,968 - INFO - epoch=920 train_loss=0.0315 train_acc=0.988 val_loss=1.0470 val_acc=0.877
2026-01-23 09:03:51,814 - INFO - epoch=921 train_loss=0.0294 train_acc=0.988 val_loss=1.0568 val_acc=0.878
2026-01-23 09:03:53,618 - INFO - epoch=922 train_loss=0.0274 train_acc=0.989 val_loss=1.1022 val_acc=0.877
2026-01-23 09:03:55,404 - INFO - epoch=923 train_loss=0.0283 train_acc=0.989 val_loss=1.0594 val_acc=0.880
2026-01-23 09:03:57,220 - INFO - epoch=924 train_loss=0.0267 train_acc=0.989 val_loss=1.1049 val_acc=0.879
2026-01-23 09:03:59,019 - INFO - epoch=925 train_loss=0.0278 train_acc=0.989 val_loss=1.0630 val_acc=0.880
2026-01-23 09:04:00,809 - INFO - epoch=926 train_loss=0.0285 train_acc=0.989 val_loss=1.1269 val_acc=0.879
2026-01-23 09:04:02,602 - INFO - epoch=927 train_loss=0.0293 train_acc=0.989 val_loss=1.0493 val_acc=0.880
2026-01-23 09:04:04,420 - INFO - epoch=928 train_loss=0.0283 train_acc=0.989 val_loss=1.0487 val_acc=0.878
2026-01-23 09:04:06,188 - INFO - epoch=929 train_loss=0.0279 train_acc=0.989 val_loss=1.0823 val_acc=0.878
2026-01-23 09:04:07,957 - INFO - epoch=930 train_loss=0.0281 train_acc=0.989 val_loss=1.0598 val_acc=0.880
2026-01-23 09:04:09,732 - INFO - epoch=931 train_loss=0.0277 train_acc=0.989 val_loss=1.0701 val_acc=0.879
2026-01-23 09:04:11,503 - INFO - epoch=932 train_loss=0.0279 train_acc=0.989 val_loss=1.0919 val_acc=0.877
2026-01-23 09:04:13,277 - INFO - epoch=933 train_loss=0.0266 train_acc=0.990 val_loss=1.0940 val_acc=0.877
2026-01-23 09:04:15,068 - INFO - epoch=934 train_loss=0.0272 train_acc=0.990 val_loss=1.0805 val_acc=0.878
2026-01-23 09:04:16,845 - INFO - epoch=935 train_loss=0.0293 train_acc=0.989 val_loss=1.0945 val_acc=0.877
2026-01-23 09:04:18,631 - INFO - epoch=936 train_loss=0.0287 train_acc=0.989 val_loss=1.0969 val_acc=0.876
2026-01-23 09:04:20,456 - INFO - epoch=937 train_loss=0.0288 train_acc=0.989 val_loss=1.1205 val_acc=0.880
2026-01-23 09:04:22,251 - INFO - epoch=938 train_loss=0.0279 train_acc=0.989 val_loss=1.0742 val_acc=0.878
2026-01-23 09:04:24,017 - INFO - epoch=939 train_loss=0.0287 train_acc=0.988 val_loss=1.0816 val_acc=0.878
2026-01-23 09:04:25,798 - INFO - epoch=940 train_loss=0.0282 train_acc=0.989 val_loss=1.0892 val_acc=0.878
2026-01-23 09:04:27,650 - INFO - epoch=941 train_loss=0.0294 train_acc=0.988 val_loss=1.1020 val_acc=0.877
2026-01-23 09:04:29,424 - INFO - epoch=942 train_loss=0.0314 train_acc=0.988 val_loss=1.0780 val_acc=0.878
2026-01-23 09:04:31,190 - INFO - epoch=943 train_loss=0.0307 train_acc=0.988 val_loss=1.0640 val_acc=0.878
2026-01-23 09:04:32,967 - INFO - epoch=944 train_loss=0.0294 train_acc=0.989 val_loss=1.0718 val_acc=0.880
2026-01-23 09:04:34,738 - INFO - epoch=945 train_loss=0.0298 train_acc=0.989 val_loss=1.0607 val_acc=0.878
2026-01-23 09:04:36,554 - INFO - epoch=946 train_loss=0.0295 train_acc=0.989 val_loss=1.0954 val_acc=0.876
2026-01-23 09:04:38,323 - INFO - epoch=947 train_loss=0.0294 train_acc=0.989 val_loss=1.0602 val_acc=0.879
2026-01-23 09:04:40,091 - INFO - epoch=948 train_loss=0.0291 train_acc=0.989 val_loss=1.1054 val_acc=0.879
2026-01-23 09:04:41,858 - INFO - epoch=949 train_loss=0.0290 train_acc=0.989 val_loss=1.1148 val_acc=0.879
2026-01-23 09:04:43,626 - INFO - epoch=950 train_loss=0.0332 train_acc=0.987 val_loss=1.0796 val_acc=0.876
2026-01-23 09:04:45,424 - INFO - epoch=951 train_loss=0.0311 train_acc=0.988 val_loss=1.0732 val_acc=0.877
2026-01-23 09:04:47,222 - INFO - epoch=952 train_loss=0.0303 train_acc=0.988 val_loss=1.0458 val_acc=0.878
2026-01-23 09:04:49,007 - INFO - epoch=953 train_loss=0.0295 train_acc=0.988 val_loss=1.0619 val_acc=0.876
2026-01-23 09:04:50,833 - INFO - epoch=954 train_loss=0.0285 train_acc=0.989 val_loss=1.0902 val_acc=0.877
2026-01-23 09:04:52,611 - INFO - epoch=955 train_loss=0.0285 train_acc=0.989 val_loss=1.0688 val_acc=0.877
2026-01-23 09:04:54,391 - INFO - epoch=956 train_loss=0.0264 train_acc=0.990 val_loss=1.0759 val_acc=0.877
2026-01-23 09:04:56,170 - INFO - epoch=957 train_loss=0.0278 train_acc=0.989 val_loss=1.0909 val_acc=0.879
2026-01-23 09:04:57,982 - INFO - epoch=958 train_loss=0.0276 train_acc=0.989 val_loss=1.0706 val_acc=0.877
2026-01-23 09:04:59,777 - INFO - epoch=959 train_loss=0.0281 train_acc=0.989 val_loss=1.0911 val_acc=0.878
2026-01-23 09:05:01,591 - INFO - epoch=960 train_loss=0.0275 train_acc=0.989 val_loss=1.0905 val_acc=0.877
2026-01-23 09:05:03,381 - INFO - epoch=961 train_loss=0.0264 train_acc=0.990 val_loss=1.0942 val_acc=0.878
2026-01-23 09:05:05,164 - INFO - epoch=962 train_loss=0.0273 train_acc=0.989 val_loss=1.0633 val_acc=0.878
2026-01-23 09:05:06,963 - INFO - epoch=963 train_loss=0.0265 train_acc=0.989 val_loss=1.1055 val_acc=0.879
2026-01-23 09:05:08,766 - INFO - epoch=964 train_loss=0.0277 train_acc=0.989 val_loss=1.0636 val_acc=0.879
2026-01-23 09:05:10,529 - INFO - epoch=965 train_loss=0.0273 train_acc=0.989 val_loss=1.0699 val_acc=0.877
2026-01-23 09:05:12,322 - INFO - epoch=966 train_loss=0.0270 train_acc=0.990 val_loss=1.0808 val_acc=0.878
2026-01-23 09:05:14,106 - INFO - epoch=967 train_loss=0.0264 train_acc=0.989 val_loss=1.1172 val_acc=0.878
2026-01-23 09:05:15,881 - INFO - epoch=968 train_loss=0.0271 train_acc=0.989 val_loss=1.1298 val_acc=0.877
2026-01-23 09:05:17,685 - INFO - epoch=969 train_loss=0.0269 train_acc=0.990 val_loss=1.1380 val_acc=0.878
2026-01-23 09:05:19,455 - INFO - epoch=970 train_loss=0.0271 train_acc=0.990 val_loss=1.0922 val_acc=0.877
2026-01-23 09:05:21,260 - INFO - epoch=971 train_loss=0.0275 train_acc=0.989 val_loss=1.1134 val_acc=0.876
2026-01-23 09:05:23,033 - INFO - epoch=972 train_loss=0.0267 train_acc=0.989 val_loss=1.1198 val_acc=0.877
2026-01-23 09:05:24,818 - INFO - epoch=973 train_loss=0.0267 train_acc=0.990 val_loss=1.1015 val_acc=0.876
2026-01-23 09:05:26,632 - INFO - epoch=974 train_loss=0.0277 train_acc=0.990 val_loss=1.1404 val_acc=0.875
2026-01-23 09:05:28,469 - INFO - epoch=975 train_loss=0.0275 train_acc=0.989 val_loss=1.0693 val_acc=0.879
2026-01-23 09:05:30,266 - INFO - epoch=976 train_loss=0.0282 train_acc=0.989 val_loss=1.1205 val_acc=0.879
2026-01-23 09:05:32,024 - INFO - epoch=977 train_loss=0.0289 train_acc=0.989 val_loss=1.1159 val_acc=0.877
2026-01-23 09:05:33,797 - INFO - epoch=978 train_loss=0.0305 train_acc=0.989 val_loss=1.1289 val_acc=0.875
2026-01-23 09:05:35,627 - INFO - epoch=979 train_loss=0.0304 train_acc=0.989 val_loss=1.0912 val_acc=0.876
2026-01-23 09:05:37,463 - INFO - epoch=980 train_loss=0.0297 train_acc=0.989 val_loss=1.0949 val_acc=0.877
2026-01-23 09:05:39,296 - INFO - epoch=981 train_loss=0.0282 train_acc=0.989 val_loss=1.0491 val_acc=0.878
2026-01-23 09:05:41,093 - INFO - epoch=982 train_loss=0.0276 train_acc=0.989 val_loss=1.1016 val_acc=0.881
2026-01-23 09:05:42,890 - INFO - epoch=983 train_loss=0.0268 train_acc=0.990 val_loss=1.1156 val_acc=0.880
2026-01-23 09:05:44,656 - INFO - epoch=984 train_loss=0.0269 train_acc=0.990 val_loss=1.0931 val_acc=0.880
2026-01-23 09:05:46,484 - INFO - epoch=985 train_loss=0.0268 train_acc=0.989 val_loss=1.0666 val_acc=0.879
2026-01-23 09:05:48,281 - INFO - epoch=986 train_loss=0.0261 train_acc=0.990 val_loss=1.1524 val_acc=0.880
2026-01-23 09:05:50,049 - INFO - epoch=987 train_loss=0.0264 train_acc=0.989 val_loss=1.1256 val_acc=0.879
2026-01-23 09:05:51,818 - INFO - epoch=988 train_loss=0.0274 train_acc=0.989 val_loss=1.1510 val_acc=0.878
2026-01-23 09:05:53,609 - INFO - epoch=989 train_loss=0.0271 train_acc=0.989 val_loss=1.1283 val_acc=0.878
2026-01-23 09:05:55,400 - INFO - epoch=990 train_loss=0.0271 train_acc=0.989 val_loss=1.0946 val_acc=0.879
2026-01-23 09:05:57,162 - INFO - epoch=991 train_loss=0.0265 train_acc=0.990 val_loss=1.1375 val_acc=0.879
2026-01-23 09:05:58,963 - INFO - epoch=992 train_loss=0.0262 train_acc=0.990 val_loss=1.1386 val_acc=0.878
2026-01-23 09:06:00,754 - INFO - epoch=993 train_loss=0.0275 train_acc=0.989 val_loss=1.1549 val_acc=0.877
2026-01-23 09:06:02,539 - INFO - epoch=994 train_loss=0.0284 train_acc=0.989 val_loss=1.1516 val_acc=0.877
2026-01-23 09:06:04,311 - INFO - epoch=995 train_loss=0.0270 train_acc=0.989 val_loss=1.1238 val_acc=0.877
2026-01-23 09:06:06,087 - INFO - epoch=996 train_loss=0.0264 train_acc=0.990 val_loss=1.1361 val_acc=0.877
2026-01-23 09:06:07,867 - INFO - epoch=997 train_loss=0.0282 train_acc=0.989 val_loss=1.1167 val_acc=0.878
2026-01-23 09:06:09,688 - INFO - epoch=998 train_loss=0.0273 train_acc=0.990 val_loss=1.1078 val_acc=0.879
2026-01-23 09:06:11,514 - INFO - epoch=999 train_loss=0.0269 train_acc=0.990 val_loss=1.1498 val_acc=0.878
2026-01-23 09:06:13,296 - INFO - epoch=1000 train_loss=0.0287 train_acc=0.989 val_loss=1.1351 val_acc=0.879
2026-01-23 09:06:13,365 - INFO - saved: /home/jinlin/data/geoexplicit_data/experiments/icml2026_routegen/WAYCASD_STRICT_stepdest_nL64_rustbelt_seed0_e1000/W6_train_ae/report.json
