PYTHON=python
PROCESSED_DIR=data/processed_dt30
DATA_PATH=data/processed_dt30/trajectories/shenzhen_trajectories.h5
NAV_FILE=data/processed_dt30/nav_field.npz
+ python -c import torch; print('torch', torch.__version__, 'cuda', torch.cuda.is_available())
torch 2.9.0+cu128 cuda True
+ python -m src.utils.sanity_check --data_path data/processed_dt30 --strict --expected_dt 30 --dt_require_constant
============================================================
SANITY CHECK
============================================================
data_path: data/processed_dt30
strict:    True

[1] 检查 split 是否重叠...
  ✓ PASS: split 无重叠
    train=97222, val=21103, test=21309

[2] 检查 data_stats.json 的 source...
  ✓ PASS: source 已记录
    split: train
    trajectory_ids_file: splits/train_ids.npy
    trajectory_ids_sha256: 448ef25ef80ae82f

[3] 检查 nav_field.npz 的结构与 metadata...
  ✓ PASS: nav_field 结构 OK
    direction shape: (2, 400, 800)
    count shape: (400, 800)
    metadata.source_split: train

[4] 检查 timestamps 的 dt 分布...
  ✓ dt 统计（抽样）:
    count=15753, min=30, p50=30.0, p95=30.0, max=30
    top_dt=[(30, 15753)]
  ✓ constant dt 检查（全量，跨轨迹边界已剔除）:
    count=4246073, min=30, max=30, zero=0, neg=0, mismatch=0

[5] 检查 positions 的坐标范围...
  ✓ 抽样范围: y∈[106.05,370.60], x∈[56.57,491.90]
    stats.pos_min=[0.08399999886751175, 0.7253333330154419], stats.pos_max=[388.66790771484375, 797.3977661132812]

[6] 检查 nav_field 与轨迹方向的一致性...
  ✓ 样本数: 5092 (min_count=10)
    mean_cos=0.230, mean|cos|=0.782, neg_ratio=0.374
    p10=-0.978, p50=0.633, p90=0.998

============================================================
SUMMARY
============================================================
  ✓ PASS: Split overlap
  ✓ PASS: Data stats source
  ✓ PASS: Nav field source
  ✓ PASS: Trajectory dt
  ✓ PASS: Coordinate range
  ✓ PASS: Nav field alignment

✓ All checks passed!
+ python -m src.training.train_diffusion --model_type diffusion --data_path data/processed_dt30/trajectories/shenzhen_trajectories.h5 --split train --exp_name diff_b_dt30_h128_b512_lr1e-3_e100_s0 --obs_len 8 --pred_len 12 --hidden_dim 128 --diff_steps 100 --batch_size 512 --epochs 100 --lr 1e-3 --num_workers 4 --seed 0
Using device: cuda
Using seed: 0
Loading datasets...
Using split=train: 97222 trajectories (/home/jinlin/projects/Mobility_v3/data/processed_dt30/splits/train_ids.npy)
Initializing Standard DiffusionTrajectoryModel...
Epoch 0 | Batch 0 | Diff Loss 1.1083
Epoch 0 | Batch 100 | Diff Loss 0.4340
Epoch 0 | Batch 200 | Diff Loss 0.4145
Epoch 0 | Batch 300 | Diff Loss 0.3914
Epoch 0 | Batch 400 | Diff Loss 0.4119
Epoch 0 | Batch 500 | Diff Loss 0.4037
Epoch 0 | Batch 600 | Diff Loss 0.4074
Epoch 0 | Batch 700 | Diff Loss 0.4116
Epoch 0 | Batch 800 | Diff Loss 0.3734
Epoch 0 | Batch 900 | Diff Loss 0.3912
Epoch 0 | Batch 1000 | Diff Loss 0.4026
Epoch 0 | Batch 1100 | Diff Loss 0.4192
Epoch 0 | Batch 1200 | Diff Loss 0.3977
Epoch 0 | Batch 1300 | Diff Loss 0.3894
Epoch 0 | Batch 1400 | Diff Loss 0.3946
Epoch 0 | Batch 1500 | Diff Loss 0.3877
Epoch 0 | Batch 1600 | Diff Loss 0.3945
Epoch 0 | Batch 1700 | Diff Loss 0.3742
Epoch 0 | Batch 1800 | Diff Loss 0.4027
Epoch 0 | Batch 1900 | Diff Loss 0.3915
Epoch 0 | Batch 2000 | Diff Loss 0.3765
Epoch 0 | Batch 2100 | Diff Loss 0.3704
Epoch 0 | Batch 2200 | Diff Loss 0.4044
Epoch 0 | Batch 2300 | Diff Loss 0.3791
Epoch 0 | Batch 2400 | Diff Loss 0.3841
Epoch 0 | Batch 2500 | Diff Loss 0.3758
Epoch 0 | Batch 2600 | Diff Loss 0.4101
Epoch 0 Done. Loss: 0.3975. Time: 124.8s
Epoch 1 | Batch 0 | Diff Loss 0.3798
Epoch 1 | Batch 100 | Diff Loss 0.3723
Epoch 1 | Batch 200 | Diff Loss 0.3636
Epoch 1 | Batch 300 | Diff Loss 0.3969
Epoch 1 | Batch 400 | Diff Loss 0.3801
Epoch 1 | Batch 500 | Diff Loss 0.3546
Epoch 1 | Batch 600 | Diff Loss 0.3489
Epoch 1 | Batch 700 | Diff Loss 0.3731
Epoch 1 | Batch 800 | Diff Loss 0.3814
Epoch 1 | Batch 900 | Diff Loss 0.3613
Epoch 1 | Batch 1000 | Diff Loss 0.3842
Epoch 1 | Batch 1100 | Diff Loss 0.3719
Epoch 1 | Batch 1200 | Diff Loss 0.3626
Epoch 1 | Batch 1300 | Diff Loss 0.3694
Epoch 1 | Batch 1400 | Diff Loss 0.3787
Epoch 1 | Batch 1500 | Diff Loss 0.3632
Epoch 1 | Batch 1600 | Diff Loss 0.3474
Epoch 1 | Batch 1700 | Diff Loss 0.3652
Epoch 1 | Batch 1800 | Diff Loss 0.3690
Epoch 1 | Batch 1900 | Diff Loss 0.3335
Epoch 1 | Batch 2000 | Diff Loss 0.3681
Epoch 1 | Batch 2100 | Diff Loss 0.3369
Epoch 1 | Batch 2200 | Diff Loss 0.3398
Epoch 1 | Batch 2300 | Diff Loss 0.3376
Epoch 1 | Batch 2400 | Diff Loss 0.3438
Epoch 1 | Batch 2500 | Diff Loss 0.3536
Epoch 1 | Batch 2600 | Diff Loss 0.3577
Epoch 1 Done. Loss: 0.3613. Time: 124.6s
Epoch 2 | Batch 0 | Diff Loss 0.3561
Epoch 2 | Batch 100 | Diff Loss 0.3380
Epoch 2 | Batch 200 | Diff Loss 0.3666
Epoch 2 | Batch 300 | Diff Loss 0.3430
Epoch 2 | Batch 400 | Diff Loss 0.3399
Epoch 2 | Batch 500 | Diff Loss 0.3457
Epoch 2 | Batch 600 | Diff Loss 0.3428
Epoch 2 | Batch 700 | Diff Loss 0.3312
Epoch 2 | Batch 800 | Diff Loss 0.3623
Epoch 2 | Batch 900 | Diff Loss 0.3199
Epoch 2 | Batch 1000 | Diff Loss 0.3310
Epoch 2 | Batch 1100 | Diff Loss 0.3376
Epoch 2 | Batch 1200 | Diff Loss 0.3461
Epoch 2 | Batch 1300 | Diff Loss 0.3199
Epoch 2 | Batch 1400 | Diff Loss 0.3465
Epoch 2 | Batch 1500 | Diff Loss 0.3435
Epoch 2 | Batch 1600 | Diff Loss 0.3423
Epoch 2 | Batch 1700 | Diff Loss 0.3312
Epoch 2 | Batch 1800 | Diff Loss 0.3223
Epoch 2 | Batch 1900 | Diff Loss 0.3435
Epoch 2 | Batch 2000 | Diff Loss 0.3359
Epoch 2 | Batch 2100 | Diff Loss 0.3401
Epoch 2 | Batch 2200 | Diff Loss 0.3403
Epoch 2 | Batch 2300 | Diff Loss 0.3638
Epoch 2 | Batch 2400 | Diff Loss 0.3158
Epoch 2 | Batch 2500 | Diff Loss 0.3282
Epoch 2 | Batch 2600 | Diff Loss 0.3382
Epoch 2 Done. Loss: 0.3428. Time: 161.8s
Epoch 3 | Batch 0 | Diff Loss 0.3285
Epoch 3 | Batch 100 | Diff Loss 0.3292
Epoch 3 | Batch 200 | Diff Loss 0.3445
Epoch 3 | Batch 300 | Diff Loss 0.3567
Epoch 3 | Batch 400 | Diff Loss 0.3230
Epoch 3 | Batch 500 | Diff Loss 0.3070
Epoch 3 | Batch 600 | Diff Loss 0.3191
Epoch 3 | Batch 700 | Diff Loss 0.3345
Epoch 3 | Batch 800 | Diff Loss 0.3465
Epoch 3 | Batch 900 | Diff Loss 0.3327
Epoch 3 | Batch 1000 | Diff Loss 0.3350
Epoch 3 | Batch 1100 | Diff Loss 0.3232
Epoch 3 | Batch 1200 | Diff Loss 0.3214
Epoch 3 | Batch 1300 | Diff Loss 0.3409
Epoch 3 | Batch 1400 | Diff Loss 0.3339
Epoch 3 | Batch 1500 | Diff Loss 0.3416
Epoch 3 | Batch 1600 | Diff Loss 0.3254
Epoch 3 | Batch 1700 | Diff Loss 0.3312
Epoch 3 | Batch 1800 | Diff Loss 0.3327
Epoch 3 | Batch 1900 | Diff Loss 0.3283
Epoch 3 | Batch 2000 | Diff Loss 0.3414
Epoch 3 | Batch 2100 | Diff Loss 0.3288
Epoch 3 | Batch 2200 | Diff Loss 0.3229
Epoch 3 | Batch 2300 | Diff Loss 0.3397
Epoch 3 | Batch 2400 | Diff Loss 0.3295
Epoch 3 | Batch 2500 | Diff Loss 0.3393
Epoch 3 | Batch 2600 | Diff Loss 0.3381
Epoch 3 Done. Loss: 0.3309. Time: 201.5s
Epoch 4 | Batch 0 | Diff Loss 0.3320
Epoch 4 | Batch 100 | Diff Loss 0.3277
Epoch 4 | Batch 200 | Diff Loss 0.3127
Epoch 4 | Batch 300 | Diff Loss 0.3483
Epoch 4 | Batch 400 | Diff Loss 0.3448
Epoch 4 | Batch 500 | Diff Loss 0.3358
Epoch 4 | Batch 600 | Diff Loss 0.3273
Epoch 4 | Batch 700 | Diff Loss 0.3132
Epoch 4 | Batch 800 | Diff Loss 0.3157
Epoch 4 | Batch 900 | Diff Loss 0.3487
Epoch 4 | Batch 1000 | Diff Loss 0.3181
Epoch 4 | Batch 1100 | Diff Loss 0.3145
Epoch 4 | Batch 1200 | Diff Loss 0.3488
Epoch 4 | Batch 1300 | Diff Loss 0.3203
Epoch 4 | Batch 1400 | Diff Loss 0.3136
Epoch 4 | Batch 1500 | Diff Loss 0.3376
Epoch 4 | Batch 1600 | Diff Loss 0.3097
Epoch 4 | Batch 1700 | Diff Loss 0.3381
Epoch 4 | Batch 1800 | Diff Loss 0.3157
Epoch 4 | Batch 1900 | Diff Loss 0.3270
Epoch 4 | Batch 2000 | Diff Loss 0.3412
Epoch 4 | Batch 2100 | Diff Loss 0.3174
Epoch 4 | Batch 2200 | Diff Loss 0.3361
Epoch 4 | Batch 2300 | Diff Loss 0.3037
Epoch 4 | Batch 2400 | Diff Loss 0.3132
Epoch 4 | Batch 2500 | Diff Loss 0.3146
Epoch 4 | Batch 2600 | Diff Loss 0.3101
Epoch 4 Done. Loss: 0.3230. Time: 201.8s
Epoch 5 | Batch 0 | Diff Loss 0.3116
Epoch 5 | Batch 100 | Diff Loss 0.3248
Epoch 5 | Batch 200 | Diff Loss 0.3294
Epoch 5 | Batch 300 | Diff Loss 0.3403
Epoch 5 | Batch 400 | Diff Loss 0.3353
Epoch 5 | Batch 500 | Diff Loss 0.2974
Epoch 5 | Batch 600 | Diff Loss 0.3190
Epoch 5 | Batch 700 | Diff Loss 0.3319
Epoch 5 | Batch 800 | Diff Loss 0.3168
Epoch 5 | Batch 900 | Diff Loss 0.3290
Epoch 5 | Batch 1000 | Diff Loss 0.3106
Epoch 5 | Batch 1100 | Diff Loss 0.3273
Epoch 5 | Batch 1200 | Diff Loss 0.3160
Epoch 5 | Batch 1300 | Diff Loss 0.3131
Epoch 5 | Batch 1400 | Diff Loss 0.2993
Epoch 5 | Batch 1500 | Diff Loss 0.2963
Epoch 5 | Batch 1600 | Diff Loss 0.3275
Epoch 5 | Batch 1700 | Diff Loss 0.3263
Epoch 5 | Batch 1800 | Diff Loss 0.3208
Epoch 5 | Batch 1900 | Diff Loss 0.3171
Epoch 5 | Batch 2000 | Diff Loss 0.3232
Epoch 5 | Batch 2100 | Diff Loss 0.3054
Epoch 5 | Batch 2200 | Diff Loss 0.3302
Epoch 5 | Batch 2300 | Diff Loss 0.3210
Epoch 5 | Batch 2400 | Diff Loss 0.3124
Epoch 5 | Batch 2500 | Diff Loss 0.3248
Epoch 5 | Batch 2600 | Diff Loss 0.3262
Epoch 5 Done. Loss: 0.3168. Time: 205.7s
Epoch 6 | Batch 0 | Diff Loss 0.3254
Epoch 6 | Batch 100 | Diff Loss 0.3378
Epoch 6 | Batch 200 | Diff Loss 0.3411
Epoch 6 | Batch 300 | Diff Loss 0.3054
Epoch 6 | Batch 400 | Diff Loss 0.3124
Epoch 6 | Batch 500 | Diff Loss 0.3044
Epoch 6 | Batch 600 | Diff Loss 0.3233
Epoch 6 | Batch 700 | Diff Loss 0.3296
Epoch 6 | Batch 800 | Diff Loss 0.3245
Epoch 6 | Batch 900 | Diff Loss 0.3282
Epoch 6 | Batch 1000 | Diff Loss 0.3235
Epoch 6 | Batch 1100 | Diff Loss 0.3185
Epoch 6 | Batch 1200 | Diff Loss 0.2940
Epoch 6 | Batch 1300 | Diff Loss 0.3133
Epoch 6 | Batch 1400 | Diff Loss 0.3256
Epoch 6 | Batch 1500 | Diff Loss 0.3001
Epoch 6 | Batch 1600 | Diff Loss 0.3270
Epoch 6 | Batch 1700 | Diff Loss 0.3001
Epoch 6 | Batch 1800 | Diff Loss 0.3239
Epoch 6 | Batch 1900 | Diff Loss 0.3279
Epoch 6 | Batch 2000 | Diff Loss 0.3372
Epoch 6 | Batch 2100 | Diff Loss 0.3129
Epoch 6 | Batch 2200 | Diff Loss 0.3115
Epoch 6 | Batch 2300 | Diff Loss 0.3025
Epoch 6 | Batch 2400 | Diff Loss 0.3130
Epoch 6 | Batch 2500 | Diff Loss 0.3126
Epoch 6 | Batch 2600 | Diff Loss 0.3084
Epoch 6 Done. Loss: 0.3123. Time: 210.2s
Epoch 7 | Batch 0 | Diff Loss 0.3030
Epoch 7 | Batch 100 | Diff Loss 0.2900
Epoch 7 | Batch 200 | Diff Loss 0.3174
Epoch 7 | Batch 300 | Diff Loss 0.3184
Epoch 7 | Batch 400 | Diff Loss 0.3094
Epoch 7 | Batch 500 | Diff Loss 0.2998
Epoch 7 | Batch 600 | Diff Loss 0.2911
Epoch 7 | Batch 700 | Diff Loss 0.3059
Epoch 7 | Batch 800 | Diff Loss 0.2994
Epoch 7 | Batch 900 | Diff Loss 0.2888
Epoch 7 | Batch 1000 | Diff Loss 0.2955
Epoch 7 | Batch 1100 | Diff Loss 0.3130
Epoch 7 | Batch 1200 | Diff Loss 0.3005
Epoch 7 | Batch 1300 | Diff Loss 0.3077
Epoch 7 | Batch 1400 | Diff Loss 0.3279
Epoch 7 | Batch 1500 | Diff Loss 0.3181
Epoch 7 | Batch 1600 | Diff Loss 0.2869
Epoch 7 | Batch 1700 | Diff Loss 0.2968
Epoch 7 | Batch 1800 | Diff Loss 0.2907
Epoch 7 | Batch 1900 | Diff Loss 0.3121
Epoch 7 | Batch 2000 | Diff Loss 0.3051
Epoch 7 | Batch 2100 | Diff Loss 0.2884
Epoch 7 | Batch 2200 | Diff Loss 0.2980
Epoch 7 | Batch 2300 | Diff Loss 0.3097
Epoch 7 | Batch 2400 | Diff Loss 0.3056
Epoch 7 | Batch 2500 | Diff Loss 0.3011
Epoch 7 | Batch 2600 | Diff Loss 0.2837
Epoch 7 Done. Loss: 0.3076. Time: 198.3s
Epoch 8 | Batch 0 | Diff Loss 0.3165
Epoch 8 | Batch 100 | Diff Loss 0.3152
Epoch 8 | Batch 200 | Diff Loss 0.3072
Epoch 8 | Batch 300 | Diff Loss 0.3146
Epoch 8 | Batch 400 | Diff Loss 0.3050
Epoch 8 | Batch 500 | Diff Loss 0.3048
Epoch 8 | Batch 600 | Diff Loss 0.3239
Epoch 8 | Batch 700 | Diff Loss 0.2983
Epoch 8 | Batch 800 | Diff Loss 0.3020
Epoch 8 | Batch 900 | Diff Loss 0.2954
Epoch 8 | Batch 1000 | Diff Loss 0.2935
Epoch 8 | Batch 1100 | Diff Loss 0.3047
Epoch 8 | Batch 1200 | Diff Loss 0.2973
Epoch 8 | Batch 1300 | Diff Loss 0.3162
Epoch 8 | Batch 1400 | Diff Loss 0.2984
Epoch 8 | Batch 1500 | Diff Loss 0.3040
Epoch 8 | Batch 1600 | Diff Loss 0.3149
Epoch 8 | Batch 1700 | Diff Loss 0.3114
Epoch 8 | Batch 1800 | Diff Loss 0.3114
Epoch 8 | Batch 1900 | Diff Loss 0.3133
Epoch 8 | Batch 2000 | Diff Loss 0.2986
Epoch 8 | Batch 2100 | Diff Loss 0.3169
Epoch 8 | Batch 2200 | Diff Loss 0.3083
Epoch 8 | Batch 2300 | Diff Loss 0.2875
Epoch 8 | Batch 2400 | Diff Loss 0.3119
Epoch 8 | Batch 2500 | Diff Loss 0.2965
Epoch 8 | Batch 2600 | Diff Loss 0.2968
Epoch 8 Done. Loss: 0.3047. Time: 198.3s
Epoch 9 | Batch 0 | Diff Loss 0.3076
Epoch 9 | Batch 100 | Diff Loss 0.3016
Epoch 9 | Batch 200 | Diff Loss 0.3059
Epoch 9 | Batch 300 | Diff Loss 0.3041
Epoch 9 | Batch 400 | Diff Loss 0.2997
Epoch 9 | Batch 500 | Diff Loss 0.3096
Epoch 9 | Batch 600 | Diff Loss 0.3078
Epoch 9 | Batch 700 | Diff Loss 0.3155
Epoch 9 | Batch 800 | Diff Loss 0.3063
Epoch 9 | Batch 900 | Diff Loss 0.3075
Epoch 9 | Batch 1000 | Diff Loss 0.3079
Epoch 9 | Batch 1100 | Diff Loss 0.3059
Epoch 9 | Batch 1200 | Diff Loss 0.2890
Epoch 9 | Batch 1300 | Diff Loss 0.3100
Epoch 9 | Batch 1400 | Diff Loss 0.3082
Epoch 9 | Batch 1500 | Diff Loss 0.2997
Epoch 9 | Batch 1600 | Diff Loss 0.3045
Epoch 9 | Batch 1700 | Diff Loss 0.2929
Epoch 9 | Batch 1800 | Diff Loss 0.3021
Epoch 9 | Batch 1900 | Diff Loss 0.2951
Epoch 9 | Batch 2000 | Diff Loss 0.3029
Epoch 9 | Batch 2100 | Diff Loss 0.3231
Epoch 9 | Batch 2200 | Diff Loss 0.2728
Epoch 9 | Batch 2300 | Diff Loss 0.2923
Epoch 9 | Batch 2400 | Diff Loss 0.2789
Epoch 9 | Batch 2500 | Diff Loss 0.3054
Epoch 9 | Batch 2600 | Diff Loss 0.2915
Epoch 9 Done. Loss: 0.3019. Time: 210.5s
Epoch 10 | Batch 0 | Diff Loss 0.3140
Epoch 10 | Batch 100 | Diff Loss 0.2950
Epoch 10 | Batch 200 | Diff Loss 0.3096
Epoch 10 | Batch 300 | Diff Loss 0.3025
Epoch 10 | Batch 400 | Diff Loss 0.3150
Epoch 10 | Batch 500 | Diff Loss 0.2815
Epoch 10 | Batch 600 | Diff Loss 0.2847
Epoch 10 | Batch 700 | Diff Loss 0.3025
Epoch 10 | Batch 800 | Diff Loss 0.2907
Epoch 10 | Batch 900 | Diff Loss 0.2817
Epoch 10 | Batch 1000 | Diff Loss 0.3110
Epoch 10 | Batch 1100 | Diff Loss 0.2918
Epoch 10 | Batch 1200 | Diff Loss 0.3073
Epoch 10 | Batch 1300 | Diff Loss 0.3049
Epoch 10 | Batch 1400 | Diff Loss 0.3118
Epoch 10 | Batch 1500 | Diff Loss 0.2841
Epoch 10 | Batch 1600 | Diff Loss 0.2859
Epoch 10 | Batch 1700 | Diff Loss 0.3095
Epoch 10 | Batch 1800 | Diff Loss 0.2953
Epoch 10 | Batch 1900 | Diff Loss 0.2927
Epoch 10 | Batch 2000 | Diff Loss 0.3066
Epoch 10 | Batch 2100 | Diff Loss 0.3024
Epoch 10 | Batch 2200 | Diff Loss 0.2879
Epoch 10 | Batch 2300 | Diff Loss 0.2872
Epoch 10 | Batch 2400 | Diff Loss 0.3049
Epoch 10 | Batch 2500 | Diff Loss 0.2991
Epoch 10 | Batch 2600 | Diff Loss 0.3216
Epoch 10 Done. Loss: 0.2993. Time: 196.7s
Epoch 11 | Batch 0 | Diff Loss 0.2986
Epoch 11 | Batch 100 | Diff Loss 0.2847
Epoch 11 | Batch 200 | Diff Loss 0.2954
Epoch 11 | Batch 300 | Diff Loss 0.2918
Epoch 11 | Batch 400 | Diff Loss 0.2773
Epoch 11 | Batch 500 | Diff Loss 0.3094
Epoch 11 | Batch 600 | Diff Loss 0.3205
Epoch 11 | Batch 700 | Diff Loss 0.2990
Epoch 11 | Batch 800 | Diff Loss 0.2873
Epoch 11 | Batch 900 | Diff Loss 0.2937
Epoch 11 | Batch 1000 | Diff Loss 0.2976
Epoch 11 | Batch 1100 | Diff Loss 0.2969
Epoch 11 | Batch 1200 | Diff Loss 0.3010
Epoch 11 | Batch 1300 | Diff Loss 0.3132
Epoch 11 | Batch 1400 | Diff Loss 0.2994
Epoch 11 | Batch 1500 | Diff Loss 0.2934
Epoch 11 | Batch 1600 | Diff Loss 0.3093
Epoch 11 | Batch 1700 | Diff Loss 0.3007
Epoch 11 | Batch 1800 | Diff Loss 0.3139
Epoch 11 | Batch 1900 | Diff Loss 0.3096
Epoch 11 | Batch 2000 | Diff Loss 0.2913
Epoch 11 | Batch 2100 | Diff Loss 0.3104
Epoch 11 | Batch 2200 | Diff Loss 0.2891
Epoch 11 | Batch 2300 | Diff Loss 0.2844
Epoch 11 | Batch 2400 | Diff Loss 0.2816
Epoch 11 | Batch 2500 | Diff Loss 0.2891
Epoch 11 | Batch 2600 | Diff Loss 0.3009
Epoch 11 Done. Loss: 0.2970. Time: 196.6s
Epoch 12 | Batch 0 | Diff Loss 0.2857
Epoch 12 | Batch 100 | Diff Loss 0.2778
Epoch 12 | Batch 200 | Diff Loss 0.2979
Epoch 12 | Batch 300 | Diff Loss 0.2962
Epoch 12 | Batch 400 | Diff Loss 0.2750
Epoch 12 | Batch 500 | Diff Loss 0.2928
Epoch 12 | Batch 600 | Diff Loss 0.2845
Epoch 12 | Batch 700 | Diff Loss 0.3049
Epoch 12 | Batch 800 | Diff Loss 0.3064
Epoch 12 | Batch 900 | Diff Loss 0.3009
Epoch 12 | Batch 1000 | Diff Loss 0.2980
Epoch 12 | Batch 1100 | Diff Loss 0.3056
Epoch 12 | Batch 1200 | Diff Loss 0.2865
Epoch 12 | Batch 1300 | Diff Loss 0.2997
Epoch 12 | Batch 1400 | Diff Loss 0.2783
Epoch 12 | Batch 1500 | Diff Loss 0.2939
Epoch 12 | Batch 1600 | Diff Loss 0.3049
Epoch 12 | Batch 1700 | Diff Loss 0.2918
Epoch 12 | Batch 1800 | Diff Loss 0.2844
Epoch 12 | Batch 1900 | Diff Loss 0.2983
Epoch 12 | Batch 2000 | Diff Loss 0.2703
Epoch 12 | Batch 2100 | Diff Loss 0.2904
Epoch 12 | Batch 2200 | Diff Loss 0.2864
Epoch 12 | Batch 2300 | Diff Loss 0.3246
Epoch 12 | Batch 2400 | Diff Loss 0.2834
Epoch 12 | Batch 2500 | Diff Loss 0.3147
Epoch 12 | Batch 2600 | Diff Loss 0.2939
Epoch 12 Done. Loss: 0.2949. Time: 205.6s
Epoch 13 | Batch 0 | Diff Loss 0.2826
Epoch 13 | Batch 100 | Diff Loss 0.2938
Epoch 13 | Batch 200 | Diff Loss 0.3029
Epoch 13 | Batch 300 | Diff Loss 0.2796
Epoch 13 | Batch 400 | Diff Loss 0.2842
Epoch 13 | Batch 500 | Diff Loss 0.2870
Epoch 13 | Batch 600 | Diff Loss 0.2913
Epoch 13 | Batch 700 | Diff Loss 0.2952
Epoch 13 | Batch 800 | Diff Loss 0.3075
Epoch 13 | Batch 900 | Diff Loss 0.2688
Epoch 13 | Batch 1000 | Diff Loss 0.2958
Epoch 13 | Batch 1100 | Diff Loss 0.2949
Epoch 13 | Batch 1200 | Diff Loss 0.3147
Epoch 13 | Batch 1300 | Diff Loss 0.3015
Epoch 13 | Batch 1400 | Diff Loss 0.2850
Epoch 13 | Batch 1500 | Diff Loss 0.2888
Epoch 13 | Batch 1600 | Diff Loss 0.3137
Epoch 13 | Batch 1700 | Diff Loss 0.2825
Epoch 13 | Batch 1800 | Diff Loss 0.2847
Epoch 13 | Batch 1900 | Diff Loss 0.3180
Epoch 13 | Batch 2000 | Diff Loss 0.2971
Epoch 13 | Batch 2100 | Diff Loss 0.2816
Epoch 13 | Batch 2200 | Diff Loss 0.3150
Epoch 13 | Batch 2300 | Diff Loss 0.2838
Epoch 13 | Batch 2400 | Diff Loss 0.3131
Epoch 13 | Batch 2500 | Diff Loss 0.3072
Epoch 13 | Batch 2600 | Diff Loss 0.2710
Epoch 13 Done. Loss: 0.2929. Time: 202.2s
Epoch 14 | Batch 0 | Diff Loss 0.3004
Epoch 14 | Batch 100 | Diff Loss 0.2993
Epoch 14 | Batch 200 | Diff Loss 0.3122
Epoch 14 | Batch 300 | Diff Loss 0.2898
Epoch 14 | Batch 400 | Diff Loss 0.3027
Epoch 14 | Batch 500 | Diff Loss 0.2884
Epoch 14 | Batch 600 | Diff Loss 0.2838
Epoch 14 | Batch 700 | Diff Loss 0.2977
Epoch 14 | Batch 800 | Diff Loss 0.2914
Epoch 14 | Batch 900 | Diff Loss 0.2917
Epoch 14 | Batch 1000 | Diff Loss 0.3031
Epoch 14 | Batch 1100 | Diff Loss 0.2872
Epoch 14 | Batch 1200 | Diff Loss 0.2890
Epoch 14 | Batch 1300 | Diff Loss 0.3020
Epoch 14 | Batch 1400 | Diff Loss 0.3024
Epoch 14 | Batch 1500 | Diff Loss 0.2965
Epoch 14 | Batch 1600 | Diff Loss 0.2963
Epoch 14 | Batch 1700 | Diff Loss 0.2683
Epoch 14 | Batch 1800 | Diff Loss 0.2902
Epoch 14 | Batch 1900 | Diff Loss 0.2788
Epoch 14 | Batch 2000 | Diff Loss 0.2763
Epoch 14 | Batch 2100 | Diff Loss 0.3048
Epoch 14 | Batch 2200 | Diff Loss 0.3078
Epoch 14 | Batch 2300 | Diff Loss 0.2718
Epoch 14 | Batch 2400 | Diff Loss 0.2934
Epoch 14 | Batch 2500 | Diff Loss 0.2909
Epoch 14 | Batch 2600 | Diff Loss 0.2984
Epoch 14 Done. Loss: 0.2914. Time: 193.5s
Epoch 15 | Batch 0 | Diff Loss 0.2926
Epoch 15 | Batch 100 | Diff Loss 0.2856
Epoch 15 | Batch 200 | Diff Loss 0.2948
Epoch 15 | Batch 300 | Diff Loss 0.2825
Epoch 15 | Batch 400 | Diff Loss 0.2859
Epoch 15 | Batch 500 | Diff Loss 0.2829
Epoch 15 | Batch 600 | Diff Loss 0.2918
Epoch 15 | Batch 700 | Diff Loss 0.2945
Epoch 15 | Batch 800 | Diff Loss 0.2894
Epoch 15 | Batch 900 | Diff Loss 0.3087
Epoch 15 | Batch 1000 | Diff Loss 0.2878
Epoch 15 | Batch 1100 | Diff Loss 0.2756
Epoch 15 | Batch 1200 | Diff Loss 0.2863
Epoch 15 | Batch 1300 | Diff Loss 0.2890
Epoch 15 | Batch 1400 | Diff Loss 0.2857
Epoch 15 | Batch 1500 | Diff Loss 0.3280
Epoch 15 | Batch 1600 | Diff Loss 0.3014
Epoch 15 | Batch 1700 | Diff Loss 0.2886
Epoch 15 | Batch 1800 | Diff Loss 0.3161
Epoch 15 | Batch 1900 | Diff Loss 0.2716
Epoch 15 | Batch 2000 | Diff Loss 0.2788
Epoch 15 | Batch 2100 | Diff Loss 0.3189
Epoch 15 | Batch 2200 | Diff Loss 0.2896
Epoch 15 | Batch 2300 | Diff Loss 0.2739
Epoch 15 | Batch 2400 | Diff Loss 0.2817
Epoch 15 | Batch 2500 | Diff Loss 0.2911
Epoch 15 | Batch 2600 | Diff Loss 0.3153
Epoch 15 Done. Loss: 0.2894. Time: 191.8s
Epoch 16 | Batch 0 | Diff Loss 0.2976
Epoch 16 | Batch 100 | Diff Loss 0.2917
Epoch 16 | Batch 200 | Diff Loss 0.2883
Epoch 16 | Batch 300 | Diff Loss 0.3051
Epoch 16 | Batch 400 | Diff Loss 0.2823
Epoch 16 | Batch 500 | Diff Loss 0.2995
Epoch 16 | Batch 600 | Diff Loss 0.2810
Epoch 16 | Batch 700 | Diff Loss 0.2806
Epoch 16 | Batch 800 | Diff Loss 0.2904
Epoch 16 | Batch 900 | Diff Loss 0.2892
Epoch 16 | Batch 1000 | Diff Loss 0.2999
Epoch 16 | Batch 1100 | Diff Loss 0.2958
Epoch 16 | Batch 1200 | Diff Loss 0.2744
Epoch 16 | Batch 1300 | Diff Loss 0.3097
Epoch 16 | Batch 1400 | Diff Loss 0.2721
Epoch 16 | Batch 1500 | Diff Loss 0.2882
Epoch 16 | Batch 1600 | Diff Loss 0.2656
Epoch 16 | Batch 1700 | Diff Loss 0.3069
Epoch 16 | Batch 1800 | Diff Loss 0.2986
Epoch 16 | Batch 1900 | Diff Loss 0.3085
Epoch 16 | Batch 2000 | Diff Loss 0.2838
Epoch 16 | Batch 2100 | Diff Loss 0.2984
Epoch 16 | Batch 2200 | Diff Loss 0.2836
Epoch 16 | Batch 2300 | Diff Loss 0.2957
Epoch 16 | Batch 2400 | Diff Loss 0.2883
Epoch 16 | Batch 2500 | Diff Loss 0.2949
Epoch 16 | Batch 2600 | Diff Loss 0.2868
Epoch 16 Done. Loss: 0.2885. Time: 203.5s
Epoch 17 | Batch 0 | Diff Loss 0.2881
Epoch 17 | Batch 100 | Diff Loss 0.2777
Epoch 17 | Batch 200 | Diff Loss 0.3019
Epoch 17 | Batch 300 | Diff Loss 0.2789
Epoch 17 | Batch 400 | Diff Loss 0.2798
Epoch 17 | Batch 500 | Diff Loss 0.2832
Epoch 17 | Batch 600 | Diff Loss 0.2915
Epoch 17 | Batch 700 | Diff Loss 0.2797
Epoch 17 | Batch 800 | Diff Loss 0.2901
Epoch 17 | Batch 900 | Diff Loss 0.2932
Epoch 17 | Batch 1000 | Diff Loss 0.2955
Epoch 17 | Batch 1100 | Diff Loss 0.2864
Epoch 17 | Batch 1200 | Diff Loss 0.3125
Epoch 17 | Batch 1300 | Diff Loss 0.2777
Epoch 17 | Batch 1400 | Diff Loss 0.2838
Epoch 17 | Batch 1500 | Diff Loss 0.2975
Epoch 17 | Batch 1600 | Diff Loss 0.2883
Epoch 17 | Batch 1700 | Diff Loss 0.2664
Epoch 17 | Batch 1800 | Diff Loss 0.2765
Epoch 17 | Batch 1900 | Diff Loss 0.2725
Epoch 17 | Batch 2000 | Diff Loss 0.2927
Epoch 17 | Batch 2100 | Diff Loss 0.3027
Epoch 17 | Batch 2200 | Diff Loss 0.2806
Epoch 17 | Batch 2300 | Diff Loss 0.3040
Epoch 17 | Batch 2400 | Diff Loss 0.2878
Epoch 17 | Batch 2500 | Diff Loss 0.2969
Epoch 17 | Batch 2600 | Diff Loss 0.2961
Epoch 17 Done. Loss: 0.2868. Time: 192.9s
Epoch 18 | Batch 0 | Diff Loss 0.2835
Epoch 18 | Batch 100 | Diff Loss 0.2994
Epoch 18 | Batch 200 | Diff Loss 0.2929
Epoch 18 | Batch 300 | Diff Loss 0.2873
Epoch 18 | Batch 400 | Diff Loss 0.2933
Epoch 18 | Batch 500 | Diff Loss 0.2773
Epoch 18 | Batch 600 | Diff Loss 0.2995
Epoch 18 | Batch 700 | Diff Loss 0.2666
Epoch 18 | Batch 800 | Diff Loss 0.2742
Epoch 18 | Batch 900 | Diff Loss 0.2882
Epoch 18 | Batch 1000 | Diff Loss 0.3007
Epoch 18 | Batch 1100 | Diff Loss 0.3015
Epoch 18 | Batch 1200 | Diff Loss 0.2990
Epoch 18 | Batch 1300 | Diff Loss 0.2937
Epoch 18 | Batch 1400 | Diff Loss 0.2740
Epoch 18 | Batch 1500 | Diff Loss 0.3023
Epoch 18 | Batch 1600 | Diff Loss 0.2838
Epoch 18 | Batch 1700 | Diff Loss 0.2710
Epoch 18 | Batch 1800 | Diff Loss 0.2784
Epoch 18 | Batch 1900 | Diff Loss 0.2866
Epoch 18 | Batch 2000 | Diff Loss 0.2856
Epoch 18 | Batch 2100 | Diff Loss 0.2956
Epoch 18 | Batch 2200 | Diff Loss 0.2825
Epoch 18 | Batch 2300 | Diff Loss 0.2697
Epoch 18 | Batch 2400 | Diff Loss 0.2846
Epoch 18 | Batch 2500 | Diff Loss 0.2813
Epoch 18 | Batch 2600 | Diff Loss 0.3013
Epoch 18 Done. Loss: 0.2855. Time: 192.4s
Epoch 19 | Batch 0 | Diff Loss 0.3120
Epoch 19 | Batch 100 | Diff Loss 0.2850
Epoch 19 | Batch 200 | Diff Loss 0.2650
Epoch 19 | Batch 300 | Diff Loss 0.2989
Epoch 19 | Batch 400 | Diff Loss 0.3028
Epoch 19 | Batch 500 | Diff Loss 0.2782
Epoch 19 | Batch 600 | Diff Loss 0.2954
Epoch 19 | Batch 700 | Diff Loss 0.2833
Epoch 19 | Batch 800 | Diff Loss 0.2745
Epoch 19 | Batch 900 | Diff Loss 0.2921
Epoch 19 | Batch 1000 | Diff Loss 0.2791
Epoch 19 | Batch 1100 | Diff Loss 0.2853
Epoch 19 | Batch 1200 | Diff Loss 0.2861
Epoch 19 | Batch 1300 | Diff Loss 0.2856
Epoch 19 | Batch 1400 | Diff Loss 0.2871
Epoch 19 | Batch 1500 | Diff Loss 0.2973
Epoch 19 | Batch 1600 | Diff Loss 0.2639
Epoch 19 | Batch 1700 | Diff Loss 0.2930
Epoch 19 | Batch 1800 | Diff Loss 0.2858
Epoch 19 | Batch 1900 | Diff Loss 0.2829
Epoch 19 | Batch 2000 | Diff Loss 0.2857
Epoch 19 | Batch 2100 | Diff Loss 0.2732
Epoch 19 | Batch 2200 | Diff Loss 0.2672
Epoch 19 | Batch 2300 | Diff Loss 0.2883
Epoch 19 | Batch 2400 | Diff Loss 0.2916
Epoch 19 | Batch 2500 | Diff Loss 0.2980
Epoch 19 | Batch 2600 | Diff Loss 0.2582
Epoch 19 Done. Loss: 0.2845. Time: 200.0s
Epoch 20 | Batch 0 | Diff Loss 0.2854
Epoch 20 | Batch 100 | Diff Loss 0.2877
Epoch 20 | Batch 200 | Diff Loss 0.2944
Epoch 20 | Batch 300 | Diff Loss 0.2840
Epoch 20 | Batch 400 | Diff Loss 0.2762
Epoch 20 | Batch 500 | Diff Loss 0.3210
Epoch 20 | Batch 600 | Diff Loss 0.2884
Epoch 20 | Batch 700 | Diff Loss 0.2968
Epoch 20 | Batch 800 | Diff Loss 0.2809
Epoch 20 | Batch 900 | Diff Loss 0.2821
Epoch 20 | Batch 1000 | Diff Loss 0.2836
Epoch 20 | Batch 1100 | Diff Loss 0.2665
Epoch 20 | Batch 1200 | Diff Loss 0.2926
Epoch 20 | Batch 1300 | Diff Loss 0.2773
Epoch 20 | Batch 1400 | Diff Loss 0.2764
Epoch 20 | Batch 1500 | Diff Loss 0.2848
Epoch 20 | Batch 1600 | Diff Loss 0.2838
Epoch 20 | Batch 1700 | Diff Loss 0.2788
Epoch 20 | Batch 1800 | Diff Loss 0.2719
Epoch 20 | Batch 1900 | Diff Loss 0.2795
Epoch 20 | Batch 2000 | Diff Loss 0.2625
Epoch 20 | Batch 2100 | Diff Loss 0.2672
Epoch 20 | Batch 2200 | Diff Loss 0.2633
Epoch 20 | Batch 2300 | Diff Loss 0.2897
Epoch 20 | Batch 2400 | Diff Loss 0.2812
Epoch 20 | Batch 2500 | Diff Loss 0.2974
Epoch 20 | Batch 2600 | Diff Loss 0.2931
Epoch 20 Done. Loss: 0.2833. Time: 192.2s
Epoch 21 | Batch 0 | Diff Loss 0.2867
Epoch 21 | Batch 100 | Diff Loss 0.2855
Epoch 21 | Batch 200 | Diff Loss 0.2734
Epoch 21 | Batch 300 | Diff Loss 0.2647
Epoch 21 | Batch 400 | Diff Loss 0.2908
Epoch 21 | Batch 500 | Diff Loss 0.2828
Epoch 21 | Batch 600 | Diff Loss 0.2883
Epoch 21 | Batch 700 | Diff Loss 0.2793
Epoch 21 | Batch 800 | Diff Loss 0.2922
Epoch 21 | Batch 900 | Diff Loss 0.2771
Epoch 21 | Batch 1000 | Diff Loss 0.2723
Epoch 21 | Batch 1100 | Diff Loss 0.2717
Epoch 21 | Batch 1200 | Diff Loss 0.2850
Epoch 21 | Batch 1300 | Diff Loss 0.2726
Epoch 21 | Batch 1400 | Diff Loss 0.2775
Epoch 21 | Batch 1500 | Diff Loss 0.2796
Epoch 21 | Batch 1600 | Diff Loss 0.2571
Epoch 21 | Batch 1700 | Diff Loss 0.2842
Epoch 21 | Batch 1800 | Diff Loss 0.2918
Epoch 21 | Batch 1900 | Diff Loss 0.2743
Epoch 21 | Batch 2000 | Diff Loss 0.2798
Epoch 21 | Batch 2100 | Diff Loss 0.2942
Epoch 21 | Batch 2200 | Diff Loss 0.3020
Epoch 21 | Batch 2300 | Diff Loss 0.2769
Epoch 21 | Batch 2400 | Diff Loss 0.2830
Epoch 21 | Batch 2500 | Diff Loss 0.2809
Epoch 21 | Batch 2600 | Diff Loss 0.2712
Epoch 21 Done. Loss: 0.2823. Time: 197.6s
Epoch 22 | Batch 0 | Diff Loss 0.2805
Epoch 22 | Batch 100 | Diff Loss 0.2703
Epoch 22 | Batch 200 | Diff Loss 0.2902
Epoch 22 | Batch 300 | Diff Loss 0.2684
Epoch 22 | Batch 400 | Diff Loss 0.2845
Epoch 22 | Batch 500 | Diff Loss 0.3038
Epoch 22 | Batch 600 | Diff Loss 0.2886
Epoch 22 | Batch 700 | Diff Loss 0.3079
Epoch 22 | Batch 800 | Diff Loss 0.2778
Epoch 22 | Batch 900 | Diff Loss 0.2771
Epoch 22 | Batch 1000 | Diff Loss 0.2773
Epoch 22 | Batch 1100 | Diff Loss 0.3027
Epoch 22 | Batch 1200 | Diff Loss 0.2929
Epoch 22 | Batch 1300 | Diff Loss 0.2708
Epoch 22 | Batch 1400 | Diff Loss 0.2659
Epoch 22 | Batch 1500 | Diff Loss 0.2970
Epoch 22 | Batch 1600 | Diff Loss 0.2826
Epoch 22 | Batch 1700 | Diff Loss 0.2892
Epoch 22 | Batch 1800 | Diff Loss 0.2889
Epoch 22 | Batch 1900 | Diff Loss 0.2792
Epoch 22 | Batch 2000 | Diff Loss 0.2505
Epoch 22 | Batch 2100 | Diff Loss 0.2823
Epoch 22 | Batch 2200 | Diff Loss 0.2625
Epoch 22 | Batch 2300 | Diff Loss 0.2889
Epoch 22 | Batch 2400 | Diff Loss 0.2822
Epoch 22 | Batch 2500 | Diff Loss 0.2832
Epoch 22 | Batch 2600 | Diff Loss 0.2861
Epoch 22 Done. Loss: 0.2817. Time: 219.6s
Epoch 23 | Batch 0 | Diff Loss 0.2800
Epoch 23 | Batch 100 | Diff Loss 0.2811
Epoch 23 | Batch 200 | Diff Loss 0.2740
Epoch 23 | Batch 300 | Diff Loss 0.2701
Epoch 23 | Batch 400 | Diff Loss 0.2709
Epoch 23 | Batch 500 | Diff Loss 0.2883
Epoch 23 | Batch 600 | Diff Loss 0.2942
Epoch 23 | Batch 700 | Diff Loss 0.2955
Epoch 23 | Batch 800 | Diff Loss 0.2951
Epoch 23 | Batch 900 | Diff Loss 0.2766
Epoch 23 | Batch 1000 | Diff Loss 0.2748
Epoch 23 | Batch 1100 | Diff Loss 0.2965
Epoch 23 | Batch 1200 | Diff Loss 0.2803
Epoch 23 | Batch 1300 | Diff Loss 0.2628
Epoch 23 | Batch 1400 | Diff Loss 0.2640
Epoch 23 | Batch 1500 | Diff Loss 0.2867
Epoch 23 | Batch 1600 | Diff Loss 0.3002
Epoch 23 | Batch 1700 | Diff Loss 0.2716
Epoch 23 | Batch 1800 | Diff Loss 0.2576
Epoch 23 | Batch 1900 | Diff Loss 0.2787
Epoch 23 | Batch 2000 | Diff Loss 0.2794
Epoch 23 | Batch 2100 | Diff Loss 0.2665
Epoch 23 | Batch 2200 | Diff Loss 0.2784
Epoch 23 | Batch 2300 | Diff Loss 0.2890
Epoch 23 | Batch 2400 | Diff Loss 0.2730
Epoch 23 | Batch 2500 | Diff Loss 0.2728
Epoch 23 | Batch 2600 | Diff Loss 0.2737
Epoch 23 Done. Loss: 0.2807. Time: 201.8s
Epoch 24 | Batch 0 | Diff Loss 0.2746
Epoch 24 | Batch 100 | Diff Loss 0.2726
Epoch 24 | Batch 200 | Diff Loss 0.2792
Epoch 24 | Batch 300 | Diff Loss 0.2703
Epoch 24 | Batch 400 | Diff Loss 0.2904
Epoch 24 | Batch 500 | Diff Loss 0.2803
Epoch 24 | Batch 600 | Diff Loss 0.2749
Epoch 24 | Batch 700 | Diff Loss 0.2880
Epoch 24 | Batch 800 | Diff Loss 0.2914
Epoch 24 | Batch 900 | Diff Loss 0.2777
Epoch 24 | Batch 1000 | Diff Loss 0.2951
Epoch 24 | Batch 1100 | Diff Loss 0.2729
Epoch 24 | Batch 1200 | Diff Loss 0.2881
Epoch 24 | Batch 1300 | Diff Loss 0.2694
Epoch 24 | Batch 1400 | Diff Loss 0.2924
Epoch 24 | Batch 1500 | Diff Loss 0.2951
Epoch 24 | Batch 1600 | Diff Loss 0.2989
Epoch 24 | Batch 1700 | Diff Loss 0.2809
Epoch 24 | Batch 1800 | Diff Loss 0.2989
Epoch 24 | Batch 1900 | Diff Loss 0.2828
Epoch 24 | Batch 2000 | Diff Loss 0.2727
Epoch 24 | Batch 2100 | Diff Loss 0.2763
Epoch 24 | Batch 2200 | Diff Loss 0.2803
Epoch 24 | Batch 2300 | Diff Loss 0.2694
Epoch 24 | Batch 2400 | Diff Loss 0.2671
Epoch 24 | Batch 2500 | Diff Loss 0.2604
Epoch 24 | Batch 2600 | Diff Loss 0.2661
Epoch 24 Done. Loss: 0.2794. Time: 208.2s
Epoch 25 | Batch 0 | Diff Loss 0.2849
Epoch 25 | Batch 100 | Diff Loss 0.2833
Epoch 25 | Batch 200 | Diff Loss 0.2728
Epoch 25 | Batch 300 | Diff Loss 0.2668
Epoch 25 | Batch 400 | Diff Loss 0.2703
Epoch 25 | Batch 500 | Diff Loss 0.2904
Epoch 25 | Batch 600 | Diff Loss 0.2887
Epoch 25 | Batch 700 | Diff Loss 0.2709
Epoch 25 | Batch 800 | Diff Loss 0.2940
Epoch 25 | Batch 900 | Diff Loss 0.2849
Epoch 25 | Batch 1000 | Diff Loss 0.2813
Epoch 25 | Batch 1100 | Diff Loss 0.2756
Epoch 25 | Batch 1200 | Diff Loss 0.2604
Epoch 25 | Batch 1300 | Diff Loss 0.2873
Epoch 25 | Batch 1400 | Diff Loss 0.2722
Epoch 25 | Batch 1500 | Diff Loss 0.2767
Epoch 25 | Batch 1600 | Diff Loss 0.2799
Epoch 25 | Batch 1700 | Diff Loss 0.2632
Epoch 25 | Batch 1800 | Diff Loss 0.2706
Epoch 25 | Batch 1900 | Diff Loss 0.2687
Epoch 25 | Batch 2000 | Diff Loss 0.2670
Epoch 25 | Batch 2100 | Diff Loss 0.2963
Epoch 25 | Batch 2200 | Diff Loss 0.2956
Epoch 25 | Batch 2300 | Diff Loss 0.2807
Epoch 25 | Batch 2400 | Diff Loss 0.2678
Epoch 25 | Batch 2500 | Diff Loss 0.2705
Epoch 25 | Batch 2600 | Diff Loss 0.2837
Epoch 25 Done. Loss: 0.2786. Time: 207.7s
Epoch 26 | Batch 0 | Diff Loss 0.3051
Epoch 26 | Batch 100 | Diff Loss 0.2668
Epoch 26 | Batch 200 | Diff Loss 0.2711
Epoch 26 | Batch 300 | Diff Loss 0.2816
Epoch 26 | Batch 400 | Diff Loss 0.2858
Epoch 26 | Batch 500 | Diff Loss 0.2933
Epoch 26 | Batch 600 | Diff Loss 0.2710
Epoch 26 | Batch 700 | Diff Loss 0.2699
Epoch 26 | Batch 800 | Diff Loss 0.2643
Epoch 26 | Batch 900 | Diff Loss 0.2649
Epoch 26 | Batch 1000 | Diff Loss 0.2763
Epoch 26 | Batch 1100 | Diff Loss 0.2830
Epoch 26 | Batch 1200 | Diff Loss 0.2804
Epoch 26 | Batch 1300 | Diff Loss 0.2749
Epoch 26 | Batch 1400 | Diff Loss 0.2875
Epoch 26 | Batch 1500 | Diff Loss 0.2680
Epoch 26 | Batch 1600 | Diff Loss 0.2657
Epoch 26 | Batch 1700 | Diff Loss 0.2946
Epoch 26 | Batch 1800 | Diff Loss 0.2812
Epoch 26 | Batch 1900 | Diff Loss 0.2920
Epoch 26 | Batch 2000 | Diff Loss 0.2625
Epoch 26 | Batch 2100 | Diff Loss 0.2827
Epoch 26 | Batch 2200 | Diff Loss 0.2663
Epoch 26 | Batch 2300 | Diff Loss 0.2888
Epoch 26 | Batch 2400 | Diff Loss 0.2660
Epoch 26 | Batch 2500 | Diff Loss 0.2904
Epoch 26 | Batch 2600 | Diff Loss 0.2762
Epoch 26 Done. Loss: 0.2781. Time: 201.3s
Epoch 27 | Batch 0 | Diff Loss 0.2815
Epoch 27 | Batch 100 | Diff Loss 0.2817
Epoch 27 | Batch 200 | Diff Loss 0.2955
Epoch 27 | Batch 300 | Diff Loss 0.2618
Epoch 27 | Batch 400 | Diff Loss 0.2816
Epoch 27 | Batch 500 | Diff Loss 0.2845
Epoch 27 | Batch 600 | Diff Loss 0.2707
Epoch 27 | Batch 700 | Diff Loss 0.2741
Epoch 27 | Batch 800 | Diff Loss 0.2826
Epoch 27 | Batch 900 | Diff Loss 0.2784
Epoch 27 | Batch 1000 | Diff Loss 0.2569
Epoch 27 | Batch 1100 | Diff Loss 0.2896
Epoch 27 | Batch 1200 | Diff Loss 0.2947
Epoch 27 | Batch 1300 | Diff Loss 0.2764
Epoch 27 | Batch 1400 | Diff Loss 0.2801
Epoch 27 | Batch 1500 | Diff Loss 0.2628
Epoch 27 | Batch 1600 | Diff Loss 0.2924
Epoch 27 | Batch 1700 | Diff Loss 0.2821
Epoch 27 | Batch 1800 | Diff Loss 0.2573
Epoch 27 | Batch 1900 | Diff Loss 0.2913
Epoch 27 | Batch 2000 | Diff Loss 0.2862
Epoch 27 | Batch 2100 | Diff Loss 0.2977
Epoch 27 | Batch 2200 | Diff Loss 0.2872
Epoch 27 | Batch 2300 | Diff Loss 0.2780
Epoch 27 | Batch 2400 | Diff Loss 0.2590
Epoch 27 | Batch 2500 | Diff Loss 0.3003
Epoch 27 | Batch 2600 | Diff Loss 0.2574
Epoch 27 Done. Loss: 0.2773. Time: 198.2s
Epoch 28 | Batch 0 | Diff Loss 0.2836
Epoch 28 | Batch 100 | Diff Loss 0.2647
Epoch 28 | Batch 200 | Diff Loss 0.2823
Epoch 28 | Batch 300 | Diff Loss 0.2767
Epoch 28 | Batch 400 | Diff Loss 0.2743
Epoch 28 | Batch 500 | Diff Loss 0.2902
Epoch 28 | Batch 600 | Diff Loss 0.2568
Epoch 28 | Batch 700 | Diff Loss 0.2877
Epoch 28 | Batch 800 | Diff Loss 0.2793
Epoch 28 | Batch 900 | Diff Loss 0.2705
Epoch 28 | Batch 1000 | Diff Loss 0.2776
Epoch 28 | Batch 1100 | Diff Loss 0.2759
Epoch 28 | Batch 1200 | Diff Loss 0.2857
Epoch 28 | Batch 1300 | Diff Loss 0.2931
Epoch 28 | Batch 1400 | Diff Loss 0.2498
Epoch 28 | Batch 1500 | Diff Loss 0.2726
Epoch 28 | Batch 1600 | Diff Loss 0.2875
Epoch 28 | Batch 1700 | Diff Loss 0.2640
Epoch 28 | Batch 1800 | Diff Loss 0.2786
Epoch 28 | Batch 1900 | Diff Loss 0.2699
Epoch 28 | Batch 2000 | Diff Loss 0.2717
Epoch 28 | Batch 2100 | Diff Loss 0.2672
Epoch 28 | Batch 2200 | Diff Loss 0.2644
Epoch 28 | Batch 2300 | Diff Loss 0.2922
Epoch 28 | Batch 2400 | Diff Loss 0.2700
Epoch 28 | Batch 2500 | Diff Loss 0.2764
Epoch 28 | Batch 2600 | Diff Loss 0.2980
Epoch 28 Done. Loss: 0.2768. Time: 208.3s
Epoch 29 | Batch 0 | Diff Loss 0.2884
Epoch 29 | Batch 100 | Diff Loss 0.2829
Epoch 29 | Batch 200 | Diff Loss 0.2642
Epoch 29 | Batch 300 | Diff Loss 0.2833
Epoch 29 | Batch 400 | Diff Loss 0.2954
Epoch 29 | Batch 500 | Diff Loss 0.2769
Epoch 29 | Batch 600 | Diff Loss 0.2821
Epoch 29 | Batch 700 | Diff Loss 0.2768
Epoch 29 | Batch 800 | Diff Loss 0.2940
Epoch 29 | Batch 900 | Diff Loss 0.2820
Epoch 29 | Batch 1000 | Diff Loss 0.2854
Epoch 29 | Batch 1100 | Diff Loss 0.2721
Epoch 29 | Batch 1200 | Diff Loss 0.2725
Epoch 29 | Batch 1300 | Diff Loss 0.2826
Epoch 29 | Batch 1400 | Diff Loss 0.2592
Epoch 29 | Batch 1500 | Diff Loss 0.2627
Epoch 29 | Batch 1600 | Diff Loss 0.2610
Epoch 29 | Batch 1700 | Diff Loss 0.2708
Epoch 29 | Batch 1800 | Diff Loss 0.2791
Epoch 29 | Batch 1900 | Diff Loss 0.2802
Epoch 29 | Batch 2000 | Diff Loss 0.2778
Epoch 29 | Batch 2100 | Diff Loss 0.2764
Epoch 29 | Batch 2200 | Diff Loss 0.2769
Epoch 29 | Batch 2300 | Diff Loss 0.2689
Epoch 29 | Batch 2400 | Diff Loss 0.2776
Epoch 29 | Batch 2500 | Diff Loss 0.2534
Epoch 29 | Batch 2600 | Diff Loss 0.2606
Epoch 29 Done. Loss: 0.2755. Time: 201.0s
Epoch 30 | Batch 0 | Diff Loss 0.2734
Epoch 30 | Batch 100 | Diff Loss 0.2778
Epoch 30 | Batch 200 | Diff Loss 0.2721
Epoch 30 | Batch 300 | Diff Loss 0.2726
Epoch 30 | Batch 400 | Diff Loss 0.3000
Epoch 30 | Batch 500 | Diff Loss 0.2784
Epoch 30 | Batch 600 | Diff Loss 0.2737
Epoch 30 | Batch 700 | Diff Loss 0.2837
Epoch 30 | Batch 800 | Diff Loss 0.2931
Epoch 30 | Batch 900 | Diff Loss 0.2636
Epoch 30 | Batch 1000 | Diff Loss 0.2993
Epoch 30 | Batch 1100 | Diff Loss 0.2674
Epoch 30 | Batch 1200 | Diff Loss 0.2696
Epoch 30 | Batch 1300 | Diff Loss 0.2932
Epoch 30 | Batch 1400 | Diff Loss 0.2575
Epoch 30 | Batch 1500 | Diff Loss 0.2835
Epoch 30 | Batch 1600 | Diff Loss 0.2839
Epoch 30 | Batch 1700 | Diff Loss 0.2735
Epoch 30 | Batch 1800 | Diff Loss 0.2744
Epoch 30 | Batch 1900 | Diff Loss 0.3070
Epoch 30 | Batch 2000 | Diff Loss 0.2544
Epoch 30 | Batch 2100 | Diff Loss 0.2704
Epoch 30 | Batch 2200 | Diff Loss 0.2863
Epoch 30 | Batch 2300 | Diff Loss 0.2968
Epoch 30 | Batch 2400 | Diff Loss 0.2824
Epoch 30 | Batch 2500 | Diff Loss 0.2846
Epoch 30 | Batch 2600 | Diff Loss 0.2611
Epoch 30 Done. Loss: 0.2753. Time: 199.7s
Epoch 31 | Batch 0 | Diff Loss 0.2819
Epoch 31 | Batch 100 | Diff Loss 0.2680
Epoch 31 | Batch 200 | Diff Loss 0.2708
Epoch 31 | Batch 300 | Diff Loss 0.2653
Epoch 31 | Batch 400 | Diff Loss 0.2703
Epoch 31 | Batch 500 | Diff Loss 0.2917
Epoch 31 | Batch 600 | Diff Loss 0.2784
Epoch 31 | Batch 700 | Diff Loss 0.2801
Epoch 31 | Batch 800 | Diff Loss 0.2773
Epoch 31 | Batch 900 | Diff Loss 0.2738
Epoch 31 | Batch 1000 | Diff Loss 0.2774
Epoch 31 | Batch 1100 | Diff Loss 0.2680
Epoch 31 | Batch 1200 | Diff Loss 0.2720
Epoch 31 | Batch 1300 | Diff Loss 0.2785
Epoch 31 | Batch 1400 | Diff Loss 0.2529
Epoch 31 | Batch 1500 | Diff Loss 0.2962
Epoch 31 | Batch 1600 | Diff Loss 0.2749
Epoch 31 | Batch 1700 | Diff Loss 0.2665
Epoch 31 | Batch 1800 | Diff Loss 0.2709
Epoch 31 | Batch 1900 | Diff Loss 0.2752
Epoch 31 | Batch 2000 | Diff Loss 0.2631
Epoch 31 | Batch 2100 | Diff Loss 0.2712
Epoch 31 | Batch 2200 | Diff Loss 0.2804
Epoch 31 | Batch 2300 | Diff Loss 0.2759
Epoch 31 | Batch 2400 | Diff Loss 0.2643
Epoch 31 | Batch 2500 | Diff Loss 0.2671
Epoch 31 | Batch 2600 | Diff Loss 0.2831
Epoch 31 Done. Loss: 0.2746. Time: 209.7s
Epoch 32 | Batch 0 | Diff Loss 0.2693
Epoch 32 | Batch 100 | Diff Loss 0.2742
Epoch 32 | Batch 200 | Diff Loss 0.2780
Epoch 32 | Batch 300 | Diff Loss 0.2855
Epoch 32 | Batch 400 | Diff Loss 0.3117
Epoch 32 | Batch 500 | Diff Loss 0.2787
Epoch 32 | Batch 600 | Diff Loss 0.2648
Epoch 32 | Batch 700 | Diff Loss 0.2768
Epoch 32 | Batch 800 | Diff Loss 0.2782
Epoch 32 | Batch 900 | Diff Loss 0.2742
Epoch 32 | Batch 1000 | Diff Loss 0.2688
Epoch 32 | Batch 1100 | Diff Loss 0.2767
Epoch 32 | Batch 1200 | Diff Loss 0.2793
Epoch 32 | Batch 1300 | Diff Loss 0.2688
Epoch 32 | Batch 1400 | Diff Loss 0.2864
Epoch 32 | Batch 1500 | Diff Loss 0.2958
Epoch 32 | Batch 1600 | Diff Loss 0.2917
Epoch 32 | Batch 1700 | Diff Loss 0.2886
Epoch 32 | Batch 1800 | Diff Loss 0.2600
Epoch 32 | Batch 1900 | Diff Loss 0.2915
Epoch 32 | Batch 2000 | Diff Loss 0.2794
Epoch 32 | Batch 2100 | Diff Loss 0.2764
Epoch 32 | Batch 2200 | Diff Loss 0.2775
Epoch 32 | Batch 2300 | Diff Loss 0.3079
Epoch 32 | Batch 2400 | Diff Loss 0.2619
Epoch 32 | Batch 2500 | Diff Loss 0.2786
Epoch 32 | Batch 2600 | Diff Loss 0.2739
Epoch 32 Done. Loss: 0.2737. Time: 200.7s
Epoch 33 | Batch 0 | Diff Loss 0.2620
Epoch 33 | Batch 100 | Diff Loss 0.2805
Epoch 33 | Batch 200 | Diff Loss 0.2976
Epoch 33 | Batch 300 | Diff Loss 0.2679
Epoch 33 | Batch 400 | Diff Loss 0.2759
Epoch 33 | Batch 500 | Diff Loss 0.2678
Epoch 33 | Batch 600 | Diff Loss 0.2816
Epoch 33 | Batch 700 | Diff Loss 0.2605
Epoch 33 | Batch 800 | Diff Loss 0.2763
Epoch 33 | Batch 900 | Diff Loss 0.2682
Epoch 33 | Batch 1000 | Diff Loss 0.2714
Epoch 33 | Batch 1100 | Diff Loss 0.2693
Epoch 33 | Batch 1200 | Diff Loss 0.2590
Epoch 33 | Batch 1300 | Diff Loss 0.2501
Epoch 33 | Batch 1400 | Diff Loss 0.2892
Epoch 33 | Batch 1500 | Diff Loss 0.2855
Epoch 33 | Batch 1600 | Diff Loss 0.2892
Epoch 33 | Batch 1700 | Diff Loss 0.2755
Epoch 33 | Batch 1800 | Diff Loss 0.2865
Epoch 33 | Batch 1900 | Diff Loss 0.2589
Epoch 33 | Batch 2000 | Diff Loss 0.2689
Epoch 33 | Batch 2100 | Diff Loss 0.2498
Epoch 33 | Batch 2200 | Diff Loss 0.2704
Epoch 33 | Batch 2300 | Diff Loss 0.2480
Epoch 33 | Batch 2400 | Diff Loss 0.2720
Epoch 33 | Batch 2500 | Diff Loss 0.2809
Epoch 33 | Batch 2600 | Diff Loss 0.2876
Epoch 33 Done. Loss: 0.2730. Time: 201.8s
Epoch 34 | Batch 0 | Diff Loss 0.2714
Epoch 34 | Batch 100 | Diff Loss 0.2683
Epoch 34 | Batch 200 | Diff Loss 0.2772
Epoch 34 | Batch 300 | Diff Loss 0.2625
Epoch 34 | Batch 400 | Diff Loss 0.2605
Epoch 34 | Batch 500 | Diff Loss 0.2667
Epoch 34 | Batch 600 | Diff Loss 0.2647
Epoch 34 | Batch 700 | Diff Loss 0.2765
Epoch 34 | Batch 800 | Diff Loss 0.2846
Epoch 34 | Batch 900 | Diff Loss 0.2685
Epoch 34 | Batch 1000 | Diff Loss 0.2828
Epoch 34 | Batch 1100 | Diff Loss 0.2810
Epoch 34 | Batch 1200 | Diff Loss 0.2794
Epoch 34 | Batch 1300 | Diff Loss 0.2753
Epoch 34 | Batch 1400 | Diff Loss 0.2728
Epoch 34 | Batch 1500 | Diff Loss 0.2803
Epoch 34 | Batch 1600 | Diff Loss 0.2707
Epoch 34 | Batch 1700 | Diff Loss 0.2643
Epoch 34 | Batch 1800 | Diff Loss 0.2685
Epoch 34 | Batch 1900 | Diff Loss 0.2608
Epoch 34 | Batch 2000 | Diff Loss 0.2602
Epoch 34 | Batch 2100 | Diff Loss 0.2735
Epoch 34 | Batch 2200 | Diff Loss 0.2749
Epoch 34 | Batch 2300 | Diff Loss 0.3034
Epoch 34 | Batch 2400 | Diff Loss 0.2783
Epoch 34 | Batch 2500 | Diff Loss 0.2644
Epoch 34 | Batch 2600 | Diff Loss 0.2731
Epoch 34 Done. Loss: 0.2728. Time: 208.1s
Epoch 35 | Batch 0 | Diff Loss 0.2848
Epoch 35 | Batch 100 | Diff Loss 0.2636
Epoch 35 | Batch 200 | Diff Loss 0.2521
Epoch 35 | Batch 300 | Diff Loss 0.2582
Epoch 35 | Batch 400 | Diff Loss 0.2687
Epoch 35 | Batch 500 | Diff Loss 0.2521
Epoch 35 | Batch 600 | Diff Loss 0.2648
Epoch 35 | Batch 700 | Diff Loss 0.2594
Epoch 35 | Batch 800 | Diff Loss 0.2617
Epoch 35 | Batch 900 | Diff Loss 0.2523
Epoch 35 | Batch 1000 | Diff Loss 0.2734
Epoch 35 | Batch 1100 | Diff Loss 0.2783
Epoch 35 | Batch 1200 | Diff Loss 0.2612
Epoch 35 | Batch 1300 | Diff Loss 0.2689
Epoch 35 | Batch 1400 | Diff Loss 0.2604
Epoch 35 | Batch 1500 | Diff Loss 0.2715
Epoch 35 | Batch 1600 | Diff Loss 0.2714
Epoch 35 | Batch 1700 | Diff Loss 0.2747
Epoch 35 | Batch 1800 | Diff Loss 0.2555
Epoch 35 | Batch 1900 | Diff Loss 0.2902
Epoch 35 | Batch 2000 | Diff Loss 0.2824
Epoch 35 | Batch 2100 | Diff Loss 0.2855
Epoch 35 | Batch 2200 | Diff Loss 0.2633
Epoch 35 | Batch 2300 | Diff Loss 0.2805
Epoch 35 | Batch 2400 | Diff Loss 0.2799
Epoch 35 | Batch 2500 | Diff Loss 0.2564
Epoch 35 | Batch 2600 | Diff Loss 0.2703
Epoch 35 Done. Loss: 0.2721. Time: 199.1s
Epoch 36 | Batch 0 | Diff Loss 0.2634
Epoch 36 | Batch 100 | Diff Loss 0.2823
Epoch 36 | Batch 200 | Diff Loss 0.2803
Epoch 36 | Batch 300 | Diff Loss 0.2837
Epoch 36 | Batch 400 | Diff Loss 0.2711
Epoch 36 | Batch 500 | Diff Loss 0.2687
Epoch 36 | Batch 600 | Diff Loss 0.2385
Epoch 36 | Batch 700 | Diff Loss 0.2721
Epoch 36 | Batch 800 | Diff Loss 0.2570
Epoch 36 | Batch 900 | Diff Loss 0.2787
Epoch 36 | Batch 1000 | Diff Loss 0.2904
Epoch 36 | Batch 1100 | Diff Loss 0.2750
Epoch 36 | Batch 1200 | Diff Loss 0.2731
Epoch 36 | Batch 1300 | Diff Loss 0.2823
Epoch 36 | Batch 1400 | Diff Loss 0.2720
Epoch 36 | Batch 1500 | Diff Loss 0.2616
Epoch 36 | Batch 1600 | Diff Loss 0.2732
Epoch 36 | Batch 1700 | Diff Loss 0.2771
Epoch 36 | Batch 1800 | Diff Loss 0.2791
Epoch 36 | Batch 1900 | Diff Loss 0.2610
Epoch 36 | Batch 2000 | Diff Loss 0.2682
Epoch 36 | Batch 2100 | Diff Loss 0.2626
Epoch 36 | Batch 2200 | Diff Loss 0.2717
Epoch 36 | Batch 2300 | Diff Loss 0.2736
Epoch 36 | Batch 2400 | Diff Loss 0.2868
Epoch 36 | Batch 2500 | Diff Loss 0.2898
Epoch 36 | Batch 2600 | Diff Loss 0.2849
Epoch 36 Done. Loss: 0.2717. Time: 200.2s
Epoch 37 | Batch 0 | Diff Loss 0.2770
Epoch 37 | Batch 100 | Diff Loss 0.2616
Epoch 37 | Batch 200 | Diff Loss 0.2879
Epoch 37 | Batch 300 | Diff Loss 0.2835
Epoch 37 | Batch 400 | Diff Loss 0.2695
Epoch 37 | Batch 500 | Diff Loss 0.2849
Epoch 37 | Batch 600 | Diff Loss 0.2788
Epoch 37 | Batch 700 | Diff Loss 0.2599
Epoch 37 | Batch 800 | Diff Loss 0.2612
Epoch 37 | Batch 900 | Diff Loss 0.2657
Epoch 37 | Batch 1000 | Diff Loss 0.2751
Epoch 37 | Batch 1100 | Diff Loss 0.2608
Epoch 37 | Batch 1200 | Diff Loss 0.2853
Epoch 37 | Batch 1300 | Diff Loss 0.2631
Epoch 37 | Batch 1400 | Diff Loss 0.2794
Epoch 37 | Batch 1500 | Diff Loss 0.2690
Epoch 37 | Batch 1600 | Diff Loss 0.2677
Epoch 37 | Batch 1700 | Diff Loss 0.2618
Epoch 37 | Batch 1800 | Diff Loss 0.2738
Epoch 37 | Batch 1900 | Diff Loss 0.2734
Epoch 37 | Batch 2000 | Diff Loss 0.2520
Epoch 37 | Batch 2100 | Diff Loss 0.2652
Epoch 37 | Batch 2200 | Diff Loss 0.2853
Epoch 37 | Batch 2300 | Diff Loss 0.2744
Epoch 37 | Batch 2400 | Diff Loss 0.2701
Epoch 37 | Batch 2500 | Diff Loss 0.2699
Epoch 37 | Batch 2600 | Diff Loss 0.2747
Epoch 37 Done. Loss: 0.2711. Time: 205.5s
Epoch 38 | Batch 0 | Diff Loss 0.2705
Epoch 38 | Batch 100 | Diff Loss 0.2581
Epoch 38 | Batch 200 | Diff Loss 0.2918
Epoch 38 | Batch 300 | Diff Loss 0.2683
Epoch 38 | Batch 400 | Diff Loss 0.2620
Epoch 38 | Batch 500 | Diff Loss 0.2503
Epoch 38 | Batch 600 | Diff Loss 0.2736
Epoch 38 | Batch 700 | Diff Loss 0.2626
Epoch 38 | Batch 800 | Diff Loss 0.2916
Epoch 38 | Batch 900 | Diff Loss 0.2996
Epoch 38 | Batch 1000 | Diff Loss 0.2569
Epoch 38 | Batch 1100 | Diff Loss 0.2689
Epoch 38 | Batch 1200 | Diff Loss 0.2644
Epoch 38 | Batch 1300 | Diff Loss 0.2637
Epoch 38 | Batch 1400 | Diff Loss 0.2564
Epoch 38 | Batch 1500 | Diff Loss 0.2757
Epoch 38 | Batch 1600 | Diff Loss 0.2841
Epoch 38 | Batch 1700 | Diff Loss 0.2715
Epoch 38 | Batch 1800 | Diff Loss 0.2655
Epoch 38 | Batch 1900 | Diff Loss 0.2795
Epoch 38 | Batch 2000 | Diff Loss 0.2905
Epoch 38 | Batch 2100 | Diff Loss 0.2850
Epoch 38 | Batch 2200 | Diff Loss 0.2791
Epoch 38 | Batch 2300 | Diff Loss 0.2757
Epoch 38 | Batch 2400 | Diff Loss 0.2834
Epoch 38 | Batch 2500 | Diff Loss 0.2715
Epoch 38 | Batch 2600 | Diff Loss 0.2622
Epoch 38 Done. Loss: 0.2704. Time: 208.5s
Epoch 39 | Batch 0 | Diff Loss 0.2762
Epoch 39 | Batch 100 | Diff Loss 0.2643
Epoch 39 | Batch 200 | Diff Loss 0.2883
Epoch 39 | Batch 300 | Diff Loss 0.2548
Epoch 39 | Batch 400 | Diff Loss 0.2783
Epoch 39 | Batch 500 | Diff Loss 0.2742
Epoch 39 | Batch 600 | Diff Loss 0.2528
Epoch 39 | Batch 700 | Diff Loss 0.2615
Epoch 39 | Batch 800 | Diff Loss 0.2632
Epoch 39 | Batch 900 | Diff Loss 0.2755
Epoch 39 | Batch 1000 | Diff Loss 0.2684
Epoch 39 | Batch 1100 | Diff Loss 0.2696
Epoch 39 | Batch 1200 | Diff Loss 0.2489
Epoch 39 | Batch 1300 | Diff Loss 0.2865
Epoch 39 | Batch 1400 | Diff Loss 0.2898
Epoch 39 | Batch 1500 | Diff Loss 0.2616
Epoch 39 | Batch 1600 | Diff Loss 0.2571
Epoch 39 | Batch 1700 | Diff Loss 0.2667
Epoch 39 | Batch 1800 | Diff Loss 0.2705
Epoch 39 | Batch 1900 | Diff Loss 0.2805
Epoch 39 | Batch 2000 | Diff Loss 0.2772
Epoch 39 | Batch 2100 | Diff Loss 0.2793
Epoch 39 | Batch 2200 | Diff Loss 0.2659
Epoch 39 | Batch 2300 | Diff Loss 0.2663
Epoch 39 | Batch 2400 | Diff Loss 0.2669
Epoch 39 | Batch 2500 | Diff Loss 0.2855
Epoch 39 | Batch 2600 | Diff Loss 0.2824
Epoch 39 Done. Loss: 0.2701. Time: 200.0s
Epoch 40 | Batch 0 | Diff Loss 0.2835
Epoch 40 | Batch 100 | Diff Loss 0.2678
Epoch 40 | Batch 200 | Diff Loss 0.2789
Epoch 40 | Batch 300 | Diff Loss 0.2779
Epoch 40 | Batch 400 | Diff Loss 0.2784
Epoch 40 | Batch 500 | Diff Loss 0.2456
Epoch 40 | Batch 600 | Diff Loss 0.2807
Epoch 40 | Batch 700 | Diff Loss 0.2679
Epoch 40 | Batch 800 | Diff Loss 0.2503
Epoch 40 | Batch 900 | Diff Loss 0.2655
Epoch 40 | Batch 1000 | Diff Loss 0.2557
Epoch 40 | Batch 1100 | Diff Loss 0.2729
Epoch 40 | Batch 1200 | Diff Loss 0.2751
Epoch 40 | Batch 1300 | Diff Loss 0.2642
Epoch 40 | Batch 1400 | Diff Loss 0.2675
Epoch 40 | Batch 1500 | Diff Loss 0.2749
Epoch 40 | Batch 1600 | Diff Loss 0.2593
Epoch 40 | Batch 1700 | Diff Loss 0.2611
Epoch 40 | Batch 1800 | Diff Loss 0.2636
Epoch 40 | Batch 1900 | Diff Loss 0.2779
Epoch 40 | Batch 2000 | Diff Loss 0.2834
Epoch 40 | Batch 2100 | Diff Loss 0.2684
Epoch 40 | Batch 2200 | Diff Loss 0.2786
Epoch 40 | Batch 2300 | Diff Loss 0.2483
Epoch 40 | Batch 2400 | Diff Loss 0.2706
Epoch 40 | Batch 2500 | Diff Loss 0.2932
Epoch 40 | Batch 2600 | Diff Loss 0.2615
Epoch 40 Done. Loss: 0.2697. Time: 200.9s
Epoch 41 | Batch 0 | Diff Loss 0.2606
Epoch 41 | Batch 100 | Diff Loss 0.2642
Epoch 41 | Batch 200 | Diff Loss 0.2587
Epoch 41 | Batch 300 | Diff Loss 0.2763
Epoch 41 | Batch 400 | Diff Loss 0.2746
Epoch 41 | Batch 500 | Diff Loss 0.2576
Epoch 41 | Batch 600 | Diff Loss 0.2659
Epoch 41 | Batch 700 | Diff Loss 0.2638
Epoch 41 | Batch 800 | Diff Loss 0.2610
Epoch 41 | Batch 900 | Diff Loss 0.2830
Epoch 41 | Batch 1000 | Diff Loss 0.2844
Epoch 41 | Batch 1100 | Diff Loss 0.2508
Epoch 41 | Batch 1200 | Diff Loss 0.2760
Epoch 41 | Batch 1300 | Diff Loss 0.2648
Epoch 41 | Batch 1400 | Diff Loss 0.2756
Epoch 41 | Batch 1500 | Diff Loss 0.2721
Epoch 41 | Batch 1600 | Diff Loss 0.2768
Epoch 41 | Batch 1700 | Diff Loss 0.2799
Epoch 41 | Batch 1800 | Diff Loss 0.2750
Epoch 41 | Batch 1900 | Diff Loss 0.2633
Epoch 41 | Batch 2000 | Diff Loss 0.2631
Epoch 41 | Batch 2100 | Diff Loss 0.2761
Epoch 41 | Batch 2200 | Diff Loss 0.2715
Epoch 41 | Batch 2300 | Diff Loss 0.2756
Epoch 41 | Batch 2400 | Diff Loss 0.2799
Epoch 41 | Batch 2500 | Diff Loss 0.2599
Epoch 41 | Batch 2600 | Diff Loss 0.2641
Epoch 41 Done. Loss: 0.2690. Time: 199.9s
Epoch 42 | Batch 0 | Diff Loss 0.2757
Epoch 42 | Batch 100 | Diff Loss 0.2602
Epoch 42 | Batch 200 | Diff Loss 0.2509
Epoch 42 | Batch 300 | Diff Loss 0.2678
Epoch 42 | Batch 400 | Diff Loss 0.2561
Epoch 42 | Batch 500 | Diff Loss 0.2646
Epoch 42 | Batch 600 | Diff Loss 0.2765
Epoch 42 | Batch 700 | Diff Loss 0.2668
Epoch 42 | Batch 800 | Diff Loss 0.2596
Epoch 42 | Batch 900 | Diff Loss 0.2695
Epoch 42 | Batch 1000 | Diff Loss 0.2705
Epoch 42 | Batch 1100 | Diff Loss 0.2723
Epoch 42 | Batch 1200 | Diff Loss 0.2610
Epoch 42 | Batch 1300 | Diff Loss 0.2642
Epoch 42 | Batch 1400 | Diff Loss 0.2695
Epoch 42 | Batch 1500 | Diff Loss 0.2769
Epoch 42 | Batch 1600 | Diff Loss 0.2621
Epoch 42 | Batch 1700 | Diff Loss 0.2679
Epoch 42 | Batch 1800 | Diff Loss 0.2726
Epoch 42 | Batch 1900 | Diff Loss 0.2647
Epoch 42 | Batch 2000 | Diff Loss 0.2815
Epoch 42 | Batch 2100 | Diff Loss 0.2541
Epoch 42 | Batch 2200 | Diff Loss 0.2532
Epoch 42 | Batch 2300 | Diff Loss 0.2668
Epoch 42 | Batch 2400 | Diff Loss 0.2762
Epoch 42 | Batch 2500 | Diff Loss 0.2732
Epoch 42 | Batch 2600 | Diff Loss 0.2582
Epoch 42 Done. Loss: 0.2688. Time: 189.8s
Epoch 43 | Batch 0 | Diff Loss 0.2645
Epoch 43 | Batch 100 | Diff Loss 0.2753
Epoch 43 | Batch 200 | Diff Loss 0.2641
Epoch 43 | Batch 300 | Diff Loss 0.2662
Epoch 43 | Batch 400 | Diff Loss 0.2678
Epoch 43 | Batch 500 | Diff Loss 0.2725
Epoch 43 | Batch 600 | Diff Loss 0.2731
Epoch 43 | Batch 700 | Diff Loss 0.2659
Epoch 43 | Batch 800 | Diff Loss 0.2611
Epoch 43 | Batch 900 | Diff Loss 0.2645
Epoch 43 | Batch 1000 | Diff Loss 0.2634
Epoch 43 | Batch 1100 | Diff Loss 0.2627
Epoch 43 | Batch 1200 | Diff Loss 0.2789
Epoch 43 | Batch 1300 | Diff Loss 0.2693
Epoch 43 | Batch 1400 | Diff Loss 0.2697
Epoch 43 | Batch 1500 | Diff Loss 0.2636
Epoch 43 | Batch 1600 | Diff Loss 0.2833
Epoch 43 | Batch 1700 | Diff Loss 0.2695
Epoch 43 | Batch 1800 | Diff Loss 0.2654
Epoch 43 | Batch 1900 | Diff Loss 0.2620
Epoch 43 | Batch 2000 | Diff Loss 0.2730
Epoch 43 | Batch 2100 | Diff Loss 0.2768
Epoch 43 | Batch 2200 | Diff Loss 0.2566
Epoch 43 | Batch 2300 | Diff Loss 0.2900
Epoch 43 | Batch 2400 | Diff Loss 0.2703
Epoch 43 | Batch 2500 | Diff Loss 0.2735
Epoch 43 | Batch 2600 | Diff Loss 0.2747
Epoch 43 Done. Loss: 0.2684. Time: 182.9s
Epoch 44 | Batch 0 | Diff Loss 0.2703
Epoch 44 | Batch 100 | Diff Loss 0.2707
Epoch 44 | Batch 200 | Diff Loss 0.2646
Epoch 44 | Batch 300 | Diff Loss 0.2836
Epoch 44 | Batch 400 | Diff Loss 0.2822
Epoch 44 | Batch 500 | Diff Loss 0.2675
Epoch 44 | Batch 600 | Diff Loss 0.2632
Epoch 44 | Batch 700 | Diff Loss 0.2506
Epoch 44 | Batch 800 | Diff Loss 0.2610
Epoch 44 | Batch 900 | Diff Loss 0.2630
Epoch 44 | Batch 1000 | Diff Loss 0.2798
Epoch 44 | Batch 1100 | Diff Loss 0.2758
Epoch 44 | Batch 1200 | Diff Loss 0.2725
Epoch 44 | Batch 1300 | Diff Loss 0.2487
Epoch 44 | Batch 1400 | Diff Loss 0.2747
Epoch 44 | Batch 1500 | Diff Loss 0.2530
Epoch 44 | Batch 1600 | Diff Loss 0.2882
Epoch 44 | Batch 1700 | Diff Loss 0.2627
Epoch 44 | Batch 1800 | Diff Loss 0.2757
Epoch 44 | Batch 1900 | Diff Loss 0.2558
Epoch 44 | Batch 2000 | Diff Loss 0.2524
Epoch 44 | Batch 2100 | Diff Loss 0.2678
Epoch 44 | Batch 2200 | Diff Loss 0.2526
Epoch 44 | Batch 2300 | Diff Loss 0.2648
Epoch 44 | Batch 2400 | Diff Loss 0.2963
Epoch 44 | Batch 2500 | Diff Loss 0.2687
Epoch 44 | Batch 2600 | Diff Loss 0.2494
Epoch 44 Done. Loss: 0.2680. Time: 186.7s
Epoch 45 | Batch 0 | Diff Loss 0.2692
Epoch 45 | Batch 100 | Diff Loss 0.2606
Epoch 45 | Batch 200 | Diff Loss 0.2708
Epoch 45 | Batch 300 | Diff Loss 0.2463
Epoch 45 | Batch 400 | Diff Loss 0.2534
Epoch 45 | Batch 500 | Diff Loss 0.2480
Epoch 45 | Batch 600 | Diff Loss 0.2626
Epoch 45 | Batch 700 | Diff Loss 0.2803
Epoch 45 | Batch 800 | Diff Loss 0.2817
Epoch 45 | Batch 900 | Diff Loss 0.2766
Epoch 45 | Batch 1000 | Diff Loss 0.2650
Epoch 45 | Batch 1100 | Diff Loss 0.2626
Epoch 45 | Batch 1200 | Diff Loss 0.2554
Epoch 45 | Batch 1300 | Diff Loss 0.2826
Epoch 45 | Batch 1400 | Diff Loss 0.2527
Epoch 45 | Batch 1500 | Diff Loss 0.2719
Epoch 45 | Batch 1600 | Diff Loss 0.2715
Epoch 45 | Batch 1700 | Diff Loss 0.2675
Epoch 45 | Batch 1800 | Diff Loss 0.2637
Epoch 45 | Batch 1900 | Diff Loss 0.2685
Epoch 45 | Batch 2000 | Diff Loss 0.2674
Epoch 45 | Batch 2100 | Diff Loss 0.2702
Epoch 45 | Batch 2200 | Diff Loss 0.2478
Epoch 45 | Batch 2300 | Diff Loss 0.2750
Epoch 45 | Batch 2400 | Diff Loss 0.2685
Epoch 45 | Batch 2500 | Diff Loss 0.2705
Epoch 45 | Batch 2600 | Diff Loss 0.2712
Epoch 45 Done. Loss: 0.2673. Time: 190.1s
Epoch 46 | Batch 0 | Diff Loss 0.2613
Epoch 46 | Batch 100 | Diff Loss 0.2565
Epoch 46 | Batch 200 | Diff Loss 0.2552
Epoch 46 | Batch 300 | Diff Loss 0.2833
Epoch 46 | Batch 400 | Diff Loss 0.2754
Epoch 46 | Batch 500 | Diff Loss 0.2661
Epoch 46 | Batch 600 | Diff Loss 0.2642
Epoch 46 | Batch 700 | Diff Loss 0.2869
Epoch 46 | Batch 800 | Diff Loss 0.2717
Epoch 46 | Batch 900 | Diff Loss 0.2760
Epoch 46 | Batch 1000 | Diff Loss 0.2682
Epoch 46 | Batch 1100 | Diff Loss 0.2726
Epoch 46 | Batch 1200 | Diff Loss 0.2830
Epoch 46 | Batch 1300 | Diff Loss 0.2697
Epoch 46 | Batch 1400 | Diff Loss 0.2633
Epoch 46 | Batch 1500 | Diff Loss 0.2662
Epoch 46 | Batch 1600 | Diff Loss 0.2679
Epoch 46 | Batch 1700 | Diff Loss 0.2626
Epoch 46 | Batch 1800 | Diff Loss 0.2797
Epoch 46 | Batch 1900 | Diff Loss 0.2694
Epoch 46 | Batch 2000 | Diff Loss 0.2582
Epoch 46 | Batch 2100 | Diff Loss 0.2948
Epoch 46 | Batch 2200 | Diff Loss 0.2646
Epoch 46 | Batch 2300 | Diff Loss 0.2968
Epoch 46 | Batch 2400 | Diff Loss 0.2908
Epoch 46 | Batch 2500 | Diff Loss 0.2511
Epoch 46 | Batch 2600 | Diff Loss 0.2488
Epoch 46 Done. Loss: 0.2670. Time: 183.5s
Epoch 47 | Batch 0 | Diff Loss 0.2886
Epoch 47 | Batch 100 | Diff Loss 0.2685
Epoch 47 | Batch 200 | Diff Loss 0.2759
Epoch 47 | Batch 300 | Diff Loss 0.2664
Epoch 47 | Batch 400 | Diff Loss 0.2550
Epoch 47 | Batch 500 | Diff Loss 0.2579
Epoch 47 | Batch 600 | Diff Loss 0.2536
Epoch 47 | Batch 700 | Diff Loss 0.2822
Epoch 47 | Batch 800 | Diff Loss 0.2713
Epoch 47 | Batch 900 | Diff Loss 0.2605
Epoch 47 | Batch 1000 | Diff Loss 0.2621
Epoch 47 | Batch 1100 | Diff Loss 0.2663
Epoch 47 | Batch 1200 | Diff Loss 0.2763
Epoch 47 | Batch 1300 | Diff Loss 0.2724
Epoch 47 | Batch 1400 | Diff Loss 0.2620
Epoch 47 | Batch 1500 | Diff Loss 0.2583
Epoch 47 | Batch 1600 | Diff Loss 0.2619
Epoch 47 | Batch 1700 | Diff Loss 0.2652
Epoch 47 | Batch 1800 | Diff Loss 0.2631
Epoch 47 | Batch 1900 | Diff Loss 0.2668
Epoch 47 | Batch 2000 | Diff Loss 0.2829
Epoch 47 | Batch 2100 | Diff Loss 0.2691
Epoch 47 | Batch 2200 | Diff Loss 0.2736
Epoch 47 | Batch 2300 | Diff Loss 0.2588
Epoch 47 | Batch 2400 | Diff Loss 0.2578
Epoch 47 | Batch 2500 | Diff Loss 0.2703
Epoch 47 | Batch 2600 | Diff Loss 0.2788
Epoch 47 Done. Loss: 0.2670. Time: 196.7s
Epoch 48 | Batch 0 | Diff Loss 0.2915
Epoch 48 | Batch 100 | Diff Loss 0.2532
Epoch 48 | Batch 200 | Diff Loss 0.2544
Epoch 48 | Batch 300 | Diff Loss 0.2756
Epoch 48 | Batch 400 | Diff Loss 0.2678
Epoch 48 | Batch 500 | Diff Loss 0.2728
Epoch 48 | Batch 600 | Diff Loss 0.2522
Epoch 48 | Batch 700 | Diff Loss 0.2584
Epoch 48 | Batch 800 | Diff Loss 0.2802
Epoch 48 | Batch 900 | Diff Loss 0.2605
Epoch 48 | Batch 1000 | Diff Loss 0.2593
Epoch 48 | Batch 1100 | Diff Loss 0.2665
Epoch 48 | Batch 1200 | Diff Loss 0.2576
Epoch 48 | Batch 1300 | Diff Loss 0.2704
Epoch 48 | Batch 1400 | Diff Loss 0.2666
Epoch 48 | Batch 1500 | Diff Loss 0.2568
Epoch 48 | Batch 1600 | Diff Loss 0.2677
Epoch 48 | Batch 1700 | Diff Loss 0.2669
Epoch 48 | Batch 1800 | Diff Loss 0.2818
Epoch 48 | Batch 1900 | Diff Loss 0.2579
Epoch 48 | Batch 2000 | Diff Loss 0.2643
Epoch 48 | Batch 2100 | Diff Loss 0.2495
Epoch 48 | Batch 2200 | Diff Loss 0.2908
Epoch 48 | Batch 2300 | Diff Loss 0.2817
Epoch 48 | Batch 2400 | Diff Loss 0.2613
Epoch 48 | Batch 2500 | Diff Loss 0.2812
Epoch 48 | Batch 2600 | Diff Loss 0.2683
Epoch 48 Done. Loss: 0.2662. Time: 183.8s
Epoch 49 | Batch 0 | Diff Loss 0.2635
Epoch 49 | Batch 100 | Diff Loss 0.2696
Epoch 49 | Batch 200 | Diff Loss 0.2831
Epoch 49 | Batch 300 | Diff Loss 0.2878
Epoch 49 | Batch 400 | Diff Loss 0.2626
Epoch 49 | Batch 500 | Diff Loss 0.2589
Epoch 49 | Batch 600 | Diff Loss 0.2710
Epoch 49 | Batch 700 | Diff Loss 0.2596
Epoch 49 | Batch 800 | Diff Loss 0.2556
Epoch 49 | Batch 900 | Diff Loss 0.2727
Epoch 49 | Batch 1000 | Diff Loss 0.2327
Epoch 49 | Batch 1100 | Diff Loss 0.2707
Epoch 49 | Batch 1200 | Diff Loss 0.2523
Epoch 49 | Batch 1300 | Diff Loss 0.2717
Epoch 49 | Batch 1400 | Diff Loss 0.2853
Epoch 49 | Batch 1500 | Diff Loss 0.2733
Epoch 49 | Batch 1600 | Diff Loss 0.2515
Epoch 49 | Batch 1700 | Diff Loss 0.2683
Epoch 49 | Batch 1800 | Diff Loss 0.2710
Epoch 49 | Batch 1900 | Diff Loss 0.2732
Epoch 49 | Batch 2000 | Diff Loss 0.2581
Epoch 49 | Batch 2100 | Diff Loss 0.2682
Epoch 49 | Batch 2200 | Diff Loss 0.2643
Epoch 49 | Batch 2300 | Diff Loss 0.2754
Epoch 49 | Batch 2400 | Diff Loss 0.2726
Epoch 49 | Batch 2500 | Diff Loss 0.2823
Epoch 49 | Batch 2600 | Diff Loss 0.2614
Epoch 49 Done. Loss: 0.2660. Time: 190.2s
Epoch 50 | Batch 0 | Diff Loss 0.2744
Epoch 50 | Batch 100 | Diff Loss 0.2677
Epoch 50 | Batch 200 | Diff Loss 0.2638
Epoch 50 | Batch 300 | Diff Loss 0.2699
Epoch 50 | Batch 400 | Diff Loss 0.2484
Epoch 50 | Batch 500 | Diff Loss 0.2664
Epoch 50 | Batch 600 | Diff Loss 0.2700
Epoch 50 | Batch 700 | Diff Loss 0.2828
Epoch 50 | Batch 800 | Diff Loss 0.2720
Epoch 50 | Batch 900 | Diff Loss 0.2757
Epoch 50 | Batch 1000 | Diff Loss 0.2556
Epoch 50 | Batch 1100 | Diff Loss 0.2557
Epoch 50 | Batch 1200 | Diff Loss 0.2684
Epoch 50 | Batch 1300 | Diff Loss 0.2455
Epoch 50 | Batch 1400 | Diff Loss 0.2337
Epoch 50 | Batch 1500 | Diff Loss 0.2797
Epoch 50 | Batch 1600 | Diff Loss 0.2689
Epoch 50 | Batch 1700 | Diff Loss 0.2546
Epoch 50 | Batch 1800 | Diff Loss 0.2760
Epoch 50 | Batch 1900 | Diff Loss 0.2827
Epoch 50 | Batch 2000 | Diff Loss 0.2760
Epoch 50 | Batch 2100 | Diff Loss 0.2497
Epoch 50 | Batch 2200 | Diff Loss 0.2661
Epoch 50 | Batch 2300 | Diff Loss 0.2613
Epoch 50 | Batch 2400 | Diff Loss 0.2648
Epoch 50 | Batch 2500 | Diff Loss 0.2602
Epoch 50 | Batch 2600 | Diff Loss 0.2692
Epoch 50 Done. Loss: 0.2656. Time: 184.9s
Epoch 51 | Batch 0 | Diff Loss 0.2817
Epoch 51 | Batch 100 | Diff Loss 0.2575
Epoch 51 | Batch 200 | Diff Loss 0.2425
Epoch 51 | Batch 300 | Diff Loss 0.2598
Epoch 51 | Batch 400 | Diff Loss 0.2635
Epoch 51 | Batch 500 | Diff Loss 0.2499
Epoch 51 | Batch 600 | Diff Loss 0.2724
Epoch 51 | Batch 700 | Diff Loss 0.2703
Epoch 51 | Batch 800 | Diff Loss 0.2488
Epoch 51 | Batch 900 | Diff Loss 0.2775
Epoch 51 | Batch 1000 | Diff Loss 0.2625
Epoch 51 | Batch 1100 | Diff Loss 0.2647
Epoch 51 | Batch 1200 | Diff Loss 0.2724
Epoch 51 | Batch 1300 | Diff Loss 0.2621
Epoch 51 | Batch 1400 | Diff Loss 0.2711
Epoch 51 | Batch 1500 | Diff Loss 0.2448
Epoch 51 | Batch 1600 | Diff Loss 0.2688
Epoch 51 | Batch 1700 | Diff Loss 0.2885
Epoch 51 | Batch 1800 | Diff Loss 0.2646
Epoch 51 | Batch 1900 | Diff Loss 0.2591
Epoch 51 | Batch 2000 | Diff Loss 0.2474
Epoch 51 | Batch 2100 | Diff Loss 0.2835
Epoch 51 | Batch 2200 | Diff Loss 0.2628
Epoch 51 | Batch 2300 | Diff Loss 0.2722
Epoch 51 | Batch 2400 | Diff Loss 0.2610
Epoch 51 | Batch 2500 | Diff Loss 0.2483
Epoch 51 | Batch 2600 | Diff Loss 0.2664
Epoch 51 Done. Loss: 0.2653. Time: 182.0s
Epoch 52 | Batch 0 | Diff Loss 0.2593
Epoch 52 | Batch 100 | Diff Loss 0.2783
Epoch 52 | Batch 200 | Diff Loss 0.2591
Epoch 52 | Batch 300 | Diff Loss 0.2694
Epoch 52 | Batch 400 | Diff Loss 0.2648
Epoch 52 | Batch 500 | Diff Loss 0.2552
Epoch 52 | Batch 600 | Diff Loss 0.2586
Epoch 52 | Batch 700 | Diff Loss 0.2693
Epoch 52 | Batch 800 | Diff Loss 0.2711
Epoch 52 | Batch 900 | Diff Loss 0.2601
Epoch 52 | Batch 1000 | Diff Loss 0.2688
Epoch 52 | Batch 1100 | Diff Loss 0.2723
Epoch 52 | Batch 1200 | Diff Loss 0.2727
Epoch 52 | Batch 1300 | Diff Loss 0.2648
Epoch 52 | Batch 1400 | Diff Loss 0.2534
Epoch 52 | Batch 1500 | Diff Loss 0.2649
Epoch 52 | Batch 1600 | Diff Loss 0.2669
Epoch 52 | Batch 1700 | Diff Loss 0.2657
Epoch 52 | Batch 1800 | Diff Loss 0.2657
Epoch 52 | Batch 1900 | Diff Loss 0.2672
Epoch 52 | Batch 2000 | Diff Loss 0.2604
Epoch 52 | Batch 2100 | Diff Loss 0.2922
Epoch 52 | Batch 2200 | Diff Loss 0.2665
Epoch 52 | Batch 2300 | Diff Loss 0.2841
Epoch 52 | Batch 2400 | Diff Loss 0.2725
Epoch 52 | Batch 2500 | Diff Loss 0.2766
Epoch 52 | Batch 2600 | Diff Loss 0.2660
Epoch 52 Done. Loss: 0.2652. Time: 189.3s
Epoch 53 | Batch 0 | Diff Loss 0.2658
Epoch 53 | Batch 100 | Diff Loss 0.2770
Epoch 53 | Batch 200 | Diff Loss 0.2519
Epoch 53 | Batch 300 | Diff Loss 0.2433
Epoch 53 | Batch 400 | Diff Loss 0.2619
Epoch 53 | Batch 500 | Diff Loss 0.2840
Epoch 53 | Batch 600 | Diff Loss 0.2900
Epoch 53 | Batch 700 | Diff Loss 0.2622
Epoch 53 | Batch 800 | Diff Loss 0.2581
Epoch 53 | Batch 900 | Diff Loss 0.2840
Epoch 53 | Batch 1000 | Diff Loss 0.2641
Epoch 53 | Batch 1100 | Diff Loss 0.2481
Epoch 53 | Batch 1200 | Diff Loss 0.2698
Epoch 53 | Batch 1300 | Diff Loss 0.2511
Epoch 53 | Batch 1400 | Diff Loss 0.2467
Epoch 53 | Batch 1500 | Diff Loss 0.2627
Epoch 53 | Batch 1600 | Diff Loss 0.2632
Epoch 53 | Batch 1700 | Diff Loss 0.2533
Epoch 53 | Batch 1800 | Diff Loss 0.2782
Epoch 53 | Batch 1900 | Diff Loss 0.2663
Epoch 53 | Batch 2000 | Diff Loss 0.2399
Epoch 53 | Batch 2100 | Diff Loss 0.2643
Epoch 53 | Batch 2200 | Diff Loss 0.2735
Epoch 53 | Batch 2300 | Diff Loss 0.2797
Epoch 53 | Batch 2400 | Diff Loss 0.2752
Epoch 53 | Batch 2500 | Diff Loss 0.2604
Epoch 53 | Batch 2600 | Diff Loss 0.2786
Epoch 53 Done. Loss: 0.2643. Time: 182.9s
Epoch 54 | Batch 0 | Diff Loss 0.2798
Epoch 54 | Batch 100 | Diff Loss 0.2726
Epoch 54 | Batch 200 | Diff Loss 0.2514
Epoch 54 | Batch 300 | Diff Loss 0.2458
Epoch 54 | Batch 400 | Diff Loss 0.2616
Epoch 54 | Batch 500 | Diff Loss 0.2744
Epoch 54 | Batch 600 | Diff Loss 0.2560
Epoch 54 | Batch 700 | Diff Loss 0.2858
Epoch 54 | Batch 800 | Diff Loss 0.2606
Epoch 54 | Batch 900 | Diff Loss 0.2730
Epoch 54 | Batch 1000 | Diff Loss 0.2530
Epoch 54 | Batch 1100 | Diff Loss 0.2703
Epoch 54 | Batch 1200 | Diff Loss 0.2553
Epoch 54 | Batch 1300 | Diff Loss 0.2790
Epoch 54 | Batch 1400 | Diff Loss 0.2643
Epoch 54 | Batch 1500 | Diff Loss 0.2701
Epoch 54 | Batch 1600 | Diff Loss 0.2763
Epoch 54 | Batch 1700 | Diff Loss 0.2736
Epoch 54 | Batch 1800 | Diff Loss 0.2652
Epoch 54 | Batch 1900 | Diff Loss 0.2719
Epoch 54 | Batch 2000 | Diff Loss 0.2659
Epoch 54 | Batch 2100 | Diff Loss 0.2622
Epoch 54 | Batch 2200 | Diff Loss 0.2537
Epoch 54 | Batch 2300 | Diff Loss 0.2641
Epoch 54 | Batch 2400 | Diff Loss 0.2492
Epoch 54 | Batch 2500 | Diff Loss 0.2631
Epoch 54 | Batch 2600 | Diff Loss 0.2617
Epoch 54 Done. Loss: 0.2640. Time: 184.4s
Epoch 55 | Batch 0 | Diff Loss 0.2571
Epoch 55 | Batch 100 | Diff Loss 0.2701
Epoch 55 | Batch 200 | Diff Loss 0.2482
Epoch 55 | Batch 300 | Diff Loss 0.2599
Epoch 55 | Batch 400 | Diff Loss 0.2708
Epoch 55 | Batch 500 | Diff Loss 0.2816
Epoch 55 | Batch 600 | Diff Loss 0.2679
Epoch 55 | Batch 700 | Diff Loss 0.2714
Epoch 55 | Batch 800 | Diff Loss 0.2611
Epoch 55 | Batch 900 | Diff Loss 0.2603
Epoch 55 | Batch 1000 | Diff Loss 0.2800
Epoch 55 | Batch 1100 | Diff Loss 0.2617
Epoch 55 | Batch 1200 | Diff Loss 0.2740
Epoch 55 | Batch 1300 | Diff Loss 0.2597
Epoch 55 | Batch 1400 | Diff Loss 0.2691
Epoch 55 | Batch 1500 | Diff Loss 0.2585
Epoch 55 | Batch 1600 | Diff Loss 0.2559
Epoch 55 | Batch 1700 | Diff Loss 0.2420
Epoch 55 | Batch 1800 | Diff Loss 0.2600
Epoch 55 | Batch 1900 | Diff Loss 0.2648
Epoch 55 | Batch 2000 | Diff Loss 0.2643
Epoch 55 | Batch 2100 | Diff Loss 0.2531
Epoch 55 | Batch 2200 | Diff Loss 0.2730
Epoch 55 | Batch 2300 | Diff Loss 0.2614
Epoch 55 | Batch 2400 | Diff Loss 0.2564
Epoch 55 | Batch 2500 | Diff Loss 0.2468
Epoch 55 | Batch 2600 | Diff Loss 0.2677
Epoch 55 Done. Loss: 0.2640. Time: 183.1s
Epoch 56 | Batch 0 | Diff Loss 0.2631
Epoch 56 | Batch 100 | Diff Loss 0.2711
Epoch 56 | Batch 200 | Diff Loss 0.2510
Epoch 56 | Batch 300 | Diff Loss 0.2624
Epoch 56 | Batch 400 | Diff Loss 0.2720
Epoch 56 | Batch 500 | Diff Loss 0.2571
Epoch 56 | Batch 600 | Diff Loss 0.2763
Epoch 56 | Batch 700 | Diff Loss 0.2550
Epoch 56 | Batch 800 | Diff Loss 0.2717
Epoch 56 | Batch 900 | Diff Loss 0.2542
Epoch 56 | Batch 1000 | Diff Loss 0.2516
Epoch 56 | Batch 1100 | Diff Loss 0.2503
Epoch 56 | Batch 1200 | Diff Loss 0.2566
Epoch 56 | Batch 1300 | Diff Loss 0.2552
Epoch 56 | Batch 1400 | Diff Loss 0.2780
Epoch 56 | Batch 1500 | Diff Loss 0.2557
Epoch 56 | Batch 1600 | Diff Loss 0.2713
Epoch 56 | Batch 1700 | Diff Loss 0.2598
Epoch 56 | Batch 1800 | Diff Loss 0.2723
Epoch 56 | Batch 1900 | Diff Loss 0.2758
Epoch 56 | Batch 2000 | Diff Loss 0.2541
Epoch 56 | Batch 2100 | Diff Loss 0.2565
Epoch 56 | Batch 2200 | Diff Loss 0.2604
Epoch 56 | Batch 2300 | Diff Loss 0.2656
Epoch 56 | Batch 2400 | Diff Loss 0.2744
Epoch 56 | Batch 2500 | Diff Loss 0.2523
Epoch 56 | Batch 2600 | Diff Loss 0.2587
Epoch 56 Done. Loss: 0.2632. Time: 196.0s
Epoch 57 | Batch 0 | Diff Loss 0.2841
Epoch 57 | Batch 100 | Diff Loss 0.2728
Epoch 57 | Batch 200 | Diff Loss 0.2722
Epoch 57 | Batch 300 | Diff Loss 0.2589
Epoch 57 | Batch 400 | Diff Loss 0.2665
Epoch 57 | Batch 500 | Diff Loss 0.2598
Epoch 57 | Batch 600 | Diff Loss 0.2543
Epoch 57 | Batch 700 | Diff Loss 0.2699
Epoch 57 | Batch 800 | Diff Loss 0.2836
Epoch 57 | Batch 900 | Diff Loss 0.2737
Epoch 57 | Batch 1000 | Diff Loss 0.2662
Epoch 57 | Batch 1100 | Diff Loss 0.2512
Epoch 57 | Batch 1200 | Diff Loss 0.2693
Epoch 57 | Batch 1300 | Diff Loss 0.2763
Epoch 57 | Batch 1400 | Diff Loss 0.2614
Epoch 57 | Batch 1500 | Diff Loss 0.2472
Epoch 57 | Batch 1600 | Diff Loss 0.2633
Epoch 57 | Batch 1700 | Diff Loss 0.2672
Epoch 57 | Batch 1800 | Diff Loss 0.2719
Epoch 57 | Batch 1900 | Diff Loss 0.2757
Epoch 57 | Batch 2000 | Diff Loss 0.2778
Epoch 57 | Batch 2100 | Diff Loss 0.2622
Epoch 57 | Batch 2200 | Diff Loss 0.2717
Epoch 57 | Batch 2300 | Diff Loss 0.2434
Epoch 57 | Batch 2400 | Diff Loss 0.2647
Epoch 57 | Batch 2500 | Diff Loss 0.2576
Epoch 57 | Batch 2600 | Diff Loss 0.2695
Epoch 57 Done. Loss: 0.2634. Time: 185.9s
Epoch 58 | Batch 0 | Diff Loss 0.2671
Epoch 58 | Batch 100 | Diff Loss 0.2729
Epoch 58 | Batch 200 | Diff Loss 0.2910
Epoch 58 | Batch 300 | Diff Loss 0.2553
Epoch 58 | Batch 400 | Diff Loss 0.2680
Epoch 58 | Batch 500 | Diff Loss 0.2710
Epoch 58 | Batch 600 | Diff Loss 0.2825
Epoch 58 | Batch 700 | Diff Loss 0.2851
Epoch 58 | Batch 800 | Diff Loss 0.2549
Epoch 58 | Batch 900 | Diff Loss 0.2658
Epoch 58 | Batch 1000 | Diff Loss 0.2650
Epoch 58 | Batch 1100 | Diff Loss 0.2673
Epoch 58 | Batch 1200 | Diff Loss 0.2630
Epoch 58 | Batch 1300 | Diff Loss 0.2663
Epoch 58 | Batch 1400 | Diff Loss 0.2668
Epoch 58 | Batch 1500 | Diff Loss 0.2756
Epoch 58 | Batch 1600 | Diff Loss 0.2581
Epoch 58 | Batch 1700 | Diff Loss 0.2441
Epoch 58 | Batch 1800 | Diff Loss 0.2809
Epoch 58 | Batch 1900 | Diff Loss 0.2876
Epoch 58 | Batch 2000 | Diff Loss 0.2576
Epoch 58 | Batch 2100 | Diff Loss 0.2550
Epoch 58 | Batch 2200 | Diff Loss 0.2615
Epoch 58 | Batch 2300 | Diff Loss 0.2668
Epoch 58 | Batch 2400 | Diff Loss 0.2497
Epoch 58 | Batch 2500 | Diff Loss 0.2448
Epoch 58 | Batch 2600 | Diff Loss 0.2685
Epoch 58 Done. Loss: 0.2630. Time: 186.0s
Epoch 59 | Batch 0 | Diff Loss 0.2672
Epoch 59 | Batch 100 | Diff Loss 0.2443
Epoch 59 | Batch 200 | Diff Loss 0.2653
Epoch 59 | Batch 300 | Diff Loss 0.2714
Epoch 59 | Batch 400 | Diff Loss 0.2643
Epoch 59 | Batch 500 | Diff Loss 0.2526
Epoch 59 | Batch 600 | Diff Loss 0.2631
Epoch 59 | Batch 700 | Diff Loss 0.2838
Epoch 59 | Batch 800 | Diff Loss 0.2580
Epoch 59 | Batch 900 | Diff Loss 0.2573
Epoch 59 | Batch 1000 | Diff Loss 0.2468
Epoch 59 | Batch 1100 | Diff Loss 0.2644
Epoch 59 | Batch 1200 | Diff Loss 0.2410
Epoch 59 | Batch 1300 | Diff Loss 0.2333
Epoch 59 | Batch 1400 | Diff Loss 0.2645
Epoch 59 | Batch 1500 | Diff Loss 0.2636
Epoch 59 | Batch 1600 | Diff Loss 0.2654
Epoch 59 | Batch 1700 | Diff Loss 0.2301
Epoch 59 | Batch 1800 | Diff Loss 0.2484
Epoch 59 | Batch 1900 | Diff Loss 0.2521
Epoch 59 | Batch 2000 | Diff Loss 0.2625
Epoch 59 | Batch 2100 | Diff Loss 0.2479
Epoch 59 | Batch 2200 | Diff Loss 0.2615
Epoch 59 | Batch 2300 | Diff Loss 0.2651
Epoch 59 | Batch 2400 | Diff Loss 0.2545
Epoch 59 | Batch 2500 | Diff Loss 0.3004
Epoch 59 | Batch 2600 | Diff Loss 0.2777
Epoch 59 Done. Loss: 0.2626. Time: 186.3s
Epoch 60 | Batch 0 | Diff Loss 0.2568
Epoch 60 | Batch 100 | Diff Loss 0.2684
Epoch 60 | Batch 200 | Diff Loss 0.2627
Epoch 60 | Batch 300 | Diff Loss 0.2580
Epoch 60 | Batch 400 | Diff Loss 0.2695
Epoch 60 | Batch 500 | Diff Loss 0.2677
Epoch 60 | Batch 600 | Diff Loss 0.2526
Epoch 60 | Batch 700 | Diff Loss 0.2543
Epoch 60 | Batch 800 | Diff Loss 0.2613
Epoch 60 | Batch 900 | Diff Loss 0.2570
Epoch 60 | Batch 1000 | Diff Loss 0.2762
Epoch 60 | Batch 1100 | Diff Loss 0.2445
Epoch 60 | Batch 1200 | Diff Loss 0.2657
Epoch 60 | Batch 1300 | Diff Loss 0.2704
Epoch 60 | Batch 1400 | Diff Loss 0.2627
Epoch 60 | Batch 1500 | Diff Loss 0.2655
Epoch 60 | Batch 1600 | Diff Loss 0.2611
Epoch 60 | Batch 1700 | Diff Loss 0.2605
Epoch 60 | Batch 1800 | Diff Loss 0.2699
Epoch 60 | Batch 1900 | Diff Loss 0.2587
Epoch 60 | Batch 2000 | Diff Loss 0.2589
Epoch 60 | Batch 2100 | Diff Loss 0.2541
Epoch 60 | Batch 2200 | Diff Loss 0.2596
Epoch 60 | Batch 2300 | Diff Loss 0.2781
Epoch 60 | Batch 2400 | Diff Loss 0.2739
Epoch 60 | Batch 2500 | Diff Loss 0.2552
Epoch 60 | Batch 2600 | Diff Loss 0.2770
Epoch 60 Done. Loss: 0.2623. Time: 183.3s
Epoch 61 | Batch 0 | Diff Loss 0.2673
Epoch 61 | Batch 100 | Diff Loss 0.2586
Epoch 61 | Batch 200 | Diff Loss 0.2617
Epoch 61 | Batch 300 | Diff Loss 0.2804
Epoch 61 | Batch 400 | Diff Loss 0.2642
Epoch 61 | Batch 500 | Diff Loss 0.2582
Epoch 61 | Batch 600 | Diff Loss 0.2743
Epoch 61 | Batch 700 | Diff Loss 0.2572
Epoch 61 | Batch 800 | Diff Loss 0.2659
Epoch 61 | Batch 900 | Diff Loss 0.2465
Epoch 61 | Batch 1000 | Diff Loss 0.2708
Epoch 61 | Batch 1100 | Diff Loss 0.2485
Epoch 61 | Batch 1200 | Diff Loss 0.2661
Epoch 61 | Batch 1300 | Diff Loss 0.2609
Epoch 61 | Batch 1400 | Diff Loss 0.2700
Epoch 61 | Batch 1500 | Diff Loss 0.2512
Epoch 61 | Batch 1600 | Diff Loss 0.2593
Epoch 61 | Batch 1700 | Diff Loss 0.2534
Epoch 61 | Batch 1800 | Diff Loss 0.2696
Epoch 61 | Batch 1900 | Diff Loss 0.2596
Epoch 61 | Batch 2000 | Diff Loss 0.2545
Epoch 61 | Batch 2100 | Diff Loss 0.2444
Epoch 61 | Batch 2200 | Diff Loss 0.2485
Epoch 61 | Batch 2300 | Diff Loss 0.2481
Epoch 61 | Batch 2400 | Diff Loss 0.2689
Epoch 61 | Batch 2500 | Diff Loss 0.2694
Epoch 61 | Batch 2600 | Diff Loss 0.2790
Epoch 61 Done. Loss: 0.2625. Time: 196.8s
Epoch 62 | Batch 0 | Diff Loss 0.2499
Epoch 62 | Batch 100 | Diff Loss 0.2572
Epoch 62 | Batch 200 | Diff Loss 0.2519
Epoch 62 | Batch 300 | Diff Loss 0.2467
Epoch 62 | Batch 400 | Diff Loss 0.2591
Epoch 62 | Batch 500 | Diff Loss 0.2689
Epoch 62 | Batch 600 | Diff Loss 0.2341
Epoch 62 | Batch 700 | Diff Loss 0.2443
Epoch 62 | Batch 800 | Diff Loss 0.2704
Epoch 62 | Batch 900 | Diff Loss 0.2756
Epoch 62 | Batch 1000 | Diff Loss 0.2771
Epoch 62 | Batch 1100 | Diff Loss 0.2461
Epoch 62 | Batch 1200 | Diff Loss 0.2600
Epoch 62 | Batch 1300 | Diff Loss 0.2497
Epoch 62 | Batch 1400 | Diff Loss 0.2521
Epoch 62 | Batch 1500 | Diff Loss 0.2537
Epoch 62 | Batch 1600 | Diff Loss 0.2519
Epoch 62 | Batch 1700 | Diff Loss 0.2626
Epoch 62 | Batch 1800 | Diff Loss 0.2686
Epoch 62 | Batch 1900 | Diff Loss 0.2635
Epoch 62 | Batch 2000 | Diff Loss 0.2847
Epoch 62 | Batch 2100 | Diff Loss 0.2535
Epoch 62 | Batch 2200 | Diff Loss 0.2564
Epoch 62 | Batch 2300 | Diff Loss 0.2718
Epoch 62 | Batch 2400 | Diff Loss 0.2661
Epoch 62 | Batch 2500 | Diff Loss 0.2783
Epoch 62 | Batch 2600 | Diff Loss 0.2541
Epoch 62 Done. Loss: 0.2621. Time: 186.3s
Epoch 63 | Batch 0 | Diff Loss 0.2433
Epoch 63 | Batch 100 | Diff Loss 0.2627
Epoch 63 | Batch 200 | Diff Loss 0.2643
Epoch 63 | Batch 300 | Diff Loss 0.2404
Epoch 63 | Batch 400 | Diff Loss 0.2534
Epoch 63 | Batch 500 | Diff Loss 0.2538
Epoch 63 | Batch 600 | Diff Loss 0.2624
Epoch 63 | Batch 700 | Diff Loss 0.2528
Epoch 63 | Batch 800 | Diff Loss 0.2622
Epoch 63 | Batch 900 | Diff Loss 0.2658
Epoch 63 | Batch 1000 | Diff Loss 0.2618
Epoch 63 | Batch 1100 | Diff Loss 0.2528
Epoch 63 | Batch 1200 | Diff Loss 0.2641
Epoch 63 | Batch 1300 | Diff Loss 0.2631
Epoch 63 | Batch 1400 | Diff Loss 0.2678
Epoch 63 | Batch 1500 | Diff Loss 0.2634
Epoch 63 | Batch 1600 | Diff Loss 0.2645
Epoch 63 | Batch 1700 | Diff Loss 0.2603
Epoch 63 | Batch 1800 | Diff Loss 0.2696
Epoch 63 | Batch 1900 | Diff Loss 0.2451
Epoch 63 | Batch 2000 | Diff Loss 0.2582
Epoch 63 | Batch 2100 | Diff Loss 0.2424
Epoch 63 | Batch 2200 | Diff Loss 0.2783
Epoch 63 | Batch 2300 | Diff Loss 0.2486
Epoch 63 | Batch 2400 | Diff Loss 0.2602
Epoch 63 | Batch 2500 | Diff Loss 0.2677
Epoch 63 | Batch 2600 | Diff Loss 0.2586
Epoch 63 Done. Loss: 0.2618. Time: 185.2s
Epoch 64 | Batch 0 | Diff Loss 0.2653
Epoch 64 | Batch 100 | Diff Loss 0.2721
Epoch 64 | Batch 200 | Diff Loss 0.2550
Epoch 64 | Batch 300 | Diff Loss 0.2661
Epoch 64 | Batch 400 | Diff Loss 0.2620
Epoch 64 | Batch 500 | Diff Loss 0.2689
Epoch 64 | Batch 600 | Diff Loss 0.2459
Epoch 64 | Batch 700 | Diff Loss 0.2704
Epoch 64 | Batch 800 | Diff Loss 0.2594
Epoch 64 | Batch 900 | Diff Loss 0.2465
Epoch 64 | Batch 1000 | Diff Loss 0.2641
Epoch 64 | Batch 1100 | Diff Loss 0.2704
Epoch 64 | Batch 1200 | Diff Loss 0.2454
Epoch 64 | Batch 1300 | Diff Loss 0.2503
Epoch 64 | Batch 1400 | Diff Loss 0.2748
Epoch 64 | Batch 1500 | Diff Loss 0.2485
Epoch 64 | Batch 1600 | Diff Loss 0.2533
Epoch 64 | Batch 1700 | Diff Loss 0.2486
Epoch 64 | Batch 1800 | Diff Loss 0.2793
Epoch 64 | Batch 1900 | Diff Loss 0.2669
Epoch 64 | Batch 2000 | Diff Loss 0.2710
Epoch 64 | Batch 2100 | Diff Loss 0.2657
Epoch 64 | Batch 2200 | Diff Loss 0.2628
Epoch 64 | Batch 2300 | Diff Loss 0.2569
Epoch 64 | Batch 2400 | Diff Loss 0.2596
Epoch 64 | Batch 2500 | Diff Loss 0.2606
Epoch 64 | Batch 2600 | Diff Loss 0.2552
Epoch 64 Done. Loss: 0.2615. Time: 194.3s
Epoch 65 | Batch 0 | Diff Loss 0.2369
Epoch 65 | Batch 100 | Diff Loss 0.2608
Epoch 65 | Batch 200 | Diff Loss 0.2693
Epoch 65 | Batch 300 | Diff Loss 0.2832
Epoch 65 | Batch 400 | Diff Loss 0.2580
Epoch 65 | Batch 500 | Diff Loss 0.2520
Epoch 65 | Batch 600 | Diff Loss 0.2708
Epoch 65 | Batch 700 | Diff Loss 0.2760
Epoch 65 | Batch 800 | Diff Loss 0.2536
Epoch 65 | Batch 900 | Diff Loss 0.2616
Epoch 65 | Batch 1000 | Diff Loss 0.2582
Epoch 65 | Batch 1100 | Diff Loss 0.2773
Epoch 65 | Batch 1200 | Diff Loss 0.2621
Epoch 65 | Batch 1300 | Diff Loss 0.2663
Epoch 65 | Batch 1400 | Diff Loss 0.2636
Epoch 65 | Batch 1500 | Diff Loss 0.2645
Epoch 65 | Batch 1600 | Diff Loss 0.2731
Epoch 65 | Batch 1700 | Diff Loss 0.2527
Epoch 65 | Batch 1800 | Diff Loss 0.2739
Epoch 65 | Batch 1900 | Diff Loss 0.2604
Epoch 65 | Batch 2000 | Diff Loss 0.2651
Epoch 65 | Batch 2100 | Diff Loss 0.2561
Epoch 65 | Batch 2200 | Diff Loss 0.2676
Epoch 65 | Batch 2300 | Diff Loss 0.2683
Epoch 65 | Batch 2400 | Diff Loss 0.2513
Epoch 65 | Batch 2500 | Diff Loss 0.2741
Epoch 65 | Batch 2600 | Diff Loss 0.2600
Epoch 65 Done. Loss: 0.2612. Time: 190.6s
Epoch 66 | Batch 0 | Diff Loss 0.2622
Epoch 66 | Batch 100 | Diff Loss 0.2483
Epoch 66 | Batch 200 | Diff Loss 0.2482
Epoch 66 | Batch 300 | Diff Loss 0.2800
Epoch 66 | Batch 400 | Diff Loss 0.2684
Epoch 66 | Batch 500 | Diff Loss 0.2569
Epoch 66 | Batch 600 | Diff Loss 0.2657
Epoch 66 | Batch 700 | Diff Loss 0.2720
Epoch 66 | Batch 800 | Diff Loss 0.2587
Epoch 66 | Batch 900 | Diff Loss 0.2545
Epoch 66 | Batch 1000 | Diff Loss 0.2701
Epoch 66 | Batch 1100 | Diff Loss 0.2637
Epoch 66 | Batch 1200 | Diff Loss 0.2519
Epoch 66 | Batch 1300 | Diff Loss 0.2648
Epoch 66 | Batch 1400 | Diff Loss 0.2688
Epoch 66 | Batch 1500 | Diff Loss 0.2716
Epoch 66 | Batch 1600 | Diff Loss 0.2726
Epoch 66 | Batch 1700 | Diff Loss 0.2588
Epoch 66 | Batch 1800 | Diff Loss 0.2887
Epoch 66 | Batch 1900 | Diff Loss 0.2654
Epoch 66 | Batch 2000 | Diff Loss 0.2841
Epoch 66 | Batch 2100 | Diff Loss 0.2520
Epoch 66 | Batch 2200 | Diff Loss 0.2489
Epoch 66 | Batch 2300 | Diff Loss 0.2670
Epoch 66 | Batch 2400 | Diff Loss 0.2695
Epoch 66 | Batch 2500 | Diff Loss 0.2482
Epoch 66 | Batch 2600 | Diff Loss 0.2479
Epoch 66 Done. Loss: 0.2608. Time: 183.6s
Epoch 67 | Batch 0 | Diff Loss 0.2517
Epoch 67 | Batch 100 | Diff Loss 0.2401
Epoch 67 | Batch 200 | Diff Loss 0.2548
Epoch 67 | Batch 300 | Diff Loss 0.2526
Epoch 67 | Batch 400 | Diff Loss 0.2471
Epoch 67 | Batch 500 | Diff Loss 0.2443
Epoch 67 | Batch 600 | Diff Loss 0.2745
Epoch 67 | Batch 700 | Diff Loss 0.2577
Epoch 67 | Batch 800 | Diff Loss 0.2514
Epoch 67 | Batch 900 | Diff Loss 0.2537
Epoch 67 | Batch 1000 | Diff Loss 0.2659
Epoch 67 | Batch 1100 | Diff Loss 0.2769
Epoch 67 | Batch 1200 | Diff Loss 0.2503
Epoch 67 | Batch 1300 | Diff Loss 0.2792
Epoch 67 | Batch 1400 | Diff Loss 0.2783
Epoch 67 | Batch 1500 | Diff Loss 0.2710
Epoch 67 | Batch 1600 | Diff Loss 0.2635
Epoch 67 | Batch 1700 | Diff Loss 0.2770
Epoch 67 | Batch 1800 | Diff Loss 0.2468
Epoch 67 | Batch 1900 | Diff Loss 0.2648
Epoch 67 | Batch 2000 | Diff Loss 0.2719
Epoch 67 | Batch 2100 | Diff Loss 0.2426
Epoch 67 | Batch 2200 | Diff Loss 0.2656
Epoch 67 | Batch 2300 | Diff Loss 0.2643
Epoch 67 | Batch 2400 | Diff Loss 0.2572
Epoch 67 | Batch 2500 | Diff Loss 0.2601
Epoch 67 | Batch 2600 | Diff Loss 0.2565
Epoch 67 Done. Loss: 0.2605. Time: 184.2s
Epoch 68 | Batch 0 | Diff Loss 0.2765
Epoch 68 | Batch 100 | Diff Loss 0.2766
Epoch 68 | Batch 200 | Diff Loss 0.2677
Epoch 68 | Batch 300 | Diff Loss 0.2538
Epoch 68 | Batch 400 | Diff Loss 0.2504
Epoch 68 | Batch 500 | Diff Loss 0.2607
Epoch 68 | Batch 600 | Diff Loss 0.2604
Epoch 68 | Batch 700 | Diff Loss 0.2573
Epoch 68 | Batch 800 | Diff Loss 0.2606
Epoch 68 | Batch 900 | Diff Loss 0.2589
Epoch 68 | Batch 1000 | Diff Loss 0.2749
Epoch 68 | Batch 1100 | Diff Loss 0.2641
Epoch 68 | Batch 1200 | Diff Loss 0.2630
Epoch 68 | Batch 1300 | Diff Loss 0.2546
Epoch 68 | Batch 1400 | Diff Loss 0.2596
Epoch 68 | Batch 1500 | Diff Loss 0.2534
Epoch 68 | Batch 1600 | Diff Loss 0.2352
Epoch 68 | Batch 1700 | Diff Loss 0.2909
Epoch 68 | Batch 1800 | Diff Loss 0.2477
Epoch 68 | Batch 1900 | Diff Loss 0.2471
Epoch 68 | Batch 2000 | Diff Loss 0.2670
Epoch 68 | Batch 2100 | Diff Loss 0.2702
Epoch 68 | Batch 2200 | Diff Loss 0.2632
Epoch 68 | Batch 2300 | Diff Loss 0.2482
Epoch 68 | Batch 2400 | Diff Loss 0.2624
Epoch 68 | Batch 2500 | Diff Loss 0.2575
Epoch 68 | Batch 2600 | Diff Loss 0.2519
Epoch 68 Done. Loss: 0.2604. Time: 190.9s
Epoch 69 | Batch 0 | Diff Loss 0.2425
Epoch 69 | Batch 100 | Diff Loss 0.2618
Epoch 69 | Batch 200 | Diff Loss 0.2558
Epoch 69 | Batch 300 | Diff Loss 0.2663
Epoch 69 | Batch 400 | Diff Loss 0.2534
Epoch 69 | Batch 500 | Diff Loss 0.2801
Epoch 69 | Batch 600 | Diff Loss 0.2600
Epoch 69 | Batch 700 | Diff Loss 0.2612
Epoch 69 | Batch 800 | Diff Loss 0.2716
Epoch 69 | Batch 900 | Diff Loss 0.2869
Epoch 69 | Batch 1000 | Diff Loss 0.2656
Epoch 69 | Batch 1100 | Diff Loss 0.2511
Epoch 69 | Batch 1200 | Diff Loss 0.2447
Epoch 69 | Batch 1300 | Diff Loss 0.2442
Epoch 69 | Batch 1400 | Diff Loss 0.2663
Epoch 69 | Batch 1500 | Diff Loss 0.2715
Epoch 69 | Batch 1600 | Diff Loss 0.2663
Epoch 69 | Batch 1700 | Diff Loss 0.2645
Epoch 69 | Batch 1800 | Diff Loss 0.2510
Epoch 69 | Batch 1900 | Diff Loss 0.2540
Epoch 69 | Batch 2000 | Diff Loss 0.2615
Epoch 69 | Batch 2100 | Diff Loss 0.2557
Epoch 69 | Batch 2200 | Diff Loss 0.2564
Epoch 69 | Batch 2300 | Diff Loss 0.2655
Epoch 69 | Batch 2400 | Diff Loss 0.2602
Epoch 69 | Batch 2500 | Diff Loss 0.2531
Epoch 69 | Batch 2600 | Diff Loss 0.2534
Epoch 69 Done. Loss: 0.2604. Time: 193.3s
Epoch 70 | Batch 0 | Diff Loss 0.2580
Epoch 70 | Batch 100 | Diff Loss 0.2606
Epoch 70 | Batch 200 | Diff Loss 0.2653
Epoch 70 | Batch 300 | Diff Loss 0.2606
Epoch 70 | Batch 400 | Diff Loss 0.2511
Epoch 70 | Batch 500 | Diff Loss 0.2486
Epoch 70 | Batch 600 | Diff Loss 0.2686
Epoch 70 | Batch 700 | Diff Loss 0.2765
Epoch 70 | Batch 800 | Diff Loss 0.2640
Epoch 70 | Batch 900 | Diff Loss 0.2736
Epoch 70 | Batch 1000 | Diff Loss 0.2649
Epoch 70 | Batch 1100 | Diff Loss 0.2510
Epoch 70 | Batch 1200 | Diff Loss 0.2619
Epoch 70 | Batch 1300 | Diff Loss 0.2607
Epoch 70 | Batch 1400 | Diff Loss 0.2439
Epoch 70 | Batch 1500 | Diff Loss 0.2474
Epoch 70 | Batch 1600 | Diff Loss 0.2580
Epoch 70 | Batch 1700 | Diff Loss 0.2607
Epoch 70 | Batch 1800 | Diff Loss 0.2604
Epoch 70 | Batch 1900 | Diff Loss 0.2487
Epoch 70 | Batch 2000 | Diff Loss 0.2670
Epoch 70 | Batch 2100 | Diff Loss 0.2627
Epoch 70 | Batch 2200 | Diff Loss 0.2587
Epoch 70 | Batch 2300 | Diff Loss 0.2592
Epoch 70 | Batch 2400 | Diff Loss 0.2607
Epoch 70 | Batch 2500 | Diff Loss 0.2636
Epoch 70 | Batch 2600 | Diff Loss 0.2451
Epoch 70 Done. Loss: 0.2602. Time: 184.3s
Epoch 71 | Batch 0 | Diff Loss 0.2493
Epoch 71 | Batch 100 | Diff Loss 0.2407
Epoch 71 | Batch 200 | Diff Loss 0.2494
Epoch 71 | Batch 300 | Diff Loss 0.2502
Epoch 71 | Batch 400 | Diff Loss 0.2564
Epoch 71 | Batch 500 | Diff Loss 0.2465
Epoch 71 | Batch 600 | Diff Loss 0.2499
Epoch 71 | Batch 700 | Diff Loss 0.2550
Epoch 71 | Batch 800 | Diff Loss 0.2792
Epoch 71 | Batch 900 | Diff Loss 0.2553
Epoch 71 | Batch 1000 | Diff Loss 0.2578
Epoch 71 | Batch 1100 | Diff Loss 0.2740
Epoch 71 | Batch 1200 | Diff Loss 0.2523
Epoch 71 | Batch 1300 | Diff Loss 0.2722
Epoch 71 | Batch 1400 | Diff Loss 0.2587
Epoch 71 | Batch 1500 | Diff Loss 0.2718
Epoch 71 | Batch 1600 | Diff Loss 0.2556
Epoch 71 | Batch 1700 | Diff Loss 0.2612
Epoch 71 | Batch 1800 | Diff Loss 0.2426
Epoch 71 | Batch 1900 | Diff Loss 0.2374
Epoch 71 | Batch 2000 | Diff Loss 0.2685
Epoch 71 | Batch 2100 | Diff Loss 0.2544
Epoch 71 | Batch 2200 | Diff Loss 0.2532
Epoch 71 | Batch 2300 | Diff Loss 0.2601
Epoch 71 | Batch 2400 | Diff Loss 0.2613
Epoch 71 | Batch 2500 | Diff Loss 0.2820
Epoch 71 | Batch 2600 | Diff Loss 0.2518
Epoch 71 Done. Loss: 0.2599. Time: 188.3s
Epoch 72 | Batch 0 | Diff Loss 0.2558
Epoch 72 | Batch 100 | Diff Loss 0.2613
Epoch 72 | Batch 200 | Diff Loss 0.2552
Epoch 72 | Batch 300 | Diff Loss 0.2608
Epoch 72 | Batch 400 | Diff Loss 0.2501
Epoch 72 | Batch 500 | Diff Loss 0.2639
Epoch 72 | Batch 600 | Diff Loss 0.2587
Epoch 72 | Batch 700 | Diff Loss 0.2582
Epoch 72 | Batch 800 | Diff Loss 0.2587
Epoch 72 | Batch 900 | Diff Loss 0.2345
Epoch 72 | Batch 1000 | Diff Loss 0.2489
Epoch 72 | Batch 1100 | Diff Loss 0.2412
Epoch 72 | Batch 1200 | Diff Loss 0.2638
Epoch 72 | Batch 1300 | Diff Loss 0.2499
Epoch 72 | Batch 1400 | Diff Loss 0.2485
Epoch 72 | Batch 1500 | Diff Loss 0.2568
Epoch 72 | Batch 1600 | Diff Loss 0.2636
Epoch 72 | Batch 1700 | Diff Loss 0.2668
Epoch 72 | Batch 1800 | Diff Loss 0.2482
Epoch 72 | Batch 1900 | Diff Loss 0.2486
Epoch 72 | Batch 2000 | Diff Loss 0.2678
Epoch 72 | Batch 2100 | Diff Loss 0.2750
Epoch 72 | Batch 2200 | Diff Loss 0.2606
Epoch 72 | Batch 2300 | Diff Loss 0.2619
Epoch 72 | Batch 2400 | Diff Loss 0.2561
Epoch 72 | Batch 2500 | Diff Loss 0.2595
Epoch 72 | Batch 2600 | Diff Loss 0.2512
Epoch 72 Done. Loss: 0.2595. Time: 185.1s
Epoch 73 | Batch 0 | Diff Loss 0.2501
Epoch 73 | Batch 100 | Diff Loss 0.2589
Epoch 73 | Batch 200 | Diff Loss 0.2411
Epoch 73 | Batch 300 | Diff Loss 0.2655
Epoch 73 | Batch 400 | Diff Loss 0.2517
Epoch 73 | Batch 500 | Diff Loss 0.2733
Epoch 73 | Batch 600 | Diff Loss 0.2647
Epoch 73 | Batch 700 | Diff Loss 0.2674
Epoch 73 | Batch 800 | Diff Loss 0.2513
Epoch 73 | Batch 900 | Diff Loss 0.2518
Epoch 73 | Batch 1000 | Diff Loss 0.2650
Epoch 73 | Batch 1100 | Diff Loss 0.2580
Epoch 73 | Batch 1200 | Diff Loss 0.2565
Epoch 73 | Batch 1300 | Diff Loss 0.2437
Epoch 73 | Batch 1400 | Diff Loss 0.2641
Epoch 73 | Batch 1500 | Diff Loss 0.2471
Epoch 73 | Batch 1600 | Diff Loss 0.2512
Epoch 73 | Batch 1700 | Diff Loss 0.2490
Epoch 73 | Batch 1800 | Diff Loss 0.2347
Epoch 73 | Batch 1900 | Diff Loss 0.2625
Epoch 73 | Batch 2000 | Diff Loss 0.2517
Epoch 73 | Batch 2100 | Diff Loss 0.2583
Epoch 73 | Batch 2200 | Diff Loss 0.2575
Epoch 73 | Batch 2300 | Diff Loss 0.2610
Epoch 73 | Batch 2400 | Diff Loss 0.2552
Epoch 73 | Batch 2500 | Diff Loss 0.2537
Epoch 73 | Batch 2600 | Diff Loss 0.2755
Epoch 73 Done. Loss: 0.2593. Time: 184.7s
Epoch 74 | Batch 0 | Diff Loss 0.2482
Epoch 74 | Batch 100 | Diff Loss 0.2587
Epoch 74 | Batch 200 | Diff Loss 0.2818
Epoch 74 | Batch 300 | Diff Loss 0.2474
Epoch 74 | Batch 400 | Diff Loss 0.2549
Epoch 74 | Batch 500 | Diff Loss 0.2653
Epoch 74 | Batch 600 | Diff Loss 0.2514
Epoch 74 | Batch 700 | Diff Loss 0.2578
Epoch 74 | Batch 800 | Diff Loss 0.2570
Epoch 74 | Batch 900 | Diff Loss 0.2647
Epoch 74 | Batch 1000 | Diff Loss 0.2803
Epoch 74 | Batch 1100 | Diff Loss 0.2668
Epoch 74 | Batch 1200 | Diff Loss 0.2499
Epoch 74 | Batch 1300 | Diff Loss 0.2684
Epoch 74 | Batch 1400 | Diff Loss 0.2512
Epoch 74 | Batch 1500 | Diff Loss 0.2569
Epoch 74 | Batch 1600 | Diff Loss 0.2667
Epoch 74 | Batch 1700 | Diff Loss 0.2587
Epoch 74 | Batch 1800 | Diff Loss 0.2599
Epoch 74 | Batch 1900 | Diff Loss 0.2853
Epoch 74 | Batch 2000 | Diff Loss 0.2616
Epoch 74 | Batch 2100 | Diff Loss 0.2434
Epoch 74 | Batch 2200 | Diff Loss 0.2421
Epoch 74 | Batch 2300 | Diff Loss 0.2609
Epoch 74 | Batch 2400 | Diff Loss 0.2823
Epoch 74 | Batch 2500 | Diff Loss 0.2651
Epoch 74 | Batch 2600 | Diff Loss 0.2471
Epoch 74 Done. Loss: 0.2588. Time: 185.6s
Epoch 75 | Batch 0 | Diff Loss 0.2512
Epoch 75 | Batch 100 | Diff Loss 0.2457
Epoch 75 | Batch 200 | Diff Loss 0.2452
Epoch 75 | Batch 300 | Diff Loss 0.2479
Epoch 75 | Batch 400 | Diff Loss 0.2549
Epoch 75 | Batch 500 | Diff Loss 0.2694
Epoch 75 | Batch 600 | Diff Loss 0.2424
Epoch 75 | Batch 700 | Diff Loss 0.2687
Epoch 75 | Batch 800 | Diff Loss 0.2573
Epoch 75 | Batch 900 | Diff Loss 0.2555
Epoch 75 | Batch 1000 | Diff Loss 0.2650
Epoch 75 | Batch 1100 | Diff Loss 0.2511
Epoch 75 | Batch 1200 | Diff Loss 0.2513
Epoch 75 | Batch 1300 | Diff Loss 0.2712
Epoch 75 | Batch 1400 | Diff Loss 0.2662
Epoch 75 | Batch 1500 | Diff Loss 0.2594
Epoch 75 | Batch 1600 | Diff Loss 0.2553
Epoch 75 | Batch 1700 | Diff Loss 0.2599
Epoch 75 | Batch 1800 | Diff Loss 0.2598
Epoch 75 | Batch 1900 | Diff Loss 0.2589
Epoch 75 | Batch 2000 | Diff Loss 0.2593
Epoch 75 | Batch 2100 | Diff Loss 0.2660
Epoch 75 | Batch 2200 | Diff Loss 0.2571
Epoch 75 | Batch 2300 | Diff Loss 0.2604
Epoch 75 | Batch 2400 | Diff Loss 0.2712
Epoch 75 | Batch 2500 | Diff Loss 0.2696
Epoch 75 | Batch 2600 | Diff Loss 0.2784
Epoch 75 Done. Loss: 0.2588. Time: 185.5s
Epoch 76 | Batch 0 | Diff Loss 0.2498
Epoch 76 | Batch 100 | Diff Loss 0.2505
Epoch 76 | Batch 200 | Diff Loss 0.2822
Epoch 76 | Batch 300 | Diff Loss 0.2714
Epoch 76 | Batch 400 | Diff Loss 0.2569
Epoch 76 | Batch 500 | Diff Loss 0.2694
Epoch 76 | Batch 600 | Diff Loss 0.2433
Epoch 76 | Batch 700 | Diff Loss 0.2534
Epoch 76 | Batch 800 | Diff Loss 0.2388
Epoch 76 | Batch 900 | Diff Loss 0.2549
Epoch 76 | Batch 1000 | Diff Loss 0.2778
Epoch 76 | Batch 1100 | Diff Loss 0.2306
Epoch 76 | Batch 1200 | Diff Loss 0.2657
Epoch 76 | Batch 1300 | Diff Loss 0.2690
Epoch 76 | Batch 1400 | Diff Loss 0.2551
Epoch 76 | Batch 1500 | Diff Loss 0.2520
Epoch 76 | Batch 1600 | Diff Loss 0.2759
Epoch 76 | Batch 1700 | Diff Loss 0.2520
Epoch 76 | Batch 1800 | Diff Loss 0.2505
Epoch 76 | Batch 1900 | Diff Loss 0.2675
Epoch 76 | Batch 2000 | Diff Loss 0.2647
Epoch 76 | Batch 2100 | Diff Loss 0.2786
Epoch 76 | Batch 2200 | Diff Loss 0.2423
Epoch 76 | Batch 2300 | Diff Loss 0.2523
Epoch 76 | Batch 2400 | Diff Loss 0.2780
Epoch 76 | Batch 2500 | Diff Loss 0.2480
Epoch 76 | Batch 2600 | Diff Loss 0.2348
Epoch 76 Done. Loss: 0.2586. Time: 183.1s
Epoch 77 | Batch 0 | Diff Loss 0.2711
Epoch 77 | Batch 100 | Diff Loss 0.2490
Epoch 77 | Batch 200 | Diff Loss 0.2656
Epoch 77 | Batch 300 | Diff Loss 0.2504
Epoch 77 | Batch 400 | Diff Loss 0.2557
Epoch 77 | Batch 500 | Diff Loss 0.2634
Epoch 77 | Batch 600 | Diff Loss 0.2367
Epoch 77 | Batch 700 | Diff Loss 0.2711
Epoch 77 | Batch 800 | Diff Loss 0.2514
Epoch 77 | Batch 900 | Diff Loss 0.2555
Epoch 77 | Batch 1000 | Diff Loss 0.2404
Epoch 77 | Batch 1100 | Diff Loss 0.2510
Epoch 77 | Batch 1200 | Diff Loss 0.2531
Epoch 77 | Batch 1300 | Diff Loss 0.2489
Epoch 77 | Batch 1400 | Diff Loss 0.2664
Epoch 77 | Batch 1500 | Diff Loss 0.2624
Epoch 77 | Batch 1600 | Diff Loss 0.2671
Epoch 77 | Batch 1700 | Diff Loss 0.2461
Epoch 77 | Batch 1800 | Diff Loss 0.2751
Epoch 77 | Batch 1900 | Diff Loss 0.2419
Epoch 77 | Batch 2000 | Diff Loss 0.2498
Epoch 77 | Batch 2100 | Diff Loss 0.2649
Epoch 77 | Batch 2200 | Diff Loss 0.2496
Epoch 77 | Batch 2300 | Diff Loss 0.2571
Epoch 77 | Batch 2400 | Diff Loss 0.2552
Epoch 77 | Batch 2500 | Diff Loss 0.2618
Epoch 77 | Batch 2600 | Diff Loss 0.2448
Epoch 77 Done. Loss: 0.2585. Time: 194.9s
Epoch 78 | Batch 0 | Diff Loss 0.2536
Epoch 78 | Batch 100 | Diff Loss 0.2542
Epoch 78 | Batch 200 | Diff Loss 0.2471
Epoch 78 | Batch 300 | Diff Loss 0.2656
Epoch 78 | Batch 400 | Diff Loss 0.2472
Epoch 78 | Batch 500 | Diff Loss 0.2714
Epoch 78 | Batch 600 | Diff Loss 0.2735
Epoch 78 | Batch 700 | Diff Loss 0.2589
Epoch 78 | Batch 800 | Diff Loss 0.2620
Epoch 78 | Batch 900 | Diff Loss 0.2441
Epoch 78 | Batch 1000 | Diff Loss 0.2472
Epoch 78 | Batch 1100 | Diff Loss 0.2522
Epoch 78 | Batch 1200 | Diff Loss 0.2525
Epoch 78 | Batch 1300 | Diff Loss 0.2707
Epoch 78 | Batch 1400 | Diff Loss 0.2449
Epoch 78 | Batch 1500 | Diff Loss 0.2632
Epoch 78 | Batch 1600 | Diff Loss 0.2734
Epoch 78 | Batch 1700 | Diff Loss 0.2623
Epoch 78 | Batch 1800 | Diff Loss 0.2628
Epoch 78 | Batch 1900 | Diff Loss 0.2540
Epoch 78 | Batch 2000 | Diff Loss 0.2458
Epoch 78 | Batch 2100 | Diff Loss 0.2405
Epoch 78 | Batch 2200 | Diff Loss 0.2662
Epoch 78 | Batch 2300 | Diff Loss 0.2642
Epoch 78 | Batch 2400 | Diff Loss 0.2552
Epoch 78 | Batch 2500 | Diff Loss 0.2493
Epoch 78 | Batch 2600 | Diff Loss 0.2662
Epoch 78 Done. Loss: 0.2583. Time: 185.3s
Epoch 79 | Batch 0 | Diff Loss 0.2606
Epoch 79 | Batch 100 | Diff Loss 0.2523
Epoch 79 | Batch 200 | Diff Loss 0.2444
Epoch 79 | Batch 300 | Diff Loss 0.2615
Epoch 79 | Batch 400 | Diff Loss 0.2558
Epoch 79 | Batch 500 | Diff Loss 0.2677
Epoch 79 | Batch 600 | Diff Loss 0.2484
Epoch 79 | Batch 700 | Diff Loss 0.2636
Epoch 79 | Batch 800 | Diff Loss 0.2709
Epoch 79 | Batch 900 | Diff Loss 0.2633
Epoch 79 | Batch 1000 | Diff Loss 0.2461
Epoch 79 | Batch 1100 | Diff Loss 0.2535
Epoch 79 | Batch 1200 | Diff Loss 0.2448
Epoch 79 | Batch 1300 | Diff Loss 0.2587
Epoch 79 | Batch 1400 | Diff Loss 0.2433
Epoch 79 | Batch 1500 | Diff Loss 0.2651
Epoch 79 | Batch 1600 | Diff Loss 0.2542
Epoch 79 | Batch 1700 | Diff Loss 0.2729
Epoch 79 | Batch 1800 | Diff Loss 0.2586
Epoch 79 | Batch 1900 | Diff Loss 0.2642
Epoch 79 | Batch 2000 | Diff Loss 0.2762
Epoch 79 | Batch 2100 | Diff Loss 0.2615
Epoch 79 | Batch 2200 | Diff Loss 0.2645
Epoch 79 | Batch 2300 | Diff Loss 0.2775
Epoch 79 | Batch 2400 | Diff Loss 0.2525
Epoch 79 | Batch 2500 | Diff Loss 0.2707
Epoch 79 | Batch 2600 | Diff Loss 0.2484
Epoch 79 Done. Loss: 0.2582. Time: 186.6s
Epoch 80 | Batch 0 | Diff Loss 0.2485
Epoch 80 | Batch 100 | Diff Loss 0.2235
Epoch 80 | Batch 200 | Diff Loss 0.2593
Epoch 80 | Batch 300 | Diff Loss 0.2577
Epoch 80 | Batch 400 | Diff Loss 0.2397
Epoch 80 | Batch 500 | Diff Loss 0.2663
Epoch 80 | Batch 600 | Diff Loss 0.2565
Epoch 80 | Batch 700 | Diff Loss 0.2646
Epoch 80 | Batch 800 | Diff Loss 0.2444
Epoch 80 | Batch 900 | Diff Loss 0.2605
Epoch 80 | Batch 1000 | Diff Loss 0.2795
Epoch 80 | Batch 1100 | Diff Loss 0.2332
Epoch 80 | Batch 1200 | Diff Loss 0.2624
Epoch 80 | Batch 1300 | Diff Loss 0.2689
Epoch 80 | Batch 1400 | Diff Loss 0.2806
Epoch 80 | Batch 1500 | Diff Loss 0.2558
Epoch 80 | Batch 1600 | Diff Loss 0.2573
Epoch 80 | Batch 1700 | Diff Loss 0.2614
Epoch 80 | Batch 1800 | Diff Loss 0.2486
Epoch 80 | Batch 1900 | Diff Loss 0.2561
Epoch 80 | Batch 2000 | Diff Loss 0.2649
Epoch 80 | Batch 2100 | Diff Loss 0.2475
Epoch 80 | Batch 2200 | Diff Loss 0.2589
Epoch 80 | Batch 2300 | Diff Loss 0.2429
Epoch 80 | Batch 2400 | Diff Loss 0.2761
Epoch 80 | Batch 2500 | Diff Loss 0.2641
Epoch 80 | Batch 2600 | Diff Loss 0.2575
Epoch 80 Done. Loss: 0.2578. Time: 191.6s
Epoch 81 | Batch 0 | Diff Loss 0.2414
Epoch 81 | Batch 100 | Diff Loss 0.2754
Epoch 81 | Batch 200 | Diff Loss 0.2385
Epoch 81 | Batch 300 | Diff Loss 0.2411
Epoch 81 | Batch 400 | Diff Loss 0.2601
Epoch 81 | Batch 500 | Diff Loss 0.2528
Epoch 81 | Batch 600 | Diff Loss 0.2581
Epoch 81 | Batch 700 | Diff Loss 0.2626
Epoch 81 | Batch 800 | Diff Loss 0.2668
Epoch 81 | Batch 900 | Diff Loss 0.2639
Epoch 81 | Batch 1000 | Diff Loss 0.2430
Epoch 81 | Batch 1100 | Diff Loss 0.2444
Epoch 81 | Batch 1200 | Diff Loss 0.2626
Epoch 81 | Batch 1300 | Diff Loss 0.2595
Epoch 81 | Batch 1400 | Diff Loss 0.2591
Epoch 81 | Batch 1500 | Diff Loss 0.2517
Epoch 81 | Batch 1600 | Diff Loss 0.2529
Epoch 81 | Batch 1700 | Diff Loss 0.2440
Epoch 81 | Batch 1800 | Diff Loss 0.2655
Epoch 81 | Batch 1900 | Diff Loss 0.2494
Epoch 81 | Batch 2000 | Diff Loss 0.2552
Epoch 81 | Batch 2100 | Diff Loss 0.2637
Epoch 81 | Batch 2200 | Diff Loss 0.2537
Epoch 81 | Batch 2300 | Diff Loss 0.2650
Epoch 81 | Batch 2400 | Diff Loss 0.2514
Epoch 81 | Batch 2500 | Diff Loss 0.2612
Epoch 81 | Batch 2600 | Diff Loss 0.2508
Epoch 81 Done. Loss: 0.2576. Time: 186.9s
Epoch 82 | Batch 0 | Diff Loss 0.2615
Epoch 82 | Batch 100 | Diff Loss 0.2681
Epoch 82 | Batch 200 | Diff Loss 0.2770
Epoch 82 | Batch 300 | Diff Loss 0.2402
Epoch 82 | Batch 400 | Diff Loss 0.2605
Epoch 82 | Batch 500 | Diff Loss 0.2555
Epoch 82 | Batch 600 | Diff Loss 0.2402
Epoch 82 | Batch 700 | Diff Loss 0.2639
Epoch 82 | Batch 800 | Diff Loss 0.2629
Epoch 82 | Batch 900 | Diff Loss 0.2478
Epoch 82 | Batch 1000 | Diff Loss 0.2572
Epoch 82 | Batch 1100 | Diff Loss 0.2593
Epoch 82 | Batch 1200 | Diff Loss 0.2681
Epoch 82 | Batch 1300 | Diff Loss 0.2698
Epoch 82 | Batch 1400 | Diff Loss 0.2649
Epoch 82 | Batch 1500 | Diff Loss 0.2662
Epoch 82 | Batch 1600 | Diff Loss 0.2331
Epoch 82 | Batch 1700 | Diff Loss 0.2581
Epoch 82 | Batch 1800 | Diff Loss 0.2585
Epoch 82 | Batch 1900 | Diff Loss 0.2528
Epoch 82 | Batch 2000 | Diff Loss 0.2402
Epoch 82 | Batch 2100 | Diff Loss 0.2516
Epoch 82 | Batch 2200 | Diff Loss 0.2505
Epoch 82 | Batch 2300 | Diff Loss 0.2709
Epoch 82 | Batch 2400 | Diff Loss 0.2621
Epoch 82 | Batch 2500 | Diff Loss 0.2662
Epoch 82 | Batch 2600 | Diff Loss 0.2600
Epoch 82 Done. Loss: 0.2572. Time: 194.6s
Epoch 83 | Batch 0 | Diff Loss 0.2743
Epoch 83 | Batch 100 | Diff Loss 0.2490
Epoch 83 | Batch 200 | Diff Loss 0.2603
Epoch 83 | Batch 300 | Diff Loss 0.2523
Epoch 83 | Batch 400 | Diff Loss 0.2502
Epoch 83 | Batch 500 | Diff Loss 0.2539
Epoch 83 | Batch 600 | Diff Loss 0.2521
Epoch 83 | Batch 700 | Diff Loss 0.2483
Epoch 83 | Batch 800 | Diff Loss 0.2506
Epoch 83 | Batch 900 | Diff Loss 0.2609
Epoch 83 | Batch 1000 | Diff Loss 0.2675
Epoch 83 | Batch 1100 | Diff Loss 0.2527
Epoch 83 | Batch 1200 | Diff Loss 0.2476
Epoch 83 | Batch 1300 | Diff Loss 0.2531
Epoch 83 | Batch 1400 | Diff Loss 0.2779
Epoch 83 | Batch 1500 | Diff Loss 0.2514
Epoch 83 | Batch 1600 | Diff Loss 0.2762
Epoch 83 | Batch 1700 | Diff Loss 0.2600
Epoch 83 | Batch 1800 | Diff Loss 0.2509
Epoch 83 | Batch 1900 | Diff Loss 0.2460
Epoch 83 | Batch 2000 | Diff Loss 0.2677
Epoch 83 | Batch 2100 | Diff Loss 0.2611
Epoch 83 | Batch 2200 | Diff Loss 0.2591
Epoch 83 | Batch 2300 | Diff Loss 0.2503
Epoch 83 | Batch 2400 | Diff Loss 0.2693
Epoch 83 | Batch 2500 | Diff Loss 0.2569
Epoch 83 | Batch 2600 | Diff Loss 0.2566
Epoch 83 Done. Loss: 0.2572. Time: 186.8s
Epoch 84 | Batch 0 | Diff Loss 0.2686
Epoch 84 | Batch 100 | Diff Loss 0.2533
Epoch 84 | Batch 200 | Diff Loss 0.2492
Epoch 84 | Batch 300 | Diff Loss 0.2570
Epoch 84 | Batch 400 | Diff Loss 0.2557
Epoch 84 | Batch 500 | Diff Loss 0.2547
Epoch 84 | Batch 600 | Diff Loss 0.2474
Epoch 84 | Batch 700 | Diff Loss 0.2599
Epoch 84 | Batch 800 | Diff Loss 0.2657
Epoch 84 | Batch 900 | Diff Loss 0.2649
Epoch 84 | Batch 1000 | Diff Loss 0.2539
Epoch 84 | Batch 1100 | Diff Loss 0.2662
Epoch 84 | Batch 1200 | Diff Loss 0.2603
Epoch 84 | Batch 1300 | Diff Loss 0.2666
Epoch 84 | Batch 1400 | Diff Loss 0.2422
Epoch 84 | Batch 1500 | Diff Loss 0.2506
Epoch 84 | Batch 1600 | Diff Loss 0.2687
Epoch 84 | Batch 1700 | Diff Loss 0.2643
Epoch 84 | Batch 1800 | Diff Loss 0.2377
Epoch 84 | Batch 1900 | Diff Loss 0.2580
Epoch 84 | Batch 2000 | Diff Loss 0.2680
Epoch 84 | Batch 2100 | Diff Loss 0.2742
Epoch 84 | Batch 2200 | Diff Loss 0.2498
Epoch 84 | Batch 2300 | Diff Loss 0.2738
Epoch 84 | Batch 2400 | Diff Loss 0.2540
Epoch 84 | Batch 2500 | Diff Loss 0.2549
Epoch 84 | Batch 2600 | Diff Loss 0.2354
Epoch 84 Done. Loss: 0.2570. Time: 185.3s
Epoch 85 | Batch 0 | Diff Loss 0.2491
Epoch 85 | Batch 100 | Diff Loss 0.2736
Epoch 85 | Batch 200 | Diff Loss 0.2567
Epoch 85 | Batch 300 | Diff Loss 0.2713
Epoch 85 | Batch 400 | Diff Loss 0.2486
Epoch 85 | Batch 500 | Diff Loss 0.2544
Epoch 85 | Batch 600 | Diff Loss 0.2592
Epoch 85 | Batch 700 | Diff Loss 0.2680
Epoch 85 | Batch 800 | Diff Loss 0.2427
Epoch 85 | Batch 900 | Diff Loss 0.2569
Epoch 85 | Batch 1000 | Diff Loss 0.2446
Epoch 85 | Batch 1100 | Diff Loss 0.2465
Epoch 85 | Batch 1200 | Diff Loss 0.2424
Epoch 85 | Batch 1300 | Diff Loss 0.2479
Epoch 85 | Batch 1400 | Diff Loss 0.2686
Epoch 85 | Batch 1500 | Diff Loss 0.2572
Epoch 85 | Batch 1600 | Diff Loss 0.2676
Epoch 85 | Batch 1700 | Diff Loss 0.2499
Epoch 85 | Batch 1800 | Diff Loss 0.2464
Epoch 85 | Batch 1900 | Diff Loss 0.2512
Epoch 85 | Batch 2000 | Diff Loss 0.2529
Epoch 85 | Batch 2100 | Diff Loss 0.2555
Epoch 85 | Batch 2200 | Diff Loss 0.2773
Epoch 85 | Batch 2300 | Diff Loss 0.2348
Epoch 85 | Batch 2400 | Diff Loss 0.2595
Epoch 85 | Batch 2500 | Diff Loss 0.2658
Epoch 85 | Batch 2600 | Diff Loss 0.2740
Epoch 85 Done. Loss: 0.2570. Time: 195.0s
Epoch 86 | Batch 0 | Diff Loss 0.2509
Epoch 86 | Batch 100 | Diff Loss 0.2609
Epoch 86 | Batch 200 | Diff Loss 0.2674
Epoch 86 | Batch 300 | Diff Loss 0.2697
Epoch 86 | Batch 400 | Diff Loss 0.2593
Epoch 86 | Batch 500 | Diff Loss 0.2549
Epoch 86 | Batch 600 | Diff Loss 0.2477
Epoch 86 | Batch 700 | Diff Loss 0.2451
Epoch 86 | Batch 800 | Diff Loss 0.2574
Epoch 86 | Batch 900 | Diff Loss 0.2553
Epoch 86 | Batch 1000 | Diff Loss 0.2520
Epoch 86 | Batch 1100 | Diff Loss 0.2710
Epoch 86 | Batch 1200 | Diff Loss 0.2561
Epoch 86 | Batch 1300 | Diff Loss 0.2630
Epoch 86 | Batch 1400 | Diff Loss 0.2515
Epoch 86 | Batch 1500 | Diff Loss 0.2559
Epoch 86 | Batch 1600 | Diff Loss 0.2628
Epoch 86 | Batch 1700 | Diff Loss 0.2543
Epoch 86 | Batch 1800 | Diff Loss 0.2825
Epoch 86 | Batch 1900 | Diff Loss 0.2575
Epoch 86 | Batch 2000 | Diff Loss 0.2525
Epoch 86 | Batch 2100 | Diff Loss 0.2550
Epoch 86 | Batch 2200 | Diff Loss 0.2513
Epoch 86 | Batch 2300 | Diff Loss 0.2477
Epoch 86 | Batch 2400 | Diff Loss 0.2511
Epoch 86 | Batch 2500 | Diff Loss 0.2378
Epoch 86 | Batch 2600 | Diff Loss 0.2662
Epoch 86 Done. Loss: 0.2565. Time: 184.0s
Epoch 87 | Batch 0 | Diff Loss 0.2579
Epoch 87 | Batch 100 | Diff Loss 0.2717
Epoch 87 | Batch 200 | Diff Loss 0.2508
Epoch 87 | Batch 300 | Diff Loss 0.2592
Epoch 87 | Batch 400 | Diff Loss 0.2583
Epoch 87 | Batch 500 | Diff Loss 0.2547
Epoch 87 | Batch 600 | Diff Loss 0.2519
Epoch 87 | Batch 700 | Diff Loss 0.2657
Epoch 87 | Batch 800 | Diff Loss 0.2583
Epoch 87 | Batch 900 | Diff Loss 0.2623
Epoch 87 | Batch 1000 | Diff Loss 0.2608
Epoch 87 | Batch 1100 | Diff Loss 0.2602
Epoch 87 | Batch 1200 | Diff Loss 0.2543
Epoch 87 | Batch 1300 | Diff Loss 0.2371
Epoch 87 | Batch 1400 | Diff Loss 0.2484
Epoch 87 | Batch 1500 | Diff Loss 0.2667
Epoch 87 | Batch 1600 | Diff Loss 0.2617
Epoch 87 | Batch 1700 | Diff Loss 0.2643
Epoch 87 | Batch 1800 | Diff Loss 0.2721
Epoch 87 | Batch 1900 | Diff Loss 0.2515
Epoch 87 | Batch 2000 | Diff Loss 0.2505
Epoch 87 | Batch 2100 | Diff Loss 0.2704
Epoch 87 | Batch 2200 | Diff Loss 0.2613
Epoch 87 | Batch 2300 | Diff Loss 0.2531
Epoch 87 | Batch 2400 | Diff Loss 0.2457
Epoch 87 | Batch 2500 | Diff Loss 0.2794
Epoch 87 | Batch 2600 | Diff Loss 0.2626
Epoch 87 Done. Loss: 0.2564. Time: 187.9s
Epoch 88 | Batch 0 | Diff Loss 0.2385
Epoch 88 | Batch 100 | Diff Loss 0.2510
Epoch 88 | Batch 200 | Diff Loss 0.2510
Epoch 88 | Batch 300 | Diff Loss 0.2461
Epoch 88 | Batch 400 | Diff Loss 0.2444
Epoch 88 | Batch 500 | Diff Loss 0.2395
Epoch 88 | Batch 600 | Diff Loss 0.2509
Epoch 88 | Batch 700 | Diff Loss 0.2554
Epoch 88 | Batch 800 | Diff Loss 0.2720
Epoch 88 | Batch 900 | Diff Loss 0.2475
Epoch 88 | Batch 1000 | Diff Loss 0.2690
Epoch 88 | Batch 1100 | Diff Loss 0.2706
Epoch 88 | Batch 1200 | Diff Loss 0.2538
Epoch 88 | Batch 1300 | Diff Loss 0.2315
Epoch 88 | Batch 1400 | Diff Loss 0.2719
Epoch 88 | Batch 1500 | Diff Loss 0.2688
Epoch 88 | Batch 1600 | Diff Loss 0.2424
Epoch 88 | Batch 1700 | Diff Loss 0.2599
Epoch 88 | Batch 1800 | Diff Loss 0.2515
Epoch 88 | Batch 1900 | Diff Loss 0.2524
Epoch 88 | Batch 2000 | Diff Loss 0.2618
Epoch 88 | Batch 2100 | Diff Loss 0.2465
Epoch 88 | Batch 2200 | Diff Loss 0.2580
Epoch 88 | Batch 2300 | Diff Loss 0.2410
Epoch 88 | Batch 2400 | Diff Loss 0.2626
Epoch 88 | Batch 2500 | Diff Loss 0.2649
Epoch 88 | Batch 2600 | Diff Loss 0.2448
Epoch 88 Done. Loss: 0.2563. Time: 188.8s
Epoch 89 | Batch 0 | Diff Loss 0.2525
Epoch 89 | Batch 100 | Diff Loss 0.2484
Epoch 89 | Batch 200 | Diff Loss 0.2502
Epoch 89 | Batch 300 | Diff Loss 0.2543
Epoch 89 | Batch 400 | Diff Loss 0.2439
Epoch 89 | Batch 500 | Diff Loss 0.2383
Epoch 89 | Batch 600 | Diff Loss 0.2593
Epoch 89 | Batch 700 | Diff Loss 0.2694
Epoch 89 | Batch 800 | Diff Loss 0.2780
Epoch 89 | Batch 900 | Diff Loss 0.2722
Epoch 89 | Batch 1000 | Diff Loss 0.2642
Epoch 89 | Batch 1100 | Diff Loss 0.2464
Epoch 89 | Batch 1200 | Diff Loss 0.2567
Epoch 89 | Batch 1300 | Diff Loss 0.2597
Epoch 89 | Batch 1400 | Diff Loss 0.2486
Epoch 89 | Batch 1500 | Diff Loss 0.2677
Epoch 89 | Batch 1600 | Diff Loss 0.2587
Epoch 89 | Batch 1700 | Diff Loss 0.2411
Epoch 89 | Batch 1800 | Diff Loss 0.2534
Epoch 89 | Batch 1900 | Diff Loss 0.2509
Epoch 89 | Batch 2000 | Diff Loss 0.2475
Epoch 89 | Batch 2100 | Diff Loss 0.2376
Epoch 89 | Batch 2200 | Diff Loss 0.2653
Epoch 89 | Batch 2300 | Diff Loss 0.2577
Epoch 89 | Batch 2400 | Diff Loss 0.2496
Epoch 89 | Batch 2500 | Diff Loss 0.2552
Epoch 89 | Batch 2600 | Diff Loss 0.2622
Epoch 89 Done. Loss: 0.2561. Time: 183.9s
Epoch 90 | Batch 0 | Diff Loss 0.2475
Epoch 90 | Batch 100 | Diff Loss 0.2494
Epoch 90 | Batch 200 | Diff Loss 0.2454
Epoch 90 | Batch 300 | Diff Loss 0.2702
Epoch 90 | Batch 400 | Diff Loss 0.2653
Epoch 90 | Batch 500 | Diff Loss 0.2314
Epoch 90 | Batch 600 | Diff Loss 0.2543
Epoch 90 | Batch 700 | Diff Loss 0.2446
Epoch 90 | Batch 800 | Diff Loss 0.2720
Epoch 90 | Batch 900 | Diff Loss 0.2407
Epoch 90 | Batch 1000 | Diff Loss 0.2601
Epoch 90 | Batch 1100 | Diff Loss 0.2503
Epoch 90 | Batch 1200 | Diff Loss 0.2634
Epoch 90 | Batch 1300 | Diff Loss 0.2498
Epoch 90 | Batch 1400 | Diff Loss 0.2547
Epoch 90 | Batch 1500 | Diff Loss 0.2523
Epoch 90 | Batch 1600 | Diff Loss 0.2544
Epoch 90 | Batch 1700 | Diff Loss 0.2675
Epoch 90 | Batch 1800 | Diff Loss 0.2499
Epoch 90 | Batch 1900 | Diff Loss 0.2528
Epoch 90 | Batch 2000 | Diff Loss 0.2490
Epoch 90 | Batch 2100 | Diff Loss 0.2705
Epoch 90 | Batch 2200 | Diff Loss 0.2419
Epoch 90 | Batch 2300 | Diff Loss 0.2536
Epoch 90 | Batch 2400 | Diff Loss 0.2465
Epoch 90 | Batch 2500 | Diff Loss 0.2554
Epoch 90 | Batch 2600 | Diff Loss 0.2421
Epoch 90 Done. Loss: 0.2560. Time: 201.1s
Epoch 91 | Batch 0 | Diff Loss 0.2606
Epoch 91 | Batch 100 | Diff Loss 0.2602
Epoch 91 | Batch 200 | Diff Loss 0.2693
Epoch 91 | Batch 300 | Diff Loss 0.2478
Epoch 91 | Batch 400 | Diff Loss 0.2743
Epoch 91 | Batch 500 | Diff Loss 0.2491
Epoch 91 | Batch 600 | Diff Loss 0.2504
Epoch 91 | Batch 700 | Diff Loss 0.2636
Epoch 91 | Batch 800 | Diff Loss 0.2485
Epoch 91 | Batch 900 | Diff Loss 0.2469
Epoch 91 | Batch 1000 | Diff Loss 0.2583
Epoch 91 | Batch 1100 | Diff Loss 0.2553
Epoch 91 | Batch 1200 | Diff Loss 0.2547
Epoch 91 | Batch 1300 | Diff Loss 0.2584
Epoch 91 | Batch 1400 | Diff Loss 0.2702
Epoch 91 | Batch 1500 | Diff Loss 0.2658
Epoch 91 | Batch 1600 | Diff Loss 0.2360
Epoch 91 | Batch 1700 | Diff Loss 0.2590
Epoch 91 | Batch 1800 | Diff Loss 0.2668
Epoch 91 | Batch 1900 | Diff Loss 0.2506
Epoch 91 | Batch 2000 | Diff Loss 0.2583
Epoch 91 | Batch 2100 | Diff Loss 0.2375
Epoch 91 | Batch 2200 | Diff Loss 0.2472
Epoch 91 | Batch 2300 | Diff Loss 0.2522
Epoch 91 | Batch 2400 | Diff Loss 0.2509
Epoch 91 | Batch 2500 | Diff Loss 0.2653
Epoch 91 | Batch 2600 | Diff Loss 0.2718
Epoch 91 Done. Loss: 0.2556. Time: 184.0s
Epoch 92 | Batch 0 | Diff Loss 0.2727
Epoch 92 | Batch 100 | Diff Loss 0.2527
Epoch 92 | Batch 200 | Diff Loss 0.2639
Epoch 92 | Batch 300 | Diff Loss 0.2425
Epoch 92 | Batch 400 | Diff Loss 0.2621
Epoch 92 | Batch 500 | Diff Loss 0.2543
Epoch 92 | Batch 600 | Diff Loss 0.2605
Epoch 92 | Batch 700 | Diff Loss 0.2581
Epoch 92 | Batch 800 | Diff Loss 0.2552
Epoch 92 | Batch 900 | Diff Loss 0.2575
Epoch 92 | Batch 1000 | Diff Loss 0.2603
Epoch 92 | Batch 1100 | Diff Loss 0.2613
Epoch 92 | Batch 1200 | Diff Loss 0.2544
Epoch 92 | Batch 1300 | Diff Loss 0.2454
Epoch 92 | Batch 1400 | Diff Loss 0.2579
Epoch 92 | Batch 1500 | Diff Loss 0.2398
Epoch 92 | Batch 1600 | Diff Loss 0.2605
Epoch 92 | Batch 1700 | Diff Loss 0.2543
Epoch 92 | Batch 1800 | Diff Loss 0.2695
Epoch 92 | Batch 1900 | Diff Loss 0.2629
Epoch 92 | Batch 2000 | Diff Loss 0.2638
Epoch 92 | Batch 2100 | Diff Loss 0.2429
Epoch 92 | Batch 2200 | Diff Loss 0.2497
Epoch 92 | Batch 2300 | Diff Loss 0.2605
Epoch 92 | Batch 2400 | Diff Loss 0.2596
Epoch 92 | Batch 2500 | Diff Loss 0.2734
Epoch 92 | Batch 2600 | Diff Loss 0.2422
Epoch 92 Done. Loss: 0.2556. Time: 185.6s
Epoch 93 | Batch 0 | Diff Loss 0.2438
Epoch 93 | Batch 100 | Diff Loss 0.2529
Epoch 93 | Batch 200 | Diff Loss 0.2610
Epoch 93 | Batch 300 | Diff Loss 0.2442
Epoch 93 | Batch 400 | Diff Loss 0.2501
Epoch 93 | Batch 500 | Diff Loss 0.2552
Epoch 93 | Batch 600 | Diff Loss 0.2587
Epoch 93 | Batch 700 | Diff Loss 0.2529
Epoch 93 | Batch 800 | Diff Loss 0.2347
Epoch 93 | Batch 900 | Diff Loss 0.2641
Epoch 93 | Batch 1000 | Diff Loss 0.2410
Epoch 93 | Batch 1100 | Diff Loss 0.2629
Epoch 93 | Batch 1200 | Diff Loss 0.2521
Epoch 93 | Batch 1300 | Diff Loss 0.2487
Epoch 93 | Batch 1400 | Diff Loss 0.2698
Epoch 93 | Batch 1500 | Diff Loss 0.2538
Epoch 93 | Batch 1600 | Diff Loss 0.2506
Epoch 93 | Batch 1700 | Diff Loss 0.2583
Epoch 93 | Batch 1800 | Diff Loss 0.2537
Epoch 93 | Batch 1900 | Diff Loss 0.2538
Epoch 93 | Batch 2000 | Diff Loss 0.2549
Epoch 93 | Batch 2100 | Diff Loss 0.2523
Epoch 93 | Batch 2200 | Diff Loss 0.2419
Epoch 93 | Batch 2300 | Diff Loss 0.2344
Epoch 93 | Batch 2400 | Diff Loss 0.2452
Epoch 93 | Batch 2500 | Diff Loss 0.2635
Epoch 93 | Batch 2600 | Diff Loss 0.2581
Epoch 93 Done. Loss: 0.2556. Time: 198.3s
Epoch 94 | Batch 0 | Diff Loss 0.2585
Epoch 94 | Batch 100 | Diff Loss 0.2496
Epoch 94 | Batch 200 | Diff Loss 0.2663
Epoch 94 | Batch 300 | Diff Loss 0.2750
Epoch 94 | Batch 400 | Diff Loss 0.2545
Epoch 94 | Batch 500 | Diff Loss 0.2583
Epoch 94 | Batch 600 | Diff Loss 0.2620
Epoch 94 | Batch 700 | Diff Loss 0.2613
Epoch 94 | Batch 800 | Diff Loss 0.2672
Epoch 94 | Batch 900 | Diff Loss 0.2612
Epoch 94 | Batch 1000 | Diff Loss 0.2591
Epoch 94 | Batch 1100 | Diff Loss 0.2544
Epoch 94 | Batch 1200 | Diff Loss 0.2689
Epoch 94 | Batch 1300 | Diff Loss 0.2492
Epoch 94 | Batch 1400 | Diff Loss 0.2510
Epoch 94 | Batch 1500 | Diff Loss 0.2566
Epoch 94 | Batch 1600 | Diff Loss 0.2466
Epoch 94 | Batch 1700 | Diff Loss 0.2555
Epoch 94 | Batch 1800 | Diff Loss 0.2521
Epoch 94 | Batch 1900 | Diff Loss 0.2722
Epoch 94 | Batch 2000 | Diff Loss 0.2472
Epoch 94 | Batch 2100 | Diff Loss 0.2387
Epoch 94 | Batch 2200 | Diff Loss 0.2497
Epoch 94 | Batch 2300 | Diff Loss 0.2510
Epoch 94 | Batch 2400 | Diff Loss 0.2528
Epoch 94 | Batch 2500 | Diff Loss 0.2660
Epoch 94 | Batch 2600 | Diff Loss 0.2620
Epoch 94 Done. Loss: 0.2553. Time: 186.8s
Epoch 95 | Batch 0 | Diff Loss 0.2512
Epoch 95 | Batch 100 | Diff Loss 0.2703
Epoch 95 | Batch 200 | Diff Loss 0.2404
Epoch 95 | Batch 300 | Diff Loss 0.2465
Epoch 95 | Batch 400 | Diff Loss 0.2557
Epoch 95 | Batch 500 | Diff Loss 0.2514
Epoch 95 | Batch 600 | Diff Loss 0.2539
Epoch 95 | Batch 700 | Diff Loss 0.2537
Epoch 95 | Batch 800 | Diff Loss 0.2612
Epoch 95 | Batch 900 | Diff Loss 0.2659
Epoch 95 | Batch 1000 | Diff Loss 0.2653
Epoch 95 | Batch 1100 | Diff Loss 0.2470
Epoch 95 | Batch 1200 | Diff Loss 0.2709
Epoch 95 | Batch 1300 | Diff Loss 0.2581
Epoch 95 | Batch 1400 | Diff Loss 0.2554
Epoch 95 | Batch 1500 | Diff Loss 0.2503
Epoch 95 | Batch 1600 | Diff Loss 0.2557
Epoch 95 | Batch 1700 | Diff Loss 0.2529
Epoch 95 | Batch 1800 | Diff Loss 0.2649
Epoch 95 | Batch 1900 | Diff Loss 0.2683
Epoch 95 | Batch 2000 | Diff Loss 0.2492
Epoch 95 | Batch 2100 | Diff Loss 0.2601
Epoch 95 | Batch 2200 | Diff Loss 0.2574
Epoch 95 | Batch 2300 | Diff Loss 0.2618
Epoch 95 | Batch 2400 | Diff Loss 0.2579
Epoch 95 | Batch 2500 | Diff Loss 0.2578
Epoch 95 | Batch 2600 | Diff Loss 0.2583
Epoch 95 Done. Loss: 0.2552. Time: 190.3s
Epoch 96 | Batch 0 | Diff Loss 0.2742
Epoch 96 | Batch 100 | Diff Loss 0.2586
Epoch 96 | Batch 200 | Diff Loss 0.2713
Epoch 96 | Batch 300 | Diff Loss 0.2593
Epoch 96 | Batch 400 | Diff Loss 0.2452
Epoch 96 | Batch 500 | Diff Loss 0.2548
Epoch 96 | Batch 600 | Diff Loss 0.2536
Epoch 96 | Batch 700 | Diff Loss 0.2666
Epoch 96 | Batch 800 | Diff Loss 0.2458
Epoch 96 | Batch 900 | Diff Loss 0.2526
Epoch 96 | Batch 1000 | Diff Loss 0.2568
Epoch 96 | Batch 1100 | Diff Loss 0.2617
Epoch 96 | Batch 1200 | Diff Loss 0.2450
Epoch 96 | Batch 1300 | Diff Loss 0.2641
Epoch 96 | Batch 1400 | Diff Loss 0.2652
Epoch 96 | Batch 1500 | Diff Loss 0.2442
Epoch 96 | Batch 1600 | Diff Loss 0.2498
Epoch 96 | Batch 1700 | Diff Loss 0.2546
Epoch 96 | Batch 1800 | Diff Loss 0.2701
Epoch 96 | Batch 1900 | Diff Loss 0.2537
Epoch 96 | Batch 2000 | Diff Loss 0.2692
Epoch 96 | Batch 2100 | Diff Loss 0.2640
Epoch 96 | Batch 2200 | Diff Loss 0.2495
Epoch 96 | Batch 2300 | Diff Loss 0.2597
Epoch 96 | Batch 2400 | Diff Loss 0.2530
Epoch 96 | Batch 2500 | Diff Loss 0.2434
Epoch 96 | Batch 2600 | Diff Loss 0.2599
Epoch 96 Done. Loss: 0.2552. Time: 185.2s
Epoch 97 | Batch 0 | Diff Loss 0.2628
Epoch 97 | Batch 100 | Diff Loss 0.2637
Epoch 97 | Batch 200 | Diff Loss 0.2678
Epoch 97 | Batch 300 | Diff Loss 0.2824
Epoch 97 | Batch 400 | Diff Loss 0.2512
Epoch 97 | Batch 500 | Diff Loss 0.2444
Epoch 97 | Batch 600 | Diff Loss 0.2538
Epoch 97 | Batch 700 | Diff Loss 0.2655
Epoch 97 | Batch 800 | Diff Loss 0.2598
Epoch 97 | Batch 900 | Diff Loss 0.2450
Epoch 97 | Batch 1000 | Diff Loss 0.2537
Epoch 97 | Batch 1100 | Diff Loss 0.2433
Epoch 97 | Batch 1200 | Diff Loss 0.2673
Epoch 97 | Batch 1300 | Diff Loss 0.2731
Epoch 97 | Batch 1400 | Diff Loss 0.2444
Epoch 97 | Batch 1500 | Diff Loss 0.2464
Epoch 97 | Batch 1600 | Diff Loss 0.2378
Epoch 97 | Batch 1700 | Diff Loss 0.2525
Epoch 97 | Batch 1800 | Diff Loss 0.2621
Epoch 97 | Batch 1900 | Diff Loss 0.2630
Epoch 97 | Batch 2000 | Diff Loss 0.2708
Epoch 97 | Batch 2100 | Diff Loss 0.2440
Epoch 97 | Batch 2200 | Diff Loss 0.2626
Epoch 97 | Batch 2300 | Diff Loss 0.2597
Epoch 97 | Batch 2400 | Diff Loss 0.2666
Epoch 97 | Batch 2500 | Diff Loss 0.2555
Epoch 97 | Batch 2600 | Diff Loss 0.2591
Epoch 97 Done. Loss: 0.2549. Time: 188.0s
Epoch 98 | Batch 0 | Diff Loss 0.2445
Epoch 98 | Batch 100 | Diff Loss 0.2717
Epoch 98 | Batch 200 | Diff Loss 0.2570
Epoch 98 | Batch 300 | Diff Loss 0.2362
Epoch 98 | Batch 400 | Diff Loss 0.2570
Epoch 98 | Batch 500 | Diff Loss 0.2677
Epoch 98 | Batch 600 | Diff Loss 0.2576
Epoch 98 | Batch 700 | Diff Loss 0.2360
Epoch 98 | Batch 800 | Diff Loss 0.2634
Epoch 98 | Batch 900 | Diff Loss 0.2576
Epoch 98 | Batch 1000 | Diff Loss 0.2624
Epoch 98 | Batch 1100 | Diff Loss 0.2633
Epoch 98 | Batch 1200 | Diff Loss 0.2388
Epoch 98 | Batch 1300 | Diff Loss 0.2444
Epoch 98 | Batch 1400 | Diff Loss 0.2576
Epoch 98 | Batch 1500 | Diff Loss 0.2577
Epoch 98 | Batch 1600 | Diff Loss 0.2499
Epoch 98 | Batch 1700 | Diff Loss 0.2540
Epoch 98 | Batch 1800 | Diff Loss 0.2374
Epoch 98 | Batch 1900 | Diff Loss 0.2688
Epoch 98 | Batch 2000 | Diff Loss 0.2541
Epoch 98 | Batch 2100 | Diff Loss 0.2612
Epoch 98 | Batch 2200 | Diff Loss 0.2449
Epoch 98 | Batch 2300 | Diff Loss 0.2537
Epoch 98 | Batch 2400 | Diff Loss 0.2420
Epoch 98 | Batch 2500 | Diff Loss 0.2726
Epoch 98 | Batch 2600 | Diff Loss 0.2462
Epoch 98 Done. Loss: 0.2545. Time: 193.7s
Epoch 99 | Batch 0 | Diff Loss 0.2533
Epoch 99 | Batch 100 | Diff Loss 0.2596
Epoch 99 | Batch 200 | Diff Loss 0.2593
Epoch 99 | Batch 300 | Diff Loss 0.2710
Epoch 99 | Batch 400 | Diff Loss 0.2511
Epoch 99 | Batch 500 | Diff Loss 0.2583
Epoch 99 | Batch 600 | Diff Loss 0.2463
Epoch 99 | Batch 700 | Diff Loss 0.2497
Epoch 99 | Batch 800 | Diff Loss 0.2660
Epoch 99 | Batch 900 | Diff Loss 0.2621
Epoch 99 | Batch 1000 | Diff Loss 0.2505
Epoch 99 | Batch 1100 | Diff Loss 0.2593
Epoch 99 | Batch 1200 | Diff Loss 0.2553
Epoch 99 | Batch 1300 | Diff Loss 0.2489
Epoch 99 | Batch 1400 | Diff Loss 0.2779
Epoch 99 | Batch 1500 | Diff Loss 0.2539
Epoch 99 | Batch 1600 | Diff Loss 0.2493
Epoch 99 | Batch 1700 | Diff Loss 0.2514
Epoch 99 | Batch 1800 | Diff Loss 0.2602
Epoch 99 | Batch 1900 | Diff Loss 0.2446
Epoch 99 | Batch 2000 | Diff Loss 0.2672
Epoch 99 | Batch 2100 | Diff Loss 0.2513
Epoch 99 | Batch 2200 | Diff Loss 0.2554
Epoch 99 | Batch 2300 | Diff Loss 0.2513
Epoch 99 | Batch 2400 | Diff Loss 0.2524
Epoch 99 | Batch 2500 | Diff Loss 0.2598
Epoch 99 | Batch 2600 | Diff Loss 0.2649
Epoch 99 Done. Loss: 0.2547. Time: 185.4s
+ python -m src.training.train_diffusion --model_type physics --data_path data/processed_dt30/trajectories/shenzhen_trajectories.h5 --nav_file data/processed_dt30/nav_field.npz --split train --exp_name physics_b_dt30_h128_b512_lr1e-3_e100_s0 --obs_len 8 --pred_len 12 --hidden_dim 128 --diff_steps 100 --patch_size 32 --batch_size 512 --epochs 100 --lr 1e-3 --num_workers 4 --seed 0
Using device: cuda
Using seed: 0
Loading datasets...
Using split=train: 97222 trajectories (/home/jinlin/projects/Mobility_v3/data/processed_dt30/splits/train_ids.npy)
Initializing PhysicsConditionDiffusion...
Epoch 0 | Batch 0 | Diff Loss 1.1086
Epoch 0 | Batch 100 | Diff Loss 0.4326
Epoch 0 | Batch 200 | Diff Loss 0.4167
Epoch 0 | Batch 300 | Diff Loss 0.3938
Epoch 0 | Batch 400 | Diff Loss 0.4104
Epoch 0 | Batch 500 | Diff Loss 0.4015
Epoch 0 | Batch 600 | Diff Loss 0.4090
Epoch 0 | Batch 700 | Diff Loss 0.4143
Epoch 0 | Batch 800 | Diff Loss 0.3736
Epoch 0 | Batch 900 | Diff Loss 0.3894
Epoch 0 | Batch 1000 | Diff Loss 0.3976
Epoch 0 | Batch 1100 | Diff Loss 0.4189
Epoch 0 | Batch 1200 | Diff Loss 0.3984
Epoch 0 | Batch 1300 | Diff Loss 0.3896
Epoch 0 | Batch 1400 | Diff Loss 0.3948
Epoch 0 | Batch 1500 | Diff Loss 0.3852
Epoch 0 | Batch 1600 | Diff Loss 0.3884
Epoch 0 | Batch 1700 | Diff Loss 0.3720
Epoch 0 | Batch 1800 | Diff Loss 0.4004
Epoch 0 | Batch 1900 | Diff Loss 0.3858
Epoch 0 | Batch 2000 | Diff Loss 0.3753
Epoch 0 | Batch 2100 | Diff Loss 0.3681
Epoch 0 | Batch 2200 | Diff Loss 0.4008
Epoch 0 | Batch 2300 | Diff Loss 0.3734
Epoch 0 | Batch 2400 | Diff Loss 0.3822
Epoch 0 | Batch 2500 | Diff Loss 0.3735
Epoch 0 | Batch 2600 | Diff Loss 0.4062
Epoch 0 Done. Loss: 0.3953. Time: 210.4s
Epoch 1 | Batch 0 | Diff Loss 0.3707
Epoch 1 | Batch 100 | Diff Loss 0.3697
Epoch 1 | Batch 200 | Diff Loss 0.3555
Epoch 1 | Batch 300 | Diff Loss 0.3925
Epoch 1 | Batch 400 | Diff Loss 0.3698
Epoch 1 | Batch 500 | Diff Loss 0.3496
Epoch 1 | Batch 600 | Diff Loss 0.4556
Epoch 1 | Batch 700 | Diff Loss 0.9991
Epoch 1 | Batch 800 | Diff Loss 1.0103
Epoch 1 | Batch 900 | Diff Loss 1.0074
Epoch 1 | Batch 1000 | Diff Loss 0.9907
Epoch 1 | Batch 1100 | Diff Loss 1.0022
Epoch 1 | Batch 1200 | Diff Loss 0.9864
Epoch 1 | Batch 1300 | Diff Loss 0.9892
Epoch 1 | Batch 1400 | Diff Loss 1.0112
Epoch 1 | Batch 1500 | Diff Loss 0.9817
Epoch 1 | Batch 1600 | Diff Loss 0.9911
Epoch 1 | Batch 1700 | Diff Loss 1.0175
Epoch 1 | Batch 1800 | Diff Loss 0.9975
Epoch 1 | Batch 1900 | Diff Loss 0.9790
Epoch 1 | Batch 2000 | Diff Loss 0.9763
Epoch 1 | Batch 2100 | Diff Loss 0.9675
Epoch 1 | Batch 2200 | Diff Loss 0.8820
Epoch 1 | Batch 2300 | Diff Loss 0.8215
Epoch 1 | Batch 2400 | Diff Loss 0.8297
Epoch 1 | Batch 2500 | Diff Loss 0.8378
Epoch 1 | Batch 2600 | Diff Loss 0.8100
Epoch 1 Done. Loss: 0.8261. Time: 219.1s
Epoch 2 | Batch 0 | Diff Loss 0.8300
Epoch 2 | Batch 100 | Diff Loss 0.7952
Epoch 2 | Batch 200 | Diff Loss 0.8206
Epoch 2 | Batch 300 | Diff Loss 0.7980
Epoch 2 | Batch 400 | Diff Loss 0.7891
Epoch 2 | Batch 500 | Diff Loss 0.7825
Epoch 2 | Batch 600 | Diff Loss 0.7807
Epoch 2 | Batch 700 | Diff Loss 0.7775
Epoch 2 | Batch 800 | Diff Loss 0.7745
Epoch 2 | Batch 900 | Diff Loss 0.7929
Epoch 2 | Batch 1000 | Diff Loss 0.7879
Epoch 2 | Batch 1100 | Diff Loss 0.8143
Epoch 2 | Batch 1200 | Diff Loss 0.7695
Epoch 2 | Batch 1300 | Diff Loss 0.7584
Epoch 2 | Batch 1400 | Diff Loss 0.7800
Epoch 2 | Batch 1500 | Diff Loss 0.7794
Epoch 2 | Batch 1600 | Diff Loss 0.7701
Epoch 2 | Batch 1700 | Diff Loss 0.7679
Epoch 2 | Batch 1800 | Diff Loss 0.7671
Epoch 2 | Batch 1900 | Diff Loss 0.7524
Epoch 2 | Batch 2000 | Diff Loss 0.7138
Epoch 2 | Batch 2100 | Diff Loss 0.7029
Epoch 2 | Batch 2200 | Diff Loss 0.7010
Epoch 2 | Batch 2300 | Diff Loss 0.7130
Epoch 2 | Batch 2400 | Diff Loss 0.7048
Epoch 2 | Batch 2500 | Diff Loss 0.7054
Epoch 2 | Batch 2600 | Diff Loss 0.6887
Epoch 2 Done. Loss: 0.7626. Time: 209.7s
Epoch 3 | Batch 0 | Diff Loss 0.6778
Epoch 3 | Batch 100 | Diff Loss 0.7108
Epoch 3 | Batch 200 | Diff Loss 0.7044
Epoch 3 | Batch 300 | Diff Loss 0.7032
Epoch 3 | Batch 400 | Diff Loss 0.6881
Epoch 3 | Batch 500 | Diff Loss 0.6718
Epoch 3 | Batch 600 | Diff Loss 0.6849
Epoch 3 | Batch 700 | Diff Loss 0.6917
Epoch 3 | Batch 800 | Diff Loss 0.7007
Epoch 3 | Batch 900 | Diff Loss 0.6822
Epoch 3 | Batch 1000 | Diff Loss 0.6788
Epoch 3 | Batch 1100 | Diff Loss 0.6605
Epoch 3 | Batch 1200 | Diff Loss 0.6537
Epoch 3 | Batch 1300 | Diff Loss 0.6589
Epoch 3 | Batch 1400 | Diff Loss 0.6448
Epoch 3 | Batch 1500 | Diff Loss 0.6516
Epoch 3 | Batch 1600 | Diff Loss 0.6285
Epoch 3 | Batch 1700 | Diff Loss 0.6357
Epoch 3 | Batch 1800 | Diff Loss 0.6265
Epoch 3 | Batch 1900 | Diff Loss 0.6352
Epoch 3 | Batch 2000 | Diff Loss 0.6387
Epoch 3 | Batch 2100 | Diff Loss 0.6143
Epoch 3 | Batch 2200 | Diff Loss 0.6075
Epoch 3 | Batch 2300 | Diff Loss 0.6303
Epoch 3 | Batch 2400 | Diff Loss 0.6067
Epoch 3 | Batch 2500 | Diff Loss 0.6254
Epoch 3 | Batch 2600 | Diff Loss 0.6308
Epoch 3 Done. Loss: 0.6564. Time: 218.1s
Epoch 4 | Batch 0 | Diff Loss 0.6187
Epoch 4 | Batch 100 | Diff Loss 0.6126
Epoch 4 | Batch 200 | Diff Loss 0.6135
Epoch 4 | Batch 300 | Diff Loss 0.6224
Epoch 4 | Batch 400 | Diff Loss 0.6424
Epoch 4 | Batch 500 | Diff Loss 0.6264
Epoch 4 | Batch 600 | Diff Loss 0.6137
Epoch 4 | Batch 700 | Diff Loss 0.6098
Epoch 4 | Batch 800 | Diff Loss 0.5957
Epoch 4 | Batch 900 | Diff Loss 0.6285
Epoch 4 | Batch 1000 | Diff Loss 0.6152
Epoch 4 | Batch 1100 | Diff Loss 0.6040
Epoch 4 | Batch 1200 | Diff Loss 0.6334
Epoch 4 | Batch 1300 | Diff Loss 0.6103
Epoch 4 | Batch 1400 | Diff Loss 0.6048
Epoch 4 | Batch 1500 | Diff Loss 0.6142
Epoch 4 | Batch 1600 | Diff Loss 0.5963
Epoch 4 | Batch 1700 | Diff Loss 0.6012
Epoch 4 | Batch 1800 | Diff Loss 0.5875
Epoch 4 | Batch 1900 | Diff Loss 0.6050
Epoch 4 | Batch 2000 | Diff Loss 0.6169
Epoch 4 | Batch 2100 | Diff Loss 0.5932
Epoch 4 | Batch 2200 | Diff Loss 0.6098
Epoch 4 | Batch 2300 | Diff Loss 0.5991
Epoch 4 | Batch 2400 | Diff Loss 0.6038
Epoch 4 | Batch 2500 | Diff Loss 0.5929
Epoch 4 | Batch 2600 | Diff Loss 0.5964
Epoch 4 Done. Loss: 0.6082. Time: 211.7s
Epoch 5 | Batch 0 | Diff Loss 0.5935
Epoch 5 | Batch 100 | Diff Loss 0.6118
Epoch 5 | Batch 200 | Diff Loss 0.6008
Epoch 5 | Batch 300 | Diff Loss 0.6194
Epoch 5 | Batch 400 | Diff Loss 0.5977
Epoch 5 | Batch 500 | Diff Loss 0.5812
Epoch 5 | Batch 600 | Diff Loss 0.6022
Epoch 5 | Batch 700 | Diff Loss 0.6042
Epoch 5 | Batch 800 | Diff Loss 0.5985
Epoch 5 | Batch 900 | Diff Loss 0.5897
Epoch 5 | Batch 1000 | Diff Loss 0.6012
Epoch 5 | Batch 1100 | Diff Loss 0.5959
Epoch 5 | Batch 1200 | Diff Loss 0.5851
Epoch 5 | Batch 1300 | Diff Loss 0.5680
Epoch 5 | Batch 1400 | Diff Loss 0.5650
Epoch 5 | Batch 1500 | Diff Loss 0.5579
Epoch 5 | Batch 1600 | Diff Loss 0.5664
Epoch 5 | Batch 1700 | Diff Loss 0.5568
Epoch 5 | Batch 1800 | Diff Loss 0.5434
Epoch 5 | Batch 1900 | Diff Loss 0.5426
Epoch 5 | Batch 2000 | Diff Loss 0.5514
Epoch 5 | Batch 2100 | Diff Loss 0.5269
Epoch 5 | Batch 2200 | Diff Loss 0.5484
Epoch 5 | Batch 2300 | Diff Loss 0.5521
Epoch 5 | Batch 2400 | Diff Loss 0.5401
Epoch 5 | Batch 2500 | Diff Loss 0.5340
Epoch 5 | Batch 2600 | Diff Loss 0.5312
Epoch 5 Done. Loss: 0.5708. Time: 208.6s
Epoch 6 | Batch 0 | Diff Loss 0.5241
Epoch 6 | Batch 100 | Diff Loss 0.5285
Epoch 6 | Batch 200 | Diff Loss 0.5368
Epoch 6 | Batch 300 | Diff Loss 0.4927
Epoch 6 | Batch 400 | Diff Loss 0.5016
Epoch 6 | Batch 500 | Diff Loss 0.5084
Epoch 6 | Batch 600 | Diff Loss 0.4911
Epoch 6 | Batch 700 | Diff Loss 0.5087
Epoch 6 | Batch 800 | Diff Loss 0.5217
Epoch 6 | Batch 900 | Diff Loss 0.5293
Epoch 6 | Batch 1000 | Diff Loss 0.5157
Epoch 6 | Batch 1100 | Diff Loss 0.5175
Epoch 6 | Batch 1200 | Diff Loss 0.4904
Epoch 6 | Batch 1300 | Diff Loss 0.5033
Epoch 6 | Batch 1400 | Diff Loss 0.5256
Epoch 6 | Batch 1500 | Diff Loss 0.4945
Epoch 6 | Batch 1600 | Diff Loss 0.5016
Epoch 6 | Batch 1700 | Diff Loss 0.4860
Epoch 6 | Batch 1800 | Diff Loss 0.5245
Epoch 6 | Batch 1900 | Diff Loss 0.5253
Epoch 6 | Batch 2000 | Diff Loss 0.5277
Epoch 6 | Batch 2100 | Diff Loss 0.4806
Epoch 6 | Batch 2200 | Diff Loss 0.5038
Epoch 6 | Batch 2300 | Diff Loss 0.4979
Epoch 6 | Batch 2400 | Diff Loss 0.5011
Epoch 6 | Batch 2500 | Diff Loss 0.5077
Epoch 6 | Batch 2600 | Diff Loss 0.4908
Epoch 6 Done. Loss: 0.5041. Time: 219.2s
Epoch 7 | Batch 0 | Diff Loss 0.4965
Epoch 7 | Batch 100 | Diff Loss 0.4714
Epoch 7 | Batch 200 | Diff Loss 0.5084
Epoch 7 | Batch 300 | Diff Loss 0.5109
Epoch 7 | Batch 400 | Diff Loss 0.5046
Epoch 7 | Batch 500 | Diff Loss 0.5024
Epoch 7 | Batch 600 | Diff Loss 0.4701
Epoch 7 | Batch 700 | Diff Loss 0.4892
Epoch 7 | Batch 800 | Diff Loss 0.4851
Epoch 7 | Batch 900 | Diff Loss 0.4618
Epoch 7 | Batch 1000 | Diff Loss 0.4829
Epoch 7 | Batch 1100 | Diff Loss 0.4841
Epoch 7 | Batch 1200 | Diff Loss 0.4880
Epoch 7 | Batch 1300 | Diff Loss 0.4914
Epoch 7 | Batch 1400 | Diff Loss 0.5160
Epoch 7 | Batch 1500 | Diff Loss 0.5031
Epoch 7 | Batch 1600 | Diff Loss 0.4654
Epoch 7 | Batch 1700 | Diff Loss 0.4863
Epoch 7 | Batch 1800 | Diff Loss 0.4833
Epoch 7 | Batch 1900 | Diff Loss 0.5047
Epoch 7 | Batch 2000 | Diff Loss 0.4945
Epoch 7 | Batch 2100 | Diff Loss 0.4777
Epoch 7 | Batch 2200 | Diff Loss 0.4733
Epoch 7 | Batch 2300 | Diff Loss 0.4847
Epoch 7 | Batch 2400 | Diff Loss 0.4736
Epoch 7 | Batch 2500 | Diff Loss 0.4782
Epoch 7 | Batch 2600 | Diff Loss 0.4529
Epoch 7 Done. Loss: 0.4935. Time: 212.4s
Epoch 8 | Batch 0 | Diff Loss 0.5087
Epoch 8 | Batch 100 | Diff Loss 0.4834
Epoch 8 | Batch 200 | Diff Loss 0.4777
Epoch 8 | Batch 300 | Diff Loss 0.4906
Epoch 8 | Batch 400 | Diff Loss 0.4778
Epoch 8 | Batch 500 | Diff Loss 0.4563
Epoch 8 | Batch 600 | Diff Loss 0.4782
Epoch 8 | Batch 700 | Diff Loss 0.4622
Epoch 8 | Batch 800 | Diff Loss 0.4721
Epoch 8 | Batch 900 | Diff Loss 0.4579
Epoch 8 | Batch 1000 | Diff Loss 0.4503
Epoch 8 | Batch 1100 | Diff Loss 0.4656
Epoch 8 | Batch 1200 | Diff Loss 0.4434
Epoch 8 | Batch 1300 | Diff Loss 0.4667
Epoch 8 | Batch 1400 | Diff Loss 0.4623
Epoch 8 | Batch 1500 | Diff Loss 0.4687
Epoch 8 | Batch 1600 | Diff Loss 0.4787
Epoch 8 | Batch 1700 | Diff Loss 0.4660
Epoch 8 | Batch 1800 | Diff Loss 0.4714
Epoch 8 | Batch 1900 | Diff Loss 0.4718
Epoch 8 | Batch 2000 | Diff Loss 0.4537
Epoch 8 | Batch 2100 | Diff Loss 0.4610
Epoch 8 | Batch 2200 | Diff Loss 0.4835
Epoch 8 | Batch 2300 | Diff Loss 0.4453
Epoch 8 | Batch 2400 | Diff Loss 0.4640
Epoch 8 | Batch 2500 | Diff Loss 0.4687
Epoch 8 | Batch 2600 | Diff Loss 0.4416
Epoch 8 Done. Loss: 0.4661. Time: 213.0s
Epoch 9 | Batch 0 | Diff Loss 0.4733
Epoch 9 | Batch 100 | Diff Loss 0.4611
Epoch 9 | Batch 200 | Diff Loss 0.4609
Epoch 9 | Batch 300 | Diff Loss 0.4685
Epoch 9 | Batch 400 | Diff Loss 0.4622
Epoch 9 | Batch 500 | Diff Loss 0.4795
Epoch 9 | Batch 600 | Diff Loss 0.4642
Epoch 9 | Batch 700 | Diff Loss 0.4665
Epoch 9 | Batch 800 | Diff Loss 0.4644
Epoch 9 | Batch 900 | Diff Loss 0.4574
Epoch 9 | Batch 1000 | Diff Loss 0.4492
Epoch 9 | Batch 1100 | Diff Loss 0.4620
Epoch 9 | Batch 1200 | Diff Loss 0.4347
Epoch 9 | Batch 1300 | Diff Loss 0.4626
Epoch 9 | Batch 1400 | Diff Loss 0.4548
Epoch 9 | Batch 1500 | Diff Loss 0.4547
Epoch 9 | Batch 1600 | Diff Loss 0.4674
Epoch 9 | Batch 1700 | Diff Loss 0.4358
Epoch 9 | Batch 1800 | Diff Loss 0.4420
Epoch 9 | Batch 1900 | Diff Loss 0.4381
Epoch 9 | Batch 2000 | Diff Loss 0.4492
Epoch 9 | Batch 2100 | Diff Loss 0.4519
Epoch 9 | Batch 2200 | Diff Loss 0.4027
Epoch 9 | Batch 2300 | Diff Loss 0.4335
Epoch 9 | Batch 2400 | Diff Loss 0.3961
Epoch 9 | Batch 2500 | Diff Loss 0.4219
Epoch 9 | Batch 2600 | Diff Loss 0.3997
Epoch 9 Done. Loss: 0.4478. Time: 215.5s
Epoch 10 | Batch 0 | Diff Loss 0.4272
Epoch 10 | Batch 100 | Diff Loss 0.4083
Epoch 10 | Batch 200 | Diff Loss 0.4190
Epoch 10 | Batch 300 | Diff Loss 0.4111
Epoch 10 | Batch 400 | Diff Loss 0.4155
Epoch 10 | Batch 500 | Diff Loss 0.3749
Epoch 10 | Batch 600 | Diff Loss 0.3905
Epoch 10 | Batch 700 | Diff Loss 0.4020
Epoch 10 | Batch 800 | Diff Loss 0.3870
Epoch 10 | Batch 900 | Diff Loss 0.3798
Epoch 10 | Batch 1000 | Diff Loss 0.4160
Epoch 10 | Batch 1100 | Diff Loss 0.3931
Epoch 10 | Batch 1200 | Diff Loss 0.4085
Epoch 10 | Batch 1300 | Diff Loss 0.4132
Epoch 10 | Batch 1400 | Diff Loss 0.4045
Epoch 10 | Batch 1500 | Diff Loss 0.3752
Epoch 10 | Batch 1600 | Diff Loss 0.3833
Epoch 10 | Batch 1700 | Diff Loss 0.4074
Epoch 10 | Batch 1800 | Diff Loss 0.3900
Epoch 10 | Batch 1900 | Diff Loss 0.3927
Epoch 10 | Batch 2000 | Diff Loss 0.3983
Epoch 10 | Batch 2100 | Diff Loss 0.3971
Epoch 10 | Batch 2200 | Diff Loss 0.3729
Epoch 10 | Batch 2300 | Diff Loss 0.3764
Epoch 10 | Batch 2400 | Diff Loss 0.3932
Epoch 10 | Batch 2500 | Diff Loss 0.3822
Epoch 10 | Batch 2600 | Diff Loss 0.4095
Epoch 10 Done. Loss: 0.3968. Time: 213.5s
Epoch 11 | Batch 0 | Diff Loss 0.3895
Epoch 11 | Batch 100 | Diff Loss 0.3703
Epoch 11 | Batch 200 | Diff Loss 0.3855
Epoch 11 | Batch 300 | Diff Loss 0.3793
Epoch 11 | Batch 400 | Diff Loss 0.3711
Epoch 11 | Batch 500 | Diff Loss 0.3929
Epoch 11 | Batch 600 | Diff Loss 0.4085
Epoch 11 | Batch 700 | Diff Loss 0.3838
Epoch 11 | Batch 800 | Diff Loss 0.3662
Epoch 11 | Batch 900 | Diff Loss 0.3797
Epoch 11 | Batch 1000 | Diff Loss 0.3894
Epoch 11 | Batch 1100 | Diff Loss 0.3944
Epoch 11 | Batch 1200 | Diff Loss 0.3936
Epoch 11 | Batch 1300 | Diff Loss 0.3887
Epoch 11 | Batch 1400 | Diff Loss 0.3879
Epoch 11 | Batch 1500 | Diff Loss 0.3651
Epoch 11 | Batch 1600 | Diff Loss 0.3873
Epoch 11 | Batch 1700 | Diff Loss 0.3793
Epoch 11 | Batch 1800 | Diff Loss 0.3965
Epoch 11 | Batch 1900 | Diff Loss 0.3946
Epoch 11 | Batch 2000 | Diff Loss 0.3634
Epoch 11 | Batch 2100 | Diff Loss 0.3846
Epoch 11 | Batch 2200 | Diff Loss 0.3677
Epoch 11 | Batch 2300 | Diff Loss 0.3635
Epoch 11 | Batch 2400 | Diff Loss 0.3608
Epoch 11 | Batch 2500 | Diff Loss 0.3719
Epoch 11 | Batch 2600 | Diff Loss 0.3742
Epoch 11 Done. Loss: 0.3785. Time: 218.7s
Epoch 12 | Batch 0 | Diff Loss 0.3628
Epoch 12 | Batch 100 | Diff Loss 0.3517
Epoch 12 | Batch 200 | Diff Loss 0.3764
Epoch 12 | Batch 300 | Diff Loss 0.3758
Epoch 12 | Batch 400 | Diff Loss 0.3552
Epoch 12 | Batch 500 | Diff Loss 0.3686
Epoch 12 | Batch 600 | Diff Loss 0.3579
Epoch 12 | Batch 700 | Diff Loss 0.3821
Epoch 12 | Batch 800 | Diff Loss 0.3772
Epoch 12 | Batch 900 | Diff Loss 0.3793
Epoch 12 | Batch 1000 | Diff Loss 0.3675
Epoch 12 | Batch 1100 | Diff Loss 0.3725
Epoch 12 | Batch 1200 | Diff Loss 0.3542
Epoch 12 | Batch 1300 | Diff Loss 0.3746
Epoch 12 | Batch 1400 | Diff Loss 0.3495
Epoch 12 | Batch 1500 | Diff Loss 0.3719
Epoch 12 | Batch 1600 | Diff Loss 0.3715
Epoch 12 | Batch 1700 | Diff Loss 0.3610
Epoch 12 | Batch 1800 | Diff Loss 0.3575
Epoch 12 | Batch 1900 | Diff Loss 0.3643
Epoch 12 | Batch 2000 | Diff Loss 0.3359
Epoch 12 | Batch 2100 | Diff Loss 0.3545
Epoch 12 | Batch 2200 | Diff Loss 0.3577
Epoch 12 | Batch 2300 | Diff Loss 0.3981
Epoch 12 | Batch 2400 | Diff Loss 0.3488
Epoch 12 | Batch 2500 | Diff Loss 0.3838
Epoch 12 | Batch 2600 | Diff Loss 0.3648
Epoch 12 Done. Loss: 0.3677. Time: 213.5s
Epoch 13 | Batch 0 | Diff Loss 0.3530
Epoch 13 | Batch 100 | Diff Loss 0.3623
Epoch 13 | Batch 200 | Diff Loss 0.3728
Epoch 13 | Batch 300 | Diff Loss 0.3496
Epoch 13 | Batch 400 | Diff Loss 0.3568
Epoch 13 | Batch 500 | Diff Loss 0.3576
Epoch 13 | Batch 600 | Diff Loss 0.3621
Epoch 13 | Batch 700 | Diff Loss 0.3621
Epoch 13 | Batch 800 | Diff Loss 0.3825
Epoch 13 | Batch 900 | Diff Loss 0.3339
Epoch 13 | Batch 1000 | Diff Loss 0.3611
Epoch 13 | Batch 1100 | Diff Loss 0.3517
Epoch 13 | Batch 1200 | Diff Loss 0.3812
Epoch 13 | Batch 1300 | Diff Loss 0.3679
Epoch 13 | Batch 1400 | Diff Loss 0.3536
Epoch 13 | Batch 1500 | Diff Loss 0.3589
Epoch 13 | Batch 1600 | Diff Loss 0.3867
Epoch 13 | Batch 1700 | Diff Loss 0.3478
Epoch 13 | Batch 1800 | Diff Loss 0.3528
Epoch 13 | Batch 1900 | Diff Loss 0.3859
Epoch 13 | Batch 2000 | Diff Loss 0.3683
Epoch 13 | Batch 2100 | Diff Loss 0.3507
Epoch 13 | Batch 2200 | Diff Loss 0.3822
Epoch 13 | Batch 2300 | Diff Loss 0.3471
Epoch 13 | Batch 2400 | Diff Loss 0.3734
Epoch 13 | Batch 2500 | Diff Loss 0.3773
Epoch 13 | Batch 2600 | Diff Loss 0.3374
Epoch 13 Done. Loss: 0.3605. Time: 211.1s
Epoch 14 | Batch 0 | Diff Loss 0.3685
Epoch 14 | Batch 100 | Diff Loss 0.3651
Epoch 14 | Batch 200 | Diff Loss 0.3773
Epoch 14 | Batch 300 | Diff Loss 0.3460
Epoch 14 | Batch 400 | Diff Loss 0.3730
Epoch 14 | Batch 500 | Diff Loss 0.3528
Epoch 14 | Batch 600 | Diff Loss 0.3503
Epoch 14 | Batch 700 | Diff Loss 0.3644
Epoch 14 | Batch 800 | Diff Loss 0.3467
Epoch 14 | Batch 900 | Diff Loss 0.3540
Epoch 14 | Batch 1000 | Diff Loss 0.3741
Epoch 14 | Batch 1100 | Diff Loss 0.3518
Epoch 14 | Batch 1200 | Diff Loss 0.3501
Epoch 14 | Batch 1300 | Diff Loss 0.3635
Epoch 14 | Batch 1400 | Diff Loss 0.3592
Epoch 14 | Batch 1500 | Diff Loss 0.3569
Epoch 14 | Batch 1600 | Diff Loss 0.3555
Epoch 14 | Batch 1700 | Diff Loss 0.3242
Epoch 14 | Batch 1800 | Diff Loss 0.3513
Epoch 14 | Batch 1900 | Diff Loss 0.3372
Epoch 14 | Batch 2000 | Diff Loss 0.3400
Epoch 14 | Batch 2100 | Diff Loss 0.3694
Epoch 14 | Batch 2200 | Diff Loss 0.3765
Epoch 14 | Batch 2300 | Diff Loss 0.3356
Epoch 14 | Batch 2400 | Diff Loss 0.3566
Epoch 14 | Batch 2500 | Diff Loss 0.3508
Epoch 14 | Batch 2600 | Diff Loss 0.3625
Epoch 14 Done. Loss: 0.3549. Time: 207.4s
Epoch 15 | Batch 0 | Diff Loss 0.3540
Epoch 15 | Batch 100 | Diff Loss 0.3488
Epoch 15 | Batch 200 | Diff Loss 0.3552
Epoch 15 | Batch 300 | Diff Loss 0.3482
Epoch 15 | Batch 400 | Diff Loss 0.3452
Epoch 15 | Batch 500 | Diff Loss 0.3514
Epoch 15 | Batch 600 | Diff Loss 0.3532
Epoch 15 | Batch 700 | Diff Loss 0.3578
Epoch 15 | Batch 800 | Diff Loss 0.3547
Epoch 15 | Batch 900 | Diff Loss 0.3646
Epoch 15 | Batch 1000 | Diff Loss 0.3532
Epoch 15 | Batch 1100 | Diff Loss 0.3342
Epoch 15 | Batch 1200 | Diff Loss 0.3460
Epoch 15 | Batch 1300 | Diff Loss 0.3379
Epoch 15 | Batch 1400 | Diff Loss 0.3476
Epoch 15 | Batch 1500 | Diff Loss 0.3931
Epoch 15 | Batch 1600 | Diff Loss 0.3499
Epoch 15 | Batch 1700 | Diff Loss 0.3508
Epoch 15 | Batch 1800 | Diff Loss 0.3739
Epoch 15 | Batch 1900 | Diff Loss 0.3296
Epoch 15 | Batch 2000 | Diff Loss 0.3349
Epoch 15 | Batch 2100 | Diff Loss 0.3760
Epoch 15 | Batch 2200 | Diff Loss 0.3528
Epoch 15 | Batch 2300 | Diff Loss 0.3253
Epoch 15 | Batch 2400 | Diff Loss 0.3373
Epoch 15 | Batch 2500 | Diff Loss 0.3467
Epoch 15 | Batch 2600 | Diff Loss 0.3783
Epoch 15 Done. Loss: 0.3496. Time: 219.0s
Epoch 16 | Batch 0 | Diff Loss 0.3569
Epoch 16 | Batch 100 | Diff Loss 0.3451
Epoch 16 | Batch 200 | Diff Loss 0.3447
Epoch 16 | Batch 300 | Diff Loss 0.3651
Epoch 16 | Batch 400 | Diff Loss 0.3435
Epoch 16 | Batch 500 | Diff Loss 0.3563
Epoch 16 | Batch 600 | Diff Loss 0.3399
Epoch 16 | Batch 700 | Diff Loss 0.3365
Epoch 16 | Batch 800 | Diff Loss 0.3459
Epoch 16 | Batch 900 | Diff Loss 0.3456
Epoch 16 | Batch 1000 | Diff Loss 0.3548
Epoch 16 | Batch 1100 | Diff Loss 0.3544
Epoch 16 | Batch 1200 | Diff Loss 0.3213
Epoch 16 | Batch 1300 | Diff Loss 0.3639
Epoch 16 | Batch 1400 | Diff Loss 0.3263
Epoch 16 | Batch 1500 | Diff Loss 0.3471
Epoch 16 | Batch 1600 | Diff Loss 0.3213
Epoch 16 | Batch 1700 | Diff Loss 0.3627
Epoch 16 | Batch 1800 | Diff Loss 0.3559
Epoch 16 | Batch 1900 | Diff Loss 0.3640
Epoch 16 | Batch 2000 | Diff Loss 0.3402
Epoch 16 | Batch 2100 | Diff Loss 0.3593
Epoch 16 | Batch 2200 | Diff Loss 0.3329
Epoch 16 | Batch 2300 | Diff Loss 0.3572
Epoch 16 | Batch 2400 | Diff Loss 0.3421
Epoch 16 | Batch 2500 | Diff Loss 0.3508
Epoch 16 | Batch 2600 | Diff Loss 0.3404
Epoch 16 Done. Loss: 0.3457. Time: 208.9s
Epoch 17 | Batch 0 | Diff Loss 0.3462
Epoch 17 | Batch 100 | Diff Loss 0.3388
Epoch 17 | Batch 200 | Diff Loss 0.3631
Epoch 17 | Batch 300 | Diff Loss 0.3358
Epoch 17 | Batch 400 | Diff Loss 0.3355
Epoch 17 | Batch 500 | Diff Loss 0.3377
Epoch 17 | Batch 600 | Diff Loss 0.3455
Epoch 17 | Batch 700 | Diff Loss 0.3332
Epoch 17 | Batch 800 | Diff Loss 0.3397
Epoch 17 | Batch 900 | Diff Loss 0.3506
Epoch 17 | Batch 1000 | Diff Loss 0.3491
Epoch 17 | Batch 1100 | Diff Loss 0.3421
Epoch 17 | Batch 1200 | Diff Loss 0.3676
Epoch 17 | Batch 1300 | Diff Loss 0.3278
Epoch 17 | Batch 1400 | Diff Loss 0.3410
Epoch 17 | Batch 1500 | Diff Loss 0.3588
Epoch 17 | Batch 1600 | Diff Loss 0.3451
Epoch 17 | Batch 1700 | Diff Loss 0.3208
Epoch 17 | Batch 1800 | Diff Loss 0.3303
Epoch 17 | Batch 1900 | Diff Loss 0.3265
Epoch 17 | Batch 2000 | Diff Loss 0.3536
Epoch 17 | Batch 2100 | Diff Loss 0.3537
Epoch 17 | Batch 2200 | Diff Loss 0.3403
Epoch 17 | Batch 2300 | Diff Loss 0.3580
Epoch 17 | Batch 2400 | Diff Loss 0.3443
Epoch 17 | Batch 2500 | Diff Loss 0.3489
Epoch 17 | Batch 2600 | Diff Loss 0.3463
Epoch 17 Done. Loss: 0.3414. Time: 210.4s
Epoch 18 | Batch 0 | Diff Loss 0.3421
Epoch 18 | Batch 100 | Diff Loss 0.3562
Epoch 18 | Batch 200 | Diff Loss 0.3466
Epoch 18 | Batch 300 | Diff Loss 0.3390
Epoch 18 | Batch 400 | Diff Loss 0.3441
Epoch 18 | Batch 500 | Diff Loss 0.3263
Epoch 18 | Batch 600 | Diff Loss 0.3512
Epoch 18 | Batch 700 | Diff Loss 0.3205
Epoch 18 | Batch 800 | Diff Loss 0.3265
Epoch 18 | Batch 900 | Diff Loss 0.3351
Epoch 18 | Batch 1000 | Diff Loss 0.3497
Epoch 18 | Batch 1100 | Diff Loss 0.3595
Epoch 18 | Batch 1200 | Diff Loss 0.3516
Epoch 18 | Batch 1300 | Diff Loss 0.3531
Epoch 18 | Batch 1400 | Diff Loss 0.3242
Epoch 18 | Batch 1500 | Diff Loss 0.3579
Epoch 18 | Batch 1600 | Diff Loss 0.3374
Epoch 18 | Batch 1700 | Diff Loss 0.3238
Epoch 18 | Batch 1800 | Diff Loss 0.3269
Epoch 18 | Batch 1900 | Diff Loss 0.3445
Epoch 18 | Batch 2000 | Diff Loss 0.3333
Epoch 18 | Batch 2100 | Diff Loss 0.3569
Epoch 18 | Batch 2200 | Diff Loss 0.3414
Epoch 18 | Batch 2300 | Diff Loss 0.3153
Epoch 18 | Batch 2400 | Diff Loss 0.3344
Epoch 18 | Batch 2500 | Diff Loss 0.3355
Epoch 18 | Batch 2600 | Diff Loss 0.3566
Epoch 18 Done. Loss: 0.3378. Time: 224.5s
Epoch 19 | Batch 0 | Diff Loss 0.3680
Epoch 19 | Batch 100 | Diff Loss 0.3462
Epoch 19 | Batch 200 | Diff Loss 0.3186
Epoch 19 | Batch 300 | Diff Loss 0.3516
Epoch 19 | Batch 400 | Diff Loss 0.3559
Epoch 19 | Batch 500 | Diff Loss 0.3244
Epoch 19 | Batch 600 | Diff Loss 0.3447
Epoch 19 | Batch 700 | Diff Loss 0.3340
Epoch 19 | Batch 800 | Diff Loss 0.3263
Epoch 19 | Batch 900 | Diff Loss 0.3395
Epoch 19 | Batch 1000 | Diff Loss 0.3288
Epoch 19 | Batch 1100 | Diff Loss 0.3380
Epoch 19 | Batch 1200 | Diff Loss 0.3366
Epoch 19 | Batch 1300 | Diff Loss 0.3387
Epoch 19 | Batch 1400 | Diff Loss 0.3276
Epoch 19 | Batch 1500 | Diff Loss 0.3531
Epoch 19 | Batch 1600 | Diff Loss 0.3139
Epoch 19 | Batch 1700 | Diff Loss 0.3485
Epoch 19 | Batch 1800 | Diff Loss 0.3371
Epoch 19 | Batch 1900 | Diff Loss 0.3338
Epoch 19 | Batch 2000 | Diff Loss 0.3350
Epoch 19 | Batch 2100 | Diff Loss 0.3215
Epoch 19 | Batch 2200 | Diff Loss 0.3137
Epoch 19 | Batch 2300 | Diff Loss 0.3388
Epoch 19 | Batch 2400 | Diff Loss 0.3445
Epoch 19 | Batch 2500 | Diff Loss 0.3485
Epoch 19 | Batch 2600 | Diff Loss 0.3045
Epoch 19 Done. Loss: 0.3350. Time: 217.0s
Epoch 20 | Batch 0 | Diff Loss 0.3339
Epoch 20 | Batch 100 | Diff Loss 0.3421
Epoch 20 | Batch 200 | Diff Loss 0.3470
Epoch 20 | Batch 300 | Diff Loss 0.3302
Epoch 20 | Batch 400 | Diff Loss 0.3227
Epoch 20 | Batch 500 | Diff Loss 0.3786
Epoch 20 | Batch 600 | Diff Loss 0.3387
Epoch 20 | Batch 700 | Diff Loss 0.3483
Epoch 20 | Batch 800 | Diff Loss 0.3325
Epoch 20 | Batch 900 | Diff Loss 0.3335
Epoch 20 | Batch 1000 | Diff Loss 0.3277
Epoch 20 | Batch 1100 | Diff Loss 0.3110
Epoch 20 | Batch 1200 | Diff Loss 0.3425
Epoch 20 | Batch 1300 | Diff Loss 0.3293
Epoch 20 | Batch 1400 | Diff Loss 0.3266
Epoch 20 | Batch 1500 | Diff Loss 0.3313
Epoch 20 | Batch 1600 | Diff Loss 0.3324
Epoch 20 | Batch 1700 | Diff Loss 0.3288
Epoch 20 | Batch 1800 | Diff Loss 0.3148
Epoch 20 | Batch 1900 | Diff Loss 0.3202
Epoch 20 | Batch 2000 | Diff Loss 0.3088
Epoch 20 | Batch 2100 | Diff Loss 0.3171
Epoch 20 | Batch 2200 | Diff Loss 0.3216
Epoch 20 | Batch 2300 | Diff Loss 0.3364
Epoch 20 | Batch 2400 | Diff Loss 0.3303
Epoch 20 | Batch 2500 | Diff Loss 0.3542
Epoch 20 | Batch 2600 | Diff Loss 0.3439
Epoch 20 Done. Loss: 0.3321. Time: 219.8s
Epoch 21 | Batch 0 | Diff Loss 0.3319
Epoch 21 | Batch 100 | Diff Loss 0.3281
Epoch 21 | Batch 200 | Diff Loss 0.3253
Epoch 21 | Batch 300 | Diff Loss 0.3137
Epoch 21 | Batch 400 | Diff Loss 0.3417
Epoch 21 | Batch 500 | Diff Loss 0.3304
Epoch 21 | Batch 600 | Diff Loss 0.3398
Epoch 21 | Batch 700 | Diff Loss 0.3330
Epoch 21 | Batch 800 | Diff Loss 0.3408
Epoch 21 | Batch 900 | Diff Loss 0.3240
Epoch 21 | Batch 1000 | Diff Loss 0.3157
Epoch 21 | Batch 1100 | Diff Loss 0.3141
Epoch 21 | Batch 1200 | Diff Loss 0.3365
Epoch 21 | Batch 1300 | Diff Loss 0.3236
Epoch 21 | Batch 1400 | Diff Loss 0.3221
Epoch 21 | Batch 1500 | Diff Loss 0.3255
Epoch 21 | Batch 1600 | Diff Loss 0.3062
Epoch 21 | Batch 1700 | Diff Loss 0.3375
Epoch 21 | Batch 1800 | Diff Loss 0.3382
Epoch 21 | Batch 1900 | Diff Loss 0.3218
Epoch 21 | Batch 2000 | Diff Loss 0.3187
Epoch 21 | Batch 2100 | Diff Loss 0.3378
Epoch 21 | Batch 2200 | Diff Loss 0.3460
Epoch 21 | Batch 2300 | Diff Loss 0.3291
Epoch 21 | Batch 2400 | Diff Loss 0.3276
Epoch 21 | Batch 2500 | Diff Loss 0.3198
Epoch 21 | Batch 2600 | Diff Loss 0.3162
Epoch 21 Done. Loss: 0.3296. Time: 209.4s
Epoch 22 | Batch 0 | Diff Loss 0.3288
Epoch 22 | Batch 100 | Diff Loss 0.3109
Epoch 22 | Batch 200 | Diff Loss 0.3354
Epoch 22 | Batch 300 | Diff Loss 0.3148
Epoch 22 | Batch 400 | Diff Loss 0.3291
Epoch 22 | Batch 500 | Diff Loss 0.3523
Epoch 22 | Batch 600 | Diff Loss 0.3339
Epoch 22 | Batch 700 | Diff Loss 0.3513
Epoch 22 | Batch 800 | Diff Loss 0.3232
Epoch 22 | Batch 900 | Diff Loss 0.3279
Epoch 22 | Batch 1000 | Diff Loss 0.3207
Epoch 22 | Batch 1100 | Diff Loss 0.3505
Epoch 22 | Batch 1200 | Diff Loss 0.3369
Epoch 22 | Batch 1300 | Diff Loss 0.3206
Epoch 22 | Batch 1400 | Diff Loss 0.3143
Epoch 22 | Batch 1500 | Diff Loss 0.3385
Epoch 22 | Batch 1600 | Diff Loss 0.3273
Epoch 22 | Batch 1700 | Diff Loss 0.3280
Epoch 22 | Batch 1800 | Diff Loss 0.3365
Epoch 22 | Batch 1900 | Diff Loss 0.3241
Epoch 22 | Batch 2000 | Diff Loss 0.2898
Epoch 22 | Batch 2100 | Diff Loss 0.3231
Epoch 22 | Batch 2200 | Diff Loss 0.3037
Epoch 22 | Batch 2300 | Diff Loss 0.3301
Epoch 22 | Batch 2400 | Diff Loss 0.3303
Epoch 22 | Batch 2500 | Diff Loss 0.3263
Epoch 22 | Batch 2600 | Diff Loss 0.3344
Epoch 22 Done. Loss: 0.3275. Time: 210.2s
Epoch 23 | Batch 0 | Diff Loss 0.3221
Epoch 23 | Batch 100 | Diff Loss 0.3303
Epoch 23 | Batch 200 | Diff Loss 0.3178
Epoch 23 | Batch 300 | Diff Loss 0.3210
Epoch 23 | Batch 400 | Diff Loss 0.3159
Epoch 23 | Batch 500 | Diff Loss 0.3427
Epoch 23 | Batch 600 | Diff Loss 0.3436
Epoch 23 | Batch 700 | Diff Loss 0.3448
Epoch 23 | Batch 800 | Diff Loss 0.3442
Epoch 23 | Batch 900 | Diff Loss 0.3174
Epoch 23 | Batch 1000 | Diff Loss 0.3221
Epoch 23 | Batch 1100 | Diff Loss 0.3372
Epoch 23 | Batch 1200 | Diff Loss 0.3224
Epoch 23 | Batch 1300 | Diff Loss 0.3061
Epoch 23 | Batch 1400 | Diff Loss 0.3105
Epoch 23 | Batch 1500 | Diff Loss 0.3398
Epoch 23 | Batch 1600 | Diff Loss 0.3485
Epoch 23 | Batch 1700 | Diff Loss 0.3129
Epoch 23 | Batch 1800 | Diff Loss 0.2975
Epoch 23 | Batch 1900 | Diff Loss 0.3199
Epoch 23 | Batch 2000 | Diff Loss 0.3225
Epoch 23 | Batch 2100 | Diff Loss 0.3123
Epoch 23 | Batch 2200 | Diff Loss 0.3193
Epoch 23 | Batch 2300 | Diff Loss 0.3310
Epoch 23 | Batch 2400 | Diff Loss 0.3211
Epoch 23 | Batch 2500 | Diff Loss 0.3095
Epoch 23 | Batch 2600 | Diff Loss 0.3219
Epoch 23 Done. Loss: 0.3254. Time: 217.7s
Epoch 24 | Batch 0 | Diff Loss 0.3242
Epoch 24 | Batch 100 | Diff Loss 0.3223
Epoch 24 | Batch 200 | Diff Loss 0.3235
Epoch 24 | Batch 300 | Diff Loss 0.3180
Epoch 24 | Batch 400 | Diff Loss 0.3396
Epoch 24 | Batch 500 | Diff Loss 0.3241
Epoch 24 | Batch 600 | Diff Loss 0.3240
Epoch 24 | Batch 700 | Diff Loss 0.3279
Epoch 24 | Batch 800 | Diff Loss 0.3314
Epoch 24 | Batch 900 | Diff Loss 0.3223
Epoch 24 | Batch 1000 | Diff Loss 0.3402
Epoch 24 | Batch 1100 | Diff Loss 0.3149
Epoch 24 | Batch 1200 | Diff Loss 0.3409
Epoch 24 | Batch 1300 | Diff Loss 0.3127
Epoch 24 | Batch 1400 | Diff Loss 0.3394
Epoch 24 | Batch 1500 | Diff Loss 0.3435
Epoch 24 | Batch 1600 | Diff Loss 0.3392
Epoch 24 | Batch 1700 | Diff Loss 0.3195
Epoch 24 | Batch 1800 | Diff Loss 0.3440
Epoch 24 | Batch 1900 | Diff Loss 0.3282
Epoch 24 | Batch 2000 | Diff Loss 0.3039
Epoch 24 | Batch 2100 | Diff Loss 0.3211
Epoch 24 | Batch 2200 | Diff Loss 0.3301
Epoch 24 | Batch 2300 | Diff Loss 0.3096
Epoch 24 | Batch 2400 | Diff Loss 0.3073
Epoch 24 | Batch 2500 | Diff Loss 0.3014
Epoch 24 | Batch 2600 | Diff Loss 0.3096
Epoch 24 Done. Loss: 0.3232. Time: 212.2s
Epoch 25 | Batch 0 | Diff Loss 0.3311
Epoch 25 | Batch 100 | Diff Loss 0.3247
Epoch 25 | Batch 200 | Diff Loss 0.3102
Epoch 25 | Batch 300 | Diff Loss 0.3036
Epoch 25 | Batch 400 | Diff Loss 0.3095
Epoch 25 | Batch 500 | Diff Loss 0.3290
Epoch 25 | Batch 600 | Diff Loss 0.3344
Epoch 25 | Batch 700 | Diff Loss 0.3101
Epoch 25 | Batch 800 | Diff Loss 0.3368
Epoch 25 | Batch 900 | Diff Loss 0.3303
Epoch 25 | Batch 1000 | Diff Loss 0.3218
Epoch 25 | Batch 1100 | Diff Loss 0.3170
Epoch 25 | Batch 1200 | Diff Loss 0.3032
Epoch 25 | Batch 1300 | Diff Loss 0.3335
Epoch 25 | Batch 1400 | Diff Loss 0.3070
Epoch 25 | Batch 1500 | Diff Loss 0.3261
Epoch 25 | Batch 1600 | Diff Loss 0.3264
Epoch 25 | Batch 1700 | Diff Loss 0.3059
Epoch 25 | Batch 1800 | Diff Loss 0.3185
Epoch 25 | Batch 1900 | Diff Loss 0.3137
Epoch 25 | Batch 2000 | Diff Loss 0.3141
Epoch 25 | Batch 2100 | Diff Loss 0.3366
Epoch 25 | Batch 2200 | Diff Loss 0.3347
Epoch 25 | Batch 2300 | Diff Loss 0.3260
Epoch 25 | Batch 2400 | Diff Loss 0.3127
Epoch 25 | Batch 2500 | Diff Loss 0.3124
Epoch 25 | Batch 2600 | Diff Loss 0.3245
Epoch 25 Done. Loss: 0.3213. Time: 209.8s
Epoch 26 | Batch 0 | Diff Loss 0.3504
Epoch 26 | Batch 100 | Diff Loss 0.3057
Epoch 26 | Batch 200 | Diff Loss 0.3075
Epoch 26 | Batch 300 | Diff Loss 0.3159
Epoch 26 | Batch 400 | Diff Loss 0.3287
Epoch 26 | Batch 500 | Diff Loss 0.3369
Epoch 26 | Batch 600 | Diff Loss 0.3104
Epoch 26 | Batch 700 | Diff Loss 0.3048
Epoch 26 | Batch 800 | Diff Loss 0.3125
Epoch 26 | Batch 900 | Diff Loss 0.3085
Epoch 26 | Batch 1000 | Diff Loss 0.3200
Epoch 26 | Batch 1100 | Diff Loss 0.3212
Epoch 26 | Batch 1200 | Diff Loss 0.3174
Epoch 26 | Batch 1300 | Diff Loss 0.3105
Epoch 26 | Batch 1400 | Diff Loss 0.3320
Epoch 26 | Batch 1500 | Diff Loss 0.3049
Epoch 26 | Batch 1600 | Diff Loss 0.3110
Epoch 26 | Batch 1700 | Diff Loss 0.3361
Epoch 26 | Batch 1800 | Diff Loss 0.3201
Epoch 26 | Batch 1900 | Diff Loss 0.3319
Epoch 26 | Batch 2000 | Diff Loss 0.3078
Epoch 26 | Batch 2100 | Diff Loss 0.3265
Epoch 26 | Batch 2200 | Diff Loss 0.3080
Epoch 26 | Batch 2300 | Diff Loss 0.3307
Epoch 26 | Batch 2400 | Diff Loss 0.3053
Epoch 26 | Batch 2500 | Diff Loss 0.3340
Epoch 26 | Batch 2600 | Diff Loss 0.3166
Epoch 26 Done. Loss: 0.3200. Time: 220.1s
Epoch 27 | Batch 0 | Diff Loss 0.3181
Epoch 27 | Batch 100 | Diff Loss 0.3289
Epoch 27 | Batch 200 | Diff Loss 0.3419
Epoch 27 | Batch 300 | Diff Loss 0.3006
Epoch 27 | Batch 400 | Diff Loss 0.3268
Epoch 27 | Batch 500 | Diff Loss 0.3245
Epoch 27 | Batch 600 | Diff Loss 0.3122
Epoch 27 | Batch 700 | Diff Loss 0.3202
Epoch 27 | Batch 800 | Diff Loss 0.3265
Epoch 27 | Batch 900 | Diff Loss 0.3167
Epoch 27 | Batch 1000 | Diff Loss 0.2899
Epoch 27 | Batch 1100 | Diff Loss 0.3258
Epoch 27 | Batch 1200 | Diff Loss 0.3378
Epoch 27 | Batch 1300 | Diff Loss 0.3191
Epoch 27 | Batch 1400 | Diff Loss 0.3165
Epoch 27 | Batch 1500 | Diff Loss 0.3025
Epoch 27 | Batch 1600 | Diff Loss 0.3243
Epoch 27 | Batch 1700 | Diff Loss 0.3208
Epoch 27 | Batch 1800 | Diff Loss 0.2932
Epoch 27 | Batch 1900 | Diff Loss 0.3327
Epoch 27 | Batch 2000 | Diff Loss 0.3244
Epoch 27 | Batch 2100 | Diff Loss 0.3382
Epoch 27 | Batch 2200 | Diff Loss 0.3323
Epoch 27 | Batch 2300 | Diff Loss 0.3172
Epoch 27 | Batch 2400 | Diff Loss 0.3029
Epoch 27 | Batch 2500 | Diff Loss 0.3411
Epoch 27 | Batch 2600 | Diff Loss 0.2954
Epoch 27 Done. Loss: 0.3185. Time: 210.1s
Epoch 28 | Batch 0 | Diff Loss 0.3273
Epoch 28 | Batch 100 | Diff Loss 0.2997
Epoch 28 | Batch 200 | Diff Loss 0.3243
Epoch 28 | Batch 300 | Diff Loss 0.3158
Epoch 28 | Batch 400 | Diff Loss 0.3119
Epoch 28 | Batch 500 | Diff Loss 0.3304
Epoch 28 | Batch 600 | Diff Loss 0.2972
Epoch 28 | Batch 700 | Diff Loss 0.3314
Epoch 28 | Batch 800 | Diff Loss 0.3177
Epoch 28 | Batch 900 | Diff Loss 0.3044
Epoch 28 | Batch 1000 | Diff Loss 0.3234
Epoch 28 | Batch 1100 | Diff Loss 0.3221
Epoch 28 | Batch 1200 | Diff Loss 0.3280
Epoch 28 | Batch 1300 | Diff Loss 0.3296
Epoch 28 | Batch 1400 | Diff Loss 0.2861
Epoch 28 | Batch 1500 | Diff Loss 0.3117
Epoch 28 | Batch 1600 | Diff Loss 0.3254
Epoch 28 | Batch 1700 | Diff Loss 0.3000
Epoch 28 | Batch 1800 | Diff Loss 0.3218
Epoch 28 | Batch 1900 | Diff Loss 0.3093
Epoch 28 | Batch 2000 | Diff Loss 0.3068
Epoch 28 | Batch 2100 | Diff Loss 0.3057
Epoch 28 | Batch 2200 | Diff Loss 0.3055
Epoch 28 | Batch 2300 | Diff Loss 0.3299
Epoch 28 | Batch 2400 | Diff Loss 0.3083
Epoch 28 | Batch 2500 | Diff Loss 0.3176
Epoch 28 | Batch 2600 | Diff Loss 0.3396
Epoch 28 Done. Loss: 0.3173. Time: 223.7s
Epoch 29 | Batch 0 | Diff Loss 0.3298
Epoch 29 | Batch 100 | Diff Loss 0.3222
Epoch 29 | Batch 200 | Diff Loss 0.2957
Epoch 29 | Batch 300 | Diff Loss 0.3286
Epoch 29 | Batch 400 | Diff Loss 0.3394
Epoch 29 | Batch 500 | Diff Loss 0.3123
Epoch 29 | Batch 600 | Diff Loss 0.3220
Epoch 29 | Batch 700 | Diff Loss 0.3188
Epoch 29 | Batch 800 | Diff Loss 0.3342
Epoch 29 | Batch 900 | Diff Loss 0.3175
Epoch 29 | Batch 1000 | Diff Loss 0.3256
Epoch 29 | Batch 1100 | Diff Loss 0.3116
Epoch 29 | Batch 1200 | Diff Loss 0.3045
Epoch 29 | Batch 1300 | Diff Loss 0.3269
Epoch 29 | Batch 1400 | Diff Loss 0.2983
Epoch 29 | Batch 1500 | Diff Loss 0.3040
Epoch 29 | Batch 1600 | Diff Loss 0.3004
Epoch 29 | Batch 1700 | Diff Loss 0.3105
Epoch 29 | Batch 1800 | Diff Loss 0.3212
Epoch 29 | Batch 1900 | Diff Loss 0.3337
Epoch 29 | Batch 2000 | Diff Loss 0.3115
Epoch 29 | Batch 2100 | Diff Loss 0.3187
Epoch 29 | Batch 2200 | Diff Loss 0.3186
Epoch 29 | Batch 2300 | Diff Loss 0.3055
Epoch 29 | Batch 2400 | Diff Loss 0.3102
Epoch 29 | Batch 2500 | Diff Loss 0.2907
Epoch 29 | Batch 2600 | Diff Loss 0.2990
Epoch 29 Done. Loss: 0.3153. Time: 210.1s
Epoch 30 | Batch 0 | Diff Loss 0.3077
Epoch 30 | Batch 100 | Diff Loss 0.3166
Epoch 30 | Batch 200 | Diff Loss 0.3114
Epoch 30 | Batch 300 | Diff Loss 0.3085
Epoch 30 | Batch 400 | Diff Loss 0.3427
Epoch 30 | Batch 500 | Diff Loss 0.3137
Epoch 30 | Batch 600 | Diff Loss 0.3170
Epoch 30 | Batch 700 | Diff Loss 0.3212
Epoch 30 | Batch 800 | Diff Loss 0.3324
Epoch 30 | Batch 900 | Diff Loss 0.3038
Epoch 30 | Batch 1000 | Diff Loss 0.3454
Epoch 30 | Batch 1100 | Diff Loss 0.3109
Epoch 30 | Batch 1200 | Diff Loss 0.3008
Epoch 30 | Batch 1300 | Diff Loss 0.3319
Epoch 30 | Batch 1400 | Diff Loss 0.2930
Epoch 30 | Batch 1500 | Diff Loss 0.3233
Epoch 30 | Batch 1600 | Diff Loss 0.3232
Epoch 30 | Batch 1700 | Diff Loss 0.3115
Epoch 30 | Batch 1800 | Diff Loss 0.3137
Epoch 30 | Batch 1900 | Diff Loss 0.3427
Epoch 30 | Batch 2000 | Diff Loss 0.2862
Epoch 30 | Batch 2100 | Diff Loss 0.3089
Epoch 30 | Batch 2200 | Diff Loss 0.3233
Epoch 30 | Batch 2300 | Diff Loss 0.3443
Epoch 30 | Batch 2400 | Diff Loss 0.3176
Epoch 30 | Batch 2500 | Diff Loss 0.3239
Epoch 30 | Batch 2600 | Diff Loss 0.3045
Epoch 30 Done. Loss: 0.3144. Time: 210.0s
Epoch 31 | Batch 0 | Diff Loss 0.3262
Epoch 31 | Batch 100 | Diff Loss 0.3067
Epoch 31 | Batch 200 | Diff Loss 0.3077
Epoch 31 | Batch 300 | Diff Loss 0.3039
Epoch 31 | Batch 400 | Diff Loss 0.3116
Epoch 31 | Batch 500 | Diff Loss 0.3378
Epoch 31 | Batch 600 | Diff Loss 0.3210
Epoch 31 | Batch 700 | Diff Loss 0.3207
Epoch 31 | Batch 800 | Diff Loss 0.3163
Epoch 31 | Batch 900 | Diff Loss 0.3090
Epoch 31 | Batch 1000 | Diff Loss 0.3144
Epoch 31 | Batch 1100 | Diff Loss 0.3028
Epoch 31 | Batch 1200 | Diff Loss 0.3117
Epoch 31 | Batch 1300 | Diff Loss 0.3158
Epoch 31 | Batch 1400 | Diff Loss 0.2921
Epoch 31 | Batch 1500 | Diff Loss 0.3441
Epoch 31 | Batch 1600 | Diff Loss 0.3153
Epoch 31 | Batch 1700 | Diff Loss 0.3020
Epoch 31 | Batch 1800 | Diff Loss 0.3117
Epoch 31 | Batch 1900 | Diff Loss 0.3083
Epoch 31 | Batch 2000 | Diff Loss 0.3056
Epoch 31 | Batch 2100 | Diff Loss 0.3074
Epoch 31 | Batch 2200 | Diff Loss 0.3171
Epoch 31 | Batch 2300 | Diff Loss 0.3181
Epoch 31 | Batch 2400 | Diff Loss 0.3059
Epoch 31 | Batch 2500 | Diff Loss 0.3086
Epoch 31 | Batch 2600 | Diff Loss 0.3281
Epoch 31 Done. Loss: 0.3132. Time: 223.5s
Epoch 32 | Batch 0 | Diff Loss 0.3070
Epoch 32 | Batch 100 | Diff Loss 0.3096
Epoch 32 | Batch 200 | Diff Loss 0.3190
Epoch 32 | Batch 300 | Diff Loss 0.3294
Epoch 32 | Batch 400 | Diff Loss 0.3481
Epoch 32 | Batch 500 | Diff Loss 0.3157
Epoch 32 | Batch 600 | Diff Loss 0.3047
Epoch 32 | Batch 700 | Diff Loss 0.3097
Epoch 32 | Batch 800 | Diff Loss 0.3143
Epoch 32 | Batch 900 | Diff Loss 0.3144
Epoch 32 | Batch 1000 | Diff Loss 0.3122
Epoch 32 | Batch 1100 | Diff Loss 0.3160
Epoch 32 | Batch 1200 | Diff Loss 0.3223
Epoch 32 | Batch 1300 | Diff Loss 0.3109
Epoch 32 | Batch 1400 | Diff Loss 0.3183
Epoch 32 | Batch 1500 | Diff Loss 0.3406
Epoch 32 | Batch 1600 | Diff Loss 0.3274
Epoch 32 | Batch 1700 | Diff Loss 0.3257
Epoch 32 | Batch 1800 | Diff Loss 0.2946
Epoch 32 | Batch 1900 | Diff Loss 0.3282
Epoch 32 | Batch 2000 | Diff Loss 0.3188
Epoch 32 | Batch 2100 | Diff Loss 0.3111
Epoch 32 | Batch 2200 | Diff Loss 0.3219
Epoch 32 | Batch 2300 | Diff Loss 0.3460
Epoch 32 | Batch 2400 | Diff Loss 0.3005
Epoch 32 | Batch 2500 | Diff Loss 0.3176
Epoch 32 | Batch 2600 | Diff Loss 0.3172
Epoch 32 Done. Loss: 0.3118. Time: 210.8s
Epoch 33 | Batch 0 | Diff Loss 0.3051
Epoch 33 | Batch 100 | Diff Loss 0.3177
Epoch 33 | Batch 200 | Diff Loss 0.3411
Epoch 33 | Batch 300 | Diff Loss 0.3085
Epoch 33 | Batch 400 | Diff Loss 0.3195
Epoch 33 | Batch 500 | Diff Loss 0.3065
Epoch 33 | Batch 600 | Diff Loss 0.3164
Epoch 33 | Batch 700 | Diff Loss 0.3002
Epoch 33 | Batch 800 | Diff Loss 0.3190
Epoch 33 | Batch 900 | Diff Loss 0.3097
Epoch 33 | Batch 1000 | Diff Loss 0.3068
Epoch 33 | Batch 1100 | Diff Loss 0.3099
Epoch 33 | Batch 1200 | Diff Loss 0.2969
Epoch 33 | Batch 1300 | Diff Loss 0.2899
Epoch 33 | Batch 1400 | Diff Loss 0.3286
Epoch 33 | Batch 1500 | Diff Loss 0.3213
Epoch 33 | Batch 1600 | Diff Loss 0.3231
Epoch 33 | Batch 1700 | Diff Loss 0.3230
Epoch 33 | Batch 1800 | Diff Loss 0.3262
Epoch 33 | Batch 1900 | Diff Loss 0.2952
Epoch 33 | Batch 2000 | Diff Loss 0.3068
Epoch 33 | Batch 2100 | Diff Loss 0.2936
Epoch 33 | Batch 2200 | Diff Loss 0.3130
Epoch 33 | Batch 2300 | Diff Loss 0.2860
Epoch 33 | Batch 2400 | Diff Loss 0.3139
Epoch 33 | Batch 2500 | Diff Loss 0.3204
Epoch 33 | Batch 2600 | Diff Loss 0.3211
Epoch 33 Done. Loss: 0.3105. Time: 227.9s
Epoch 34 | Batch 0 | Diff Loss 0.3087
Epoch 34 | Batch 100 | Diff Loss 0.3069
Epoch 34 | Batch 200 | Diff Loss 0.3144
Epoch 34 | Batch 300 | Diff Loss 0.3002
Epoch 34 | Batch 400 | Diff Loss 0.2985
Epoch 34 | Batch 500 | Diff Loss 0.3024
Epoch 34 | Batch 600 | Diff Loss 0.3040
Epoch 34 | Batch 700 | Diff Loss 0.3079
Epoch 34 | Batch 800 | Diff Loss 0.3317
Epoch 34 | Batch 900 | Diff Loss 0.3033
Epoch 34 | Batch 1000 | Diff Loss 0.3217
Epoch 34 | Batch 1100 | Diff Loss 0.3208
Epoch 34 | Batch 1200 | Diff Loss 0.3143
Epoch 34 | Batch 1300 | Diff Loss 0.3094
Epoch 34 | Batch 1400 | Diff Loss 0.3168
Epoch 34 | Batch 1500 | Diff Loss 0.3192
Epoch 34 | Batch 1600 | Diff Loss 0.3086
Epoch 34 | Batch 1700 | Diff Loss 0.3004
Epoch 34 | Batch 1800 | Diff Loss 0.3021
Epoch 34 | Batch 1900 | Diff Loss 0.2968
Epoch 34 | Batch 2000 | Diff Loss 0.2934
Epoch 34 | Batch 2100 | Diff Loss 0.3060
Epoch 34 | Batch 2200 | Diff Loss 0.3074
Epoch 34 | Batch 2300 | Diff Loss 0.3478
Epoch 34 | Batch 2400 | Diff Loss 0.3182
Epoch 34 | Batch 2500 | Diff Loss 0.2999
Epoch 34 | Batch 2600 | Diff Loss 0.3036
Epoch 34 Done. Loss: 0.3096. Time: 212.6s
Epoch 35 | Batch 0 | Diff Loss 0.3179
Epoch 35 | Batch 100 | Diff Loss 0.2977
Epoch 35 | Batch 200 | Diff Loss 0.2892
Epoch 35 | Batch 300 | Diff Loss 0.2901
Epoch 35 | Batch 400 | Diff Loss 0.3115
Epoch 35 | Batch 500 | Diff Loss 0.2828
Epoch 35 | Batch 600 | Diff Loss 0.3050
Epoch 35 | Batch 700 | Diff Loss 0.2966
Epoch 35 | Batch 800 | Diff Loss 0.2941
Epoch 35 | Batch 900 | Diff Loss 0.2900
Epoch 35 | Batch 1000 | Diff Loss 0.3038
Epoch 35 | Batch 1100 | Diff Loss 0.3131
Epoch 35 | Batch 1200 | Diff Loss 0.2962
Epoch 35 | Batch 1300 | Diff Loss 0.3093
Epoch 35 | Batch 1400 | Diff Loss 0.2939
Epoch 35 | Batch 1500 | Diff Loss 0.3100
Epoch 35 | Batch 1600 | Diff Loss 0.3046
Epoch 35 | Batch 1700 | Diff Loss 0.3100
Epoch 35 | Batch 1800 | Diff Loss 0.2916
Epoch 35 | Batch 1900 | Diff Loss 0.3262
Epoch 35 | Batch 2000 | Diff Loss 0.3179
Epoch 35 | Batch 2100 | Diff Loss 0.3173
Epoch 35 | Batch 2200 | Diff Loss 0.2975
Epoch 35 | Batch 2300 | Diff Loss 0.3153
Epoch 35 | Batch 2400 | Diff Loss 0.3138
Epoch 35 | Batch 2500 | Diff Loss 0.2911
Epoch 35 | Batch 2600 | Diff Loss 0.3080
Epoch 35 Done. Loss: 0.3085. Time: 212.1s
Epoch 36 | Batch 0 | Diff Loss 0.2971
Epoch 36 | Batch 100 | Diff Loss 0.3179
Epoch 36 | Batch 200 | Diff Loss 0.3208
Epoch 36 | Batch 300 | Diff Loss 0.3211
Epoch 36 | Batch 400 | Diff Loss 0.3083
Epoch 36 | Batch 500 | Diff Loss 0.3096
Epoch 36 | Batch 600 | Diff Loss 0.2686
Epoch 36 | Batch 700 | Diff Loss 0.3072
Epoch 36 | Batch 800 | Diff Loss 0.2957
Epoch 36 | Batch 900 | Diff Loss 0.3174
Epoch 36 | Batch 1000 | Diff Loss 0.3326
Epoch 36 | Batch 1100 | Diff Loss 0.3089
Epoch 36 | Batch 1200 | Diff Loss 0.3092
Epoch 36 | Batch 1300 | Diff Loss 0.3183
Epoch 36 | Batch 1400 | Diff Loss 0.3058
Epoch 36 | Batch 1500 | Diff Loss 0.2946
Epoch 36 | Batch 1600 | Diff Loss 0.3072
Epoch 36 | Batch 1700 | Diff Loss 0.3164
Epoch 36 | Batch 1800 | Diff Loss 0.3158
Epoch 36 | Batch 1900 | Diff Loss 0.2970
Epoch 36 | Batch 2000 | Diff Loss 0.3038
Epoch 36 | Batch 2100 | Diff Loss 0.3040
Epoch 36 | Batch 2200 | Diff Loss 0.3012
Epoch 36 | Batch 2300 | Diff Loss 0.3130
Epoch 36 | Batch 2400 | Diff Loss 0.3238
Epoch 36 | Batch 2500 | Diff Loss 0.3276
Epoch 36 | Batch 2600 | Diff Loss 0.3229
Epoch 36 Done. Loss: 0.3076. Time: 222.3s
Epoch 37 | Batch 0 | Diff Loss 0.3097
Epoch 37 | Batch 100 | Diff Loss 0.3012
Epoch 37 | Batch 200 | Diff Loss 0.3289
Epoch 37 | Batch 300 | Diff Loss 0.3165
Epoch 37 | Batch 400 | Diff Loss 0.3059
Epoch 37 | Batch 500 | Diff Loss 0.3188
Epoch 37 | Batch 600 | Diff Loss 0.3109
Epoch 37 | Batch 700 | Diff Loss 0.2962
Epoch 37 | Batch 800 | Diff Loss 0.2992
Epoch 37 | Batch 900 | Diff Loss 0.3040
Epoch 37 | Batch 1000 | Diff Loss 0.3094
Epoch 37 | Batch 1100 | Diff Loss 0.2952
Epoch 37 | Batch 1200 | Diff Loss 0.3202
Epoch 37 | Batch 1300 | Diff Loss 0.2995
Epoch 37 | Batch 1400 | Diff Loss 0.3177
Epoch 37 | Batch 1500 | Diff Loss 0.3024
Epoch 37 | Batch 1600 | Diff Loss 0.3046
Epoch 37 | Batch 1700 | Diff Loss 0.2980
Epoch 37 | Batch 1800 | Diff Loss 0.3174
Epoch 37 | Batch 1900 | Diff Loss 0.3086
Epoch 37 | Batch 2000 | Diff Loss 0.2838
Epoch 37 | Batch 2100 | Diff Loss 0.2990
Epoch 37 | Batch 2200 | Diff Loss 0.3235
Epoch 37 | Batch 2300 | Diff Loss 0.3072
Epoch 37 | Batch 2400 | Diff Loss 0.3046
Epoch 37 | Batch 2500 | Diff Loss 0.3060
Epoch 37 | Batch 2600 | Diff Loss 0.2992
Epoch 37 Done. Loss: 0.3065. Time: 210.8s
Epoch 38 | Batch 0 | Diff Loss 0.3048
Epoch 38 | Batch 100 | Diff Loss 0.2929
Epoch 38 | Batch 200 | Diff Loss 0.3209
Epoch 38 | Batch 300 | Diff Loss 0.3051
Epoch 38 | Batch 400 | Diff Loss 0.3020
Epoch 38 | Batch 500 | Diff Loss 0.2854
Epoch 38 | Batch 600 | Diff Loss 0.3138
Epoch 38 | Batch 700 | Diff Loss 0.3013
Epoch 38 | Batch 800 | Diff Loss 0.3334
Epoch 38 | Batch 900 | Diff Loss 0.3299
Epoch 38 | Batch 1000 | Diff Loss 0.2882
Epoch 38 | Batch 1100 | Diff Loss 0.3056
Epoch 38 | Batch 1200 | Diff Loss 0.2966
Epoch 38 | Batch 1300 | Diff Loss 0.2963
Epoch 38 | Batch 1400 | Diff Loss 0.2846
Epoch 38 | Batch 1500 | Diff Loss 0.3087
Epoch 38 | Batch 1600 | Diff Loss 0.3169
Epoch 38 | Batch 1700 | Diff Loss 0.3058
Epoch 38 | Batch 1800 | Diff Loss 0.2954
Epoch 38 | Batch 1900 | Diff Loss 0.3187
Epoch 38 | Batch 2000 | Diff Loss 0.3244
Epoch 38 | Batch 2100 | Diff Loss 0.3216
Epoch 38 | Batch 2200 | Diff Loss 0.3095
Epoch 38 | Batch 2300 | Diff Loss 0.3103
Epoch 38 | Batch 2400 | Diff Loss 0.3231
Epoch 38 | Batch 2500 | Diff Loss 0.3070
Epoch 38 | Batch 2600 | Diff Loss 0.2948
Epoch 38 Done. Loss: 0.3054. Time: 218.6s
Epoch 39 | Batch 0 | Diff Loss 0.3112
Epoch 39 | Batch 100 | Diff Loss 0.2953
Epoch 39 | Batch 200 | Diff Loss 0.3247
Epoch 39 | Batch 300 | Diff Loss 0.2914
Epoch 39 | Batch 400 | Diff Loss 0.3123
Epoch 39 | Batch 500 | Diff Loss 0.3053
Epoch 39 | Batch 600 | Diff Loss 0.2846
Epoch 39 | Batch 700 | Diff Loss 0.2961
Epoch 39 | Batch 800 | Diff Loss 0.2988
Epoch 39 | Batch 900 | Diff Loss 0.3086
Epoch 39 | Batch 1000 | Diff Loss 0.2993
Epoch 39 | Batch 1100 | Diff Loss 0.3057
Epoch 39 | Batch 1200 | Diff Loss 0.2774
Epoch 39 | Batch 1300 | Diff Loss 0.3214
Epoch 39 | Batch 1400 | Diff Loss 0.3201
Epoch 39 | Batch 1500 | Diff Loss 0.2948
Epoch 39 | Batch 1600 | Diff Loss 0.2927
Epoch 39 | Batch 1700 | Diff Loss 0.2990
Epoch 39 | Batch 1800 | Diff Loss 0.3024
Epoch 39 | Batch 1900 | Diff Loss 0.3180
Epoch 39 | Batch 2000 | Diff Loss 0.3154
Epoch 39 | Batch 2100 | Diff Loss 0.3186
Epoch 39 | Batch 2200 | Diff Loss 0.3064
Epoch 39 | Batch 2300 | Diff Loss 0.3021
Epoch 39 | Batch 2400 | Diff Loss 0.3022
Epoch 39 | Batch 2500 | Diff Loss 0.3246
Epoch 39 | Batch 2600 | Diff Loss 0.3231
Epoch 39 Done. Loss: 0.3047. Time: 221.2s
Epoch 40 | Batch 0 | Diff Loss 0.3238
Epoch 40 | Batch 100 | Diff Loss 0.3015
Epoch 40 | Batch 200 | Diff Loss 0.3094
Epoch 40 | Batch 300 | Diff Loss 0.3212
Epoch 40 | Batch 400 | Diff Loss 0.3188
Epoch 40 | Batch 500 | Diff Loss 0.2800
Epoch 40 | Batch 600 | Diff Loss 0.3182
Epoch 40 | Batch 700 | Diff Loss 0.3038
Epoch 40 | Batch 800 | Diff Loss 0.2807
Epoch 40 | Batch 900 | Diff Loss 0.2956
Epoch 40 | Batch 1000 | Diff Loss 0.2860
Epoch 40 | Batch 1100 | Diff Loss 0.3055
Epoch 40 | Batch 1200 | Diff Loss 0.3091
Epoch 40 | Batch 1300 | Diff Loss 0.3006
Epoch 40 | Batch 1400 | Diff Loss 0.3030
Epoch 40 | Batch 1500 | Diff Loss 0.3115
Epoch 40 | Batch 1600 | Diff Loss 0.2926
Epoch 40 | Batch 1700 | Diff Loss 0.3009
Epoch 40 | Batch 1800 | Diff Loss 0.2941
Epoch 40 | Batch 1900 | Diff Loss 0.3062
Epoch 40 | Batch 2000 | Diff Loss 0.3195
Epoch 40 | Batch 2100 | Diff Loss 0.3061
Epoch 40 | Batch 2200 | Diff Loss 0.3089
Epoch 40 | Batch 2300 | Diff Loss 0.2801
Epoch 40 | Batch 2400 | Diff Loss 0.3027
Epoch 40 | Batch 2500 | Diff Loss 0.3272
Epoch 40 | Batch 2600 | Diff Loss 0.2978
Epoch 40 Done. Loss: 0.3039. Time: 210.0s
Epoch 41 | Batch 0 | Diff Loss 0.2898
Epoch 41 | Batch 100 | Diff Loss 0.2974
Epoch 41 | Batch 200 | Diff Loss 0.2932
Epoch 41 | Batch 300 | Diff Loss 0.3072
Epoch 41 | Batch 400 | Diff Loss 0.3077
Epoch 41 | Batch 500 | Diff Loss 0.2919
Epoch 41 | Batch 600 | Diff Loss 0.3022
Epoch 41 | Batch 700 | Diff Loss 0.2957
Epoch 41 | Batch 800 | Diff Loss 0.2911
Epoch 41 | Batch 900 | Diff Loss 0.3153
Epoch 41 | Batch 1000 | Diff Loss 0.3264
Epoch 41 | Batch 1100 | Diff Loss 0.2832
Epoch 41 | Batch 1200 | Diff Loss 0.3098
Epoch 41 | Batch 1300 | Diff Loss 0.2952
Epoch 41 | Batch 1400 | Diff Loss 0.3103
Epoch 41 | Batch 1500 | Diff Loss 0.3002
Epoch 41 | Batch 1600 | Diff Loss 0.3178
Epoch 41 | Batch 1700 | Diff Loss 0.3138
Epoch 41 | Batch 1800 | Diff Loss 0.3132
Epoch 41 | Batch 1900 | Diff Loss 0.2920
Epoch 41 | Batch 2000 | Diff Loss 0.2996
Epoch 41 | Batch 2100 | Diff Loss 0.3100
Epoch 41 | Batch 2200 | Diff Loss 0.3008
Epoch 41 | Batch 2300 | Diff Loss 0.3096
Epoch 41 | Batch 2400 | Diff Loss 0.3179
Epoch 41 | Batch 2500 | Diff Loss 0.2993
Epoch 41 | Batch 2600 | Diff Loss 0.3066
Epoch 41 Done. Loss: 0.3030. Time: 214.6s
Epoch 42 | Batch 0 | Diff Loss 0.3034
Epoch 42 | Batch 100 | Diff Loss 0.2923
Epoch 42 | Batch 200 | Diff Loss 0.2851
Epoch 42 | Batch 300 | Diff Loss 0.3085
Epoch 42 | Batch 400 | Diff Loss 0.2955
Epoch 42 | Batch 500 | Diff Loss 0.2933
Epoch 42 | Batch 600 | Diff Loss 0.3104
Epoch 42 | Batch 700 | Diff Loss 0.2984
Epoch 42 | Batch 800 | Diff Loss 0.2823
Epoch 42 | Batch 900 | Diff Loss 0.3003
Epoch 42 | Batch 1000 | Diff Loss 0.3028
Epoch 42 | Batch 1100 | Diff Loss 0.3047
Epoch 42 | Batch 1200 | Diff Loss 0.2914
Epoch 42 | Batch 1300 | Diff Loss 0.2973
Epoch 42 | Batch 1400 | Diff Loss 0.3019
Epoch 42 | Batch 1500 | Diff Loss 0.3086
Epoch 42 | Batch 1600 | Diff Loss 0.2946
Epoch 42 | Batch 1700 | Diff Loss 0.2995
Epoch 42 | Batch 1800 | Diff Loss 0.3032
Epoch 42 | Batch 1900 | Diff Loss 0.3053
Epoch 42 | Batch 2000 | Diff Loss 0.3118
Epoch 42 | Batch 2100 | Diff Loss 0.2837
Epoch 42 | Batch 2200 | Diff Loss 0.2896
Epoch 42 | Batch 2300 | Diff Loss 0.3038
Epoch 42 | Batch 2400 | Diff Loss 0.3159
Epoch 42 | Batch 2500 | Diff Loss 0.3077
Epoch 42 | Batch 2600 | Diff Loss 0.3028
Epoch 42 Done. Loss: 0.3022. Time: 211.1s
Epoch 43 | Batch 0 | Diff Loss 0.2976
Epoch 43 | Batch 100 | Diff Loss 0.3078
Epoch 43 | Batch 200 | Diff Loss 0.3015
Epoch 43 | Batch 300 | Diff Loss 0.2966
Epoch 43 | Batch 400 | Diff Loss 0.3016
Epoch 43 | Batch 500 | Diff Loss 0.3072
Epoch 43 | Batch 600 | Diff Loss 0.3100
Epoch 43 | Batch 700 | Diff Loss 0.2952
Epoch 43 | Batch 800 | Diff Loss 0.2923
Epoch 43 | Batch 900 | Diff Loss 0.2936
Epoch 43 | Batch 1000 | Diff Loss 0.2975
Epoch 43 | Batch 1100 | Diff Loss 0.3024
Epoch 43 | Batch 1200 | Diff Loss 0.3125
Epoch 43 | Batch 1300 | Diff Loss 0.2971
Epoch 43 | Batch 1400 | Diff Loss 0.2991
Epoch 43 | Batch 1500 | Diff Loss 0.2992
Epoch 43 | Batch 1600 | Diff Loss 0.3205
Epoch 43 | Batch 1700 | Diff Loss 0.3037
Epoch 43 | Batch 1800 | Diff Loss 0.2967
Epoch 43 | Batch 1900 | Diff Loss 0.2900
Epoch 43 | Batch 2000 | Diff Loss 0.3070
Epoch 43 | Batch 2100 | Diff Loss 0.3028
Epoch 43 | Batch 2200 | Diff Loss 0.2868
Epoch 43 | Batch 2300 | Diff Loss 0.3183
Epoch 43 | Batch 2400 | Diff Loss 0.3038
Epoch 43 | Batch 2500 | Diff Loss 0.3061
Epoch 43 | Batch 2600 | Diff Loss 0.3040
Epoch 43 Done. Loss: 0.3016. Time: 211.4s
Epoch 44 | Batch 0 | Diff Loss 0.3037
Epoch 44 | Batch 100 | Diff Loss 0.3136
Epoch 44 | Batch 200 | Diff Loss 0.2969
Epoch 44 | Batch 300 | Diff Loss 0.3144
Epoch 44 | Batch 400 | Diff Loss 0.3210
Epoch 44 | Batch 500 | Diff Loss 0.3050
Epoch 44 | Batch 600 | Diff Loss 0.2958
Epoch 44 | Batch 700 | Diff Loss 0.2818
Epoch 44 | Batch 800 | Diff Loss 0.2952
Epoch 44 | Batch 900 | Diff Loss 0.2946
Epoch 44 | Batch 1000 | Diff Loss 0.3118
Epoch 44 | Batch 1100 | Diff Loss 0.3136
Epoch 44 | Batch 1200 | Diff Loss 0.3012
Epoch 44 | Batch 1300 | Diff Loss 0.2805
Epoch 44 | Batch 1400 | Diff Loss 0.3080
Epoch 44 | Batch 1500 | Diff Loss 0.2830
Epoch 44 | Batch 1600 | Diff Loss 0.3172
Epoch 44 | Batch 1700 | Diff Loss 0.2905
Epoch 44 | Batch 1800 | Diff Loss 0.3086
Epoch 44 | Batch 1900 | Diff Loss 0.2902
Epoch 44 | Batch 2000 | Diff Loss 0.2938
Epoch 44 | Batch 2100 | Diff Loss 0.3022
Epoch 44 | Batch 2200 | Diff Loss 0.2819
Epoch 44 | Batch 2300 | Diff Loss 0.2942
Epoch 44 | Batch 2400 | Diff Loss 0.3309
Epoch 44 | Batch 2500 | Diff Loss 0.2951
Epoch 44 | Batch 2600 | Diff Loss 0.2882
Epoch 44 Done. Loss: 0.3008. Time: 218.2s
Epoch 45 | Batch 0 | Diff Loss 0.2979
Epoch 45 | Batch 100 | Diff Loss 0.2951
Epoch 45 | Batch 200 | Diff Loss 0.3014
Epoch 45 | Batch 300 | Diff Loss 0.2776
Epoch 45 | Batch 400 | Diff Loss 0.2894
Epoch 45 | Batch 500 | Diff Loss 0.2791
Epoch 45 | Batch 600 | Diff Loss 0.2918
Epoch 45 | Batch 700 | Diff Loss 0.3096
Epoch 45 | Batch 800 | Diff Loss 0.3130
Epoch 45 | Batch 900 | Diff Loss 0.3039
Epoch 45 | Batch 1000 | Diff Loss 0.3004
Epoch 45 | Batch 1100 | Diff Loss 0.2966
Epoch 45 | Batch 1200 | Diff Loss 0.2909
Epoch 45 | Batch 1300 | Diff Loss 0.3211
Epoch 45 | Batch 1400 | Diff Loss 0.2854
Epoch 45 | Batch 1500 | Diff Loss 0.3017
Epoch 45 | Batch 1600 | Diff Loss 0.3078
Epoch 45 | Batch 1700 | Diff Loss 0.2993
Epoch 45 | Batch 1800 | Diff Loss 0.2986
Epoch 45 | Batch 1900 | Diff Loss 0.3010
Epoch 45 | Batch 2000 | Diff Loss 0.3014
Epoch 45 | Batch 2100 | Diff Loss 0.3012
Epoch 45 | Batch 2200 | Diff Loss 0.2783
Epoch 45 | Batch 2300 | Diff Loss 0.3106
Epoch 45 | Batch 2400 | Diff Loss 0.2982
Epoch 45 | Batch 2500 | Diff Loss 0.3030
Epoch 45 | Batch 2600 | Diff Loss 0.3047
Epoch 45 Done. Loss: 0.3000. Time: 220.7s
Epoch 46 | Batch 0 | Diff Loss 0.2857
Epoch 46 | Batch 100 | Diff Loss 0.2855
Epoch 46 | Batch 200 | Diff Loss 0.2899
Epoch 46 | Batch 300 | Diff Loss 0.3197
Epoch 46 | Batch 400 | Diff Loss 0.3085
Epoch 46 | Batch 500 | Diff Loss 0.3011
Epoch 46 | Batch 600 | Diff Loss 0.3044
Epoch 46 | Batch 700 | Diff Loss 0.3168
Epoch 46 | Batch 800 | Diff Loss 0.3117
Epoch 46 | Batch 900 | Diff Loss 0.3143
Epoch 46 | Batch 1000 | Diff Loss 0.3009
Epoch 46 | Batch 1100 | Diff Loss 0.3123
Epoch 46 | Batch 1200 | Diff Loss 0.3181
Epoch 46 | Batch 1300 | Diff Loss 0.3000
Epoch 46 | Batch 1400 | Diff Loss 0.2943
Epoch 46 | Batch 1500 | Diff Loss 0.2998
Epoch 46 | Batch 1600 | Diff Loss 0.3010
Epoch 46 | Batch 1700 | Diff Loss 0.2998
Epoch 46 | Batch 1800 | Diff Loss 0.3069
Epoch 46 | Batch 1900 | Diff Loss 0.3052
Epoch 46 | Batch 2000 | Diff Loss 0.2935
Epoch 46 | Batch 2100 | Diff Loss 0.3196
Epoch 46 | Batch 2200 | Diff Loss 0.2955
Epoch 46 | Batch 2300 | Diff Loss 0.3361
Epoch 46 | Batch 2400 | Diff Loss 0.3301
Epoch 46 | Batch 2500 | Diff Loss 0.2780
Epoch 46 | Batch 2600 | Diff Loss 0.2760
Epoch 46 Done. Loss: 0.2994. Time: 224.9s
Epoch 47 | Batch 0 | Diff Loss 0.3199
Epoch 47 | Batch 100 | Diff Loss 0.3000
Epoch 47 | Batch 200 | Diff Loss 0.3119
Epoch 47 | Batch 300 | Diff Loss 0.2994
Epoch 47 | Batch 400 | Diff Loss 0.2873
Epoch 47 | Batch 500 | Diff Loss 0.2866
Epoch 47 | Batch 600 | Diff Loss 0.2837
Epoch 47 | Batch 700 | Diff Loss 0.3208
Epoch 47 | Batch 800 | Diff Loss 0.3082
Epoch 47 | Batch 900 | Diff Loss 0.2922
Epoch 47 | Batch 1000 | Diff Loss 0.2927
Epoch 47 | Batch 1100 | Diff Loss 0.3029
Epoch 47 | Batch 1200 | Diff Loss 0.3047
Epoch 47 | Batch 1300 | Diff Loss 0.3078
Epoch 47 | Batch 1400 | Diff Loss 0.2890
Epoch 47 | Batch 1500 | Diff Loss 0.2919
Epoch 47 | Batch 1600 | Diff Loss 0.2927
Epoch 47 | Batch 1700 | Diff Loss 0.2940
Epoch 47 | Batch 1800 | Diff Loss 0.2918
Epoch 47 | Batch 1900 | Diff Loss 0.2947
Epoch 47 | Batch 2000 | Diff Loss 0.3135
Epoch 47 | Batch 2100 | Diff Loss 0.3065
Epoch 47 | Batch 2200 | Diff Loss 0.3053
Epoch 47 | Batch 2300 | Diff Loss 0.2891
Epoch 47 | Batch 2400 | Diff Loss 0.2912
Epoch 47 | Batch 2500 | Diff Loss 0.3000
Epoch 47 | Batch 2600 | Diff Loss 0.3139
Epoch 47 Done. Loss: 0.2990. Time: 221.5s
Epoch 48 | Batch 0 | Diff Loss 0.3182
Epoch 48 | Batch 100 | Diff Loss 0.2834
Epoch 48 | Batch 200 | Diff Loss 0.2797
Epoch 48 | Batch 300 | Diff Loss 0.3104
Epoch 48 | Batch 400 | Diff Loss 0.3017
Epoch 48 | Batch 500 | Diff Loss 0.3112
Epoch 48 | Batch 600 | Diff Loss 0.2847
Epoch 48 | Batch 700 | Diff Loss 0.2931
Epoch 48 | Batch 800 | Diff Loss 0.3144
Epoch 48 | Batch 900 | Diff Loss 0.2915
Epoch 48 | Batch 1000 | Diff Loss 0.2876
Epoch 48 | Batch 1100 | Diff Loss 0.2941
Epoch 48 | Batch 1200 | Diff Loss 0.2899
Epoch 48 | Batch 1300 | Diff Loss 0.3013
Epoch 48 | Batch 1400 | Diff Loss 0.3023
Epoch 48 | Batch 1500 | Diff Loss 0.2865
Epoch 48 | Batch 1600 | Diff Loss 0.3005
Epoch 48 | Batch 1700 | Diff Loss 0.2980
Epoch 48 | Batch 1800 | Diff Loss 0.3120
Epoch 48 | Batch 1900 | Diff Loss 0.2950
Epoch 48 | Batch 2000 | Diff Loss 0.2911
Epoch 48 | Batch 2100 | Diff Loss 0.2834
Epoch 48 | Batch 2200 | Diff Loss 0.3238
Epoch 48 | Batch 2300 | Diff Loss 0.3212
Epoch 48 | Batch 2400 | Diff Loss 0.2962
Epoch 48 | Batch 2500 | Diff Loss 0.3091
Epoch 48 | Batch 2600 | Diff Loss 0.3002
Epoch 48 Done. Loss: 0.2980. Time: 213.4s
Epoch 49 | Batch 0 | Diff Loss 0.2935
Epoch 49 | Batch 100 | Diff Loss 0.2961
Epoch 49 | Batch 200 | Diff Loss 0.3080
Epoch 49 | Batch 300 | Diff Loss 0.3281
Epoch 49 | Batch 400 | Diff Loss 0.2915
Epoch 49 | Batch 500 | Diff Loss 0.2980
Epoch 49 | Batch 600 | Diff Loss 0.2992
Epoch 49 | Batch 700 | Diff Loss 0.2923
Epoch 49 | Batch 800 | Diff Loss 0.2896
Epoch 49 | Batch 900 | Diff Loss 0.3030
Epoch 49 | Batch 1000 | Diff Loss 0.2628
Epoch 49 | Batch 1100 | Diff Loss 0.3011
Epoch 49 | Batch 1200 | Diff Loss 0.2891
Epoch 49 | Batch 1300 | Diff Loss 0.3026
Epoch 49 | Batch 1400 | Diff Loss 0.3166
Epoch 49 | Batch 1500 | Diff Loss 0.3077
Epoch 49 | Batch 1600 | Diff Loss 0.2848
Epoch 49 | Batch 1700 | Diff Loss 0.3038
Epoch 49 | Batch 1800 | Diff Loss 0.3010
Epoch 49 | Batch 1900 | Diff Loss 0.3040
Epoch 49 | Batch 2000 | Diff Loss 0.2887
Epoch 49 | Batch 2100 | Diff Loss 0.3031
Epoch 49 | Batch 2200 | Diff Loss 0.2934
Epoch 49 | Batch 2300 | Diff Loss 0.3029
Epoch 49 | Batch 2400 | Diff Loss 0.3062
Epoch 49 | Batch 2500 | Diff Loss 0.3175
Epoch 49 | Batch 2600 | Diff Loss 0.2877
Epoch 49 Done. Loss: 0.2975. Time: 213.8s
Epoch 50 | Batch 0 | Diff Loss 0.3064
Epoch 50 | Batch 100 | Diff Loss 0.3042
Epoch 50 | Batch 200 | Diff Loss 0.2949
Epoch 50 | Batch 300 | Diff Loss 0.2952
Epoch 50 | Batch 400 | Diff Loss 0.2755
Epoch 50 | Batch 500 | Diff Loss 0.2976
Epoch 50 | Batch 600 | Diff Loss 0.3065
Epoch 50 | Batch 700 | Diff Loss 0.3173
Epoch 50 | Batch 800 | Diff Loss 0.3063
Epoch 50 | Batch 900 | Diff Loss 0.3064
Epoch 50 | Batch 1000 | Diff Loss 0.2830
Epoch 50 | Batch 1100 | Diff Loss 0.2907
Epoch 50 | Batch 1200 | Diff Loss 0.3027
Epoch 50 | Batch 1300 | Diff Loss 0.2800
Epoch 50 | Batch 1400 | Diff Loss 0.2625
Epoch 50 | Batch 1500 | Diff Loss 0.3058
Epoch 50 | Batch 1600 | Diff Loss 0.2973
Epoch 50 | Batch 1700 | Diff Loss 0.2832
Epoch 50 | Batch 1800 | Diff Loss 0.3076
Epoch 50 | Batch 1900 | Diff Loss 0.3108
Epoch 50 | Batch 2000 | Diff Loss 0.3059
Epoch 50 | Batch 2100 | Diff Loss 0.2775
Epoch 50 | Batch 2200 | Diff Loss 0.2944
Epoch 50 | Batch 2300 | Diff Loss 0.2924
Epoch 50 | Batch 2400 | Diff Loss 0.2910
Epoch 50 | Batch 2500 | Diff Loss 0.2906
Epoch 50 | Batch 2600 | Diff Loss 0.2989
Epoch 50 Done. Loss: 0.2970. Time: 222.5s
Epoch 51 | Batch 0 | Diff Loss 0.3103
Epoch 51 | Batch 100 | Diff Loss 0.2919
Epoch 51 | Batch 200 | Diff Loss 0.2726
Epoch 51 | Batch 300 | Diff Loss 0.2961
Epoch 51 | Batch 400 | Diff Loss 0.2948
Epoch 51 | Batch 500 | Diff Loss 0.2799
Epoch 51 | Batch 600 | Diff Loss 0.3005
Epoch 51 | Batch 700 | Diff Loss 0.2963
Epoch 51 | Batch 800 | Diff Loss 0.2777
Epoch 51 | Batch 900 | Diff Loss 0.3113
Epoch 51 | Batch 1000 | Diff Loss 0.2913
Epoch 51 | Batch 1100 | Diff Loss 0.2879
Epoch 51 | Batch 1200 | Diff Loss 0.3047
Epoch 51 | Batch 1300 | Diff Loss 0.2945
Epoch 51 | Batch 1400 | Diff Loss 0.3038
Epoch 51 | Batch 1500 | Diff Loss 0.2725
Epoch 51 | Batch 1600 | Diff Loss 0.2949
Epoch 51 | Batch 1700 | Diff Loss 0.3252
Epoch 51 | Batch 1800 | Diff Loss 0.2948
Epoch 51 | Batch 1900 | Diff Loss 0.2859
Epoch 51 | Batch 2000 | Diff Loss 0.2757
Epoch 51 | Batch 2100 | Diff Loss 0.3160
Epoch 51 | Batch 2200 | Diff Loss 0.2863
Epoch 51 | Batch 2300 | Diff Loss 0.3020
Epoch 51 | Batch 2400 | Diff Loss 0.2903
Epoch 51 | Batch 2500 | Diff Loss 0.2829
Epoch 51 | Batch 2600 | Diff Loss 0.2913
Epoch 51 Done. Loss: 0.2964. Time: 211.3s
Epoch 52 | Batch 0 | Diff Loss 0.2854
Epoch 52 | Batch 100 | Diff Loss 0.3119
Epoch 52 | Batch 200 | Diff Loss 0.2953
Epoch 52 | Batch 300 | Diff Loss 0.3056
Epoch 52 | Batch 400 | Diff Loss 0.3020
Epoch 52 | Batch 500 | Diff Loss 0.2849
Epoch 52 | Batch 600 | Diff Loss 0.2899
Epoch 52 | Batch 700 | Diff Loss 0.2904
Epoch 52 | Batch 800 | Diff Loss 0.3057
Epoch 52 | Batch 900 | Diff Loss 0.2895
Epoch 52 | Batch 1000 | Diff Loss 0.2998
Epoch 52 | Batch 1100 | Diff Loss 0.3057
Epoch 52 | Batch 1200 | Diff Loss 0.3004
Epoch 52 | Batch 1300 | Diff Loss 0.3009
Epoch 52 | Batch 1400 | Diff Loss 0.2818
Epoch 52 | Batch 1500 | Diff Loss 0.2937
Epoch 52 | Batch 1600 | Diff Loss 0.2975
Epoch 52 | Batch 1700 | Diff Loss 0.2953
Epoch 52 | Batch 1800 | Diff Loss 0.2926
Epoch 52 | Batch 1900 | Diff Loss 0.2961
Epoch 52 | Batch 2000 | Diff Loss 0.2952
Epoch 52 | Batch 2100 | Diff Loss 0.3223
Epoch 52 | Batch 2200 | Diff Loss 0.2979
Epoch 52 | Batch 2300 | Diff Loss 0.3111
Epoch 52 | Batch 2400 | Diff Loss 0.3038
Epoch 52 | Batch 2500 | Diff Loss 0.3068
Epoch 52 | Batch 2600 | Diff Loss 0.2967
Epoch 52 Done. Loss: 0.2961. Time: 220.0s
Epoch 53 | Batch 0 | Diff Loss 0.2935
Epoch 53 | Batch 100 | Diff Loss 0.3058
Epoch 53 | Batch 200 | Diff Loss 0.2845
Epoch 53 | Batch 300 | Diff Loss 0.2763
Epoch 53 | Batch 400 | Diff Loss 0.2882
Epoch 53 | Batch 500 | Diff Loss 0.3114
Epoch 53 | Batch 600 | Diff Loss 0.3248
Epoch 53 | Batch 700 | Diff Loss 0.2983
Epoch 53 | Batch 800 | Diff Loss 0.2849
Epoch 53 | Batch 900 | Diff Loss 0.3187
Epoch 53 | Batch 1000 | Diff Loss 0.2959
Epoch 53 | Batch 1100 | Diff Loss 0.2761
Epoch 53 | Batch 1200 | Diff Loss 0.3018
Epoch 53 | Batch 1300 | Diff Loss 0.2811
Epoch 53 | Batch 1400 | Diff Loss 0.2707
Epoch 53 | Batch 1500 | Diff Loss 0.2885
Epoch 53 | Batch 1600 | Diff Loss 0.2975
Epoch 53 | Batch 1700 | Diff Loss 0.2815
Epoch 53 | Batch 1800 | Diff Loss 0.3089
Epoch 53 | Batch 1900 | Diff Loss 0.2965
Epoch 53 | Batch 2000 | Diff Loss 0.2732
Epoch 53 | Batch 2100 | Diff Loss 0.2916
Epoch 53 | Batch 2200 | Diff Loss 0.3039
Epoch 53 | Batch 2300 | Diff Loss 0.3116
Epoch 53 | Batch 2400 | Diff Loss 0.3053
Epoch 53 | Batch 2500 | Diff Loss 0.2906
Epoch 53 | Batch 2600 | Diff Loss 0.3033
Epoch 53 Done. Loss: 0.2949. Time: 208.3s
Epoch 54 | Batch 0 | Diff Loss 0.3066
Epoch 54 | Batch 100 | Diff Loss 0.3006
Epoch 54 | Batch 200 | Diff Loss 0.2753
Epoch 54 | Batch 300 | Diff Loss 0.2669
Epoch 54 | Batch 400 | Diff Loss 0.2911
Epoch 54 | Batch 500 | Diff Loss 0.3017
Epoch 54 | Batch 600 | Diff Loss 0.2915
Epoch 54 | Batch 700 | Diff Loss 0.3175
Epoch 54 | Batch 800 | Diff Loss 0.2899
Epoch 54 | Batch 900 | Diff Loss 0.3066
Epoch 54 | Batch 1000 | Diff Loss 0.2905
Epoch 54 | Batch 1100 | Diff Loss 0.3012
Epoch 54 | Batch 1200 | Diff Loss 0.2851
Epoch 54 | Batch 1300 | Diff Loss 0.3119
Epoch 54 | Batch 1400 | Diff Loss 0.2921
Epoch 54 | Batch 1500 | Diff Loss 0.2970
Epoch 54 | Batch 1600 | Diff Loss 0.2993
Epoch 54 | Batch 1700 | Diff Loss 0.3071
Epoch 54 | Batch 1800 | Diff Loss 0.2919
Epoch 54 | Batch 1900 | Diff Loss 0.3041
Epoch 54 | Batch 2000 | Diff Loss 0.2943
Epoch 54 | Batch 2100 | Diff Loss 0.2947
Epoch 54 | Batch 2200 | Diff Loss 0.2860
Epoch 54 | Batch 2300 | Diff Loss 0.2939
Epoch 54 | Batch 2400 | Diff Loss 0.2823
Epoch 54 | Batch 2500 | Diff Loss 0.2995
Epoch 54 | Batch 2600 | Diff Loss 0.2954
Epoch 54 Done. Loss: 0.2944. Time: 222.7s
Epoch 55 | Batch 0 | Diff Loss 0.2883
Epoch 55 | Batch 100 | Diff Loss 0.3035
Epoch 55 | Batch 200 | Diff Loss 0.2824
Epoch 55 | Batch 300 | Diff Loss 0.2958
Epoch 55 | Batch 400 | Diff Loss 0.2999
Epoch 55 | Batch 500 | Diff Loss 0.3123
Epoch 55 | Batch 600 | Diff Loss 0.3007
Epoch 55 | Batch 700 | Diff Loss 0.3019
Epoch 55 | Batch 800 | Diff Loss 0.2866
Epoch 55 | Batch 900 | Diff Loss 0.2883
Epoch 55 | Batch 1000 | Diff Loss 0.3126
Epoch 55 | Batch 1100 | Diff Loss 0.2922
Epoch 55 | Batch 1200 | Diff Loss 0.3072
Epoch 55 | Batch 1300 | Diff Loss 0.2860
Epoch 55 | Batch 1400 | Diff Loss 0.3020
Epoch 55 | Batch 1500 | Diff Loss 0.2915
Epoch 55 | Batch 1600 | Diff Loss 0.2848
Epoch 55 | Batch 1700 | Diff Loss 0.2747
Epoch 55 | Batch 1800 | Diff Loss 0.2907
Epoch 55 | Batch 1900 | Diff Loss 0.2928
Epoch 55 | Batch 2000 | Diff Loss 0.3004
Epoch 55 | Batch 2100 | Diff Loss 0.2795
Epoch 55 | Batch 2200 | Diff Loss 0.3068
Epoch 55 | Batch 2300 | Diff Loss 0.2879
Epoch 55 | Batch 2400 | Diff Loss 0.2857
Epoch 55 | Batch 2500 | Diff Loss 0.2753
Epoch 55 | Batch 2600 | Diff Loss 0.2990
Epoch 55 Done. Loss: 0.2942. Time: 216.2s
Epoch 56 | Batch 0 | Diff Loss 0.2924
Epoch 56 | Batch 100 | Diff Loss 0.3011
Epoch 56 | Batch 200 | Diff Loss 0.2831
Epoch 56 | Batch 300 | Diff Loss 0.2934
Epoch 56 | Batch 400 | Diff Loss 0.2975
Epoch 56 | Batch 500 | Diff Loss 0.2931
Epoch 56 | Batch 600 | Diff Loss 0.3096
Epoch 56 | Batch 700 | Diff Loss 0.2824
Epoch 56 | Batch 800 | Diff Loss 0.2998
Epoch 56 | Batch 900 | Diff Loss 0.2868
Epoch 56 | Batch 1000 | Diff Loss 0.2756
Epoch 56 | Batch 1100 | Diff Loss 0.2811
Epoch 56 | Batch 1200 | Diff Loss 0.2879
Epoch 56 | Batch 1300 | Diff Loss 0.2797
Epoch 56 | Batch 1400 | Diff Loss 0.3098
Epoch 56 | Batch 1500 | Diff Loss 0.2801
Epoch 56 | Batch 1600 | Diff Loss 0.3031
Epoch 56 | Batch 1700 | Diff Loss 0.2916
Epoch 56 | Batch 1800 | Diff Loss 0.2985
Epoch 56 | Batch 1900 | Diff Loss 0.3008
Epoch 56 | Batch 2000 | Diff Loss 0.2849
Epoch 56 | Batch 2100 | Diff Loss 0.2874
Epoch 56 | Batch 2200 | Diff Loss 0.2900
Epoch 56 | Batch 2300 | Diff Loss 0.3036
Epoch 56 | Batch 2400 | Diff Loss 0.3062
Epoch 56 | Batch 2500 | Diff Loss 0.2836
Epoch 56 | Batch 2600 | Diff Loss 0.2880
Epoch 56 Done. Loss: 0.2935. Time: 210.3s
Epoch 57 | Batch 0 | Diff Loss 0.3175
Epoch 57 | Batch 100 | Diff Loss 0.3107
Epoch 57 | Batch 200 | Diff Loss 0.2980
Epoch 57 | Batch 300 | Diff Loss 0.2882
Epoch 57 | Batch 400 | Diff Loss 0.2970
Epoch 57 | Batch 500 | Diff Loss 0.2862
Epoch 57 | Batch 600 | Diff Loss 0.2844
Epoch 57 | Batch 700 | Diff Loss 0.3001
Epoch 57 | Batch 800 | Diff Loss 0.3152
Epoch 57 | Batch 900 | Diff Loss 0.2984
Epoch 57 | Batch 1000 | Diff Loss 0.2953
Epoch 57 | Batch 1100 | Diff Loss 0.2807
Epoch 57 | Batch 1200 | Diff Loss 0.2990
Epoch 57 | Batch 1300 | Diff Loss 0.3047
Epoch 57 | Batch 1400 | Diff Loss 0.2892
Epoch 57 | Batch 1500 | Diff Loss 0.2813
Epoch 57 | Batch 1600 | Diff Loss 0.2959
Epoch 57 | Batch 1700 | Diff Loss 0.2943
Epoch 57 | Batch 1800 | Diff Loss 0.3096
Epoch 57 | Batch 1900 | Diff Loss 0.2969
Epoch 57 | Batch 2000 | Diff Loss 0.3090
Epoch 57 | Batch 2100 | Diff Loss 0.2902
Epoch 57 | Batch 2200 | Diff Loss 0.3053
Epoch 57 | Batch 2300 | Diff Loss 0.2669
Epoch 57 | Batch 2400 | Diff Loss 0.2926
Epoch 57 | Batch 2500 | Diff Loss 0.2929
Epoch 57 | Batch 2600 | Diff Loss 0.3012
Epoch 57 Done. Loss: 0.2931. Time: 214.3s
Epoch 58 | Batch 0 | Diff Loss 0.3055
Epoch 58 | Batch 100 | Diff Loss 0.2993
Epoch 58 | Batch 200 | Diff Loss 0.3234
Epoch 58 | Batch 300 | Diff Loss 0.2826
Epoch 58 | Batch 400 | Diff Loss 0.2925
Epoch 58 | Batch 500 | Diff Loss 0.3001
Epoch 58 | Batch 600 | Diff Loss 0.3127
Epoch 58 | Batch 700 | Diff Loss 0.3100
Epoch 58 | Batch 800 | Diff Loss 0.2819
Epoch 58 | Batch 900 | Diff Loss 0.3023
Epoch 58 | Batch 1000 | Diff Loss 0.2886
Epoch 58 | Batch 1100 | Diff Loss 0.2964
Epoch 58 | Batch 1200 | Diff Loss 0.2959
Epoch 58 | Batch 1300 | Diff Loss 0.2980
Epoch 58 | Batch 1400 | Diff Loss 0.3040
Epoch 58 | Batch 1500 | Diff Loss 0.3106
Epoch 58 | Batch 1600 | Diff Loss 0.2886
Epoch 58 | Batch 1700 | Diff Loss 0.2807
Epoch 58 | Batch 1800 | Diff Loss 0.3071
Epoch 58 | Batch 1900 | Diff Loss 0.3177
Epoch 58 | Batch 2000 | Diff Loss 0.2865
Epoch 58 | Batch 2100 | Diff Loss 0.2866
Epoch 58 | Batch 2200 | Diff Loss 0.2870
Epoch 58 | Batch 2300 | Diff Loss 0.2986
Epoch 58 | Batch 2400 | Diff Loss 0.2751
Epoch 58 | Batch 2500 | Diff Loss 0.2763
Epoch 58 | Batch 2600 | Diff Loss 0.2939
Epoch 58 Done. Loss: 0.2927. Time: 221.9s
Epoch 59 | Batch 0 | Diff Loss 0.2949
Epoch 59 | Batch 100 | Diff Loss 0.2701
Epoch 59 | Batch 200 | Diff Loss 0.3004
Epoch 59 | Batch 300 | Diff Loss 0.3007
Epoch 59 | Batch 400 | Diff Loss 0.2922
Epoch 59 | Batch 500 | Diff Loss 0.2816
Epoch 59 | Batch 600 | Diff Loss 0.2864
Epoch 59 | Batch 700 | Diff Loss 0.3130
Epoch 59 | Batch 800 | Diff Loss 0.2863
Epoch 59 | Batch 900 | Diff Loss 0.2883
Epoch 59 | Batch 1000 | Diff Loss 0.2809
Epoch 59 | Batch 1100 | Diff Loss 0.2955
Epoch 59 | Batch 1200 | Diff Loss 0.2679
Epoch 59 | Batch 1300 | Diff Loss 0.2590
Epoch 59 | Batch 1400 | Diff Loss 0.2955
Epoch 59 | Batch 1500 | Diff Loss 0.2854
Epoch 59 | Batch 1600 | Diff Loss 0.2970
Epoch 59 | Batch 1700 | Diff Loss 0.2592
Epoch 59 | Batch 1800 | Diff Loss 0.2806
Epoch 59 | Batch 1900 | Diff Loss 0.2809
Epoch 59 | Batch 2000 | Diff Loss 0.2981
Epoch 59 | Batch 2100 | Diff Loss 0.2754
Epoch 59 | Batch 2200 | Diff Loss 0.2893
Epoch 59 | Batch 2300 | Diff Loss 0.2911
Epoch 59 | Batch 2400 | Diff Loss 0.2797
Epoch 59 | Batch 2500 | Diff Loss 0.3299
Epoch 59 | Batch 2600 | Diff Loss 0.3106
Epoch 59 Done. Loss: 0.2922. Time: 211.9s
Epoch 60 | Batch 0 | Diff Loss 0.2815
Epoch 60 | Batch 100 | Diff Loss 0.2978
Epoch 60 | Batch 200 | Diff Loss 0.2938
Epoch 60 | Batch 300 | Diff Loss 0.2890
Epoch 60 | Batch 400 | Diff Loss 0.2962
Epoch 60 | Batch 500 | Diff Loss 0.2935
Epoch 60 | Batch 600 | Diff Loss 0.2794
Epoch 60 | Batch 700 | Diff Loss 0.2823
Epoch 60 | Batch 800 | Diff Loss 0.2888
Epoch 60 | Batch 900 | Diff Loss 0.2879
Epoch 60 | Batch 1000 | Diff Loss 0.3039
Epoch 60 | Batch 1100 | Diff Loss 0.2749
Epoch 60 | Batch 1200 | Diff Loss 0.2949
Epoch 60 | Batch 1300 | Diff Loss 0.3020
Epoch 60 | Batch 1400 | Diff Loss 0.2935
Epoch 60 | Batch 1500 | Diff Loss 0.2924
Epoch 60 | Batch 1600 | Diff Loss 0.2852
Epoch 60 | Batch 1700 | Diff Loss 0.2825
Epoch 60 | Batch 1800 | Diff Loss 0.2966
Epoch 60 | Batch 1900 | Diff Loss 0.2925
Epoch 60 | Batch 2000 | Diff Loss 0.2876
Epoch 60 | Batch 2100 | Diff Loss 0.2854
Epoch 60 | Batch 2200 | Diff Loss 0.2879
Epoch 60 | Batch 2300 | Diff Loss 0.3091
Epoch 60 | Batch 2400 | Diff Loss 0.3069
Epoch 60 | Batch 2500 | Diff Loss 0.2827
Epoch 60 | Batch 2600 | Diff Loss 0.3024
Epoch 60 Done. Loss: 0.2917. Time: 211.3s
Epoch 61 | Batch 0 | Diff Loss 0.2949
Epoch 61 | Batch 100 | Diff Loss 0.2881
Epoch 61 | Batch 200 | Diff Loss 0.2902
Epoch 61 | Batch 300 | Diff Loss 0.3088
Epoch 61 | Batch 400 | Diff Loss 0.2991
Epoch 61 | Batch 500 | Diff Loss 0.2860
Epoch 61 | Batch 600 | Diff Loss 0.2991
Epoch 61 | Batch 700 | Diff Loss 0.2828
Epoch 61 | Batch 800 | Diff Loss 0.2959
Epoch 61 | Batch 900 | Diff Loss 0.2812
Epoch 61 | Batch 1000 | Diff Loss 0.3007
Epoch 61 | Batch 1100 | Diff Loss 0.2756
Epoch 61 | Batch 1200 | Diff Loss 0.2963
Epoch 61 | Batch 1300 | Diff Loss 0.2875
Epoch 61 | Batch 1400 | Diff Loss 0.2991
Epoch 61 | Batch 1500 | Diff Loss 0.2729
Epoch 61 | Batch 1600 | Diff Loss 0.2829
Epoch 61 | Batch 1700 | Diff Loss 0.2795
Epoch 61 | Batch 1800 | Diff Loss 0.2961
Epoch 61 | Batch 1900 | Diff Loss 0.2875
Epoch 61 | Batch 2000 | Diff Loss 0.2823
Epoch 61 | Batch 2100 | Diff Loss 0.2746
Epoch 61 | Batch 2200 | Diff Loss 0.2756
Epoch 61 | Batch 2300 | Diff Loss 0.2794
Epoch 61 | Batch 2400 | Diff Loss 0.3024
Epoch 61 | Batch 2500 | Diff Loss 0.3011
Epoch 61 | Batch 2600 | Diff Loss 0.3079
Epoch 61 Done. Loss: 0.2917. Time: 225.9s
Epoch 62 | Batch 0 | Diff Loss 0.2853
Epoch 62 | Batch 100 | Diff Loss 0.2865
Epoch 62 | Batch 200 | Diff Loss 0.2826
Epoch 62 | Batch 300 | Diff Loss 0.2718
Epoch 62 | Batch 400 | Diff Loss 0.2942
Epoch 62 | Batch 500 | Diff Loss 0.2965
Epoch 62 | Batch 600 | Diff Loss 0.2596
Epoch 62 | Batch 700 | Diff Loss 0.2713
Epoch 62 | Batch 800 | Diff Loss 0.2953
Epoch 62 | Batch 900 | Diff Loss 0.3034
Epoch 62 | Batch 1000 | Diff Loss 0.3104
Epoch 62 | Batch 1100 | Diff Loss 0.2741
Epoch 62 | Batch 1200 | Diff Loss 0.2892
Epoch 62 | Batch 1300 | Diff Loss 0.2788
Epoch 62 | Batch 1400 | Diff Loss 0.2808
Epoch 62 | Batch 1500 | Diff Loss 0.2819
Epoch 62 | Batch 1600 | Diff Loss 0.2805
Epoch 62 | Batch 1700 | Diff Loss 0.2950
Epoch 62 | Batch 1800 | Diff Loss 0.2900
Epoch 62 | Batch 1900 | Diff Loss 0.2929
Epoch 62 | Batch 2000 | Diff Loss 0.3177
Epoch 62 | Batch 2100 | Diff Loss 0.2816
Epoch 62 | Batch 2200 | Diff Loss 0.2815
Epoch 62 | Batch 2300 | Diff Loss 0.2996
Epoch 62 | Batch 2400 | Diff Loss 0.2973
Epoch 62 | Batch 2500 | Diff Loss 0.3055
Epoch 62 | Batch 2600 | Diff Loss 0.2840
Epoch 62 Done. Loss: 0.2912. Time: 212.2s
Epoch 63 | Batch 0 | Diff Loss 0.2732
Epoch 63 | Batch 100 | Diff Loss 0.2953
Epoch 63 | Batch 200 | Diff Loss 0.2928
Epoch 63 | Batch 300 | Diff Loss 0.2681
Epoch 63 | Batch 400 | Diff Loss 0.2830
Epoch 63 | Batch 500 | Diff Loss 0.2839
Epoch 63 | Batch 600 | Diff Loss 0.2891
Epoch 63 | Batch 700 | Diff Loss 0.2769
Epoch 63 | Batch 800 | Diff Loss 0.2902
Epoch 63 | Batch 900 | Diff Loss 0.2996
Epoch 63 | Batch 1000 | Diff Loss 0.2955
Epoch 63 | Batch 1100 | Diff Loss 0.2879
Epoch 63 | Batch 1200 | Diff Loss 0.2968
Epoch 63 | Batch 1300 | Diff Loss 0.2949
Epoch 63 | Batch 1400 | Diff Loss 0.2904
Epoch 63 | Batch 1500 | Diff Loss 0.2898
Epoch 63 | Batch 1600 | Diff Loss 0.2952
Epoch 63 | Batch 1700 | Diff Loss 0.2908
Epoch 63 | Batch 1800 | Diff Loss 0.2992
Epoch 63 | Batch 1900 | Diff Loss 0.2759
Epoch 63 | Batch 2000 | Diff Loss 0.2889
Epoch 63 | Batch 2100 | Diff Loss 0.2710
Epoch 63 | Batch 2200 | Diff Loss 0.3089
Epoch 63 | Batch 2300 | Diff Loss 0.2785
Epoch 63 | Batch 2400 | Diff Loss 0.2821
Epoch 63 | Batch 2500 | Diff Loss 0.2956
Epoch 63 | Batch 2600 | Diff Loss 0.2885
Epoch 63 Done. Loss: 0.2907. Time: 211.5s
Epoch 64 | Batch 0 | Diff Loss 0.2873
Epoch 64 | Batch 100 | Diff Loss 0.2997
Epoch 64 | Batch 200 | Diff Loss 0.2799
Epoch 64 | Batch 300 | Diff Loss 0.2994
Epoch 64 | Batch 400 | Diff Loss 0.2873
Epoch 64 | Batch 500 | Diff Loss 0.2981
Epoch 64 | Batch 600 | Diff Loss 0.2785
Epoch 64 | Batch 700 | Diff Loss 0.3011
Epoch 64 | Batch 800 | Diff Loss 0.2882
Epoch 64 | Batch 900 | Diff Loss 0.2754
Epoch 64 | Batch 1000 | Diff Loss 0.2922
Epoch 64 | Batch 1100 | Diff Loss 0.3040
Epoch 64 | Batch 1200 | Diff Loss 0.2693
Epoch 64 | Batch 1300 | Diff Loss 0.2770
Epoch 64 | Batch 1400 | Diff Loss 0.3019
Epoch 64 | Batch 1500 | Diff Loss 0.2800
Epoch 64 | Batch 1600 | Diff Loss 0.2865
Epoch 64 | Batch 1700 | Diff Loss 0.2760
Epoch 64 | Batch 1800 | Diff Loss 0.3163
Epoch 64 | Batch 1900 | Diff Loss 0.2939
Epoch 64 | Batch 2000 | Diff Loss 0.2934
Epoch 64 | Batch 2100 | Diff Loss 0.2884
Epoch 64 | Batch 2200 | Diff Loss 0.2885
Epoch 64 | Batch 2300 | Diff Loss 0.2856
Epoch 64 | Batch 2400 | Diff Loss 0.2901
Epoch 64 | Batch 2500 | Diff Loss 0.2895
Epoch 64 | Batch 2600 | Diff Loss 0.2798
Epoch 64 Done. Loss: 0.2902. Time: 223.0s
Epoch 65 | Batch 0 | Diff Loss 0.2673
Epoch 65 | Batch 100 | Diff Loss 0.2849
Epoch 65 | Batch 200 | Diff Loss 0.2934
Epoch 65 | Batch 300 | Diff Loss 0.3118
Epoch 65 | Batch 400 | Diff Loss 0.2892
Epoch 65 | Batch 500 | Diff Loss 0.2821
Epoch 65 | Batch 600 | Diff Loss 0.3025
Epoch 65 | Batch 700 | Diff Loss 0.3048
Epoch 65 | Batch 800 | Diff Loss 0.2816
Epoch 65 | Batch 900 | Diff Loss 0.2904
Epoch 65 | Batch 1000 | Diff Loss 0.2885
Epoch 65 | Batch 1100 | Diff Loss 0.3081
Epoch 65 | Batch 1200 | Diff Loss 0.2888
Epoch 65 | Batch 1300 | Diff Loss 0.2922
Epoch 65 | Batch 1400 | Diff Loss 0.2937
Epoch 65 | Batch 1500 | Diff Loss 0.2898
Epoch 65 | Batch 1600 | Diff Loss 0.3040
Epoch 65 | Batch 1700 | Diff Loss 0.2823
Epoch 65 | Batch 1800 | Diff Loss 0.3006
Epoch 65 | Batch 1900 | Diff Loss 0.2887
Epoch 65 | Batch 2000 | Diff Loss 0.2982
Epoch 65 | Batch 2100 | Diff Loss 0.2834
Epoch 65 | Batch 2200 | Diff Loss 0.2975
Epoch 65 | Batch 2300 | Diff Loss 0.3020
Epoch 65 | Batch 2400 | Diff Loss 0.2786
Epoch 65 | Batch 2500 | Diff Loss 0.3016
Epoch 65 | Batch 2600 | Diff Loss 0.2869
Epoch 65 Done. Loss: 0.2898. Time: 211.1s
Epoch 66 | Batch 0 | Diff Loss 0.2978
Epoch 66 | Batch 100 | Diff Loss 0.2747
Epoch 66 | Batch 200 | Diff Loss 0.2765
Epoch 66 | Batch 300 | Diff Loss 0.3158
Epoch 66 | Batch 400 | Diff Loss 0.2909
Epoch 66 | Batch 500 | Diff Loss 0.2879
Epoch 66 | Batch 600 | Diff Loss 0.2982
Epoch 66 | Batch 700 | Diff Loss 0.3033
Epoch 66 | Batch 800 | Diff Loss 0.2872
Epoch 66 | Batch 900 | Diff Loss 0.2806
Epoch 66 | Batch 1000 | Diff Loss 0.3031
Epoch 66 | Batch 1100 | Diff Loss 0.2954
Epoch 66 | Batch 1200 | Diff Loss 0.2820
Epoch 66 | Batch 1300 | Diff Loss 0.2912
Epoch 66 | Batch 1400 | Diff Loss 0.2966
Epoch 66 | Batch 1500 | Diff Loss 0.3022
Epoch 66 | Batch 1600 | Diff Loss 0.3023
Epoch 66 | Batch 1700 | Diff Loss 0.2883
Epoch 66 | Batch 1800 | Diff Loss 0.3184
Epoch 66 | Batch 1900 | Diff Loss 0.2928
Epoch 66 | Batch 2000 | Diff Loss 0.3091
Epoch 66 | Batch 2100 | Diff Loss 0.2766
Epoch 66 | Batch 2200 | Diff Loss 0.2736
Epoch 66 | Batch 2300 | Diff Loss 0.2865
Epoch 66 | Batch 2400 | Diff Loss 0.3044
Epoch 66 | Batch 2500 | Diff Loss 0.2841
Epoch 66 | Batch 2600 | Diff Loss 0.2771
Epoch 66 Done. Loss: 0.2892. Time: 220.7s
Epoch 67 | Batch 0 | Diff Loss 0.2790
Epoch 67 | Batch 100 | Diff Loss 0.2699
Epoch 67 | Batch 200 | Diff Loss 0.2811
Epoch 67 | Batch 300 | Diff Loss 0.2828
Epoch 67 | Batch 400 | Diff Loss 0.2697
Epoch 67 | Batch 500 | Diff Loss 0.2735
Epoch 67 | Batch 600 | Diff Loss 0.3003
Epoch 67 | Batch 700 | Diff Loss 0.2944
Epoch 67 | Batch 800 | Diff Loss 0.2780
Epoch 67 | Batch 900 | Diff Loss 0.2838
Epoch 67 | Batch 1000 | Diff Loss 0.2987
Epoch 67 | Batch 1100 | Diff Loss 0.3045
Epoch 67 | Batch 1200 | Diff Loss 0.2787
Epoch 67 | Batch 1300 | Diff Loss 0.3066
Epoch 67 | Batch 1400 | Diff Loss 0.3081
Epoch 67 | Batch 1500 | Diff Loss 0.3002
Epoch 67 | Batch 1600 | Diff Loss 0.2893
Epoch 67 | Batch 1700 | Diff Loss 0.3073
Epoch 67 | Batch 1800 | Diff Loss 0.2741
Epoch 67 | Batch 1900 | Diff Loss 0.2890
Epoch 67 | Batch 2000 | Diff Loss 0.3039
Epoch 67 | Batch 2100 | Diff Loss 0.2791
Epoch 67 | Batch 2200 | Diff Loss 0.2902
Epoch 67 | Batch 2300 | Diff Loss 0.2896
Epoch 67 | Batch 2400 | Diff Loss 0.2886
Epoch 67 | Batch 2500 | Diff Loss 0.2865
Epoch 67 | Batch 2600 | Diff Loss 0.2856
Epoch 67 Done. Loss: 0.2887. Time: 220.9s
Epoch 68 | Batch 0 | Diff Loss 0.3074
Epoch 68 | Batch 100 | Diff Loss 0.3014
Epoch 68 | Batch 200 | Diff Loss 0.2968
Epoch 68 | Batch 300 | Diff Loss 0.2857
Epoch 68 | Batch 400 | Diff Loss 0.2797
Epoch 68 | Batch 500 | Diff Loss 0.2902
Epoch 68 | Batch 600 | Diff Loss 0.2909
Epoch 68 | Batch 700 | Diff Loss 0.2847
Epoch 68 | Batch 800 | Diff Loss 0.2846
Epoch 68 | Batch 900 | Diff Loss 0.2866
Epoch 68 | Batch 1000 | Diff Loss 0.2998
Epoch 68 | Batch 1100 | Diff Loss 0.2898
Epoch 68 | Batch 1200 | Diff Loss 0.2951
Epoch 68 | Batch 1300 | Diff Loss 0.2804
Epoch 68 | Batch 1400 | Diff Loss 0.2819
Epoch 68 | Batch 1500 | Diff Loss 0.2825
Epoch 68 | Batch 1600 | Diff Loss 0.2640
Epoch 68 | Batch 1700 | Diff Loss 0.3173
Epoch 68 | Batch 1800 | Diff Loss 0.2735
Epoch 68 | Batch 1900 | Diff Loss 0.2696
Epoch 68 | Batch 2000 | Diff Loss 0.2968
Epoch 68 | Batch 2100 | Diff Loss 0.2954
Epoch 68 | Batch 2200 | Diff Loss 0.2948
Epoch 68 | Batch 2300 | Diff Loss 0.2776
Epoch 68 | Batch 2400 | Diff Loss 0.2913
Epoch 68 | Batch 2500 | Diff Loss 0.2860
Epoch 68 | Batch 2600 | Diff Loss 0.2750
Epoch 68 Done. Loss: 0.2885. Time: 211.4s
Epoch 69 | Batch 0 | Diff Loss 0.2679
Epoch 69 | Batch 100 | Diff Loss 0.2866
Epoch 69 | Batch 200 | Diff Loss 0.2856
Epoch 69 | Batch 300 | Diff Loss 0.2981
Epoch 69 | Batch 400 | Diff Loss 0.2762
Epoch 69 | Batch 500 | Diff Loss 0.3040
Epoch 69 | Batch 600 | Diff Loss 0.2884
Epoch 69 | Batch 700 | Diff Loss 0.2916
Epoch 69 | Batch 800 | Diff Loss 0.3040
Epoch 69 | Batch 900 | Diff Loss 0.3102
Epoch 69 | Batch 1000 | Diff Loss 0.2935
Epoch 69 | Batch 1100 | Diff Loss 0.2766
Epoch 69 | Batch 1200 | Diff Loss 0.2753
Epoch 69 | Batch 1300 | Diff Loss 0.2746
Epoch 69 | Batch 1400 | Diff Loss 0.2891
Epoch 69 | Batch 1500 | Diff Loss 0.3043
Epoch 69 | Batch 1600 | Diff Loss 0.2954
Epoch 69 | Batch 1700 | Diff Loss 0.2941
Epoch 69 | Batch 1800 | Diff Loss 0.2753
Epoch 69 | Batch 1900 | Diff Loss 0.2841
Epoch 69 | Batch 2000 | Diff Loss 0.2872
Epoch 69 | Batch 2100 | Diff Loss 0.2826
Epoch 69 | Batch 2200 | Diff Loss 0.2883
Epoch 69 | Batch 2300 | Diff Loss 0.2922
Epoch 69 | Batch 2400 | Diff Loss 0.2892
Epoch 69 | Batch 2500 | Diff Loss 0.2804
Epoch 69 | Batch 2600 | Diff Loss 0.2780
Epoch 69 Done. Loss: 0.2884. Time: 222.1s
Epoch 70 | Batch 0 | Diff Loss 0.2879
Epoch 70 | Batch 100 | Diff Loss 0.2889
Epoch 70 | Batch 200 | Diff Loss 0.2885
Epoch 70 | Batch 300 | Diff Loss 0.2865
Epoch 70 | Batch 400 | Diff Loss 0.2706
Epoch 70 | Batch 500 | Diff Loss 0.2738
Epoch 70 | Batch 600 | Diff Loss 0.2934
Epoch 70 | Batch 700 | Diff Loss 0.3033
Epoch 70 | Batch 800 | Diff Loss 0.2922
Epoch 70 | Batch 900 | Diff Loss 0.3006
Epoch 70 | Batch 1000 | Diff Loss 0.2886
Epoch 70 | Batch 1100 | Diff Loss 0.2773
Epoch 70 | Batch 1200 | Diff Loss 0.2841
Epoch 70 | Batch 1300 | Diff Loss 0.2886
Epoch 70 | Batch 1400 | Diff Loss 0.2731
Epoch 70 | Batch 1500 | Diff Loss 0.2748
Epoch 70 | Batch 1600 | Diff Loss 0.2869
Epoch 70 | Batch 1700 | Diff Loss 0.2891
Epoch 70 | Batch 1800 | Diff Loss 0.2822
Epoch 70 | Batch 1900 | Diff Loss 0.2800
Epoch 70 | Batch 2000 | Diff Loss 0.2920
Epoch 70 | Batch 2100 | Diff Loss 0.2878
Epoch 70 | Batch 2200 | Diff Loss 0.2920
Epoch 70 | Batch 2300 | Diff Loss 0.2860
Epoch 70 | Batch 2400 | Diff Loss 0.2865
Epoch 70 | Batch 2500 | Diff Loss 0.2905
Epoch 70 | Batch 2600 | Diff Loss 0.2718
Epoch 70 Done. Loss: 0.2880. Time: 212.5s
Epoch 71 | Batch 0 | Diff Loss 0.2771
Epoch 71 | Batch 100 | Diff Loss 0.2630
Epoch 71 | Batch 200 | Diff Loss 0.2774
Epoch 71 | Batch 300 | Diff Loss 0.2811
Epoch 71 | Batch 400 | Diff Loss 0.2915
Epoch 71 | Batch 500 | Diff Loss 0.2755
Epoch 71 | Batch 600 | Diff Loss 0.2829
Epoch 71 | Batch 700 | Diff Loss 0.2850
Epoch 71 | Batch 800 | Diff Loss 0.3101
Epoch 71 | Batch 900 | Diff Loss 0.2849
Epoch 71 | Batch 1000 | Diff Loss 0.2835
Epoch 71 | Batch 1100 | Diff Loss 0.3023
Epoch 71 | Batch 1200 | Diff Loss 0.2819
Epoch 71 | Batch 1300 | Diff Loss 0.2949
Epoch 71 | Batch 1400 | Diff Loss 0.2906
Epoch 71 | Batch 1500 | Diff Loss 0.3006
Epoch 71 | Batch 1600 | Diff Loss 0.2858
Epoch 71 | Batch 1700 | Diff Loss 0.2925
Epoch 71 | Batch 1800 | Diff Loss 0.2696
Epoch 71 | Batch 1900 | Diff Loss 0.2587
Epoch 71 | Batch 2000 | Diff Loss 0.2962
Epoch 71 | Batch 2100 | Diff Loss 0.2858
Epoch 71 | Batch 2200 | Diff Loss 0.2814
Epoch 71 | Batch 2300 | Diff Loss 0.2862
Epoch 71 | Batch 2400 | Diff Loss 0.2881
Epoch 71 | Batch 2500 | Diff Loss 0.3070
Epoch 71 | Batch 2600 | Diff Loss 0.2811
Epoch 71 Done. Loss: 0.2876. Time: 211.3s
Epoch 72 | Batch 0 | Diff Loss 0.2797
Epoch 72 | Batch 100 | Diff Loss 0.2899
Epoch 72 | Batch 200 | Diff Loss 0.2840
Epoch 72 | Batch 300 | Diff Loss 0.2855
Epoch 72 | Batch 400 | Diff Loss 0.2732
Epoch 72 | Batch 500 | Diff Loss 0.2896
Epoch 72 | Batch 600 | Diff Loss 0.2851
Epoch 72 | Batch 700 | Diff Loss 0.2926
Epoch 72 | Batch 800 | Diff Loss 0.2859
Epoch 72 | Batch 900 | Diff Loss 0.2603
Epoch 72 | Batch 1000 | Diff Loss 0.2781
Epoch 72 | Batch 1100 | Diff Loss 0.2698
Epoch 72 | Batch 1200 | Diff Loss 0.2886
Epoch 72 | Batch 1300 | Diff Loss 0.2763
Epoch 72 | Batch 1400 | Diff Loss 0.2745
Epoch 72 | Batch 1500 | Diff Loss 0.2821
Epoch 72 | Batch 1600 | Diff Loss 0.2843
Epoch 72 | Batch 1700 | Diff Loss 0.2969
Epoch 72 | Batch 1800 | Diff Loss 0.2766
Epoch 72 | Batch 1900 | Diff Loss 0.2761
Epoch 72 | Batch 2000 | Diff Loss 0.2994
Epoch 72 | Batch 2100 | Diff Loss 0.3082
Epoch 72 | Batch 2200 | Diff Loss 0.2939
Epoch 72 | Batch 2300 | Diff Loss 0.2881
Epoch 72 | Batch 2400 | Diff Loss 0.2832
Epoch 72 | Batch 2500 | Diff Loss 0.2854
Epoch 72 | Batch 2600 | Diff Loss 0.2837
Epoch 72 Done. Loss: 0.2871. Time: 230.0s
Epoch 73 | Batch 0 | Diff Loss 0.2799
Epoch 73 | Batch 100 | Diff Loss 0.2867
Epoch 73 | Batch 200 | Diff Loss 0.2660
Epoch 73 | Batch 300 | Diff Loss 0.2906
Epoch 73 | Batch 400 | Diff Loss 0.2816
Epoch 73 | Batch 500 | Diff Loss 0.3007
Epoch 73 | Batch 600 | Diff Loss 0.2976
Epoch 73 | Batch 700 | Diff Loss 0.2927
Epoch 73 | Batch 800 | Diff Loss 0.2784
Epoch 73 | Batch 900 | Diff Loss 0.2762
Epoch 73 | Batch 1000 | Diff Loss 0.2926
Epoch 73 | Batch 1100 | Diff Loss 0.2874
Epoch 73 | Batch 1200 | Diff Loss 0.2863
Epoch 73 | Batch 1300 | Diff Loss 0.2706
Epoch 73 | Batch 1400 | Diff Loss 0.2947
Epoch 73 | Batch 1500 | Diff Loss 0.2775
Epoch 73 | Batch 1600 | Diff Loss 0.2760
Epoch 73 | Batch 1700 | Diff Loss 0.2714
Epoch 73 | Batch 1800 | Diff Loss 0.2578
Epoch 73 | Batch 1900 | Diff Loss 0.2989
Epoch 73 | Batch 2000 | Diff Loss 0.2791
Epoch 73 | Batch 2100 | Diff Loss 0.2880
Epoch 73 | Batch 2200 | Diff Loss 0.2821
Epoch 73 | Batch 2300 | Diff Loss 0.2953
Epoch 73 | Batch 2400 | Diff Loss 0.2848
Epoch 73 | Batch 2500 | Diff Loss 0.2793
Epoch 73 | Batch 2600 | Diff Loss 0.3021
Epoch 73 Done. Loss: 0.2868. Time: 208.5s
Epoch 74 | Batch 0 | Diff Loss 0.2785
Epoch 74 | Batch 100 | Diff Loss 0.2858
Epoch 74 | Batch 200 | Diff Loss 0.3140
Epoch 74 | Batch 300 | Diff Loss 0.2744
Epoch 74 | Batch 400 | Diff Loss 0.2839
Epoch 74 | Batch 500 | Diff Loss 0.2858
Epoch 74 | Batch 600 | Diff Loss 0.2785
Epoch 74 | Batch 700 | Diff Loss 0.2799
Epoch 74 | Batch 800 | Diff Loss 0.2803
Epoch 74 | Batch 900 | Diff Loss 0.2984
Epoch 74 | Batch 1000 | Diff Loss 0.3021
Epoch 74 | Batch 1100 | Diff Loss 0.2983
Epoch 74 | Batch 1200 | Diff Loss 0.2787
Epoch 74 | Batch 1300 | Diff Loss 0.3016
Epoch 74 | Batch 1400 | Diff Loss 0.2793
Epoch 74 | Batch 1500 | Diff Loss 0.2808
Epoch 74 | Batch 1600 | Diff Loss 0.2956
Epoch 74 | Batch 1700 | Diff Loss 0.2881
Epoch 74 | Batch 1800 | Diff Loss 0.2867
Epoch 74 | Batch 1900 | Diff Loss 0.3206
Epoch 74 | Batch 2000 | Diff Loss 0.2925
Epoch 74 | Batch 2100 | Diff Loss 0.2688
Epoch 74 | Batch 2200 | Diff Loss 0.2727
Epoch 74 | Batch 2300 | Diff Loss 0.2912
Epoch 74 | Batch 2400 | Diff Loss 0.3104
Epoch 74 | Batch 2500 | Diff Loss 0.2891
Epoch 74 | Batch 2600 | Diff Loss 0.2741
Epoch 74 Done. Loss: 0.2861. Time: 216.9s
Epoch 75 | Batch 0 | Diff Loss 0.2755
Epoch 75 | Batch 100 | Diff Loss 0.2739
Epoch 75 | Batch 200 | Diff Loss 0.2698
Epoch 75 | Batch 300 | Diff Loss 0.2746
Epoch 75 | Batch 400 | Diff Loss 0.2813
Epoch 75 | Batch 500 | Diff Loss 0.2957
Epoch 75 | Batch 600 | Diff Loss 0.2676
Epoch 75 | Batch 700 | Diff Loss 0.2948
Epoch 75 | Batch 800 | Diff Loss 0.2814
Epoch 75 | Batch 900 | Diff Loss 0.2761
Epoch 75 | Batch 1000 | Diff Loss 0.2953
Epoch 75 | Batch 1100 | Diff Loss 0.2780
Epoch 75 | Batch 1200 | Diff Loss 0.2828
Epoch 75 | Batch 1300 | Diff Loss 0.2957
Epoch 75 | Batch 1400 | Diff Loss 0.2859
Epoch 75 | Batch 1500 | Diff Loss 0.2834
Epoch 75 | Batch 1600 | Diff Loss 0.2776
Epoch 75 | Batch 1700 | Diff Loss 0.2871
Epoch 75 | Batch 1800 | Diff Loss 0.2828
Epoch 75 | Batch 1900 | Diff Loss 0.2921
Epoch 75 | Batch 2000 | Diff Loss 0.2818
Epoch 75 | Batch 2100 | Diff Loss 0.2945
Epoch 75 | Batch 2200 | Diff Loss 0.2850
Epoch 75 | Batch 2300 | Diff Loss 0.2978
Epoch 75 | Batch 2400 | Diff Loss 0.3019
Epoch 75 | Batch 2500 | Diff Loss 0.2945
Epoch 75 | Batch 2600 | Diff Loss 0.3000
Epoch 75 Done. Loss: 0.2859. Time: 227.8s
Epoch 76 | Batch 0 | Diff Loss 0.2839
Epoch 76 | Batch 100 | Diff Loss 0.2770
Epoch 76 | Batch 200 | Diff Loss 0.3081
Epoch 76 | Batch 300 | Diff Loss 0.3045
Epoch 76 | Batch 400 | Diff Loss 0.2821
Epoch 76 | Batch 500 | Diff Loss 0.2997
Epoch 76 | Batch 600 | Diff Loss 0.2700
Epoch 76 | Batch 700 | Diff Loss 0.2824
Epoch 76 | Batch 800 | Diff Loss 0.2614
Epoch 76 | Batch 900 | Diff Loss 0.2827
Epoch 76 | Batch 1000 | Diff Loss 0.3064
Epoch 76 | Batch 1100 | Diff Loss 0.2554
Epoch 76 | Batch 1200 | Diff Loss 0.2837
Epoch 76 | Batch 1300 | Diff Loss 0.2929
Epoch 76 | Batch 1400 | Diff Loss 0.2796
Epoch 76 | Batch 1500 | Diff Loss 0.2781
Epoch 76 | Batch 1600 | Diff Loss 0.3035
Epoch 76 | Batch 1700 | Diff Loss 0.2779
Epoch 76 | Batch 1800 | Diff Loss 0.2820
Epoch 76 | Batch 1900 | Diff Loss 0.2940
Epoch 76 | Batch 2000 | Diff Loss 0.2868
Epoch 76 | Batch 2100 | Diff Loss 0.3059
Epoch 76 | Batch 2200 | Diff Loss 0.2689
Epoch 76 | Batch 2300 | Diff Loss 0.2807
Epoch 76 | Batch 2400 | Diff Loss 0.3116
Epoch 76 | Batch 2500 | Diff Loss 0.2720
Epoch 76 | Batch 2600 | Diff Loss 0.2592
Epoch 76 Done. Loss: 0.2857. Time: 209.4s
Epoch 77 | Batch 0 | Diff Loss 0.2999
Epoch 77 | Batch 100 | Diff Loss 0.2730
Epoch 77 | Batch 200 | Diff Loss 0.2935
Epoch 77 | Batch 300 | Diff Loss 0.2756
Epoch 77 | Batch 400 | Diff Loss 0.2801
Epoch 77 | Batch 500 | Diff Loss 0.2921
Epoch 77 | Batch 600 | Diff Loss 0.2626
Epoch 77 | Batch 700 | Diff Loss 0.2994
Epoch 77 | Batch 800 | Diff Loss 0.2796
Epoch 77 | Batch 900 | Diff Loss 0.2761
Epoch 77 | Batch 1000 | Diff Loss 0.2638
Epoch 77 | Batch 1100 | Diff Loss 0.2745
Epoch 77 | Batch 1200 | Diff Loss 0.2835
Epoch 77 | Batch 1300 | Diff Loss 0.2759
Epoch 77 | Batch 1400 | Diff Loss 0.2910
Epoch 77 | Batch 1500 | Diff Loss 0.2847
Epoch 77 | Batch 1600 | Diff Loss 0.2962
Epoch 77 | Batch 1700 | Diff Loss 0.2649
Epoch 77 | Batch 1800 | Diff Loss 0.3129
Epoch 77 | Batch 1900 | Diff Loss 0.2691
Epoch 77 | Batch 2000 | Diff Loss 0.2772
Epoch 77 | Batch 2100 | Diff Loss 0.2922
Epoch 77 | Batch 2200 | Diff Loss 0.2695
Epoch 77 | Batch 2300 | Diff Loss 0.2864
Epoch 77 | Batch 2400 | Diff Loss 0.2838
Epoch 77 | Batch 2500 | Diff Loss 0.2895
Epoch 77 | Batch 2600 | Diff Loss 0.2713
Epoch 77 Done. Loss: 0.2856. Time: 215.2s
Epoch 78 | Batch 0 | Diff Loss 0.2799
Epoch 78 | Batch 100 | Diff Loss 0.2788
Epoch 78 | Batch 200 | Diff Loss 0.2777
Epoch 78 | Batch 300 | Diff Loss 0.2915
Epoch 78 | Batch 400 | Diff Loss 0.2757
Epoch 78 | Batch 500 | Diff Loss 0.3004
Epoch 78 | Batch 600 | Diff Loss 0.2998
Epoch 78 | Batch 700 | Diff Loss 0.2832
Epoch 78 | Batch 800 | Diff Loss 0.2907
Epoch 78 | Batch 900 | Diff Loss 0.2684
Epoch 78 | Batch 1000 | Diff Loss 0.2769
Epoch 78 | Batch 1100 | Diff Loss 0.2799
Epoch 78 | Batch 1200 | Diff Loss 0.2776
Epoch 78 | Batch 1300 | Diff Loss 0.2992
Epoch 78 | Batch 1400 | Diff Loss 0.2668
Epoch 78 | Batch 1500 | Diff Loss 0.2890
Epoch 78 | Batch 1600 | Diff Loss 0.2963
Epoch 78 | Batch 1700 | Diff Loss 0.2843
Epoch 78 | Batch 1800 | Diff Loss 0.2879
Epoch 78 | Batch 1900 | Diff Loss 0.2798
Epoch 78 | Batch 2000 | Diff Loss 0.2688
Epoch 78 | Batch 2100 | Diff Loss 0.2646
Epoch 78 | Batch 2200 | Diff Loss 0.2948
Epoch 78 | Batch 2300 | Diff Loss 0.2907
Epoch 78 | Batch 2400 | Diff Loss 0.2821
Epoch 78 | Batch 2500 | Diff Loss 0.2725
Epoch 78 | Batch 2600 | Diff Loss 0.2899
Epoch 78 Done. Loss: 0.2849. Time: 229.8s
Epoch 79 | Batch 0 | Diff Loss 0.2898
Epoch 79 | Batch 100 | Diff Loss 0.2820
Epoch 79 | Batch 200 | Diff Loss 0.2694
Epoch 79 | Batch 300 | Diff Loss 0.2863
Epoch 79 | Batch 400 | Diff Loss 0.2839
Epoch 79 | Batch 500 | Diff Loss 0.2923
Epoch 79 | Batch 600 | Diff Loss 0.2757
Epoch 79 | Batch 700 | Diff Loss 0.2970
Epoch 79 | Batch 800 | Diff Loss 0.2950
Epoch 79 | Batch 900 | Diff Loss 0.2875
Epoch 79 | Batch 1000 | Diff Loss 0.2778
Epoch 79 | Batch 1100 | Diff Loss 0.2786
Epoch 79 | Batch 1200 | Diff Loss 0.2704
Epoch 79 | Batch 1300 | Diff Loss 0.2818
Epoch 79 | Batch 1400 | Diff Loss 0.2687
Epoch 79 | Batch 1500 | Diff Loss 0.2897
Epoch 79 | Batch 1600 | Diff Loss 0.2821
Epoch 79 | Batch 1700 | Diff Loss 0.3015
Epoch 79 | Batch 1800 | Diff Loss 0.2861
Epoch 79 | Batch 1900 | Diff Loss 0.2884
Epoch 79 | Batch 2000 | Diff Loss 0.2972
Epoch 79 | Batch 2100 | Diff Loss 0.2887
Epoch 79 | Batch 2200 | Diff Loss 0.2971
Epoch 79 | Batch 2300 | Diff Loss 0.3076
Epoch 79 | Batch 2400 | Diff Loss 0.2799
Epoch 79 | Batch 2500 | Diff Loss 0.3002
Epoch 79 | Batch 2600 | Diff Loss 0.2762
Epoch 79 Done. Loss: 0.2850. Time: 211.3s
Epoch 80 | Batch 0 | Diff Loss 0.2724
Epoch 80 | Batch 100 | Diff Loss 0.2499
Epoch 80 | Batch 200 | Diff Loss 0.2861
Epoch 80 | Batch 300 | Diff Loss 0.2847
Epoch 80 | Batch 400 | Diff Loss 0.2667
Epoch 80 | Batch 500 | Diff Loss 0.2892
Epoch 80 | Batch 600 | Diff Loss 0.2790
Epoch 80 | Batch 700 | Diff Loss 0.2947
Epoch 80 | Batch 800 | Diff Loss 0.2772
Epoch 80 | Batch 900 | Diff Loss 0.2901
Epoch 80 | Batch 1000 | Diff Loss 0.3069
Epoch 80 | Batch 1100 | Diff Loss 0.2585
Epoch 80 | Batch 1200 | Diff Loss 0.2891
Epoch 80 | Batch 1300 | Diff Loss 0.2946
Epoch 80 | Batch 1400 | Diff Loss 0.3090
Epoch 80 | Batch 1500 | Diff Loss 0.2768
Epoch 80 | Batch 1600 | Diff Loss 0.2846
Epoch 80 | Batch 1700 | Diff Loss 0.2871
Epoch 80 | Batch 1800 | Diff Loss 0.2749
Epoch 80 | Batch 1900 | Diff Loss 0.2862
Epoch 80 | Batch 2000 | Diff Loss 0.2914
Epoch 80 | Batch 2100 | Diff Loss 0.2658
Epoch 80 | Batch 2200 | Diff Loss 0.2900
Epoch 80 | Batch 2300 | Diff Loss 0.2655
Epoch 80 | Batch 2400 | Diff Loss 0.2983
Epoch 80 | Batch 2500 | Diff Loss 0.2940
Epoch 80 | Batch 2600 | Diff Loss 0.2869
Epoch 80 Done. Loss: 0.2843. Time: 230.3s
Epoch 81 | Batch 0 | Diff Loss 0.2659
Epoch 81 | Batch 100 | Diff Loss 0.3082
Epoch 81 | Batch 200 | Diff Loss 0.2701
Epoch 81 | Batch 300 | Diff Loss 0.2655
Epoch 81 | Batch 400 | Diff Loss 0.2878
Epoch 81 | Batch 500 | Diff Loss 0.2717
Epoch 81 | Batch 600 | Diff Loss 0.2828
Epoch 81 | Batch 700 | Diff Loss 0.2921
Epoch 81 | Batch 800 | Diff Loss 0.2894
Epoch 81 | Batch 900 | Diff Loss 0.2872
Epoch 81 | Batch 1000 | Diff Loss 0.2710
Epoch 81 | Batch 1100 | Diff Loss 0.2710
Epoch 81 | Batch 1200 | Diff Loss 0.2945
Epoch 81 | Batch 1300 | Diff Loss 0.2892
Epoch 81 | Batch 1400 | Diff Loss 0.2892
Epoch 81 | Batch 1500 | Diff Loss 0.2711
Epoch 81 | Batch 1600 | Diff Loss 0.2760
Epoch 81 | Batch 1700 | Diff Loss 0.2702
Epoch 81 | Batch 1800 | Diff Loss 0.2913
Epoch 81 | Batch 1900 | Diff Loss 0.2758
Epoch 81 | Batch 2000 | Diff Loss 0.2803
Epoch 81 | Batch 2100 | Diff Loss 0.2911
Epoch 81 | Batch 2200 | Diff Loss 0.2804
Epoch 81 | Batch 2300 | Diff Loss 0.2858
Epoch 81 | Batch 2400 | Diff Loss 0.2833
Epoch 81 | Batch 2500 | Diff Loss 0.2856
Epoch 81 | Batch 2600 | Diff Loss 0.2765
Epoch 81 Done. Loss: 0.2840. Time: 209.3s
Epoch 82 | Batch 0 | Diff Loss 0.2923
Epoch 82 | Batch 100 | Diff Loss 0.2937
Epoch 82 | Batch 200 | Diff Loss 0.3025
Epoch 82 | Batch 300 | Diff Loss 0.2699
Epoch 82 | Batch 400 | Diff Loss 0.2881
Epoch 82 | Batch 500 | Diff Loss 0.2814
Epoch 82 | Batch 600 | Diff Loss 0.2677
Epoch 82 | Batch 700 | Diff Loss 0.2972
Epoch 82 | Batch 800 | Diff Loss 0.2911
Epoch 82 | Batch 900 | Diff Loss 0.2774
Epoch 82 | Batch 1000 | Diff Loss 0.2883
Epoch 82 | Batch 1100 | Diff Loss 0.2878
Epoch 82 | Batch 1200 | Diff Loss 0.2947
Epoch 82 | Batch 1300 | Diff Loss 0.2937
Epoch 82 | Batch 1400 | Diff Loss 0.2923
Epoch 82 | Batch 1500 | Diff Loss 0.2892
Epoch 82 | Batch 1600 | Diff Loss 0.2568
Epoch 82 | Batch 1700 | Diff Loss 0.2838
Epoch 82 | Batch 1800 | Diff Loss 0.2834
Epoch 82 | Batch 1900 | Diff Loss 0.2800
Epoch 82 | Batch 2000 | Diff Loss 0.2664
Epoch 82 | Batch 2100 | Diff Loss 0.2781
Epoch 82 | Batch 2200 | Diff Loss 0.2764
Epoch 82 | Batch 2300 | Diff Loss 0.3001
Epoch 82 | Batch 2400 | Diff Loss 0.2900
Epoch 82 | Batch 2500 | Diff Loss 0.2996
Epoch 82 | Batch 2600 | Diff Loss 0.2872
Epoch 82 Done. Loss: 0.2835. Time: 211.8s
Epoch 83 | Batch 0 | Diff Loss 0.2971
Epoch 83 | Batch 100 | Diff Loss 0.2767
Epoch 83 | Batch 200 | Diff Loss 0.2875
Epoch 83 | Batch 300 | Diff Loss 0.2795
Epoch 83 | Batch 400 | Diff Loss 0.2732
Epoch 83 | Batch 500 | Diff Loss 0.2765
Epoch 83 | Batch 600 | Diff Loss 0.2781
Epoch 83 | Batch 700 | Diff Loss 0.2813
Epoch 83 | Batch 800 | Diff Loss 0.2747
Epoch 83 | Batch 900 | Diff Loss 0.2854
Epoch 83 | Batch 1000 | Diff Loss 0.2943
Epoch 83 | Batch 1100 | Diff Loss 0.2825
Epoch 83 | Batch 1200 | Diff Loss 0.2721
Epoch 83 | Batch 1300 | Diff Loss 0.2829
Epoch 83 | Batch 1400 | Diff Loss 0.3021
Epoch 83 | Batch 1500 | Diff Loss 0.2762
Epoch 83 | Batch 1600 | Diff Loss 0.3009
Epoch 83 | Batch 1700 | Diff Loss 0.2844
Epoch 83 | Batch 1800 | Diff Loss 0.2739
Epoch 83 | Batch 1900 | Diff Loss 0.2740
Epoch 83 | Batch 2000 | Diff Loss 0.2951
Epoch 83 | Batch 2100 | Diff Loss 0.2895
Epoch 83 | Batch 2200 | Diff Loss 0.2827
Epoch 83 | Batch 2300 | Diff Loss 0.2784
Epoch 83 | Batch 2400 | Diff Loss 0.2949
Epoch 83 | Batch 2500 | Diff Loss 0.2847
Epoch 83 | Batch 2600 | Diff Loss 0.2879
Epoch 83 Done. Loss: 0.2832. Time: 227.9s
Epoch 84 | Batch 0 | Diff Loss 0.2879
Epoch 84 | Batch 100 | Diff Loss 0.2803
Epoch 84 | Batch 200 | Diff Loss 0.2768
Epoch 84 | Batch 300 | Diff Loss 0.2741
Epoch 84 | Batch 400 | Diff Loss 0.2881
Epoch 84 | Batch 500 | Diff Loss 0.2796
Epoch 84 | Batch 600 | Diff Loss 0.2727
Epoch 84 | Batch 700 | Diff Loss 0.2866
Epoch 84 | Batch 800 | Diff Loss 0.2902
Epoch 84 | Batch 900 | Diff Loss 0.2885
Epoch 84 | Batch 1000 | Diff Loss 0.2816
Epoch 84 | Batch 1100 | Diff Loss 0.2882
Epoch 84 | Batch 1200 | Diff Loss 0.2819
Epoch 84 | Batch 1300 | Diff Loss 0.2945
Epoch 84 | Batch 1400 | Diff Loss 0.2636
Epoch 84 | Batch 1500 | Diff Loss 0.2772
Epoch 84 | Batch 1600 | Diff Loss 0.2957
Epoch 84 | Batch 1700 | Diff Loss 0.2879
Epoch 84 | Batch 1800 | Diff Loss 0.2700
Epoch 84 | Batch 1900 | Diff Loss 0.2865
Epoch 84 | Batch 2000 | Diff Loss 0.2936
Epoch 84 | Batch 2100 | Diff Loss 0.3029
Epoch 84 | Batch 2200 | Diff Loss 0.2741
Epoch 84 | Batch 2300 | Diff Loss 0.3049
Epoch 84 | Batch 2400 | Diff Loss 0.2775
Epoch 84 | Batch 2500 | Diff Loss 0.2769
Epoch 84 | Batch 2600 | Diff Loss 0.2596
Epoch 84 Done. Loss: 0.2828. Time: 210.9s
Epoch 85 | Batch 0 | Diff Loss 0.2745
Epoch 85 | Batch 100 | Diff Loss 0.3028
Epoch 85 | Batch 200 | Diff Loss 0.2813
Epoch 85 | Batch 300 | Diff Loss 0.2994
Epoch 85 | Batch 400 | Diff Loss 0.2740
Epoch 85 | Batch 500 | Diff Loss 0.2756
Epoch 85 | Batch 600 | Diff Loss 0.2882
Epoch 85 | Batch 700 | Diff Loss 0.2967
Epoch 85 | Batch 800 | Diff Loss 0.2632
Epoch 85 | Batch 900 | Diff Loss 0.2862
Epoch 85 | Batch 1000 | Diff Loss 0.2751
Epoch 85 | Batch 1100 | Diff Loss 0.2716
Epoch 85 | Batch 1200 | Diff Loss 0.2662
Epoch 85 | Batch 1300 | Diff Loss 0.2711
Epoch 85 | Batch 1400 | Diff Loss 0.2943
Epoch 85 | Batch 1500 | Diff Loss 0.2784
Epoch 85 | Batch 1600 | Diff Loss 0.2921
Epoch 85 | Batch 1700 | Diff Loss 0.2804
Epoch 85 | Batch 1800 | Diff Loss 0.2741
Epoch 85 | Batch 1900 | Diff Loss 0.2755
Epoch 85 | Batch 2000 | Diff Loss 0.2829
Epoch 85 | Batch 2100 | Diff Loss 0.2848
Epoch 85 | Batch 2200 | Diff Loss 0.3086
Epoch 85 | Batch 2300 | Diff Loss 0.2579
Epoch 85 | Batch 2400 | Diff Loss 0.2860
Epoch 85 | Batch 2500 | Diff Loss 0.2967
Epoch 85 | Batch 2600 | Diff Loss 0.3089
Epoch 85 Done. Loss: 0.2828. Time: 210.7s
Epoch 86 | Batch 0 | Diff Loss 0.2776
Epoch 86 | Batch 100 | Diff Loss 0.2883
Epoch 86 | Batch 200 | Diff Loss 0.2899
Epoch 86 | Batch 300 | Diff Loss 0.2983
Epoch 86 | Batch 400 | Diff Loss 0.2867
Epoch 86 | Batch 500 | Diff Loss 0.2784
Epoch 86 | Batch 600 | Diff Loss 0.2697
Epoch 86 | Batch 700 | Diff Loss 0.2689
Epoch 86 | Batch 800 | Diff Loss 0.2839
Epoch 86 | Batch 900 | Diff Loss 0.2789
Epoch 86 | Batch 1000 | Diff Loss 0.2771
Epoch 86 | Batch 1100 | Diff Loss 0.2982
Epoch 86 | Batch 1200 | Diff Loss 0.2849
Epoch 86 | Batch 1300 | Diff Loss 0.2805
Epoch 86 | Batch 1400 | Diff Loss 0.2765
Epoch 86 | Batch 1500 | Diff Loss 0.2821
Epoch 86 | Batch 1600 | Diff Loss 0.2867
Epoch 86 | Batch 1700 | Diff Loss 0.2851
Epoch 86 | Batch 1800 | Diff Loss 0.3137
Epoch 86 | Batch 1900 | Diff Loss 0.2846
Epoch 86 | Batch 2000 | Diff Loss 0.2759
Epoch 86 | Batch 2100 | Diff Loss 0.2814
Epoch 86 | Batch 2200 | Diff Loss 0.2716
Epoch 86 | Batch 2300 | Diff Loss 0.2699
Epoch 86 | Batch 2400 | Diff Loss 0.2706
Epoch 86 | Batch 2500 | Diff Loss 0.2601
Epoch 86 | Batch 2600 | Diff Loss 0.2943
Epoch 86 Done. Loss: 0.2820. Time: 213.5s
Epoch 87 | Batch 0 | Diff Loss 0.2818
Epoch 87 | Batch 100 | Diff Loss 0.2978
Epoch 87 | Batch 200 | Diff Loss 0.2742
Epoch 87 | Batch 300 | Diff Loss 0.2801
Epoch 87 | Batch 400 | Diff Loss 0.2820
Epoch 87 | Batch 500 | Diff Loss 0.2821
Epoch 87 | Batch 600 | Diff Loss 0.2794
Epoch 87 | Batch 700 | Diff Loss 0.2899
Epoch 87 | Batch 800 | Diff Loss 0.2846
Epoch 87 | Batch 900 | Diff Loss 0.2852
Epoch 87 | Batch 1000 | Diff Loss 0.2814
Epoch 87 | Batch 1100 | Diff Loss 0.2933
Epoch 87 | Batch 1200 | Diff Loss 0.2776
Epoch 87 | Batch 1300 | Diff Loss 0.2568
Epoch 87 | Batch 1400 | Diff Loss 0.2700
Epoch 87 | Batch 1500 | Diff Loss 0.2935
Epoch 87 | Batch 1600 | Diff Loss 0.2850
Epoch 87 | Batch 1700 | Diff Loss 0.2954
Epoch 87 | Batch 1800 | Diff Loss 0.2956
Epoch 87 | Batch 1900 | Diff Loss 0.2739
Epoch 87 | Batch 2000 | Diff Loss 0.2707
Epoch 87 | Batch 2100 | Diff Loss 0.2955
Epoch 87 | Batch 2200 | Diff Loss 0.2861
Epoch 87 | Batch 2300 | Diff Loss 0.2792
Epoch 87 | Batch 2400 | Diff Loss 0.2691
Epoch 87 | Batch 2500 | Diff Loss 0.3000
Epoch 87 | Batch 2600 | Diff Loss 0.2894
Epoch 87 Done. Loss: 0.2817. Time: 134.9s
Epoch 88 | Batch 0 | Diff Loss 0.2610
Epoch 88 | Batch 100 | Diff Loss 0.2771
Epoch 88 | Batch 200 | Diff Loss 0.2740
Epoch 88 | Batch 300 | Diff Loss 0.2712
Epoch 88 | Batch 400 | Diff Loss 0.2652
Epoch 88 | Batch 500 | Diff Loss 0.2680
Epoch 88 | Batch 600 | Diff Loss 0.2737
Epoch 88 | Batch 700 | Diff Loss 0.2817
Epoch 88 | Batch 800 | Diff Loss 0.2974
Epoch 88 | Batch 900 | Diff Loss 0.2729
Epoch 88 | Batch 1000 | Diff Loss 0.2931
Epoch 88 | Batch 1100 | Diff Loss 0.3022
Epoch 88 | Batch 1200 | Diff Loss 0.2780
Epoch 88 | Batch 1300 | Diff Loss 0.2549
Epoch 88 | Batch 1400 | Diff Loss 0.2927
Epoch 88 | Batch 1500 | Diff Loss 0.2924
Epoch 88 | Batch 1600 | Diff Loss 0.2711
Epoch 88 | Batch 1700 | Diff Loss 0.2895
Epoch 88 | Batch 1800 | Diff Loss 0.2724
Epoch 88 | Batch 1900 | Diff Loss 0.2763
Epoch 88 | Batch 2000 | Diff Loss 0.2867
Epoch 88 | Batch 2100 | Diff Loss 0.2762
Epoch 88 | Batch 2200 | Diff Loss 0.2870
Epoch 88 | Batch 2300 | Diff Loss 0.2622
Epoch 88 | Batch 2400 | Diff Loss 0.2909
Epoch 88 | Batch 2500 | Diff Loss 0.2915
Epoch 88 | Batch 2600 | Diff Loss 0.2694
Epoch 88 Done. Loss: 0.2816. Time: 134.4s
Epoch 89 | Batch 0 | Diff Loss 0.2812
Epoch 89 | Batch 100 | Diff Loss 0.2730
Epoch 89 | Batch 200 | Diff Loss 0.2735
Epoch 89 | Batch 300 | Diff Loss 0.2796
Epoch 89 | Batch 400 | Diff Loss 0.2671
Epoch 89 | Batch 500 | Diff Loss 0.2608
Epoch 89 | Batch 600 | Diff Loss 0.2820
Epoch 89 | Batch 700 | Diff Loss 0.2954
Epoch 89 | Batch 800 | Diff Loss 0.3051
Epoch 89 | Batch 900 | Diff Loss 0.2947
Epoch 89 | Batch 1000 | Diff Loss 0.2915
Epoch 89 | Batch 1100 | Diff Loss 0.2771
Epoch 89 | Batch 1200 | Diff Loss 0.2831
Epoch 89 | Batch 1300 | Diff Loss 0.2833
Epoch 89 | Batch 1400 | Diff Loss 0.2736
Epoch 89 | Batch 1500 | Diff Loss 0.2924
Epoch 89 | Batch 1600 | Diff Loss 0.2844
Epoch 89 | Batch 1700 | Diff Loss 0.2700
Epoch 89 | Batch 1800 | Diff Loss 0.2800
Epoch 89 | Batch 1900 | Diff Loss 0.2742
Epoch 89 | Batch 2000 | Diff Loss 0.2708
Epoch 89 | Batch 2100 | Diff Loss 0.2571
Epoch 89 | Batch 2200 | Diff Loss 0.2934
Epoch 89 | Batch 2300 | Diff Loss 0.2803
Epoch 89 | Batch 2400 | Diff Loss 0.2742
Epoch 89 | Batch 2500 | Diff Loss 0.2814
Epoch 89 | Batch 2600 | Diff Loss 0.2858
Epoch 89 Done. Loss: 0.2813. Time: 134.2s
Epoch 90 | Batch 0 | Diff Loss 0.2695
Epoch 90 | Batch 100 | Diff Loss 0.2749
Epoch 90 | Batch 200 | Diff Loss 0.2713
Epoch 90 | Batch 300 | Diff Loss 0.2986
Epoch 90 | Batch 400 | Diff Loss 0.2934
Epoch 90 | Batch 500 | Diff Loss 0.2594
Epoch 90 | Batch 600 | Diff Loss 0.2830
Epoch 90 | Batch 700 | Diff Loss 0.2696
Epoch 90 | Batch 800 | Diff Loss 0.2889
Epoch 90 | Batch 900 | Diff Loss 0.2671
Epoch 90 | Batch 1000 | Diff Loss 0.2846
Epoch 90 | Batch 1100 | Diff Loss 0.2713
Epoch 90 | Batch 1200 | Diff Loss 0.2930
Epoch 90 | Batch 1300 | Diff Loss 0.2753
Epoch 90 | Batch 1400 | Diff Loss 0.2831
Epoch 90 | Batch 1500 | Diff Loss 0.2706
Epoch 90 | Batch 1600 | Diff Loss 0.2803
Epoch 90 | Batch 1700 | Diff Loss 0.2868
Epoch 90 | Batch 1800 | Diff Loss 0.2739
Epoch 90 | Batch 1900 | Diff Loss 0.2773
Epoch 90 | Batch 2000 | Diff Loss 0.2742
Epoch 90 | Batch 2100 | Diff Loss 0.2918
Epoch 90 | Batch 2200 | Diff Loss 0.2706
Epoch 90 | Batch 2300 | Diff Loss 0.2738
Epoch 90 | Batch 2400 | Diff Loss 0.2715
Epoch 90 | Batch 2500 | Diff Loss 0.2731
Epoch 90 | Batch 2600 | Diff Loss 0.2636
Epoch 90 Done. Loss: 0.2810. Time: 134.7s
Epoch 91 | Batch 0 | Diff Loss 0.2911
Epoch 91 | Batch 100 | Diff Loss 0.2868
Epoch 91 | Batch 200 | Diff Loss 0.2913
Epoch 91 | Batch 300 | Diff Loss 0.2671
Epoch 91 | Batch 400 | Diff Loss 0.3015
Epoch 91 | Batch 500 | Diff Loss 0.2721
Epoch 91 | Batch 600 | Diff Loss 0.2716
Epoch 91 | Batch 700 | Diff Loss 0.2851
Epoch 91 | Batch 800 | Diff Loss 0.2723
Epoch 91 | Batch 900 | Diff Loss 0.2709
Epoch 91 | Batch 1000 | Diff Loss 0.2779
Epoch 91 | Batch 1100 | Diff Loss 0.2788
Epoch 91 | Batch 1200 | Diff Loss 0.2764
Epoch 91 | Batch 1300 | Diff Loss 0.2845
Epoch 91 | Batch 1400 | Diff Loss 0.2939
Epoch 91 | Batch 1500 | Diff Loss 0.2916
Epoch 91 | Batch 1600 | Diff Loss 0.2608
Epoch 91 | Batch 1700 | Diff Loss 0.2829
Epoch 91 | Batch 1800 | Diff Loss 0.2936
Epoch 91 | Batch 1900 | Diff Loss 0.2700
Epoch 91 | Batch 2000 | Diff Loss 0.2824
Epoch 91 | Batch 2100 | Diff Loss 0.2604
Epoch 91 | Batch 2200 | Diff Loss 0.2745
Epoch 91 | Batch 2300 | Diff Loss 0.2801
Epoch 91 | Batch 2400 | Diff Loss 0.2725
Epoch 91 | Batch 2500 | Diff Loss 0.2888
Epoch 91 | Batch 2600 | Diff Loss 0.2970
Epoch 91 Done. Loss: 0.2805. Time: 133.9s
Epoch 92 | Batch 0 | Diff Loss 0.2929
Epoch 92 | Batch 100 | Diff Loss 0.2760
Epoch 92 | Batch 200 | Diff Loss 0.2880
Epoch 92 | Batch 300 | Diff Loss 0.2741
Epoch 92 | Batch 400 | Diff Loss 0.2831
Epoch 92 | Batch 500 | Diff Loss 0.2839
Epoch 92 | Batch 600 | Diff Loss 0.2767
Epoch 92 | Batch 700 | Diff Loss 0.2875
Epoch 92 | Batch 800 | Diff Loss 0.2847
Epoch 92 | Batch 900 | Diff Loss 0.2842
Epoch 92 | Batch 1000 | Diff Loss 0.2835
Epoch 92 | Batch 1100 | Diff Loss 0.2914
Epoch 92 | Batch 1200 | Diff Loss 0.2800
Epoch 92 | Batch 1300 | Diff Loss 0.2718
Epoch 92 | Batch 1400 | Diff Loss 0.2806
Epoch 92 | Batch 1500 | Diff Loss 0.2668
Epoch 92 | Batch 1600 | Diff Loss 0.2862
Epoch 92 | Batch 1700 | Diff Loss 0.2822
Epoch 92 | Batch 1800 | Diff Loss 0.2954
Epoch 92 | Batch 1900 | Diff Loss 0.2876
Epoch 92 | Batch 2000 | Diff Loss 0.2836
Epoch 92 | Batch 2100 | Diff Loss 0.2649
Epoch 92 | Batch 2200 | Diff Loss 0.2732
Epoch 92 | Batch 2300 | Diff Loss 0.2862
Epoch 92 | Batch 2400 | Diff Loss 0.2834
Epoch 92 | Batch 2500 | Diff Loss 0.3040
Epoch 92 | Batch 2600 | Diff Loss 0.2670
Epoch 92 Done. Loss: 0.2805. Time: 134.3s
Epoch 93 | Batch 0 | Diff Loss 0.2665
Epoch 93 | Batch 100 | Diff Loss 0.2752
Epoch 93 | Batch 200 | Diff Loss 0.2893
Epoch 93 | Batch 300 | Diff Loss 0.2706
Epoch 93 | Batch 400 | Diff Loss 0.2714
Epoch 93 | Batch 500 | Diff Loss 0.2866
Epoch 93 | Batch 600 | Diff Loss 0.2837
Epoch 93 | Batch 700 | Diff Loss 0.2762
Epoch 93 | Batch 800 | Diff Loss 0.2585
Epoch 93 | Batch 900 | Diff Loss 0.2900
Epoch 93 | Batch 1000 | Diff Loss 0.2675
Epoch 93 | Batch 1100 | Diff Loss 0.2891
Epoch 93 | Batch 1200 | Diff Loss 0.2762
Epoch 93 | Batch 1300 | Diff Loss 0.2715
Epoch 93 | Batch 1400 | Diff Loss 0.2950
Epoch 93 | Batch 1500 | Diff Loss 0.2760
Epoch 93 | Batch 1600 | Diff Loss 0.2765
Epoch 93 | Batch 1700 | Diff Loss 0.2864
Epoch 93 | Batch 1800 | Diff Loss 0.2806
Epoch 93 | Batch 1900 | Diff Loss 0.2758
Epoch 93 | Batch 2000 | Diff Loss 0.2768
Epoch 93 | Batch 2100 | Diff Loss 0.2821
Epoch 93 | Batch 2200 | Diff Loss 0.2646
Epoch 93 | Batch 2300 | Diff Loss 0.2623
Epoch 93 | Batch 2400 | Diff Loss 0.2734
Epoch 93 | Batch 2500 | Diff Loss 0.2884
Epoch 93 | Batch 2600 | Diff Loss 0.2834
Epoch 93 Done. Loss: 0.2803. Time: 134.7s
Epoch 94 | Batch 0 | Diff Loss 0.2847
Epoch 94 | Batch 100 | Diff Loss 0.2800
Epoch 94 | Batch 200 | Diff Loss 0.2866
Epoch 94 | Batch 300 | Diff Loss 0.3044
Epoch 94 | Batch 400 | Diff Loss 0.2805
Epoch 94 | Batch 500 | Diff Loss 0.2898
Epoch 94 | Batch 600 | Diff Loss 0.2887
Epoch 94 | Batch 700 | Diff Loss 0.2817
Epoch 94 | Batch 800 | Diff Loss 0.2938
Epoch 94 | Batch 900 | Diff Loss 0.2915
Epoch 94 | Batch 1000 | Diff Loss 0.2782
Epoch 94 | Batch 1100 | Diff Loss 0.2832
Epoch 94 | Batch 1200 | Diff Loss 0.2972
Epoch 94 | Batch 1300 | Diff Loss 0.2734
Epoch 94 | Batch 1400 | Diff Loss 0.2729
Epoch 94 | Batch 1500 | Diff Loss 0.2794
Epoch 94 | Batch 1600 | Diff Loss 0.2713
Epoch 94 | Batch 1700 | Diff Loss 0.2818
Epoch 94 | Batch 1800 | Diff Loss 0.2801
Epoch 94 | Batch 1900 | Diff Loss 0.2983
Epoch 94 | Batch 2000 | Diff Loss 0.2794
Epoch 94 | Batch 2100 | Diff Loss 0.2633
Epoch 94 | Batch 2200 | Diff Loss 0.2738
Epoch 94 | Batch 2300 | Diff Loss 0.2767
Epoch 94 | Batch 2400 | Diff Loss 0.2796
Epoch 94 | Batch 2500 | Diff Loss 0.2890
Epoch 94 | Batch 2600 | Diff Loss 0.2865
Epoch 94 Done. Loss: 0.2800. Time: 134.2s
Epoch 95 | Batch 0 | Diff Loss 0.2725
Epoch 95 | Batch 100 | Diff Loss 0.2970
Epoch 95 | Batch 200 | Diff Loss 0.2659
Epoch 95 | Batch 300 | Diff Loss 0.2698
Epoch 95 | Batch 400 | Diff Loss 0.2781
Epoch 95 | Batch 500 | Diff Loss 0.2787
Epoch 95 | Batch 600 | Diff Loss 0.2755
Epoch 95 | Batch 700 | Diff Loss 0.2768
Epoch 95 | Batch 800 | Diff Loss 0.2857
Epoch 95 | Batch 900 | Diff Loss 0.2852
Epoch 95 | Batch 1000 | Diff Loss 0.2863
Epoch 95 | Batch 1100 | Diff Loss 0.2726
Epoch 95 | Batch 1200 | Diff Loss 0.2940
Epoch 95 | Batch 1300 | Diff Loss 0.2875
Epoch 95 | Batch 1400 | Diff Loss 0.2792
Epoch 95 | Batch 1500 | Diff Loss 0.2737
Epoch 95 | Batch 1600 | Diff Loss 0.2834
Epoch 95 | Batch 1700 | Diff Loss 0.2762
Epoch 95 | Batch 1800 | Diff Loss 0.2917
Epoch 95 | Batch 1900 | Diff Loss 0.2877
Epoch 95 | Batch 2000 | Diff Loss 0.2718
Epoch 95 | Batch 2100 | Diff Loss 0.2853
Epoch 95 | Batch 2200 | Diff Loss 0.2791
Epoch 95 | Batch 2300 | Diff Loss 0.2806
Epoch 95 | Batch 2400 | Diff Loss 0.2818
Epoch 95 | Batch 2500 | Diff Loss 0.2780
Epoch 95 | Batch 2600 | Diff Loss 0.2835
Epoch 95 Done. Loss: 0.2797. Time: 134.4s
Epoch 96 | Batch 0 | Diff Loss 0.2956
Epoch 96 | Batch 100 | Diff Loss 0.2840
Epoch 96 | Batch 200 | Diff Loss 0.2969
Epoch 96 | Batch 300 | Diff Loss 0.2796
Epoch 96 | Batch 400 | Diff Loss 0.2659
Epoch 96 | Batch 500 | Diff Loss 0.2720
Epoch 96 | Batch 600 | Diff Loss 0.2752
Epoch 96 | Batch 700 | Diff Loss 0.2875
Epoch 96 | Batch 800 | Diff Loss 0.2707
Epoch 96 | Batch 900 | Diff Loss 0.2746
Epoch 96 | Batch 1000 | Diff Loss 0.2792
Epoch 96 | Batch 1100 | Diff Loss 0.2842
Epoch 96 | Batch 1200 | Diff Loss 0.2674
Epoch 96 | Batch 1300 | Diff Loss 0.2888
Epoch 96 | Batch 1400 | Diff Loss 0.2923
Epoch 96 | Batch 1500 | Diff Loss 0.2692
Epoch 96 | Batch 1600 | Diff Loss 0.2693
Epoch 96 | Batch 1700 | Diff Loss 0.2812
Epoch 96 | Batch 1800 | Diff Loss 0.2964
Epoch 96 | Batch 1900 | Diff Loss 0.2810
Epoch 96 | Batch 2000 | Diff Loss 0.2928
Epoch 96 | Batch 2100 | Diff Loss 0.2889
Epoch 96 | Batch 2200 | Diff Loss 0.2741
Epoch 96 | Batch 2300 | Diff Loss 0.2859
Epoch 96 | Batch 2400 | Diff Loss 0.2750
Epoch 96 | Batch 2500 | Diff Loss 0.2664
Epoch 96 | Batch 2600 | Diff Loss 0.2888
Epoch 96 Done. Loss: 0.2795. Time: 134.0s
Epoch 97 | Batch 0 | Diff Loss 0.2867
Epoch 97 | Batch 100 | Diff Loss 0.2874
Epoch 97 | Batch 200 | Diff Loss 0.2878
Epoch 97 | Batch 300 | Diff Loss 0.3062
Epoch 97 | Batch 400 | Diff Loss 0.2767
Epoch 97 | Batch 500 | Diff Loss 0.2689
Epoch 97 | Batch 600 | Diff Loss 0.2751
Epoch 97 | Batch 700 | Diff Loss 0.2911
Epoch 97 | Batch 800 | Diff Loss 0.2809
Epoch 97 | Batch 900 | Diff Loss 0.2710
Epoch 97 | Batch 1000 | Diff Loss 0.2814
Epoch 97 | Batch 1100 | Diff Loss 0.2651
Epoch 97 | Batch 1200 | Diff Loss 0.2903
Epoch 97 | Batch 1300 | Diff Loss 0.2944
Epoch 97 | Batch 1400 | Diff Loss 0.2662
Epoch 97 | Batch 1500 | Diff Loss 0.2715
Epoch 97 | Batch 1600 | Diff Loss 0.2631
Epoch 97 | Batch 1700 | Diff Loss 0.2788
Epoch 97 | Batch 1800 | Diff Loss 0.2924
Epoch 97 | Batch 1900 | Diff Loss 0.2869
Epoch 97 | Batch 2000 | Diff Loss 0.2971
Epoch 97 | Batch 2100 | Diff Loss 0.2677
Epoch 97 | Batch 2200 | Diff Loss 0.2848
Epoch 97 | Batch 2300 | Diff Loss 0.2793
Epoch 97 | Batch 2400 | Diff Loss 0.2995
Epoch 97 | Batch 2500 | Diff Loss 0.2793
Epoch 97 | Batch 2600 | Diff Loss 0.2819
Epoch 97 Done. Loss: 0.2792. Time: 134.3s
Epoch 98 | Batch 0 | Diff Loss 0.2640
Epoch 98 | Batch 100 | Diff Loss 0.2929
Epoch 98 | Batch 200 | Diff Loss 0.2886
Epoch 98 | Batch 300 | Diff Loss 0.2587
Epoch 98 | Batch 400 | Diff Loss 0.2822
Epoch 98 | Batch 500 | Diff Loss 0.2896
Epoch 98 | Batch 600 | Diff Loss 0.2810
Epoch 98 | Batch 700 | Diff Loss 0.2568
Epoch 98 | Batch 800 | Diff Loss 0.2913
Epoch 98 | Batch 900 | Diff Loss 0.2781
Epoch 98 | Batch 1000 | Diff Loss 0.2838
Epoch 98 | Batch 1100 | Diff Loss 0.2912
Epoch 98 | Batch 1200 | Diff Loss 0.2580
Epoch 98 | Batch 1300 | Diff Loss 0.2708
Epoch 98 | Batch 1400 | Diff Loss 0.2791
Epoch 98 | Batch 1500 | Diff Loss 0.2893
Epoch 98 | Batch 1600 | Diff Loss 0.2720
Epoch 98 | Batch 1700 | Diff Loss 0.2805
Epoch 98 | Batch 1800 | Diff Loss 0.2605
Epoch 98 | Batch 1900 | Diff Loss 0.2889
Epoch 98 | Batch 2000 | Diff Loss 0.2744
Epoch 98 | Batch 2100 | Diff Loss 0.2781
Epoch 98 | Batch 2200 | Diff Loss 0.2685
Epoch 98 | Batch 2300 | Diff Loss 0.2751
Epoch 98 | Batch 2400 | Diff Loss 0.2649
Epoch 98 | Batch 2500 | Diff Loss 0.2967
Epoch 98 | Batch 2600 | Diff Loss 0.2668
Epoch 98 Done. Loss: 0.2787. Time: 134.4s
Epoch 99 | Batch 0 | Diff Loss 0.2811
Epoch 99 | Batch 100 | Diff Loss 0.2763
Epoch 99 | Batch 200 | Diff Loss 0.2795
Epoch 99 | Batch 300 | Diff Loss 0.2995
Epoch 99 | Batch 400 | Diff Loss 0.2743
Epoch 99 | Batch 500 | Diff Loss 0.2787
Epoch 99 | Batch 600 | Diff Loss 0.2678
Epoch 99 | Batch 700 | Diff Loss 0.2740
Epoch 99 | Batch 800 | Diff Loss 0.2938
Epoch 99 | Batch 900 | Diff Loss 0.2860
Epoch 99 | Batch 1000 | Diff Loss 0.2801
Epoch 99 | Batch 1100 | Diff Loss 0.2817
Epoch 99 | Batch 1200 | Diff Loss 0.2791
Epoch 99 | Batch 1300 | Diff Loss 0.2735
Epoch 99 | Batch 1400 | Diff Loss 0.3018
Epoch 99 | Batch 1500 | Diff Loss 0.2824
Epoch 99 | Batch 1600 | Diff Loss 0.2721
Epoch 99 | Batch 1700 | Diff Loss 0.2768
Epoch 99 | Batch 1800 | Diff Loss 0.2837
Epoch 99 | Batch 1900 | Diff Loss 0.2680
Epoch 99 | Batch 2000 | Diff Loss 0.2878
Epoch 99 | Batch 2100 | Diff Loss 0.2719
Epoch 99 | Batch 2200 | Diff Loss 0.2757
Epoch 99 | Batch 2300 | Diff Loss 0.2714
Epoch 99 | Batch 2400 | Diff Loss 0.2825
Epoch 99 | Batch 2500 | Diff Loss 0.2857
Epoch 99 | Batch 2600 | Diff Loss 0.2836
Epoch 99 Done. Loss: 0.2788. Time: 134.9s
+ python -m src.training.evaluate --exp_name diff_b_dt30_h128_b512_lr1e-3_e100_s0_eval_quick --model_type diffusion --data_path data/processed_dt30/trajectories/shenzhen_trajectories.h5 --checkpoint data/experiments/diff_b_dt30_h128_b512_lr1e-3_e100_s0/last.pt --split test --obs_len 8 --pred_len 12 --hidden_dim 128 --diff_steps 100 --batch_size 32 --max_batches 10 --num_workers 0 --num_samples_per_condition 20 --save_samples 200 --seed 0
Using seed: 0
Using device: cuda
Using split=test: 21309 trajectories (/home/jinlin/projects/Mobility_v3/data/processed_dt30/splits/test_ids.npy)
Loading diffusion model from data/experiments/diff_b_dt30_h128_b512_lr1e-3_e100_s0/last.pt...
Running Inference...
  0%|          | 0/8838 [00:00<?, ?it/s]  0%|          | 1/8838 [00:05<12:37:08,  5.14s/it]  0%|          | 2/8838 [00:09<12:09:22,  4.95s/it]  0%|          | 3/8838 [00:14<12:06:19,  4.93s/it]  0%|          | 4/8838 [00:19<12:05:17,  4.93s/it]  0%|          | 5/8838 [00:24<12:00:12,  4.89s/it]  0%|          | 6/8838 [00:29<12:07:08,  4.94s/it]  0%|          | 7/8838 [00:34<12:01:59,  4.91s/it]  0%|          | 8/8838 [00:39<11:58:26,  4.88s/it]  0%|          | 9/8838 [00:44<11:56:23,  4.87s/it]  0%|          | 10/8838 [00:48<11:54:28,  4.86s/it]  0%|          | 10/8838 [00:48<12:00:50,  4.90s/it]
{
  "seed": 0,
  "split": "test",
  "num_conditions": 320,
  "K": 20,
  "ADE_mean": 6.531300163269043,
  "ADE_std": 2.7987908601760862,
  "ADE_best": 2.404483622312546,
  "FDE_mean": 11.233571767807007,
  "FDE_std": 5.183837604522705,
  "FDE_best": 3.1616849064826966,
  "Frechet_mean": 11.445852518081665,
  "Frechet_std": 5.112603425979614,
  "Frechet_best": 3.6999492406845094,
  "DTW_mean": 68.82839279174804,
  "DTW_std": 34.75570983886719,
  "DTW_best": 20.96153106689453,
  "MSD_1": 2.4162053300924993,
  "MSD_5": 37.19010766568611,
  "MSD_10": 115.20707784364991,
  "msd_curve": [
    2.4162053300924993,
    8.18566875435179,
    16.167536027237873,
    25.8979858988085,
    37.19010766568611,
    49.881203335050714,
    63.977065428570015,
    79.42460866439305,
    96.34516023729145,
    115.20707784364991,
    136.5142638795815
  ],
  "Rog": 3.3043448561379405,
  "GT_MSD_1": 5.345081627540865,
  "GT_MSD_5": 103.67779148940473,
  "GT_MSD_10": 349.73998770939363,
  "GT_msd_curve": [
    5.345081627540865,
    19.52881515039144,
    41.02866713283414,
    69.32818805846584,
    103.67779148940473,
    143.33918535439219,
    187.96578427977045,
    237.25857163753676,
    291.0450321817256,
    349.73998770939363,
    412.97503600184234
  ],
  "GT_Rog": 5.247348872967523
}
Results saved to data/experiments/diff_b_dt30_h128_b512_lr1e-3_e100_s0_eval_quick
+ python -m src.training.evaluate --exp_name physics_b_dt30_h128_b512_lr1e-3_e100_s0_eval_quick --model_type physics --data_path data/processed_dt30/trajectories/shenzhen_trajectories.h5 --checkpoint data/experiments/physics_b_dt30_h128_b512_lr1e-3_e100_s0/last.pt --nav_file data/processed_dt30/nav_field.npz --split test --obs_len 8 --pred_len 12 --hidden_dim 128 --diff_steps 100 --patch_size 32 --batch_size 32 --max_batches 10 --num_workers 0 --num_samples_per_condition 20 --save_samples 200 --seed 0
Using seed: 0
Using device: cuda
Using split=test: 21309 trajectories (/home/jinlin/projects/Mobility_v3/data/processed_dt30/splits/test_ids.npy)
Loading physics model from data/experiments/physics_b_dt30_h128_b512_lr1e-3_e100_s0/last.pt...
Running Inference...
  0%|          | 0/8838 [00:00<?, ?it/s]  0%|          | 1/8838 [00:04<12:14:21,  4.99s/it]  0%|          | 2/8838 [00:09<11:58:04,  4.88s/it]  0%|          | 3/8838 [00:14<11:53:04,  4.84s/it]  0%|          | 4/8838 [00:19<11:50:34,  4.83s/it]  0%|          | 5/8838 [00:24<11:49:05,  4.82s/it]  0%|          | 6/8838 [00:28<11:48:10,  4.81s/it]  0%|          | 7/8838 [00:33<11:47:32,  4.81s/it]  0%|          | 8/8838 [00:38<11:47:10,  4.81s/it]  0%|          | 9/8838 [00:43<11:46:55,  4.80s/it]  0%|          | 10/8838 [00:48<11:46:44,  4.80s/it]  0%|          | 10/8838 [00:48<11:49:12,  4.82s/it]
{
  "seed": 0,
  "split": "test",
  "num_conditions": 320,
  "K": 20,
  "ADE_mean": 6.552541899681091,
  "ADE_std": 2.6932308197021486,
  "ADE_best": 2.526387685537338,
  "FDE_mean": 11.441646766662597,
  "FDE_std": 5.0921835660934445,
  "FDE_best": 3.635548639297485,
  "Frechet_mean": 11.64229211807251,
  "Frechet_std": 5.01466588973999,
  "Frechet_best": 4.167413771152496,
  "DTW_mean": 69.31598815917968,
  "DTW_std": 34.15372734069824,
  "DTW_best": 22.667498207092287,
  "MSD_1": 2.090351997426245,
  "MSD_5": 33.66587428392483,
  "MSD_10": 103.54351746837396,
  "msd_curve": [
    2.090351997426245,
    7.238558361509048,
    14.473857721634637,
    23.347558205939166,
    33.66587428392483,
    45.276443551092264,
    58.039802853137495,
    71.85672656874863,
    86.90539657283999,
    103.54351746837396,
    122.22000366343684
  ],
  "Rog": 3.090250027487459,
  "GT_MSD_1": 5.345081627540865,
  "GT_MSD_5": 103.67779148940473,
  "GT_MSD_10": 349.73998770939363,
  "GT_msd_curve": [
    5.345081627540865,
    19.52881515039144,
    41.02866713283414,
    69.32818805846584,
    103.67779148940473,
    143.33918535439219,
    187.96578427977045,
    237.25857163753676,
    291.0450321817256,
    349.73998770939363,
    412.97503600184234
  ],
  "GT_Rog": 5.247348872967523
}
Results saved to data/experiments/physics_b_dt30_h128_b512_lr1e-3_e100_s0_eval_quick
+ python -m src.training.evaluate --exp_name diff_b_dt30_h128_b512_lr1e-3_e100_s0_eval_mid --model_type diffusion --data_path data/processed_dt30/trajectories/shenzhen_trajectories.h5 --checkpoint data/experiments/diff_b_dt30_h128_b512_lr1e-3_e100_s0/last.pt --split test --obs_len 8 --pred_len 12 --hidden_dim 128 --diff_steps 100 --batch_size 32 --max_batches 200 --num_workers 0 --num_samples_per_condition 20 --save_samples 200 --seed 0
Using seed: 0
Using device: cuda
Using split=test: 21309 trajectories (/home/jinlin/projects/Mobility_v3/data/processed_dt30/splits/test_ids.npy)
Loading diffusion model from data/experiments/diff_b_dt30_h128_b512_lr1e-3_e100_s0/last.pt...
Running Inference...
  0%|          | 0/8838 [00:00<?, ?it/s]  0%|          | 1/8838 [00:04<12:12:53,  4.98s/it]  0%|          | 2/8838 [00:09<12:00:27,  4.89s/it]  0%|          | 3/8838 [00:14<12:05:02,  4.92s/it]  0%|          | 4/8838 [00:19<11:59:26,  4.89s/it]  0%|          | 5/8838 [00:24<11:56:24,  4.87s/it]  0%|          | 6/8838 [00:29<11:58:28,  4.88s/it]  0%|          | 7/8838 [00:34<11:55:57,  4.86s/it]  0%|          | 8/8838 [00:39<11:54:25,  4.85s/it]  0%|          | 9/8838 [00:43<11:53:10,  4.85s/it]  0%|          | 10/8838 [00:49<12:08:28,  4.95s/it]  0%|          | 11/8838 [00:53<12:03:01,  4.91s/it]  0%|          | 12/8838 [00:58<11:59:08,  4.89s/it]  0%|          | 13/8838 [01:03<11:56:34,  4.87s/it]  0%|          | 14/8838 [01:08<11:54:33,  4.86s/it]  0%|          | 15/8838 [01:13<11:53:05,  4.85s/it]  0%|          | 16/8838 [01:17<11:52:04,  4.84s/it]  0%|          | 17/8838 [01:22<11:51:26,  4.84s/it]  0%|          | 18/8838 [01:27<11:50:58,  4.84s/it]  0%|          | 19/8838 [01:32<11:55:28,  4.87s/it]  0%|          | 20/8838 [01:37<12:01:05,  4.91s/it]  0%|          | 21/8838 [01:42<11:57:31,  4.88s/it]  0%|          | 22/8838 [01:47<12:00:52,  4.91s/it]  0%|          | 23/8838 [01:52<11:57:30,  4.88s/it]  0%|          | 24/8838 [01:57<11:55:03,  4.87s/it]  0%|          | 25/8838 [02:01<11:53:17,  4.86s/it]  0%|          | 26/8838 [02:06<11:52:00,  4.85s/it]  0%|          | 27/8838 [02:11<11:51:10,  4.84s/it]  0%|          | 28/8838 [02:16<11:50:34,  4.84s/it]  0%|          | 29/8838 [02:21<11:50:05,  4.84s/it]  0%|          | 30/8838 [02:26<11:49:43,  4.83s/it]  0%|          | 31/8838 [02:30<11:54:24,  4.87s/it]  0%|          | 32/8838 [02:35<11:52:37,  4.86s/it]  0%|          | 33/8838 [02:40<11:51:33,  4.85s/it]  0%|          | 34/8838 [02:45<11:56:04,  4.88s/it]  0%|          | 35/8838 [02:50<11:53:48,  4.87s/it]  0%|          | 36/8838 [02:55<11:52:10,  4.85s/it]  0%|          | 37/8838 [03:00<12:00:40,  4.91s/it]  0%|          | 38/8838 [03:05<11:57:09,  4.89s/it]  0%|          | 39/8838 [03:09<11:54:36,  4.87s/it]  0%|          | 40/8838 [03:14<11:52:52,  4.86s/it]  0%|          | 41/8838 [03:19<11:51:34,  4.85s/it]  0%|          | 42/8838 [03:24<11:50:35,  4.85s/it]  0%|          | 43/8838 [03:29<11:49:48,  4.84s/it]  0%|          | 44/8838 [03:34<11:49:13,  4.84s/it]  1%|          | 45/8838 [03:39<11:53:32,  4.87s/it]  1%|          | 46/8838 [03:43<11:51:46,  4.86s/it]  1%|          | 47/8838 [03:48<11:50:44,  4.85s/it]  1%|          | 48/8838 [03:53<11:49:55,  4.85s/it]  1%|          | 49/8838 [03:58<11:49:11,  4.84s/it]  1%|          | 50/8838 [04:03<11:48:36,  4.84s/it]  1%|          | 51/8838 [04:08<11:48:12,  4.84s/it]  1%|          | 52/8838 [04:12<11:47:55,  4.83s/it]  1%|          | 53/8838 [04:17<11:47:43,  4.83s/it]  1%|          | 54/8838 [04:22<11:47:32,  4.83s/it]  1%|          | 55/8838 [04:27<11:47:21,  4.83s/it]  1%|          | 56/8838 [04:32<11:47:16,  4.83s/it]  1%|          | 57/8838 [04:37<11:47:10,  4.83s/it]  1%|          | 58/8838 [04:41<11:46:59,  4.83s/it]  1%|          | 59/8838 [04:46<11:46:59,  4.83s/it]  1%|          | 60/8838 [04:51<11:46:52,  4.83s/it]  1%|          | 61/8838 [04:56<11:46:48,  4.83s/it]  1%|          | 62/8838 [05:01<11:46:39,  4.83s/it]  1%|          | 63/8838 [05:06<11:49:26,  4.85s/it]  1%|          | 64/8838 [05:11<11:56:18,  4.90s/it]  1%|          | 65/8838 [05:15<11:53:22,  4.88s/it]  1%|          | 66/8838 [05:20<11:51:09,  4.86s/it]  1%|          | 67/8838 [05:25<11:49:43,  4.86s/it]  1%|          | 68/8838 [05:30<11:51:20,  4.87s/it]  1%|          | 69/8838 [05:35<11:55:52,  4.90s/it]  1%|          | 70/8838 [05:40<11:52:52,  4.88s/it]  1%|          | 71/8838 [05:45<11:50:44,  4.86s/it]  1%|          | 72/8838 [05:49<11:49:09,  4.85s/it]  1%|          | 73/8838 [05:54<11:48:03,  4.85s/it]  1%|          | 74/8838 [05:59<11:47:13,  4.84s/it]  1%|          | 75/8838 [06:04<11:46:38,  4.84s/it]  1%|          | 76/8838 [06:09<11:53:38,  4.89s/it]  1%|          | 77/8838 [06:14<11:55:52,  4.90s/it]  1%|          | 78/8838 [06:19<11:52:37,  4.88s/it]  1%|          | 79/8838 [06:24<11:50:16,  4.87s/it]  1%|          | 80/8838 [06:28<11:48:44,  4.86s/it]  1%|          | 81/8838 [06:33<11:53:07,  4.89s/it]  1%|          | 82/8838 [06:38<11:50:41,  4.87s/it]  1%|          | 83/8838 [06:43<11:49:00,  4.86s/it]  1%|          | 84/8838 [06:48<11:47:41,  4.85s/it]  1%|          | 85/8838 [06:53<11:46:44,  4.84s/it]  1%|          | 86/8838 [06:58<11:48:35,  4.86s/it]  1%|          | 87/8838 [07:03<11:59:46,  4.94s/it]  1%|          | 88/8838 [07:08<11:55:20,  4.91s/it]  1%|          | 89/8838 [07:12<11:51:58,  4.88s/it]  1%|          | 90/8838 [07:17<11:49:46,  4.87s/it]  1%|          | 91/8838 [07:22<11:51:38,  4.88s/it]  1%|          | 92/8838 [07:27<11:50:18,  4.87s/it]  1%|          | 93/8838 [07:32<11:48:51,  4.86s/it]  1%|          | 94/8838 [07:37<11:51:27,  4.88s/it]  1%|          | 95/8838 [07:42<11:49:14,  4.87s/it]  1%|          | 96/8838 [07:46<11:47:29,  4.86s/it]  1%|          | 97/8838 [07:51<11:50:32,  4.88s/it]  1%|          | 98/8838 [07:56<11:48:30,  4.86s/it]  1%|          | 99/8838 [08:01<11:47:01,  4.85s/it]  1%|          | 100/8838 [08:06<11:46:02,  4.85s/it]  1%|          | 101/8838 [08:11<11:52:29,  4.89s/it]  1%|          | 102/8838 [08:16<11:49:37,  4.87s/it]  1%|          | 103/8838 [08:21<11:51:37,  4.89s/it]  1%|          | 104/8838 [08:25<11:48:56,  4.87s/it]  1%|          | 105/8838 [08:30<11:51:34,  4.89s/it]  1%|          | 106/8838 [08:35<11:48:51,  4.87s/it]  1%|          | 107/8838 [08:40<11:47:06,  4.86s/it]  1%|          | 108/8838 [08:45<11:45:48,  4.85s/it]  1%|          | 109/8838 [08:50<11:45:00,  4.85s/it]  1%|          | 110/8838 [08:54<11:44:16,  4.84s/it]  1%|▏         | 111/8838 [08:59<11:43:49,  4.84s/it]  1%|▏         | 112/8838 [09:04<11:43:32,  4.84s/it]  1%|▏         | 113/8838 [09:09<11:49:45,  4.88s/it]  1%|▏         | 114/8838 [09:14<11:52:59,  4.90s/it]  1%|▏         | 115/8838 [09:19<11:49:40,  4.88s/it]  1%|▏         | 116/8838 [09:24<11:52:11,  4.90s/it]  1%|▏         | 117/8838 [09:29<11:49:06,  4.88s/it]  1%|▏         | 118/8838 [09:33<11:46:54,  4.86s/it]  1%|▏         | 119/8838 [09:38<11:45:25,  4.85s/it]  1%|▏         | 120/8838 [09:43<11:44:23,  4.85s/it]  1%|▏         | 121/8838 [09:49<12:07:24,  5.01s/it]  1%|▏         | 122/8838 [09:53<11:59:42,  4.95s/it]  1%|▏         | 123/8838 [09:58<12:01:05,  4.96s/it]  1%|▏         | 124/8838 [10:03<11:59:11,  4.95s/it]  1%|▏         | 125/8838 [10:08<11:53:54,  4.92s/it]  1%|▏         | 126/8838 [10:13<11:54:28,  4.92s/it]  1%|▏         | 127/8838 [10:18<11:50:25,  4.89s/it]  1%|▏         | 128/8838 [10:23<11:47:30,  4.87s/it]  1%|▏         | 129/8838 [10:28<11:45:30,  4.86s/it]  1%|▏         | 130/8838 [10:32<11:49:19,  4.89s/it]  1%|▏         | 131/8838 [10:37<11:46:52,  4.87s/it]  1%|▏         | 132/8838 [10:42<11:44:58,  4.86s/it]  2%|▏         | 133/8838 [10:47<11:43:44,  4.85s/it]  2%|▏         | 134/8838 [10:52<11:48:25,  4.88s/it]  2%|▏         | 135/8838 [10:57<11:45:58,  4.87s/it]  2%|▏         | 136/8838 [11:02<11:44:22,  4.86s/it]  2%|▏         | 137/8838 [11:06<11:43:06,  4.85s/it]  2%|▏         | 138/8838 [11:11<11:42:21,  4.84s/it]  2%|▏         | 139/8838 [11:16<11:41:47,  4.84s/it]  2%|▏         | 140/8838 [11:21<11:41:17,  4.84s/it]  2%|▏         | 141/8838 [11:26<11:40:55,  4.84s/it]  2%|▏         | 142/8838 [11:31<11:40:38,  4.83s/it]  2%|▏         | 143/8838 [11:35<11:40:30,  4.83s/it]  2%|▏         | 144/8838 [11:40<11:40:20,  4.83s/it]  2%|▏         | 145/8838 [11:45<11:47:31,  4.88s/it]  2%|▏         | 146/8838 [11:50<11:45:15,  4.87s/it]  2%|▏         | 147/8838 [11:55<11:46:44,  4.88s/it]  2%|▏         | 148/8838 [12:00<11:44:31,  4.86s/it]  2%|▏         | 149/8838 [12:05<11:42:56,  4.85s/it]  2%|▏         | 150/8838 [12:09<11:41:45,  4.85s/it]  2%|▏         | 151/8838 [12:14<11:43:55,  4.86s/it]  2%|▏         | 152/8838 [12:19<11:49:04,  4.90s/it]  2%|▏         | 153/8838 [12:24<11:46:13,  4.88s/it]  2%|▏         | 154/8838 [12:29<11:48:46,  4.90s/it]  2%|▏         | 155/8838 [12:34<11:45:45,  4.88s/it]  2%|▏         | 156/8838 [12:39<11:43:46,  4.86s/it]  2%|▏         | 157/8838 [12:44<11:42:20,  4.85s/it]  2%|▏         | 158/8838 [12:48<11:41:20,  4.85s/it]  2%|▏         | 159/8838 [12:53<11:40:35,  4.84s/it]  2%|▏         | 160/8838 [12:58<11:39:52,  4.84s/it]  2%|▏         | 161/8838 [13:03<11:50:44,  4.91s/it]  2%|▏         | 162/8838 [13:08<11:46:57,  4.89s/it]  2%|▏         | 163/8838 [13:13<11:44:31,  4.87s/it]  2%|▏         | 164/8838 [13:18<11:42:43,  4.86s/it]  2%|▏         | 165/8838 [13:23<11:41:33,  4.85s/it]  2%|▏         | 166/8838 [13:27<11:40:26,  4.85s/it]  2%|▏         | 167/8838 [13:32<11:39:48,  4.84s/it]  2%|▏         | 168/8838 [13:37<11:39:09,  4.84s/it]  2%|▏         | 169/8838 [13:42<11:38:44,  4.84s/it]  2%|▏         | 170/8838 [13:47<11:38:20,  4.83s/it]  2%|▏         | 171/8838 [13:52<11:38:15,  4.83s/it]  2%|▏         | 172/8838 [13:56<11:38:20,  4.84s/it]  2%|▏         | 173/8838 [14:01<11:38:05,  4.83s/it]  2%|▏         | 174/8838 [14:06<11:53:39,  4.94s/it]  2%|▏         | 175/8838 [14:11<11:48:50,  4.91s/it]  2%|▏         | 176/8838 [14:16<11:45:21,  4.89s/it]  2%|▏         | 177/8838 [14:21<11:43:07,  4.87s/it]  2%|▏         | 178/8838 [14:26<11:41:38,  4.86s/it]  2%|▏         | 179/8838 [14:31<11:42:46,  4.87s/it]  2%|▏         | 180/8838 [14:36<11:44:50,  4.88s/it]  2%|▏         | 181/8838 [14:40<11:45:04,  4.89s/it]  2%|▏         | 182/8838 [14:45<11:42:34,  4.87s/it]  2%|▏         | 183/8838 [14:50<11:54:09,  4.95s/it]  2%|▏         | 184/8838 [14:55<11:53:42,  4.95s/it]  2%|▏         | 185/8838 [15:00<11:54:13,  4.95s/it]  2%|▏         | 186/8838 [15:05<11:50:07,  4.92s/it]  2%|▏         | 187/8838 [15:10<11:48:30,  4.91s/it]  2%|▏         | 188/8838 [15:15<11:47:06,  4.90s/it]  2%|▏         | 189/8838 [15:20<11:44:00,  4.88s/it]  2%|▏         | 190/8838 [15:25<11:41:58,  4.87s/it]  2%|▏         | 191/8838 [15:29<11:40:06,  4.86s/it]  2%|▏         | 192/8838 [15:34<11:38:53,  4.85s/it]  2%|▏         | 193/8838 [15:39<11:37:50,  4.84s/it]  2%|▏         | 194/8838 [15:44<11:37:12,  4.84s/it]  2%|▏         | 195/8838 [15:49<11:36:47,  4.84s/it]  2%|▏         | 196/8838 [15:54<11:36:30,  4.84s/it]  2%|▏         | 197/8838 [15:59<11:45:18,  4.90s/it]  2%|▏         | 198/8838 [16:04<12:00:48,  5.01s/it]  2%|▏         | 199/8838 [16:09<11:57:29,  4.98s/it]  2%|▏         | 200/8838 [16:14<11:50:48,  4.94s/it]  2%|▏         | 200/8838 [16:14<11:41:14,  4.87s/it]
{
  "seed": 0,
  "split": "test",
  "num_conditions": 6400,
  "K": 20,
  "ADE_mean": 8.187432930469512,
  "ADE_std": 3.4472492530941965,
  "ADE_best": 2.8287368027865885,
  "FDE_mean": 14.152683469057083,
  "FDE_std": 6.301592283844948,
  "FDE_best": 4.080280150175095,
  "Frechet_mean": 14.38188869714737,
  "Frechet_std": 6.216254996061325,
  "Frechet_best": 4.634897918701172,
  "DTW_mean": 87.05501654148102,
  "DTW_std": 44.082852840423584,
  "DTW_best": 24.676862362623215,
  "MSD_1": 3.0425490141577898,
  "MSD_5": 50.29846126614116,
  "MSD_10": 158.91355025788172,
  "msd_curve": [
    3.0425490141577898,
    10.623494295424775,
    21.397427690984973,
    34.735357745298,
    50.29846126614116,
    67.91291242745142,
    87.49469239019007,
    109.05385436270889,
    132.72085219858567,
    158.91355025788172,
    188.22024779556938
  ],
  "Rog": 3.876005855128785,
  "GT_MSD_1": 7.210336218585929,
  "GT_MSD_5": 146.91401197863559,
  "GT_MSD_10": 505.67107893394217,
  "GT_msd_curve": [
    7.210336218585929,
    27.00871431346634,
    57.53811494834465,
    97.76472612868233,
    146.91401197863559,
    204.33575925659503,
    269.4072498353904,
    341.58523883876813,
    420.44779089840506,
    505.67107893394217,
    596.6573337081206
  ],
  "GT_Rog": 6.532886962581581
}
Results saved to data/experiments/diff_b_dt30_h128_b512_lr1e-3_e100_s0_eval_mid
+ python -m src.training.evaluate --exp_name physics_b_dt30_h128_b512_lr1e-3_e100_s0_eval_mid --model_type physics --data_path data/processed_dt30/trajectories/shenzhen_trajectories.h5 --checkpoint data/experiments/physics_b_dt30_h128_b512_lr1e-3_e100_s0/last.pt --nav_file data/processed_dt30/nav_field.npz --split test --obs_len 8 --pred_len 12 --hidden_dim 128 --diff_steps 100 --patch_size 32 --batch_size 32 --max_batches 200 --num_workers 0 --num_samples_per_condition 20 --save_samples 200 --seed 0
Using seed: 0
Using device: cuda
Using split=test: 21309 trajectories (/home/jinlin/projects/Mobility_v3/data/processed_dt30/splits/test_ids.npy)
Loading physics model from data/experiments/physics_b_dt30_h128_b512_lr1e-3_e100_s0/last.pt...
Running Inference...
  0%|          | 0/8838 [00:00<?, ?it/s]  0%|          | 1/8838 [00:04<12:10:41,  4.96s/it]  0%|          | 2/8838 [00:09<11:56:38,  4.87s/it]  0%|          | 3/8838 [00:14<11:52:08,  4.84s/it]  0%|          | 4/8838 [00:19<11:56:39,  4.87s/it]  0%|          | 5/8838 [00:24<11:53:00,  4.84s/it]  0%|          | 6/8838 [00:29<11:50:48,  4.83s/it]  0%|          | 7/8838 [00:33<11:52:01,  4.84s/it]  0%|          | 8/8838 [00:38<11:50:12,  4.83s/it]  0%|          | 9/8838 [00:43<11:49:01,  4.82s/it]  0%|          | 10/8838 [00:48<11:48:08,  4.81s/it]  0%|          | 11/8838 [00:53<11:52:45,  4.84s/it]  0%|          | 12/8838 [00:58<11:50:43,  4.83s/it]  0%|          | 13/8838 [01:02<11:49:16,  4.82s/it]  0%|          | 14/8838 [01:07<11:48:12,  4.82s/it]  0%|          | 15/8838 [01:12<11:47:34,  4.81s/it]  0%|          | 16/8838 [01:17<11:53:42,  4.85s/it]  0%|          | 17/8838 [01:22<11:51:21,  4.84s/it]  0%|          | 18/8838 [01:27<11:49:44,  4.83s/it]  0%|          | 19/8838 [01:31<11:48:26,  4.82s/it]  0%|          | 20/8838 [01:36<11:47:28,  4.81s/it]  0%|          | 21/8838 [01:41<11:46:45,  4.81s/it]  0%|          | 22/8838 [01:46<11:46:09,  4.81s/it]  0%|          | 23/8838 [01:51<11:53:23,  4.86s/it]  0%|          | 24/8838 [01:55<11:51:01,  4.84s/it]  0%|          | 25/8838 [02:00<11:49:09,  4.83s/it]  0%|          | 26/8838 [02:05<11:47:57,  4.82s/it]  0%|          | 27/8838 [02:10<11:46:54,  4.81s/it]  0%|          | 28/8838 [02:15<11:46:07,  4.81s/it]  0%|          | 29/8838 [02:19<11:45:50,  4.81s/it]  0%|          | 30/8838 [02:25<12:00:45,  4.91s/it]  0%|          | 31/8838 [02:30<12:00:47,  4.91s/it]  0%|          | 32/8838 [02:34<11:55:52,  4.88s/it]  0%|          | 33/8838 [02:39<11:52:19,  4.85s/it]  0%|          | 34/8838 [02:44<11:55:38,  4.88s/it]  0%|          | 35/8838 [02:49<11:57:35,  4.89s/it]  0%|          | 36/8838 [02:54<11:53:43,  4.87s/it]  0%|          | 37/8838 [02:59<11:50:44,  4.85s/it]  0%|          | 38/8838 [03:03<11:48:47,  4.83s/it]  0%|          | 39/8838 [03:08<11:47:23,  4.82s/it]  0%|          | 40/8838 [03:13<12:02:22,  4.93s/it]  0%|          | 41/8838 [03:18<11:56:47,  4.89s/it]  0%|          | 42/8838 [03:23<11:57:29,  4.89s/it]  0%|          | 43/8838 [03:28<11:53:25,  4.87s/it]  0%|          | 44/8838 [03:33<11:54:45,  4.88s/it]  1%|          | 45/8838 [03:38<11:57:59,  4.90s/it]  1%|          | 46/8838 [03:43<11:53:39,  4.87s/it]  1%|          | 47/8838 [03:48<11:59:35,  4.91s/it]  1%|          | 48/8838 [03:52<11:54:32,  4.88s/it]  1%|          | 49/8838 [03:57<11:51:02,  4.85s/it]  1%|          | 50/8838 [04:02<11:48:37,  4.84s/it]  1%|          | 51/8838 [04:07<11:47:00,  4.83s/it]  1%|          | 52/8838 [04:12<11:45:37,  4.82s/it]  1%|          | 53/8838 [04:16<11:44:45,  4.81s/it]  1%|          | 54/8838 [04:21<11:43:58,  4.81s/it]  1%|          | 55/8838 [04:26<11:43:32,  4.81s/it]  1%|          | 56/8838 [04:31<11:43:12,  4.80s/it]  1%|          | 57/8838 [04:36<11:42:59,  4.80s/it]  1%|          | 58/8838 [04:40<11:42:44,  4.80s/it]  1%|          | 59/8838 [04:45<11:42:29,  4.80s/it]  1%|          | 60/8838 [04:50<11:50:23,  4.86s/it]  1%|          | 61/8838 [04:55<11:48:03,  4.84s/it]  1%|          | 62/8838 [05:00<11:46:17,  4.83s/it]  1%|          | 63/8838 [05:05<12:04:25,  4.95s/it]  1%|          | 64/8838 [05:10<11:57:40,  4.91s/it]  1%|          | 65/8838 [05:15<11:59:18,  4.92s/it]  1%|          | 66/8838 [05:20<11:54:01,  4.88s/it]  1%|          | 67/8838 [05:24<11:50:15,  4.86s/it]  1%|          | 68/8838 [05:29<11:47:31,  4.84s/it]  1%|          | 69/8838 [05:34<11:45:36,  4.83s/it]  1%|          | 70/8838 [05:39<11:44:13,  4.82s/it]  1%|          | 71/8838 [05:44<11:43:18,  4.81s/it]  1%|          | 72/8838 [05:49<11:56:04,  4.90s/it]  1%|          | 73/8838 [05:53<11:51:36,  4.87s/it]  1%|          | 74/8838 [05:58<11:48:18,  4.85s/it]  1%|          | 75/8838 [06:03<11:49:16,  4.86s/it]  1%|          | 76/8838 [06:08<11:47:47,  4.85s/it]  1%|          | 77/8838 [06:13<11:45:30,  4.83s/it]  1%|          | 78/8838 [06:18<11:43:56,  4.82s/it]  1%|          | 79/8838 [06:22<11:42:58,  4.82s/it]  1%|          | 80/8838 [06:27<11:42:23,  4.81s/it]  1%|          | 81/8838 [06:32<11:41:45,  4.81s/it]  1%|          | 82/8838 [06:37<11:44:45,  4.83s/it]  1%|          | 83/8838 [06:42<11:43:24,  4.82s/it]  1%|          | 84/8838 [06:46<11:42:27,  4.81s/it]  1%|          | 85/8838 [06:51<11:41:48,  4.81s/it]  1%|          | 86/8838 [06:56<11:41:11,  4.81s/it]  1%|          | 87/8838 [07:01<11:40:49,  4.81s/it]  1%|          | 88/8838 [07:06<11:47:12,  4.85s/it]  1%|          | 89/8838 [07:11<11:44:56,  4.83s/it]  1%|          | 90/8838 [07:15<11:44:19,  4.83s/it]  1%|          | 91/8838 [07:20<11:43:32,  4.83s/it]  1%|          | 92/8838 [07:25<11:42:16,  4.82s/it]  1%|          | 93/8838 [07:30<11:41:32,  4.81s/it]  1%|          | 94/8838 [07:35<11:40:56,  4.81s/it]  1%|          | 95/8838 [07:40<11:50:29,  4.88s/it]  1%|          | 96/8838 [07:44<11:47:07,  4.85s/it]  1%|          | 97/8838 [07:49<11:49:01,  4.87s/it]  1%|          | 98/8838 [07:54<11:53:06,  4.90s/it]  1%|          | 99/8838 [07:59<11:48:53,  4.87s/it]  1%|          | 100/8838 [08:04<11:46:00,  4.85s/it]  1%|          | 101/8838 [08:09<12:02:04,  4.96s/it]  1%|          | 102/8838 [08:14<11:54:59,  4.91s/it]  1%|          | 103/8838 [08:19<11:50:07,  4.88s/it]  1%|          | 104/8838 [08:24<11:46:39,  4.85s/it]  1%|          | 105/8838 [08:28<11:44:12,  4.84s/it]  1%|          | 106/8838 [08:33<11:46:26,  4.85s/it]  1%|          | 107/8838 [08:38<11:44:07,  4.84s/it]  1%|          | 108/8838 [08:43<12:04:37,  4.98s/it]  1%|          | 109/8838 [08:48<11:56:53,  4.93s/it]  1%|          | 110/8838 [08:53<11:51:10,  4.89s/it]  1%|▏         | 111/8838 [08:58<11:47:18,  4.86s/it]  1%|▏         | 112/8838 [09:03<11:44:34,  4.84s/it]  1%|▏         | 113/8838 [09:07<11:42:32,  4.83s/it]  1%|▏         | 114/8838 [09:12<11:41:19,  4.82s/it]  1%|▏         | 115/8838 [09:17<11:40:14,  4.82s/it]  1%|▏         | 116/8838 [09:22<11:39:26,  4.81s/it]  1%|▏         | 117/8838 [09:27<11:39:01,  4.81s/it]  1%|▏         | 118/8838 [09:31<11:38:35,  4.81s/it]  1%|▏         | 119/8838 [09:36<11:38:21,  4.81s/it]  1%|▏         | 120/8838 [09:41<11:38:06,  4.80s/it]  1%|▏         | 121/8838 [09:46<11:43:40,  4.84s/it]  1%|▏         | 122/8838 [09:51<11:41:40,  4.83s/it]  1%|▏         | 123/8838 [09:55<11:40:23,  4.82s/it]  1%|▏         | 124/8838 [10:00<11:39:20,  4.82s/it]  1%|▏         | 125/8838 [10:05<11:48:40,  4.88s/it]  1%|▏         | 126/8838 [10:10<11:45:07,  4.86s/it]  1%|▏         | 127/8838 [10:15<11:53:04,  4.91s/it]  1%|▏         | 128/8838 [10:20<11:48:14,  4.88s/it]  1%|▏         | 129/8838 [10:25<11:44:40,  4.85s/it]  1%|▏         | 130/8838 [10:30<11:47:19,  4.87s/it]  1%|▏         | 131/8838 [10:34<11:44:08,  4.85s/it]  1%|▏         | 132/8838 [10:39<11:41:50,  4.84s/it]  2%|▏         | 133/8838 [10:44<11:44:08,  4.85s/it]  2%|▏         | 134/8838 [10:49<11:41:42,  4.84s/it]  2%|▏         | 135/8838 [10:54<11:40:02,  4.83s/it]  2%|▏         | 136/8838 [10:59<11:38:51,  4.82s/it]  2%|▏         | 137/8838 [11:03<11:38:01,  4.81s/it]  2%|▏         | 138/8838 [11:09<11:59:35,  4.96s/it]  2%|▏         | 139/8838 [11:14<12:00:14,  4.97s/it]  2%|▏         | 140/8838 [11:18<11:52:53,  4.92s/it]  2%|▏         | 141/8838 [11:23<11:47:50,  4.88s/it]  2%|▏         | 142/8838 [11:28<11:44:08,  4.86s/it]  2%|▏         | 143/8838 [11:33<11:41:43,  4.84s/it]  2%|▏         | 144/8838 [11:38<11:39:49,  4.83s/it]  2%|▏         | 145/8838 [11:42<11:38:24,  4.82s/it]  2%|▏         | 146/8838 [11:47<11:37:28,  4.81s/it]  2%|▏         | 147/8838 [11:52<11:36:50,  4.81s/it]  2%|▏         | 148/8838 [11:57<11:52:40,  4.92s/it]  2%|▏         | 149/8838 [12:02<11:47:43,  4.89s/it]  2%|▏         | 150/8838 [12:07<11:43:49,  4.86s/it]  2%|▏         | 151/8838 [12:12<11:41:15,  4.84s/it]  2%|▏         | 152/8838 [12:17<11:46:08,  4.88s/it]  2%|▏         | 153/8838 [12:21<11:42:43,  4.85s/it]  2%|▏         | 154/8838 [12:26<11:43:31,  4.86s/it]  2%|▏         | 155/8838 [12:31<11:40:55,  4.84s/it]  2%|▏         | 156/8838 [12:36<11:39:09,  4.83s/it]  2%|▏         | 157/8838 [12:41<11:37:53,  4.82s/it]  2%|▏         | 158/8838 [12:46<11:36:50,  4.82s/it]  2%|▏         | 159/8838 [12:50<11:36:07,  4.81s/it]  2%|▏         | 160/8838 [12:55<11:35:28,  4.81s/it]  2%|▏         | 161/8838 [13:00<11:35:15,  4.81s/it]  2%|▏         | 162/8838 [13:05<11:34:53,  4.81s/it]  2%|▏         | 163/8838 [13:10<11:34:34,  4.80s/it]  2%|▏         | 164/8838 [13:14<11:34:25,  4.80s/it]  2%|▏         | 165/8838 [13:19<11:34:15,  4.80s/it]  2%|▏         | 166/8838 [13:24<11:34:03,  4.80s/it]  2%|▏         | 167/8838 [13:29<11:36:34,  4.82s/it]  2%|▏         | 168/8838 [13:34<12:05:44,  5.02s/it]  2%|▏         | 169/8838 [13:39<11:56:04,  4.96s/it]  2%|▏         | 170/8838 [13:44<11:54:31,  4.95s/it]  2%|▏         | 171/8838 [13:49<11:48:09,  4.90s/it]  2%|▏         | 172/8838 [13:54<11:43:37,  4.87s/it]  2%|▏         | 173/8838 [13:59<11:44:50,  4.88s/it]  2%|▏         | 174/8838 [14:03<11:41:12,  4.86s/it]  2%|▏         | 175/8838 [14:08<11:41:20,  4.86s/it]  2%|▏         | 176/8838 [14:13<11:38:43,  4.84s/it]  2%|▏         | 177/8838 [14:18<11:36:53,  4.83s/it]  2%|▏         | 178/8838 [14:23<11:35:34,  4.82s/it]  2%|▏         | 179/8838 [14:27<11:34:57,  4.82s/it]  2%|▏         | 180/8838 [14:32<11:34:14,  4.81s/it]  2%|▏         | 181/8838 [14:37<11:33:50,  4.81s/it]  2%|▏         | 182/8838 [14:42<11:33:18,  4.81s/it]  2%|▏         | 183/8838 [14:47<11:32:53,  4.80s/it]  2%|▏         | 184/8838 [14:51<11:32:34,  4.80s/it]  2%|▏         | 185/8838 [14:56<11:32:28,  4.80s/it]  2%|▏         | 186/8838 [15:01<11:32:17,  4.80s/it]  2%|▏         | 187/8838 [15:06<11:38:34,  4.85s/it]  2%|▏         | 188/8838 [15:11<11:36:32,  4.83s/it]  2%|▏         | 189/8838 [15:16<11:35:11,  4.82s/it]  2%|▏         | 190/8838 [15:20<11:34:05,  4.82s/it]  2%|▏         | 191/8838 [15:25<11:37:13,  4.84s/it]  2%|▏         | 192/8838 [15:30<11:35:34,  4.83s/it]  2%|▏         | 193/8838 [15:35<11:34:23,  4.82s/it]  2%|▏         | 194/8838 [15:40<11:33:27,  4.81s/it]  2%|▏         | 195/8838 [15:45<11:37:03,  4.84s/it]  2%|▏         | 196/8838 [15:49<11:39:37,  4.86s/it]  2%|▏         | 197/8838 [15:54<11:37:10,  4.84s/it]  2%|▏         | 198/8838 [15:59<11:35:27,  4.83s/it]  2%|▏         | 199/8838 [16:04<11:37:37,  4.85s/it]  2%|▏         | 200/8838 [16:09<11:35:41,  4.83s/it]  2%|▏         | 200/8838 [16:09<11:37:40,  4.85s/it]
{
  "seed": 0,
  "split": "test",
  "num_conditions": 6400,
  "K": 20,
  "ADE_mean": 8.291646361947059,
  "ADE_std": 3.3853427529335023,
  "ADE_best": 3.0264236499369144,
  "FDE_mean": 14.4108540225029,
  "FDE_std": 6.28021335542202,
  "FDE_best": 4.461987393796444,
  "Frechet_mean": 14.627462985515594,
  "Frechet_std": 6.200104936957359,
  "Frechet_best": 4.990758014917374,
  "DTW_mean": 88.24827196598054,
  "DTW_std": 43.661397037506106,
  "DTW_best": 26.511669421195982,
  "MSD_1": 2.7732872383831175,
  "MSD_5": 46.875648792857355,
  "MSD_10": 147.64920842515892,
  "msd_curve": [
    2.7732872383831175,
    9.788436381234149,
    19.830935745941225,
    32.299969997409995,
    46.875648792857355,
    63.37699061374324,
    81.63383953855077,
    101.58852466474545,
    123.44804860632364,
    147.64920842515892,
    174.72753025282586
  ],
  "Rog": 3.7106128049002263,
  "GT_MSD_1": 7.210336218585929,
  "GT_MSD_5": 146.91401197863559,
  "GT_MSD_10": 505.67107893394217,
  "GT_msd_curve": [
    7.210336218585929,
    27.00871431346634,
    57.53811494834465,
    97.76472612868233,
    146.91401197863559,
    204.33575925659503,
    269.4072498353904,
    341.58523883876813,
    420.44779089840506,
    505.67107893394217,
    596.6573337081206
  ],
  "GT_Rog": 6.532886962581581
}
Results saved to data/experiments/physics_b_dt30_h128_b512_lr1e-3_e100_s0_eval_mid
+ python -m src.training.train_diffusion --model_type diffusion --data_path data/processed_dt30/trajectories/shenzhen_trajectories.h5 --split train --exp_name diff_b_dt30_h128_b512_lr1e-3_e100_s1 --obs_len 8 --pred_len 12 --hidden_dim 128 --diff_steps 100 --batch_size 512 --epochs 100 --lr 1e-3 --num_workers 4 --seed 1
Using device: cuda
Using seed: 1
Loading datasets...
Using split=train: 97222 trajectories (/home/jinlin/projects/Mobility_v3/data/processed_dt30/splits/train_ids.npy)
Initializing Standard DiffusionTrajectoryModel...
Epoch 0 | Batch 0 | Diff Loss 1.2313
Epoch 0 | Batch 100 | Diff Loss 0.4782
Epoch 0 | Batch 200 | Diff Loss 0.4318
Epoch 0 | Batch 300 | Diff Loss 0.4138
Epoch 0 | Batch 400 | Diff Loss 0.3968
Epoch 0 | Batch 500 | Diff Loss 0.4081
Epoch 0 | Batch 600 | Diff Loss 0.4124
Epoch 0 | Batch 700 | Diff Loss 0.4333
Epoch 0 | Batch 800 | Diff Loss 0.3990
Epoch 0 | Batch 900 | Diff Loss 0.3876
Epoch 0 | Batch 1000 | Diff Loss 0.3963
Epoch 0 | Batch 1100 | Diff Loss 0.4062
Epoch 0 | Batch 1200 | Diff Loss 0.3696
Epoch 0 | Batch 1300 | Diff Loss 0.3948
Epoch 0 | Batch 1400 | Diff Loss 0.3990
Epoch 0 | Batch 1500 | Diff Loss 0.3807
Epoch 0 | Batch 1600 | Diff Loss 0.3787
Epoch 0 | Batch 1700 | Diff Loss 0.4009
Epoch 0 | Batch 1800 | Diff Loss 0.4075
Epoch 0 | Batch 1900 | Diff Loss 0.3779
Epoch 0 | Batch 2000 | Diff Loss 0.4212
Epoch 0 | Batch 2100 | Diff Loss 0.3668
Epoch 0 | Batch 2200 | Diff Loss 0.3723
Epoch 0 | Batch 2300 | Diff Loss 0.3771
Epoch 0 | Batch 2400 | Diff Loss 0.3902
Epoch 0 | Batch 2500 | Diff Loss 0.4084
Epoch 0 | Batch 2600 | Diff Loss 0.3798
Epoch 0 Done. Loss: 0.4135. Time: 125.4s
Epoch 1 | Batch 0 | Diff Loss 0.3785
Epoch 1 | Batch 100 | Diff Loss 0.3755
Epoch 1 | Batch 200 | Diff Loss 0.3816
Epoch 1 | Batch 300 | Diff Loss 0.3342
Epoch 1 | Batch 400 | Diff Loss 0.3778
Epoch 1 | Batch 500 | Diff Loss 0.3978
Epoch 1 | Batch 600 | Diff Loss 0.3703
Epoch 1 | Batch 700 | Diff Loss 0.3923
Epoch 1 | Batch 800 | Diff Loss 0.3632
Epoch 1 | Batch 900 | Diff Loss 0.3717
Epoch 1 | Batch 1000 | Diff Loss 0.3712
Epoch 1 | Batch 1100 | Diff Loss 0.3693
Epoch 1 | Batch 1200 | Diff Loss 0.3658
Epoch 1 | Batch 1300 | Diff Loss 0.3708
Epoch 1 | Batch 1400 | Diff Loss 0.3775
Epoch 1 | Batch 1500 | Diff Loss 0.3581
Epoch 1 | Batch 1600 | Diff Loss 0.3888
Epoch 1 | Batch 1700 | Diff Loss 0.3738
Epoch 1 | Batch 1800 | Diff Loss 0.3443
Epoch 1 | Batch 1900 | Diff Loss 0.3870
Epoch 1 | Batch 2000 | Diff Loss 0.3668
Epoch 1 | Batch 2100 | Diff Loss 0.3629
Epoch 1 | Batch 2200 | Diff Loss 0.3780
Epoch 1 | Batch 2300 | Diff Loss 0.3645
Epoch 1 | Batch 2400 | Diff Loss 0.3661
Epoch 1 | Batch 2500 | Diff Loss 0.3783
Epoch 1 | Batch 2600 | Diff Loss 0.3546
Epoch 1 Done. Loss: 0.3706. Time: 125.3s
Epoch 2 | Batch 0 | Diff Loss 0.3518
Epoch 2 | Batch 100 | Diff Loss 0.3823
Epoch 2 | Batch 200 | Diff Loss 0.3574
Epoch 2 | Batch 300 | Diff Loss 0.3742
Epoch 2 | Batch 400 | Diff Loss 0.3666
Epoch 2 | Batch 500 | Diff Loss 0.3637
Epoch 2 | Batch 600 | Diff Loss 0.3465
Epoch 2 | Batch 700 | Diff Loss 0.3385
Epoch 2 | Batch 800 | Diff Loss 0.3746
Epoch 2 | Batch 900 | Diff Loss 0.3559
Epoch 2 | Batch 1000 | Diff Loss 0.3730
Epoch 2 | Batch 1100 | Diff Loss 0.3547
Epoch 2 | Batch 1200 | Diff Loss 0.3548
Epoch 2 | Batch 1300 | Diff Loss 0.3283
Epoch 2 | Batch 1400 | Diff Loss 0.3452
Epoch 2 | Batch 1500 | Diff Loss 0.3574
Epoch 2 | Batch 1600 | Diff Loss 0.3518
Epoch 2 | Batch 1700 | Diff Loss 0.3475
Epoch 2 | Batch 1800 | Diff Loss 0.3446
Epoch 2 | Batch 1900 | Diff Loss 0.3473
Epoch 2 | Batch 2000 | Diff Loss 0.3712
Epoch 2 | Batch 2100 | Diff Loss 0.3566
Epoch 2 | Batch 2200 | Diff Loss 0.3551
Epoch 2 | Batch 2300 | Diff Loss 0.3513
Epoch 2 | Batch 2400 | Diff Loss 0.3276
Epoch 2 | Batch 2500 | Diff Loss 0.3550
Epoch 2 | Batch 2600 | Diff Loss 0.3510
Epoch 2 Done. Loss: 0.3556. Time: 125.2s
Epoch 3 | Batch 0 | Diff Loss 0.3412
Epoch 3 | Batch 100 | Diff Loss 0.3603
Epoch 3 | Batch 200 | Diff Loss 0.3667
Epoch 3 | Batch 300 | Diff Loss 0.3411
Epoch 3 | Batch 400 | Diff Loss 0.3473
Epoch 3 | Batch 500 | Diff Loss 0.3271
Epoch 3 | Batch 600 | Diff Loss 0.3682
Epoch 3 | Batch 700 | Diff Loss 0.3128
Epoch 3 | Batch 800 | Diff Loss 0.3370
Epoch 3 | Batch 900 | Diff Loss 0.3524
Epoch 3 | Batch 1000 | Diff Loss 0.3305
Epoch 3 | Batch 1100 | Diff Loss 0.3454
Epoch 3 | Batch 1200 | Diff Loss 0.3246
Epoch 3 | Batch 1300 | Diff Loss 0.3359
Epoch 3 | Batch 1400 | Diff Loss 0.3343
Epoch 3 | Batch 1500 | Diff Loss 0.3572
Epoch 3 | Batch 1600 | Diff Loss 0.3677
Epoch 3 | Batch 1700 | Diff Loss 0.3215
Epoch 3 | Batch 1800 | Diff Loss 0.3468
Epoch 3 | Batch 1900 | Diff Loss 0.3212
Epoch 3 | Batch 2000 | Diff Loss 0.3474
Epoch 3 | Batch 2100 | Diff Loss 0.3525
Epoch 3 | Batch 2200 | Diff Loss 0.3293
Epoch 3 | Batch 2300 | Diff Loss 0.3537
Epoch 3 | Batch 2400 | Diff Loss 0.3267
Epoch 3 | Batch 2500 | Diff Loss 0.3388
Epoch 3 | Batch 2600 | Diff Loss 0.3303
Epoch 3 Done. Loss: 0.3426. Time: 126.1s
Epoch 4 | Batch 0 | Diff Loss 0.3376
Epoch 4 | Batch 100 | Diff Loss 0.3338
Epoch 4 | Batch 200 | Diff Loss 0.3283
Epoch 4 | Batch 300 | Diff Loss 0.3324
Epoch 4 | Batch 400 | Diff Loss 0.3378
Epoch 4 | Batch 500 | Diff Loss 0.3344
Epoch 4 | Batch 600 | Diff Loss 0.3257
Epoch 4 | Batch 700 | Diff Loss 0.3419
Epoch 4 | Batch 800 | Diff Loss 0.3552
Epoch 4 | Batch 900 | Diff Loss 0.3432
Epoch 4 | Batch 1000 | Diff Loss 0.3439
Epoch 4 | Batch 1100 | Diff Loss 0.3330
Epoch 4 | Batch 1200 | Diff Loss 0.3062
Epoch 4 | Batch 1300 | Diff Loss 0.3277
Epoch 4 | Batch 1400 | Diff Loss 0.3173
Epoch 4 | Batch 1500 | Diff Loss 0.3137
Epoch 4 | Batch 1600 | Diff Loss 0.3269
Epoch 4 | Batch 1700 | Diff Loss 0.3450
Epoch 4 | Batch 1800 | Diff Loss 0.3437
Epoch 4 | Batch 1900 | Diff Loss 0.3145
Epoch 4 | Batch 2000 | Diff Loss 0.3233
Epoch 4 | Batch 2100 | Diff Loss 0.3280
Epoch 4 | Batch 2200 | Diff Loss 0.3390
Epoch 4 | Batch 2300 | Diff Loss 0.3277
Epoch 4 | Batch 2400 | Diff Loss 0.3195
Epoch 4 | Batch 2500 | Diff Loss 0.3437
Epoch 4 | Batch 2600 | Diff Loss 0.3181
Epoch 4 Done. Loss: 0.3328. Time: 125.9s
Epoch 5 | Batch 0 | Diff Loss 0.3325
Epoch 5 | Batch 100 | Diff Loss 0.3201
Epoch 5 | Batch 200 | Diff Loss 0.3475
Epoch 5 | Batch 300 | Diff Loss 0.3181
Epoch 5 | Batch 400 | Diff Loss 0.3206
Epoch 5 | Batch 500 | Diff Loss 0.3325
Epoch 5 | Batch 600 | Diff Loss 0.3190
Epoch 5 | Batch 700 | Diff Loss 0.3524
Epoch 5 | Batch 800 | Diff Loss 0.3282
Epoch 5 | Batch 900 | Diff Loss 0.3469
Epoch 5 | Batch 1000 | Diff Loss 0.3084
Epoch 5 | Batch 1100 | Diff Loss 0.3283
Epoch 5 | Batch 1200 | Diff Loss 0.3320
Epoch 5 | Batch 1300 | Diff Loss 0.3333
Epoch 5 | Batch 1400 | Diff Loss 0.3564
Epoch 5 | Batch 1500 | Diff Loss 0.3178
Epoch 5 | Batch 1600 | Diff Loss 0.3356
Epoch 5 | Batch 1700 | Diff Loss 0.3250
Epoch 5 | Batch 1800 | Diff Loss 0.3238
Epoch 5 | Batch 1900 | Diff Loss 0.3223
Epoch 5 | Batch 2000 | Diff Loss 0.3459
Epoch 5 | Batch 2100 | Diff Loss 0.3226
Epoch 5 | Batch 2200 | Diff Loss 0.3274
Epoch 5 | Batch 2300 | Diff Loss 0.3120
Epoch 5 | Batch 2400 | Diff Loss 0.3243
Epoch 5 | Batch 2500 | Diff Loss 0.3294
Epoch 5 | Batch 2600 | Diff Loss 0.3042
Epoch 5 Done. Loss: 0.3257. Time: 125.7s
Epoch 6 | Batch 0 | Diff Loss 0.3176
Epoch 6 | Batch 100 | Diff Loss 0.3051
Epoch 6 | Batch 200 | Diff Loss 0.3359
Epoch 6 | Batch 300 | Diff Loss 0.3282
Epoch 6 | Batch 400 | Diff Loss 0.3374
Epoch 6 | Batch 500 | Diff Loss 0.3262
Epoch 6 | Batch 600 | Diff Loss 0.3131
Epoch 6 | Batch 700 | Diff Loss 0.3343
Epoch 6 | Batch 800 | Diff Loss 0.3220
Epoch 6 | Batch 900 | Diff Loss 0.3164
Epoch 6 | Batch 1000 | Diff Loss 0.3163
Epoch 6 | Batch 1100 | Diff Loss 0.3414
Epoch 6 | Batch 1200 | Diff Loss 0.3205
Epoch 6 | Batch 1300 | Diff Loss 0.3019
Epoch 6 | Batch 1400 | Diff Loss 0.2991
Epoch 6 | Batch 1500 | Diff Loss 0.3302
Epoch 6 | Batch 1600 | Diff Loss 0.2973
Epoch 6 | Batch 1700 | Diff Loss 0.3124
Epoch 6 | Batch 1800 | Diff Loss 0.3089
Epoch 6 | Batch 1900 | Diff Loss 0.3200
Epoch 6 | Batch 2000 | Diff Loss 0.3425
Epoch 6 | Batch 2100 | Diff Loss 0.3070
Epoch 6 | Batch 2200 | Diff Loss 0.3119
Epoch 6 | Batch 2300 | Diff Loss 0.3088
Epoch 6 | Batch 2400 | Diff Loss 0.3014
Epoch 6 | Batch 2500 | Diff Loss 0.3088
Epoch 6 | Batch 2600 | Diff Loss 0.3271
Epoch 6 Done. Loss: 0.3200. Time: 125.4s
Epoch 7 | Batch 0 | Diff Loss 0.3241
Epoch 7 | Batch 100 | Diff Loss 0.3057
Epoch 7 | Batch 200 | Diff Loss 0.3033
Epoch 7 | Batch 300 | Diff Loss 0.3101
Epoch 7 | Batch 400 | Diff Loss 0.3143
Epoch 7 | Batch 500 | Diff Loss 0.3127
Epoch 7 | Batch 600 | Diff Loss 0.3034
Epoch 7 | Batch 700 | Diff Loss 0.3058
Epoch 7 | Batch 800 | Diff Loss 0.3260
Epoch 7 | Batch 900 | Diff Loss 0.3221
Epoch 7 | Batch 1000 | Diff Loss 0.3015
Epoch 7 | Batch 1100 | Diff Loss 0.3165
Epoch 7 | Batch 1200 | Diff Loss 0.3389
Epoch 7 | Batch 1300 | Diff Loss 0.3090
Epoch 7 | Batch 1400 | Diff Loss 0.2967
Epoch 7 | Batch 1500 | Diff Loss 0.3251
Epoch 7 | Batch 1600 | Diff Loss 0.3044
Epoch 7 | Batch 1700 | Diff Loss 0.3113
Epoch 7 | Batch 1800 | Diff Loss 0.3185
Epoch 7 | Batch 1900 | Diff Loss 0.3240
Epoch 7 | Batch 2000 | Diff Loss 0.3095
Epoch 7 | Batch 2100 | Diff Loss 0.3327
Epoch 7 | Batch 2200 | Diff Loss 0.3307
Epoch 7 | Batch 2300 | Diff Loss 0.3259
Epoch 7 | Batch 2400 | Diff Loss 0.3173
Epoch 7 | Batch 2500 | Diff Loss 0.3055
Epoch 7 | Batch 2600 | Diff Loss 0.3302
Epoch 7 Done. Loss: 0.3156. Time: 125.2s
Epoch 8 | Batch 0 | Diff Loss 0.3451
Epoch 8 | Batch 100 | Diff Loss 0.2891
Epoch 8 | Batch 200 | Diff Loss 0.2969
Epoch 8 | Batch 300 | Diff Loss 0.3070
Epoch 8 | Batch 400 | Diff Loss 0.3125
Epoch 8 | Batch 500 | Diff Loss 0.3259
Epoch 8 | Batch 600 | Diff Loss 0.2976
Epoch 8 | Batch 700 | Diff Loss 0.3033
Epoch 8 | Batch 800 | Diff Loss 0.3060
Epoch 8 | Batch 900 | Diff Loss 0.3138
Epoch 8 | Batch 1000 | Diff Loss 0.3050
Epoch 8 | Batch 1100 | Diff Loss 0.3052
Epoch 8 | Batch 1200 | Diff Loss 0.3027
Epoch 8 | Batch 1300 | Diff Loss 0.3111
Epoch 8 | Batch 1400 | Diff Loss 0.3320
Epoch 8 | Batch 1500 | Diff Loss 0.3177
Epoch 8 | Batch 1600 | Diff Loss 0.2910
Epoch 8 | Batch 1700 | Diff Loss 0.3024
Epoch 8 | Batch 1800 | Diff Loss 0.3111
Epoch 8 | Batch 1900 | Diff Loss 0.3150
Epoch 8 | Batch 2000 | Diff Loss 0.3029
Epoch 8 | Batch 2100 | Diff Loss 0.2946
Epoch 8 | Batch 2200 | Diff Loss 0.3040
Epoch 8 | Batch 2300 | Diff Loss 0.3219
Epoch 8 | Batch 2400 | Diff Loss 0.2986
Epoch 8 | Batch 2500 | Diff Loss 0.3205
Epoch 8 | Batch 2600 | Diff Loss 0.3049
Epoch 8 Done. Loss: 0.3115. Time: 124.9s
Epoch 9 | Batch 0 | Diff Loss 0.3270
Epoch 9 | Batch 100 | Diff Loss 0.3201
Epoch 9 | Batch 200 | Diff Loss 0.3000
Epoch 9 | Batch 300 | Diff Loss 0.3346
Epoch 9 | Batch 400 | Diff Loss 0.3122
Epoch 9 | Batch 500 | Diff Loss 0.3062
Epoch 9 | Batch 600 | Diff Loss 0.3057
Epoch 9 | Batch 700 | Diff Loss 0.2912
Epoch 9 | Batch 800 | Diff Loss 0.3092
Epoch 9 | Batch 900 | Diff Loss 0.3115
Epoch 9 | Batch 1000 | Diff Loss 0.3088
Epoch 9 | Batch 1100 | Diff Loss 0.3088
Epoch 9 | Batch 1200 | Diff Loss 0.3049
Epoch 9 | Batch 1300 | Diff Loss 0.2797
Epoch 9 | Batch 1400 | Diff Loss 0.3067
Epoch 9 | Batch 1500 | Diff Loss 0.3148
Epoch 9 | Batch 1600 | Diff Loss 0.3101
Epoch 9 | Batch 1700 | Diff Loss 0.3016
Epoch 9 | Batch 1800 | Diff Loss 0.3116
Epoch 9 | Batch 1900 | Diff Loss 0.3110
Epoch 9 | Batch 2000 | Diff Loss 0.3143
Epoch 9 | Batch 2100 | Diff Loss 0.2956
Epoch 9 | Batch 2200 | Diff Loss 0.3265
Epoch 9 | Batch 2300 | Diff Loss 0.3112
Epoch 9 | Batch 2400 | Diff Loss 0.2982
Epoch 9 | Batch 2500 | Diff Loss 0.2974
Epoch 9 | Batch 2600 | Diff Loss 0.3128
Epoch 9 Done. Loss: 0.3082. Time: 125.3s
Epoch 10 | Batch 0 | Diff Loss 0.3107
Epoch 10 | Batch 100 | Diff Loss 0.3108
Epoch 10 | Batch 200 | Diff Loss 0.3151
Epoch 10 | Batch 300 | Diff Loss 0.2843
Epoch 10 | Batch 400 | Diff Loss 0.3335
Epoch 10 | Batch 500 | Diff Loss 0.3035
Epoch 10 | Batch 600 | Diff Loss 0.3055
Epoch 10 | Batch 700 | Diff Loss 0.3183
Epoch 10 | Batch 800 | Diff Loss 0.3213
Epoch 10 | Batch 900 | Diff Loss 0.2912
Epoch 10 | Batch 1000 | Diff Loss 0.3100
Epoch 10 | Batch 1100 | Diff Loss 0.3068
Epoch 10 | Batch 1200 | Diff Loss 0.3208
Epoch 10 | Batch 1300 | Diff Loss 0.2860
Epoch 10 | Batch 1400 | Diff Loss 0.3142
Epoch 10 | Batch 1500 | Diff Loss 0.2962
Epoch 10 | Batch 1600 | Diff Loss 0.3019
Epoch 10 | Batch 1700 | Diff Loss 0.2999
Epoch 10 | Batch 1800 | Diff Loss 0.2897
Epoch 10 | Batch 1900 | Diff Loss 0.3105
Epoch 10 | Batch 2000 | Diff Loss 0.3110
Epoch 10 | Batch 2100 | Diff Loss 0.2849
Epoch 10 | Batch 2200 | Diff Loss 0.2800
Epoch 10 | Batch 2300 | Diff Loss 0.3146
Epoch 10 | Batch 2400 | Diff Loss 0.3229
Epoch 10 | Batch 2500 | Diff Loss 0.3358
Epoch 10 | Batch 2600 | Diff Loss 0.3045
Epoch 10 Done. Loss: 0.3057. Time: 125.4s
Epoch 11 | Batch 0 | Diff Loss 0.3289
Epoch 11 | Batch 100 | Diff Loss 0.3011
Epoch 11 | Batch 200 | Diff Loss 0.3101
Epoch 11 | Batch 300 | Diff Loss 0.2986
Epoch 11 | Batch 400 | Diff Loss 0.3112
Epoch 11 | Batch 500 | Diff Loss 0.3017
Epoch 11 | Batch 600 | Diff Loss 0.3172
Epoch 11 | Batch 700 | Diff Loss 0.3221
Epoch 11 | Batch 800 | Diff Loss 0.3083
Epoch 11 | Batch 900 | Diff Loss 0.3057
Epoch 11 | Batch 1000 | Diff Loss 0.3075
Epoch 11 | Batch 1100 | Diff Loss 0.3028
Epoch 11 | Batch 1200 | Diff Loss 0.3002
Epoch 11 | Batch 1300 | Diff Loss 0.2990
Epoch 11 | Batch 1400 | Diff Loss 0.3065
Epoch 11 | Batch 1500 | Diff Loss 0.3087
Epoch 11 | Batch 1600 | Diff Loss 0.3129
Epoch 11 | Batch 1700 | Diff Loss 0.3035
Epoch 11 | Batch 1800 | Diff Loss 0.3110
Epoch 11 | Batch 1900 | Diff Loss 0.2828
Epoch 11 | Batch 2000 | Diff Loss 0.3006
Epoch 11 | Batch 2100 | Diff Loss 0.3329
Epoch 11 | Batch 2200 | Diff Loss 0.3146
Epoch 11 | Batch 2300 | Diff Loss 0.2921
Epoch 11 | Batch 2400 | Diff Loss 0.2983
Epoch 11 | Batch 2500 | Diff Loss 0.3043
Epoch 11 | Batch 2600 | Diff Loss 0.3006
Epoch 11 Done. Loss: 0.3028. Time: 125.1s
Epoch 12 | Batch 0 | Diff Loss 0.2849
Epoch 12 | Batch 100 | Diff Loss 0.3213
Epoch 12 | Batch 200 | Diff Loss 0.3040
Epoch 12 | Batch 300 | Diff Loss 0.2929
Epoch 12 | Batch 400 | Diff Loss 0.3080
Epoch 12 | Batch 500 | Diff Loss 0.3238
Epoch 12 | Batch 600 | Diff Loss 0.3116
Epoch 12 | Batch 700 | Diff Loss 0.2954
Epoch 12 | Batch 800 | Diff Loss 0.2902
Epoch 12 | Batch 900 | Diff Loss 0.3081
Epoch 12 | Batch 1000 | Diff Loss 0.2920
Epoch 12 | Batch 1100 | Diff Loss 0.2878
Epoch 12 | Batch 1200 | Diff Loss 0.3227
Epoch 12 | Batch 1300 | Diff Loss 0.2963
Epoch 12 | Batch 1400 | Diff Loss 0.2888
Epoch 12 | Batch 1500 | Diff Loss 0.3057
Epoch 12 | Batch 1600 | Diff Loss 0.2866
Epoch 12 | Batch 1700 | Diff Loss 0.3101
Epoch 12 | Batch 1800 | Diff Loss 0.3186
Epoch 12 | Batch 1900 | Diff Loss 0.3156
Epoch 12 | Batch 2000 | Diff Loss 0.2927
Epoch 12 | Batch 2100 | Diff Loss 0.2829
Epoch 12 | Batch 2200 | Diff Loss 0.2969
Epoch 12 | Batch 2300 | Diff Loss 0.3077
Epoch 12 | Batch 2400 | Diff Loss 0.3166
Epoch 12 | Batch 2500 | Diff Loss 0.3027
Epoch 12 | Batch 2600 | Diff Loss 0.2927
Epoch 12 Done. Loss: 0.3011. Time: 125.3s
Epoch 13 | Batch 0 | Diff Loss 0.2983
Epoch 13 | Batch 100 | Diff Loss 0.2909
Epoch 13 | Batch 200 | Diff Loss 0.2992
Epoch 13 | Batch 300 | Diff Loss 0.3208
Epoch 13 | Batch 400 | Diff Loss 0.2967
Epoch 13 | Batch 500 | Diff Loss 0.2983
Epoch 13 | Batch 600 | Diff Loss 0.3060
Epoch 13 | Batch 700 | Diff Loss 0.3190
Epoch 13 | Batch 800 | Diff Loss 0.2924
Epoch 13 | Batch 900 | Diff Loss 0.3034
Epoch 13 | Batch 1000 | Diff Loss 0.2870
Epoch 13 | Batch 1100 | Diff Loss 0.2913
Epoch 13 | Batch 1200 | Diff Loss 0.2979
Epoch 13 | Batch 1300 | Diff Loss 0.3068
Epoch 13 | Batch 1400 | Diff Loss 0.2968
Epoch 13 | Batch 1500 | Diff Loss 0.2886
Epoch 13 | Batch 1600 | Diff Loss 0.2804
Epoch 13 | Batch 1700 | Diff Loss 0.3038
Epoch 13 | Batch 1800 | Diff Loss 0.2992
Epoch 13 | Batch 1900 | Diff Loss 0.2974
Epoch 13 | Batch 2000 | Diff Loss 0.2977
Epoch 13 | Batch 2100 | Diff Loss 0.3016
Epoch 13 | Batch 2200 | Diff Loss 0.2854
Epoch 13 | Batch 2300 | Diff Loss 0.2865
Epoch 13 | Batch 2400 | Diff Loss 0.2830
Epoch 13 | Batch 2500 | Diff Loss 0.2971
Epoch 13 | Batch 2600 | Diff Loss 0.3017
Epoch 13 Done. Loss: 0.2990. Time: 125.0s
Epoch 14 | Batch 0 | Diff Loss 0.3100
Epoch 14 | Batch 100 | Diff Loss 0.3055
Epoch 14 | Batch 200 | Diff Loss 0.3094
Epoch 14 | Batch 300 | Diff Loss 0.2907
Epoch 14 | Batch 400 | Diff Loss 0.2935
Epoch 14 | Batch 500 | Diff Loss 0.2801
Epoch 14 | Batch 600 | Diff Loss 0.2959
Epoch 14 | Batch 700 | Diff Loss 0.3114
Epoch 14 | Batch 800 | Diff Loss 0.2950
Epoch 14 | Batch 900 | Diff Loss 0.3037
Epoch 14 | Batch 1000 | Diff Loss 0.2782
Epoch 14 | Batch 1100 | Diff Loss 0.2915
Epoch 14 | Batch 1200 | Diff Loss 0.3072
Epoch 14 | Batch 1300 | Diff Loss 0.2976
Epoch 14 | Batch 1400 | Diff Loss 0.3179
Epoch 14 | Batch 1500 | Diff Loss 0.2990
Epoch 14 | Batch 1600 | Diff Loss 0.2938
Epoch 14 | Batch 1700 | Diff Loss 0.2974
Epoch 14 | Batch 1800 | Diff Loss 0.3033
Epoch 14 | Batch 1900 | Diff Loss 0.2951
Epoch 14 | Batch 2000 | Diff Loss 0.2996
Epoch 14 | Batch 2100 | Diff Loss 0.2907
Epoch 14 | Batch 2200 | Diff Loss 0.2939
Epoch 14 | Batch 2300 | Diff Loss 0.2830
Epoch 14 | Batch 2400 | Diff Loss 0.3237
Epoch 14 | Batch 2500 | Diff Loss 0.3113
Epoch 14 | Batch 2600 | Diff Loss 0.2994
Epoch 14 Done. Loss: 0.2972. Time: 125.2s
Epoch 15 | Batch 0 | Diff Loss 0.2853
Epoch 15 | Batch 100 | Diff Loss 0.2919
Epoch 15 | Batch 200 | Diff Loss 0.3093
Epoch 15 | Batch 300 | Diff Loss 0.2726
Epoch 15 | Batch 400 | Diff Loss 0.2667
Epoch 15 | Batch 500 | Diff Loss 0.2677
Epoch 15 | Batch 600 | Diff Loss 0.2975
Epoch 15 | Batch 700 | Diff Loss 0.2877
Epoch 15 | Batch 800 | Diff Loss 0.2996
Epoch 15 | Batch 900 | Diff Loss 0.2977
Epoch 15 | Batch 1000 | Diff Loss 0.2845
Epoch 15 | Batch 1100 | Diff Loss 0.3058
Epoch 15 | Batch 1200 | Diff Loss 0.3171
Epoch 15 | Batch 1300 | Diff Loss 0.2955
Epoch 15 | Batch 1400 | Diff Loss 0.3069
Epoch 15 | Batch 1500 | Diff Loss 0.3010
Epoch 15 | Batch 1600 | Diff Loss 0.2957
Epoch 15 | Batch 1700 | Diff Loss 0.3021
Epoch 15 | Batch 1800 | Diff Loss 0.2883
Epoch 15 | Batch 1900 | Diff Loss 0.2784
Epoch 15 | Batch 2000 | Diff Loss 0.3069
Epoch 15 | Batch 2100 | Diff Loss 0.2897
Epoch 15 | Batch 2200 | Diff Loss 0.2929
Epoch 15 | Batch 2300 | Diff Loss 0.2911
Epoch 15 | Batch 2400 | Diff Loss 0.3011
Epoch 15 | Batch 2500 | Diff Loss 0.3097
Epoch 15 | Batch 2600 | Diff Loss 0.3137
Epoch 15 Done. Loss: 0.2955. Time: 125.2s
Epoch 16 | Batch 0 | Diff Loss 0.2785
Epoch 16 | Batch 100 | Diff Loss 0.3062
Epoch 16 | Batch 200 | Diff Loss 0.2769
Epoch 16 | Batch 300 | Diff Loss 0.3105
Epoch 16 | Batch 400 | Diff Loss 0.2990
Epoch 16 | Batch 500 | Diff Loss 0.3083
Epoch 16 | Batch 600 | Diff Loss 0.2899
Epoch 16 | Batch 700 | Diff Loss 0.3020
Epoch 16 | Batch 800 | Diff Loss 0.3151
Epoch 16 | Batch 900 | Diff Loss 0.2802
Epoch 16 | Batch 1000 | Diff Loss 0.2766
Epoch 16 | Batch 1100 | Diff Loss 0.2822
Epoch 16 | Batch 1200 | Diff Loss 0.2721
Epoch 16 | Batch 1300 | Diff Loss 0.2693
Epoch 16 | Batch 1400 | Diff Loss 0.2891
Epoch 16 | Batch 1500 | Diff Loss 0.3064
Epoch 16 | Batch 1600 | Diff Loss 0.3127
Epoch 16 | Batch 1700 | Diff Loss 0.3004
Epoch 16 | Batch 1800 | Diff Loss 0.3030
Epoch 16 | Batch 1900 | Diff Loss 0.3105
Epoch 16 | Batch 2000 | Diff Loss 0.2817
Epoch 16 | Batch 2100 | Diff Loss 0.2953
Epoch 16 | Batch 2200 | Diff Loss 0.2984
Epoch 16 | Batch 2300 | Diff Loss 0.3068
Epoch 16 | Batch 2400 | Diff Loss 0.3146
Epoch 16 | Batch 2500 | Diff Loss 0.2932
Epoch 16 | Batch 2600 | Diff Loss 0.2828
Epoch 16 Done. Loss: 0.2939. Time: 125.2s
Epoch 17 | Batch 0 | Diff Loss 0.2913
Epoch 17 | Batch 100 | Diff Loss 0.2889
Epoch 17 | Batch 200 | Diff Loss 0.3021
Epoch 17 | Batch 300 | Diff Loss 0.2968
Epoch 17 | Batch 400 | Diff Loss 0.2788
Epoch 17 | Batch 500 | Diff Loss 0.2994
Epoch 17 | Batch 600 | Diff Loss 0.2771
Epoch 17 | Batch 700 | Diff Loss 0.2896
Epoch 17 | Batch 800 | Diff Loss 0.2819
Epoch 17 | Batch 900 | Diff Loss 0.2821
Epoch 17 | Batch 1000 | Diff Loss 0.2883
Epoch 17 | Batch 1100 | Diff Loss 0.2940
Epoch 17 | Batch 1200 | Diff Loss 0.2921
Epoch 17 | Batch 1300 | Diff Loss 0.2841
Epoch 17 | Batch 1400 | Diff Loss 0.3171
Epoch 17 | Batch 1500 | Diff Loss 0.3030
Epoch 17 | Batch 1600 | Diff Loss 0.2928
Epoch 17 | Batch 1700 | Diff Loss 0.2981
Epoch 17 | Batch 1800 | Diff Loss 0.2800
Epoch 17 | Batch 1900 | Diff Loss 0.2812
Epoch 17 | Batch 2000 | Diff Loss 0.3050
Epoch 17 | Batch 2100 | Diff Loss 0.2779
Epoch 17 | Batch 2200 | Diff Loss 0.2953
Epoch 17 | Batch 2300 | Diff Loss 0.2912
Epoch 17 | Batch 2400 | Diff Loss 0.2986
Epoch 17 | Batch 2500 | Diff Loss 0.2649
Epoch 17 | Batch 2600 | Diff Loss 0.2717
Epoch 17 Done. Loss: 0.2928. Time: 125.5s
Epoch 18 | Batch 0 | Diff Loss 0.2806
Epoch 18 | Batch 100 | Diff Loss 0.3114
Epoch 18 | Batch 200 | Diff Loss 0.2977
Epoch 18 | Batch 300 | Diff Loss 0.2974
Epoch 18 | Batch 400 | Diff Loss 0.2750
Epoch 18 | Batch 500 | Diff Loss 0.2858
Epoch 18 | Batch 600 | Diff Loss 0.2783
Epoch 18 | Batch 700 | Diff Loss 0.2997
Epoch 18 | Batch 800 | Diff Loss 0.2718
Epoch 18 | Batch 900 | Diff Loss 0.2885
Epoch 18 | Batch 1000 | Diff Loss 0.2920
Epoch 18 | Batch 1100 | Diff Loss 0.2774
Epoch 18 | Batch 1200 | Diff Loss 0.3021
Epoch 18 | Batch 1300 | Diff Loss 0.2913
Epoch 18 | Batch 1400 | Diff Loss 0.2901
Epoch 18 | Batch 1500 | Diff Loss 0.2797
Epoch 18 | Batch 1600 | Diff Loss 0.2880
Epoch 18 | Batch 1700 | Diff Loss 0.2999
Epoch 18 | Batch 1800 | Diff Loss 0.3062
Epoch 18 | Batch 1900 | Diff Loss 0.2734
Epoch 18 | Batch 2000 | Diff Loss 0.2819
Epoch 18 | Batch 2100 | Diff Loss 0.2927
Epoch 18 | Batch 2200 | Diff Loss 0.3024
Epoch 18 | Batch 2300 | Diff Loss 0.2764
Epoch 18 | Batch 2400 | Diff Loss 0.2907
Epoch 18 | Batch 2500 | Diff Loss 0.2994
Epoch 18 | Batch 2600 | Diff Loss 0.2936
Epoch 18 Done. Loss: 0.2913. Time: 125.2s
Epoch 19 | Batch 0 | Diff Loss 0.3017
Epoch 19 | Batch 100 | Diff Loss 0.2921
Epoch 19 | Batch 200 | Diff Loss 0.3018
Epoch 19 | Batch 300 | Diff Loss 0.2971
Epoch 19 | Batch 400 | Diff Loss 0.3015
Epoch 19 | Batch 500 | Diff Loss 0.3016
Epoch 19 | Batch 600 | Diff Loss 0.3093
Epoch 19 | Batch 700 | Diff Loss 0.3018
Epoch 19 | Batch 800 | Diff Loss 0.2989
Epoch 19 | Batch 900 | Diff Loss 0.2894
Epoch 19 | Batch 1000 | Diff Loss 0.2982
Epoch 19 | Batch 1100 | Diff Loss 0.2859
Epoch 19 | Batch 1200 | Diff Loss 0.2995
Epoch 19 | Batch 1300 | Diff Loss 0.2879
Epoch 19 | Batch 1400 | Diff Loss 0.2980
Epoch 19 | Batch 1500 | Diff Loss 0.2865
Epoch 19 | Batch 1600 | Diff Loss 0.3101
Epoch 19 | Batch 1700 | Diff Loss 0.2846
Epoch 19 | Batch 1800 | Diff Loss 0.2962
Epoch 19 | Batch 1900 | Diff Loss 0.2766
Epoch 19 | Batch 2000 | Diff Loss 0.2701
Epoch 19 | Batch 2100 | Diff Loss 0.2794
Epoch 19 | Batch 2200 | Diff Loss 0.2668
Epoch 19 | Batch 2300 | Diff Loss 0.2976
Epoch 19 | Batch 2400 | Diff Loss 0.2873
Epoch 19 | Batch 2500 | Diff Loss 0.2736
Epoch 19 | Batch 2600 | Diff Loss 0.2808
Epoch 19 Done. Loss: 0.2897. Time: 125.5s
Epoch 20 | Batch 0 | Diff Loss 0.3131
Epoch 20 | Batch 100 | Diff Loss 0.3073
Epoch 20 | Batch 200 | Diff Loss 0.2761
Epoch 20 | Batch 300 | Diff Loss 0.2845
Epoch 20 | Batch 400 | Diff Loss 0.2889
Epoch 20 | Batch 500 | Diff Loss 0.2977
Epoch 20 | Batch 600 | Diff Loss 0.2794
Epoch 20 | Batch 700 | Diff Loss 0.2804
Epoch 20 | Batch 800 | Diff Loss 0.2791
Epoch 20 | Batch 900 | Diff Loss 0.2827
Epoch 20 | Batch 1000 | Diff Loss 0.2949
Epoch 20 | Batch 1100 | Diff Loss 0.2909
Epoch 20 | Batch 1200 | Diff Loss 0.2984
Epoch 20 | Batch 1300 | Diff Loss 0.2841
Epoch 20 | Batch 1400 | Diff Loss 0.3091
Epoch 20 | Batch 1500 | Diff Loss 0.2985
Epoch 20 | Batch 1600 | Diff Loss 0.2694
Epoch 20 | Batch 1700 | Diff Loss 0.2818
Epoch 20 | Batch 1800 | Diff Loss 0.2966
Epoch 20 | Batch 1900 | Diff Loss 0.3008
Epoch 20 | Batch 2000 | Diff Loss 0.3055
Epoch 20 | Batch 2100 | Diff Loss 0.2729
Epoch 20 | Batch 2200 | Diff Loss 0.2969
Epoch 20 | Batch 2300 | Diff Loss 0.3056
Epoch 20 | Batch 2400 | Diff Loss 0.2833
Epoch 20 | Batch 2500 | Diff Loss 0.2942
Epoch 20 | Batch 2600 | Diff Loss 0.2929
Epoch 20 Done. Loss: 0.2886. Time: 137.9s
Epoch 21 | Batch 0 | Diff Loss 0.2946
Epoch 21 | Batch 100 | Diff Loss 0.2747
Epoch 21 | Batch 200 | Diff Loss 0.2809
Epoch 21 | Batch 300 | Diff Loss 0.2800
Epoch 21 | Batch 400 | Diff Loss 0.2801
Epoch 21 | Batch 500 | Diff Loss 0.2888
Epoch 21 | Batch 600 | Diff Loss 0.2921
Epoch 21 | Batch 700 | Diff Loss 0.2653
Epoch 21 | Batch 800 | Diff Loss 0.2754
Epoch 21 | Batch 900 | Diff Loss 0.2964
Epoch 21 | Batch 1000 | Diff Loss 0.2765
Epoch 21 | Batch 1100 | Diff Loss 0.2966
Epoch 21 | Batch 1200 | Diff Loss 0.3017
Epoch 21 | Batch 1300 | Diff Loss 0.2903
Epoch 21 | Batch 1400 | Diff Loss 0.2890
Epoch 21 | Batch 1500 | Diff Loss 0.2955
Epoch 21 | Batch 1600 | Diff Loss 0.2993
Epoch 21 | Batch 1700 | Diff Loss 0.2757
Epoch 21 | Batch 1800 | Diff Loss 0.3131
Epoch 21 | Batch 1900 | Diff Loss 0.2798
Epoch 21 | Batch 2000 | Diff Loss 0.2809
Epoch 21 | Batch 2100 | Diff Loss 0.2955
Epoch 21 | Batch 2200 | Diff Loss 0.2905
Epoch 21 | Batch 2300 | Diff Loss 0.2813
Epoch 21 | Batch 2400 | Diff Loss 0.3025
Epoch 21 | Batch 2500 | Diff Loss 0.2897
Epoch 21 | Batch 2600 | Diff Loss 0.2903
Epoch 21 Done. Loss: 0.2877. Time: 172.8s
Epoch 22 | Batch 0 | Diff Loss 0.2915
Epoch 22 | Batch 100 | Diff Loss 0.2796
Epoch 22 | Batch 200 | Diff Loss 0.2805
Epoch 22 | Batch 300 | Diff Loss 0.2780
Epoch 22 | Batch 400 | Diff Loss 0.2739
Epoch 22 | Batch 500 | Diff Loss 0.2811
Epoch 22 | Batch 600 | Diff Loss 0.2731
Epoch 22 | Batch 700 | Diff Loss 0.2940
Epoch 22 | Batch 800 | Diff Loss 0.2963
Epoch 22 | Batch 900 | Diff Loss 0.2844
Epoch 22 | Batch 1000 | Diff Loss 0.2719
Epoch 22 | Batch 1100 | Diff Loss 0.2848
Epoch 22 | Batch 1200 | Diff Loss 0.2726
Epoch 22 | Batch 1300 | Diff Loss 0.3167
Epoch 22 | Batch 1400 | Diff Loss 0.2792
Epoch 22 | Batch 1500 | Diff Loss 0.2983
Epoch 22 | Batch 1600 | Diff Loss 0.2910
Epoch 22 | Batch 1700 | Diff Loss 0.2920
Epoch 22 | Batch 1800 | Diff Loss 0.2904
Epoch 22 | Batch 1900 | Diff Loss 0.2953
Epoch 22 | Batch 2000 | Diff Loss 0.2891
Epoch 22 | Batch 2100 | Diff Loss 0.2878
Epoch 22 | Batch 2200 | Diff Loss 0.2703
Epoch 22 | Batch 2300 | Diff Loss 0.2786
Epoch 22 | Batch 2400 | Diff Loss 0.3026
Epoch 22 | Batch 2500 | Diff Loss 0.2846
Epoch 22 | Batch 2600 | Diff Loss 0.2891
Epoch 22 Done. Loss: 0.2863. Time: 125.2s
Epoch 23 | Batch 0 | Diff Loss 0.2859
Epoch 23 | Batch 100 | Diff Loss 0.2998
Epoch 23 | Batch 200 | Diff Loss 0.2846
Epoch 23 | Batch 300 | Diff Loss 0.2766
Epoch 23 | Batch 400 | Diff Loss 0.2767
Epoch 23 | Batch 500 | Diff Loss 0.2680
Epoch 23 | Batch 600 | Diff Loss 0.2882
Epoch 23 | Batch 700 | Diff Loss 0.2859
Epoch 23 | Batch 800 | Diff Loss 0.3025
Epoch 23 | Batch 900 | Diff Loss 0.2862
Epoch 23 | Batch 1000 | Diff Loss 0.2971
Epoch 23 | Batch 1100 | Diff Loss 0.2872
Epoch 23 | Batch 1200 | Diff Loss 0.2753
Epoch 23 | Batch 1300 | Diff Loss 0.2930
Epoch 23 | Batch 1400 | Diff Loss 0.2824
Epoch 23 | Batch 1500 | Diff Loss 0.2870
Epoch 23 | Batch 1600 | Diff Loss 0.2747
Epoch 23 | Batch 1700 | Diff Loss 0.2935
Epoch 23 | Batch 1800 | Diff Loss 0.2856
Epoch 23 | Batch 1900 | Diff Loss 0.2895
Epoch 23 | Batch 2000 | Diff Loss 0.2744
Epoch 23 | Batch 2100 | Diff Loss 0.2840
Epoch 23 | Batch 2200 | Diff Loss 0.2821
Epoch 23 | Batch 2300 | Diff Loss 0.2987
Epoch 23 | Batch 2400 | Diff Loss 0.3127
Epoch 23 | Batch 2500 | Diff Loss 0.2895
Epoch 23 | Batch 2600 | Diff Loss 0.2979
Epoch 23 Done. Loss: 0.2855. Time: 171.8s
Epoch 24 | Batch 0 | Diff Loss 0.2809
Epoch 24 | Batch 100 | Diff Loss 0.2948
Epoch 24 | Batch 200 | Diff Loss 0.2856
Epoch 24 | Batch 300 | Diff Loss 0.2918
Epoch 24 | Batch 400 | Diff Loss 0.2998
Epoch 24 | Batch 500 | Diff Loss 0.2964
Epoch 24 | Batch 600 | Diff Loss 0.2914
Epoch 24 | Batch 700 | Diff Loss 0.2665
Epoch 24 | Batch 800 | Diff Loss 0.2733
Epoch 24 | Batch 900 | Diff Loss 0.2741
Epoch 24 | Batch 1000 | Diff Loss 0.3091
Epoch 24 | Batch 1100 | Diff Loss 0.2744
Epoch 24 | Batch 1200 | Diff Loss 0.2796
Epoch 24 | Batch 1300 | Diff Loss 0.2922
Epoch 24 | Batch 1400 | Diff Loss 0.2917
Epoch 24 | Batch 1500 | Diff Loss 0.2742
Epoch 24 | Batch 1600 | Diff Loss 0.2847
Epoch 24 | Batch 1700 | Diff Loss 0.2831
Epoch 24 | Batch 1800 | Diff Loss 0.2800
Epoch 24 | Batch 1900 | Diff Loss 0.2916
Epoch 24 | Batch 2000 | Diff Loss 0.2828
Epoch 24 | Batch 2100 | Diff Loss 0.2618
Epoch 24 | Batch 2200 | Diff Loss 0.2847
Epoch 24 | Batch 2300 | Diff Loss 0.2887
Epoch 24 | Batch 2400 | Diff Loss 0.2878
Epoch 24 | Batch 2500 | Diff Loss 0.2619
Epoch 24 | Batch 2600 | Diff Loss 0.2847
Epoch 24 Done. Loss: 0.2843. Time: 200.0s
Epoch 25 | Batch 0 | Diff Loss 0.2853
Epoch 25 | Batch 100 | Diff Loss 0.2862
Epoch 25 | Batch 200 | Diff Loss 0.2684
Epoch 25 | Batch 300 | Diff Loss 0.2805
Epoch 25 | Batch 400 | Diff Loss 0.2828
Epoch 25 | Batch 500 | Diff Loss 0.2878
Epoch 25 | Batch 600 | Diff Loss 0.2873
Epoch 25 | Batch 700 | Diff Loss 0.2913
Epoch 25 | Batch 800 | Diff Loss 0.2891
Epoch 25 | Batch 900 | Diff Loss 0.2796
Epoch 25 | Batch 1000 | Diff Loss 0.3002
Epoch 25 | Batch 1100 | Diff Loss 0.2891
Epoch 25 | Batch 1200 | Diff Loss 0.3021
Epoch 25 | Batch 1300 | Diff Loss 0.2797
Epoch 25 | Batch 1400 | Diff Loss 0.2996
Epoch 25 | Batch 1500 | Diff Loss 0.2900
Epoch 25 | Batch 1600 | Diff Loss 0.2843
Epoch 25 | Batch 1700 | Diff Loss 0.2729
Epoch 25 | Batch 1800 | Diff Loss 0.2833
Epoch 25 | Batch 1900 | Diff Loss 0.2810
Epoch 25 | Batch 2000 | Diff Loss 0.2791
Epoch 25 | Batch 2100 | Diff Loss 0.2790
Epoch 25 | Batch 2200 | Diff Loss 0.2973
Epoch 25 | Batch 2300 | Diff Loss 0.2980
Epoch 25 | Batch 2400 | Diff Loss 0.2837
Epoch 25 | Batch 2500 | Diff Loss 0.2651
Epoch 25 | Batch 2600 | Diff Loss 0.2647
Epoch 25 Done. Loss: 0.2833. Time: 167.8s
Epoch 26 | Batch 0 | Diff Loss 0.2852
Epoch 26 | Batch 100 | Diff Loss 0.2806
Epoch 26 | Batch 200 | Diff Loss 0.2853
Epoch 26 | Batch 300 | Diff Loss 0.2835
Epoch 26 | Batch 400 | Diff Loss 0.3004
Epoch 26 | Batch 500 | Diff Loss 0.2750
Epoch 26 | Batch 600 | Diff Loss 0.2958
Epoch 26 | Batch 700 | Diff Loss 0.2916
Epoch 26 | Batch 800 | Diff Loss 0.2769
Epoch 26 | Batch 900 | Diff Loss 0.2949
Epoch 26 | Batch 1000 | Diff Loss 0.2885
Epoch 26 | Batch 1100 | Diff Loss 0.2698
Epoch 26 | Batch 1200 | Diff Loss 1.0017
Epoch 26 | Batch 1300 | Diff Loss 1.0137
Epoch 26 | Batch 1400 | Diff Loss 1.0063
Epoch 26 | Batch 1500 | Diff Loss 0.9928
Epoch 26 | Batch 1600 | Diff Loss 1.0139
Epoch 26 | Batch 1700 | Diff Loss 0.9901
Epoch 26 | Batch 1800 | Diff Loss 0.9986
Epoch 26 | Batch 1900 | Diff Loss 0.9799
Epoch 26 | Batch 2000 | Diff Loss 1.0082
Epoch 26 | Batch 2100 | Diff Loss 0.9892
Epoch 26 | Batch 2200 | Diff Loss 0.9863
Epoch 26 | Batch 2300 | Diff Loss 1.0199
Epoch 26 | Batch 2400 | Diff Loss 0.9931
Epoch 26 | Batch 2500 | Diff Loss 0.9883
Epoch 26 | Batch 2600 | Diff Loss 0.9879
Epoch 26 Done. Loss: 0.6870. Time: 125.3s
Epoch 27 | Batch 0 | Diff Loss 0.9967
Epoch 27 | Batch 100 | Diff Loss 1.0102
Epoch 27 | Batch 200 | Diff Loss 0.9754
Epoch 27 | Batch 300 | Diff Loss 1.0071
Epoch 27 | Batch 400 | Diff Loss 0.9975
Epoch 27 | Batch 500 | Diff Loss 1.0039
Epoch 27 | Batch 600 | Diff Loss 1.0219
Epoch 27 | Batch 700 | Diff Loss 1.0172
Epoch 27 | Batch 800 | Diff Loss 1.0056
Epoch 27 | Batch 900 | Diff Loss 0.9735
Epoch 27 | Batch 1000 | Diff Loss 1.0184
Epoch 27 | Batch 1100 | Diff Loss 1.0057
Epoch 27 | Batch 1200 | Diff Loss 1.0264
Epoch 27 | Batch 1300 | Diff Loss 1.0066
Epoch 27 | Batch 1400 | Diff Loss 0.9997
Epoch 27 | Batch 1500 | Diff Loss 0.9970
Epoch 27 | Batch 1600 | Diff Loss 1.0087
Epoch 27 | Batch 1700 | Diff Loss 1.0116
Epoch 27 | Batch 1800 | Diff Loss 1.0021
Epoch 27 | Batch 1900 | Diff Loss 1.0208
Epoch 27 | Batch 2000 | Diff Loss 0.9743
Epoch 27 | Batch 2100 | Diff Loss 1.0042
Epoch 27 | Batch 2200 | Diff Loss 1.0094
Epoch 27 | Batch 2300 | Diff Loss 0.9752
Epoch 27 | Batch 2400 | Diff Loss 1.0001
Epoch 27 | Batch 2500 | Diff Loss 1.0017
Epoch 27 | Batch 2600 | Diff Loss 0.9890
Epoch 27 Done. Loss: 1.0005. Time: 126.0s
Epoch 28 | Batch 0 | Diff Loss 0.9962
Epoch 28 | Batch 100 | Diff Loss 1.0149
Epoch 28 | Batch 200 | Diff Loss 0.9835
Epoch 28 | Batch 300 | Diff Loss 1.0129
Epoch 28 | Batch 400 | Diff Loss 1.0008
Epoch 28 | Batch 500 | Diff Loss 0.9994
Epoch 28 | Batch 600 | Diff Loss 0.9847
Epoch 28 | Batch 700 | Diff Loss 1.0215
Epoch 28 | Batch 800 | Diff Loss 0.9653
Epoch 28 | Batch 900 | Diff Loss 1.0054
Epoch 28 | Batch 1000 | Diff Loss 1.0037
Epoch 28 | Batch 1100 | Diff Loss 1.0134
Epoch 28 | Batch 1200 | Diff Loss 0.9994
Epoch 28 | Batch 1300 | Diff Loss 1.0202
Epoch 28 | Batch 1400 | Diff Loss 0.9919
Epoch 28 | Batch 1500 | Diff Loss 1.0017
Epoch 28 | Batch 1600 | Diff Loss 1.0078
Epoch 28 | Batch 1700 | Diff Loss 1.0014
Epoch 28 | Batch 1800 | Diff Loss 1.0050
Epoch 28 | Batch 1900 | Diff Loss 0.9865
Epoch 28 | Batch 2000 | Diff Loss 1.0040
Epoch 28 | Batch 2100 | Diff Loss 0.9995
Epoch 28 | Batch 2200 | Diff Loss 0.9993
Epoch 28 | Batch 2300 | Diff Loss 0.9999
Epoch 28 | Batch 2400 | Diff Loss 0.9903
Epoch 28 | Batch 2500 | Diff Loss 0.9945
Epoch 28 | Batch 2600 | Diff Loss 1.0095
Epoch 28 Done. Loss: 1.0006. Time: 125.6s
Epoch 29 | Batch 0 | Diff Loss 0.9932
Epoch 29 | Batch 100 | Diff Loss 1.0116
Epoch 29 | Batch 200 | Diff Loss 0.9784
Epoch 29 | Batch 300 | Diff Loss 1.0134
Epoch 29 | Batch 400 | Diff Loss 1.0050
Epoch 29 | Batch 500 | Diff Loss 1.0000
Epoch 29 | Batch 600 | Diff Loss 1.0073
Epoch 29 | Batch 700 | Diff Loss 0.9916
Epoch 29 | Batch 800 | Diff Loss 0.9994
Epoch 29 | Batch 900 | Diff Loss 1.0069
Epoch 29 | Batch 1000 | Diff Loss 0.9845
Epoch 29 | Batch 1100 | Diff Loss 1.0108
Epoch 29 | Batch 1200 | Diff Loss 0.9994
Epoch 29 | Batch 1300 | Diff Loss 1.0022
Epoch 29 | Batch 1400 | Diff Loss 0.9749
Epoch 29 | Batch 1500 | Diff Loss 0.9987
Epoch 29 | Batch 1600 | Diff Loss 0.9947
Epoch 29 | Batch 1700 | Diff Loss 1.0022
Epoch 29 | Batch 1800 | Diff Loss 1.0081
Epoch 29 | Batch 1900 | Diff Loss 0.9692
Epoch 29 | Batch 2000 | Diff Loss 0.9814
Epoch 29 | Batch 2100 | Diff Loss 1.0033
Epoch 29 | Batch 2200 | Diff Loss 1.0060
Epoch 29 | Batch 2300 | Diff Loss 0.9947
Epoch 29 | Batch 2400 | Diff Loss 1.0009
Epoch 29 | Batch 2500 | Diff Loss 0.9450
Epoch 29 | Batch 2600 | Diff Loss 0.9256
Epoch 29 Done. Loss: 0.9943. Time: 125.4s
Epoch 30 | Batch 0 | Diff Loss 0.9232
Epoch 30 | Batch 100 | Diff Loss 0.8208
Epoch 30 | Batch 200 | Diff Loss 0.8583
Epoch 30 | Batch 300 | Diff Loss 0.8486
Epoch 30 | Batch 400 | Diff Loss 0.8292
Epoch 30 | Batch 500 | Diff Loss 0.8491
Epoch 30 | Batch 600 | Diff Loss 0.8257
Epoch 30 | Batch 700 | Diff Loss 0.8342
Epoch 30 | Batch 800 | Diff Loss 0.8758
Epoch 30 | Batch 900 | Diff Loss 0.8662
Epoch 30 | Batch 1000 | Diff Loss 0.8631
Epoch 30 | Batch 1100 | Diff Loss 0.8450
Epoch 30 | Batch 1200 | Diff Loss 0.8425
Epoch 30 | Batch 1300 | Diff Loss 0.8547
Epoch 30 | Batch 1400 | Diff Loss 0.8211
Epoch 30 | Batch 1500 | Diff Loss 0.8255
Epoch 30 | Batch 1600 | Diff Loss 0.7731
Epoch 30 | Batch 1700 | Diff Loss 0.7737
Epoch 30 | Batch 1800 | Diff Loss 0.7922
Epoch 30 | Batch 1900 | Diff Loss 0.7692
Epoch 30 | Batch 2000 | Diff Loss 0.7647
Epoch 30 | Batch 2100 | Diff Loss 0.7699
Epoch 30 | Batch 2200 | Diff Loss 0.7957
Epoch 30 | Batch 2300 | Diff Loss 0.7415
Epoch 30 | Batch 2400 | Diff Loss 0.7342
Epoch 30 | Batch 2500 | Diff Loss 0.7183
Epoch 30 | Batch 2600 | Diff Loss 0.7059
Epoch 30 Done. Loss: 0.8076. Time: 125.3s
Epoch 31 | Batch 0 | Diff Loss 0.7382
Epoch 31 | Batch 100 | Diff Loss 0.7172
Epoch 31 | Batch 200 | Diff Loss 0.7231
Epoch 31 | Batch 300 | Diff Loss 0.7308
Epoch 31 | Batch 400 | Diff Loss 0.7114
Epoch 31 | Batch 500 | Diff Loss 0.7450
Epoch 31 | Batch 600 | Diff Loss 0.7288
Epoch 31 | Batch 700 | Diff Loss 0.7275
Epoch 31 | Batch 800 | Diff Loss 0.7324
Epoch 31 | Batch 900 | Diff Loss 0.7236
Epoch 31 | Batch 1000 | Diff Loss 0.7351
Epoch 31 | Batch 1100 | Diff Loss 0.7429
Epoch 31 | Batch 1200 | Diff Loss 0.7157
Epoch 31 | Batch 1300 | Diff Loss 0.7340
Epoch 31 | Batch 1400 | Diff Loss 0.7187
Epoch 31 | Batch 1500 | Diff Loss 0.7307
Epoch 31 | Batch 1600 | Diff Loss 0.7139
Epoch 31 | Batch 1700 | Diff Loss 0.7305
Epoch 31 | Batch 1800 | Diff Loss 0.7515
Epoch 31 | Batch 1900 | Diff Loss 0.7176
Epoch 31 | Batch 2000 | Diff Loss 0.7438
Epoch 31 | Batch 2100 | Diff Loss 0.7245
Epoch 31 | Batch 2200 | Diff Loss 0.7260
Epoch 31 | Batch 2300 | Diff Loss 0.7225
Epoch 31 | Batch 2400 | Diff Loss 0.7419
Epoch 31 | Batch 2500 | Diff Loss 0.7134
Epoch 31 | Batch 2600 | Diff Loss 0.7129
Epoch 31 Done. Loss: 0.7243. Time: 125.6s
Epoch 32 | Batch 0 | Diff Loss 0.7189
Epoch 32 | Batch 100 | Diff Loss 0.7152
Epoch 32 | Batch 200 | Diff Loss 0.7350
Epoch 32 | Batch 300 | Diff Loss 0.7111
Epoch 32 | Batch 400 | Diff Loss 0.7236
Epoch 32 | Batch 500 | Diff Loss 0.7072
Epoch 32 | Batch 600 | Diff Loss 0.7144
Epoch 32 | Batch 700 | Diff Loss 0.7256
Epoch 32 | Batch 800 | Diff Loss 0.7099
Epoch 32 | Batch 900 | Diff Loss 0.7079
Epoch 32 | Batch 1000 | Diff Loss 0.7443
Epoch 32 | Batch 1100 | Diff Loss 0.7135
Epoch 32 | Batch 1200 | Diff Loss 0.7371
Epoch 32 | Batch 1300 | Diff Loss 0.7099
Epoch 32 | Batch 1400 | Diff Loss 0.7128
Epoch 32 | Batch 1500 | Diff Loss 0.7063
Epoch 32 | Batch 1600 | Diff Loss 0.7193
Epoch 32 | Batch 1700 | Diff Loss 0.7297
Epoch 32 | Batch 1800 | Diff Loss 0.7195
Epoch 32 | Batch 1900 | Diff Loss 0.7248
Epoch 32 | Batch 2000 | Diff Loss 0.7360
Epoch 32 | Batch 2100 | Diff Loss 0.7228
Epoch 32 | Batch 2200 | Diff Loss 0.7264
Epoch 32 | Batch 2300 | Diff Loss 0.7230
Epoch 32 | Batch 2400 | Diff Loss 0.7421
Epoch 32 | Batch 2500 | Diff Loss 0.7189
Epoch 32 | Batch 2600 | Diff Loss 0.7188
Epoch 32 Done. Loss: 0.7210. Time: 179.9s
Epoch 33 | Batch 0 | Diff Loss 0.7277
Epoch 33 | Batch 100 | Diff Loss 0.7134
Epoch 33 | Batch 200 | Diff Loss 0.7057
Epoch 33 | Batch 300 | Diff Loss 0.7356
Epoch 33 | Batch 400 | Diff Loss 0.7291
Epoch 33 | Batch 500 | Diff Loss 0.7239
Epoch 33 | Batch 600 | Diff Loss 0.7200
Epoch 33 | Batch 700 | Diff Loss 0.7171
Epoch 33 | Batch 800 | Diff Loss 0.7148
Epoch 33 | Batch 900 | Diff Loss 0.7012
Epoch 33 | Batch 1000 | Diff Loss 0.7023
Epoch 33 | Batch 1100 | Diff Loss 0.7223
Epoch 33 | Batch 1200 | Diff Loss 0.7245
Epoch 33 | Batch 1300 | Diff Loss 0.7034
Epoch 33 | Batch 1400 | Diff Loss 0.7118
Epoch 33 | Batch 1500 | Diff Loss 0.7066
Epoch 33 | Batch 1600 | Diff Loss 0.7019
Epoch 33 | Batch 1700 | Diff Loss 0.7138
Epoch 33 | Batch 1800 | Diff Loss 0.7325
Epoch 33 | Batch 1900 | Diff Loss 0.7151
Epoch 33 | Batch 2000 | Diff Loss 0.7241
Epoch 33 | Batch 2100 | Diff Loss 0.7127
Epoch 33 | Batch 2200 | Diff Loss 0.6939
Epoch 33 | Batch 2300 | Diff Loss 0.7277
Epoch 33 | Batch 2400 | Diff Loss 0.7134
Epoch 33 | Batch 2500 | Diff Loss 0.7324
Epoch 33 | Batch 2600 | Diff Loss 0.7092
Epoch 33 Done. Loss: 0.7205. Time: 203.5s
Epoch 34 | Batch 0 | Diff Loss 0.7041
Epoch 34 | Batch 100 | Diff Loss 0.7399
Epoch 34 | Batch 200 | Diff Loss 0.7070
Epoch 34 | Batch 300 | Diff Loss 0.7207
Epoch 34 | Batch 400 | Diff Loss 0.7066
Epoch 34 | Batch 500 | Diff Loss 0.7126
Epoch 34 | Batch 600 | Diff Loss 0.7270
Epoch 34 | Batch 700 | Diff Loss 0.7272
Epoch 34 | Batch 800 | Diff Loss 0.7354
Epoch 34 | Batch 900 | Diff Loss 0.7187
Epoch 34 | Batch 1000 | Diff Loss 0.7235
Epoch 34 | Batch 1100 | Diff Loss 0.7170
Epoch 34 | Batch 1200 | Diff Loss 0.7054
Epoch 34 | Batch 1300 | Diff Loss 0.7128
Epoch 34 | Batch 1400 | Diff Loss 0.7098
Epoch 34 | Batch 1500 | Diff Loss 0.7081
Epoch 34 | Batch 1600 | Diff Loss 0.7358
Epoch 34 | Batch 1700 | Diff Loss 0.7317
Epoch 34 | Batch 1800 | Diff Loss 0.7289
Epoch 34 | Batch 1900 | Diff Loss 0.6957
Epoch 34 | Batch 2000 | Diff Loss 0.7078
Epoch 34 | Batch 2100 | Diff Loss 0.7235
Epoch 34 | Batch 2200 | Diff Loss 0.7339
Epoch 34 | Batch 2300 | Diff Loss 0.7465
Epoch 34 | Batch 2400 | Diff Loss 0.7157
Epoch 34 | Batch 2500 | Diff Loss 0.7038
Epoch 34 | Batch 2600 | Diff Loss 0.7142
Epoch 34 Done. Loss: 0.7192. Time: 203.3s
Epoch 35 | Batch 0 | Diff Loss 0.6985
Epoch 35 | Batch 100 | Diff Loss 0.7149
Epoch 35 | Batch 200 | Diff Loss 0.7312
Epoch 35 | Batch 300 | Diff Loss 0.7023
Epoch 35 | Batch 400 | Diff Loss 0.7250
Epoch 35 | Batch 500 | Diff Loss 0.7062
Epoch 35 | Batch 600 | Diff Loss 0.7416
Epoch 35 | Batch 700 | Diff Loss 0.7226
Epoch 35 | Batch 800 | Diff Loss 0.7239
Epoch 35 | Batch 900 | Diff Loss 0.7223
Epoch 35 | Batch 1000 | Diff Loss 0.7160
Epoch 35 | Batch 1100 | Diff Loss 0.7034
Epoch 35 | Batch 1200 | Diff Loss 0.7170
Epoch 35 | Batch 1300 | Diff Loss 0.7437
Epoch 35 | Batch 1400 | Diff Loss 0.7234
Epoch 35 | Batch 1500 | Diff Loss 0.7209
Epoch 35 | Batch 1600 | Diff Loss 0.7316
Epoch 35 | Batch 1700 | Diff Loss 0.7040
Epoch 35 | Batch 1800 | Diff Loss 0.7330
Epoch 35 | Batch 1900 | Diff Loss 0.7127
Epoch 35 | Batch 2000 | Diff Loss 0.7004
Epoch 35 | Batch 2100 | Diff Loss 0.7260
Epoch 35 | Batch 2200 | Diff Loss 0.7014
Epoch 35 | Batch 2300 | Diff Loss 0.7259
Epoch 35 | Batch 2400 | Diff Loss 0.7105
Epoch 35 | Batch 2500 | Diff Loss 0.7286
Epoch 35 | Batch 2600 | Diff Loss 0.7300
Epoch 35 Done. Loss: 0.7189. Time: 211.1s
Epoch 36 | Batch 0 | Diff Loss 0.7136
Epoch 36 | Batch 100 | Diff Loss 0.7056
Epoch 36 | Batch 200 | Diff Loss 0.7202
Epoch 36 | Batch 300 | Diff Loss 0.7203
Epoch 36 | Batch 400 | Diff Loss 0.7274
Epoch 36 | Batch 500 | Diff Loss 0.7299
Epoch 36 | Batch 600 | Diff Loss 0.7178
Epoch 36 | Batch 700 | Diff Loss 0.7074
Epoch 36 | Batch 800 | Diff Loss 0.7131
Epoch 36 | Batch 900 | Diff Loss 0.7212
Epoch 36 | Batch 1000 | Diff Loss 0.7207
Epoch 36 | Batch 1100 | Diff Loss 0.7270
Epoch 36 | Batch 1200 | Diff Loss 0.6995
Epoch 36 | Batch 1300 | Diff Loss 0.7357
Epoch 36 | Batch 1400 | Diff Loss 0.7226
Epoch 36 | Batch 1500 | Diff Loss 0.7104
Epoch 36 | Batch 1600 | Diff Loss 0.7270
Epoch 36 | Batch 1700 | Diff Loss 0.7220
Epoch 36 | Batch 1800 | Diff Loss 0.7269
Epoch 36 | Batch 1900 | Diff Loss 0.7037
Epoch 36 | Batch 2000 | Diff Loss 0.7182
Epoch 36 | Batch 2100 | Diff Loss 0.7089
Epoch 36 | Batch 2200 | Diff Loss 0.7241
Epoch 36 | Batch 2300 | Diff Loss 0.7208
Epoch 36 | Batch 2400 | Diff Loss 0.7195
Epoch 36 | Batch 2500 | Diff Loss 0.7175
Epoch 36 | Batch 2600 | Diff Loss 0.7178
Epoch 36 Done. Loss: 0.7184. Time: 206.4s
Epoch 37 | Batch 0 | Diff Loss 0.7061
Epoch 37 | Batch 100 | Diff Loss 0.7285
Epoch 37 | Batch 200 | Diff Loss 0.7248
Epoch 37 | Batch 300 | Diff Loss 0.7234
Epoch 37 | Batch 400 | Diff Loss 0.7293
Epoch 37 | Batch 500 | Diff Loss 0.7214
Epoch 37 | Batch 600 | Diff Loss 0.7293
Epoch 37 | Batch 700 | Diff Loss 0.7357
Epoch 37 | Batch 800 | Diff Loss 0.7068
Epoch 37 | Batch 900 | Diff Loss 0.6974
Epoch 37 | Batch 1000 | Diff Loss 0.7389
Epoch 37 | Batch 1100 | Diff Loss 0.7214
Epoch 37 | Batch 1200 | Diff Loss 0.7106
Epoch 37 | Batch 1300 | Diff Loss 0.7343
Epoch 37 | Batch 1400 | Diff Loss 0.7129
Epoch 37 | Batch 1500 | Diff Loss 0.7109
Epoch 37 | Batch 1600 | Diff Loss 0.7221
Epoch 37 | Batch 1700 | Diff Loss 0.7171
Epoch 37 | Batch 1800 | Diff Loss 0.7106
Epoch 37 | Batch 1900 | Diff Loss 0.7460
Epoch 37 | Batch 2000 | Diff Loss 0.7066
Epoch 37 | Batch 2100 | Diff Loss 0.7202
Epoch 37 | Batch 2200 | Diff Loss 0.7238
Epoch 37 | Batch 2300 | Diff Loss 0.7149
Epoch 37 | Batch 2400 | Diff Loss 0.7147
Epoch 37 | Batch 2500 | Diff Loss 0.7041
Epoch 37 | Batch 2600 | Diff Loss 0.7285
Epoch 37 Done. Loss: 0.7178. Time: 202.9s
Epoch 38 | Batch 0 | Diff Loss 0.7399
Epoch 38 | Batch 100 | Diff Loss 0.6962
Epoch 38 | Batch 200 | Diff Loss 0.7056
Epoch 38 | Batch 300 | Diff Loss 0.7261
Epoch 38 | Batch 400 | Diff Loss 0.7240
Epoch 38 | Batch 500 | Diff Loss 0.7064
Epoch 38 | Batch 600 | Diff Loss 0.7210
Epoch 38 | Batch 700 | Diff Loss 0.7189
Epoch 38 | Batch 800 | Diff Loss 0.7139
Epoch 38 | Batch 900 | Diff Loss 0.7252
Epoch 38 | Batch 1000 | Diff Loss 0.7114
Epoch 38 | Batch 1100 | Diff Loss 0.7067
Epoch 38 | Batch 1200 | Diff Loss 0.7378
Epoch 38 | Batch 1300 | Diff Loss 0.7038
Epoch 38 | Batch 1400 | Diff Loss 0.7290
Epoch 38 | Batch 1500 | Diff Loss 0.7078
Epoch 38 | Batch 1600 | Diff Loss 0.7223
Epoch 38 | Batch 1700 | Diff Loss 0.6984
Epoch 38 | Batch 1800 | Diff Loss 0.7261
Epoch 38 | Batch 1900 | Diff Loss 0.7337
Epoch 38 | Batch 2000 | Diff Loss 0.7106
Epoch 38 | Batch 2100 | Diff Loss 0.7131
Epoch 38 | Batch 2200 | Diff Loss 0.7137
Epoch 38 | Batch 2300 | Diff Loss 0.7312
Epoch 38 | Batch 2400 | Diff Loss 0.6989
Epoch 38 | Batch 2500 | Diff Loss 0.7040
Epoch 38 | Batch 2600 | Diff Loss 0.7150
Epoch 38 Done. Loss: 0.7160. Time: 207.8s
Epoch 39 | Batch 0 | Diff Loss 0.7104
Epoch 39 | Batch 100 | Diff Loss 0.7291
Epoch 39 | Batch 200 | Diff Loss 0.7264
Epoch 39 | Batch 300 | Diff Loss 0.7103
Epoch 39 | Batch 400 | Diff Loss 0.7129
Epoch 39 | Batch 500 | Diff Loss 0.6960
Epoch 39 | Batch 600 | Diff Loss 0.7172
Epoch 39 | Batch 700 | Diff Loss 0.7196
Epoch 39 | Batch 800 | Diff Loss 0.7121
Epoch 39 | Batch 900 | Diff Loss 0.7095
Epoch 39 | Batch 1000 | Diff Loss 0.7004
Epoch 39 | Batch 1100 | Diff Loss 0.6910
Epoch 39 | Batch 1200 | Diff Loss 0.6977
Epoch 39 | Batch 1300 | Diff Loss 0.7044
Epoch 39 | Batch 1400 | Diff Loss 0.6831
Epoch 39 | Batch 1500 | Diff Loss 0.7003
Epoch 39 | Batch 1600 | Diff Loss 0.7275
Epoch 39 | Batch 1700 | Diff Loss 0.6937
Epoch 39 | Batch 1800 | Diff Loss 0.6961
Epoch 39 | Batch 1900 | Diff Loss 0.7075
Epoch 39 | Batch 2000 | Diff Loss 0.7095
Epoch 39 | Batch 2100 | Diff Loss 0.7018
Epoch 39 | Batch 2200 | Diff Loss 0.7331
Epoch 39 | Batch 2300 | Diff Loss 0.7088
Epoch 39 | Batch 2400 | Diff Loss 0.7090
Epoch 39 | Batch 2500 | Diff Loss 0.7212
Epoch 39 | Batch 2600 | Diff Loss 0.7212
Epoch 39 Done. Loss: 0.7123. Time: 206.3s
Epoch 40 | Batch 0 | Diff Loss 0.7070
Epoch 40 | Batch 100 | Diff Loss 0.6928
Epoch 40 | Batch 200 | Diff Loss 0.6846
Epoch 40 | Batch 300 | Diff Loss 0.6788
Epoch 40 | Batch 400 | Diff Loss 0.6661
Epoch 40 | Batch 500 | Diff Loss 0.6716
Epoch 40 | Batch 600 | Diff Loss 0.6586
Epoch 40 | Batch 700 | Diff Loss 0.6510
Epoch 40 | Batch 800 | Diff Loss 0.6399
Epoch 40 | Batch 900 | Diff Loss 0.6719
Epoch 40 | Batch 1000 | Diff Loss 0.6467
Epoch 40 | Batch 1100 | Diff Loss 0.6324
Epoch 40 | Batch 1200 | Diff Loss 0.6282
Epoch 40 | Batch 1300 | Diff Loss 0.6081
Epoch 40 | Batch 1400 | Diff Loss 0.6084
Epoch 40 | Batch 1500 | Diff Loss 0.5984
Epoch 40 | Batch 1600 | Diff Loss 0.6017
Epoch 40 | Batch 1700 | Diff Loss 0.6012
Epoch 40 | Batch 1800 | Diff Loss 0.5943
Epoch 40 | Batch 1900 | Diff Loss 0.5855
Epoch 40 | Batch 2000 | Diff Loss 0.5953
Epoch 40 | Batch 2100 | Diff Loss 0.5951
Epoch 40 | Batch 2200 | Diff Loss 0.5612
Epoch 40 | Batch 2300 | Diff Loss 0.5942
Epoch 40 | Batch 2400 | Diff Loss 0.5872
Epoch 40 | Batch 2500 | Diff Loss 0.5770
Epoch 40 | Batch 2600 | Diff Loss 0.5883
Epoch 40 Done. Loss: 0.6252. Time: 201.7s
Epoch 41 | Batch 0 | Diff Loss 0.5674
Epoch 41 | Batch 100 | Diff Loss 0.5629
Epoch 41 | Batch 200 | Diff Loss 0.5579
Epoch 41 | Batch 300 | Diff Loss 0.5651
Epoch 41 | Batch 400 | Diff Loss 0.5389
Epoch 41 | Batch 500 | Diff Loss 0.5654
Epoch 41 | Batch 600 | Diff Loss 0.5583
Epoch 41 | Batch 700 | Diff Loss 0.5471
Epoch 41 | Batch 800 | Diff Loss 0.5691
Epoch 41 | Batch 900 | Diff Loss 0.5246
Epoch 41 | Batch 1000 | Diff Loss 0.5648
Epoch 41 | Batch 1100 | Diff Loss 0.5725
Epoch 41 | Batch 1200 | Diff Loss 0.5396
Epoch 41 | Batch 1300 | Diff Loss 0.5427
Epoch 41 | Batch 1400 | Diff Loss 0.5423
Epoch 41 | Batch 1500 | Diff Loss 0.5561
Epoch 41 | Batch 1600 | Diff Loss 0.5444
Epoch 41 | Batch 1700 | Diff Loss 0.5199
Epoch 41 | Batch 1800 | Diff Loss 0.5104
Epoch 41 | Batch 1900 | Diff Loss 0.5366
Epoch 41 | Batch 2000 | Diff Loss 0.5254
Epoch 41 | Batch 2100 | Diff Loss 0.5449
Epoch 41 | Batch 2200 | Diff Loss 0.5476
Epoch 41 | Batch 2300 | Diff Loss 0.5175
Epoch 41 | Batch 2400 | Diff Loss 0.5357
Epoch 41 | Batch 2500 | Diff Loss 0.5306
Epoch 41 | Batch 2600 | Diff Loss 0.5258
Epoch 41 Done. Loss: 0.5493. Time: 206.8s
Epoch 42 | Batch 0 | Diff Loss 0.5500
Epoch 42 | Batch 100 | Diff Loss 0.5284
Epoch 42 | Batch 200 | Diff Loss 0.5438
Epoch 42 | Batch 300 | Diff Loss 0.5257
Epoch 42 | Batch 400 | Diff Loss 0.5455
Epoch 42 | Batch 500 | Diff Loss 0.5183
Epoch 42 | Batch 600 | Diff Loss 0.5368
Epoch 42 | Batch 700 | Diff Loss 0.5541
Epoch 42 | Batch 800 | Diff Loss 0.5178
Epoch 42 | Batch 900 | Diff Loss 0.5068
Epoch 42 | Batch 1000 | Diff Loss 0.5486
Epoch 42 | Batch 1100 | Diff Loss 0.5123
Epoch 42 | Batch 1200 | Diff Loss 0.5182
Epoch 42 | Batch 1300 | Diff Loss 0.5353
Epoch 42 | Batch 1400 | Diff Loss 0.5500
Epoch 42 | Batch 1500 | Diff Loss 0.5397
Epoch 42 | Batch 1600 | Diff Loss 0.5157
Epoch 42 | Batch 1700 | Diff Loss 0.5009
Epoch 42 | Batch 1800 | Diff Loss 0.5390
Epoch 42 | Batch 1900 | Diff Loss 0.5228
Epoch 42 | Batch 2000 | Diff Loss 0.5220
Epoch 42 | Batch 2100 | Diff Loss 0.5143
Epoch 42 | Batch 2200 | Diff Loss 0.5262
Epoch 42 | Batch 2300 | Diff Loss 0.5467
Epoch 42 | Batch 2400 | Diff Loss 0.5167
Epoch 42 | Batch 2500 | Diff Loss 0.5024
Epoch 42 | Batch 2600 | Diff Loss 0.5225
Epoch 42 Done. Loss: 0.5264. Time: 205.0s
Epoch 43 | Batch 0 | Diff Loss 0.5235
Epoch 43 | Batch 100 | Diff Loss 0.5316
Epoch 43 | Batch 200 | Diff Loss 0.5222
Epoch 43 | Batch 300 | Diff Loss 0.5222
Epoch 43 | Batch 400 | Diff Loss 0.5243
Epoch 43 | Batch 500 | Diff Loss 0.5135
Epoch 43 | Batch 600 | Diff Loss 0.5393
Epoch 43 | Batch 700 | Diff Loss 0.5365
Epoch 43 | Batch 800 | Diff Loss 0.5168
Epoch 43 | Batch 900 | Diff Loss 0.5277
Epoch 43 | Batch 1000 | Diff Loss 0.5132
Epoch 43 | Batch 1100 | Diff Loss 0.5090
Epoch 43 | Batch 1200 | Diff Loss 0.5014
Epoch 43 | Batch 1300 | Diff Loss 0.5052
Epoch 43 | Batch 1400 | Diff Loss 0.5206
Epoch 43 | Batch 1500 | Diff Loss 0.5131
Epoch 43 | Batch 1600 | Diff Loss 0.5400
Epoch 43 | Batch 1700 | Diff Loss 0.5399
Epoch 43 | Batch 1800 | Diff Loss 0.4996
Epoch 43 | Batch 1900 | Diff Loss 0.5189
Epoch 43 | Batch 2000 | Diff Loss 0.4954
Epoch 43 | Batch 2100 | Diff Loss 0.5213
Epoch 43 | Batch 2200 | Diff Loss 0.4920
Epoch 43 | Batch 2300 | Diff Loss 0.5248
Epoch 43 | Batch 2400 | Diff Loss 0.5142
Epoch 43 | Batch 2500 | Diff Loss 0.5161
Epoch 43 | Batch 2600 | Diff Loss 0.5330
Epoch 43 Done. Loss: 0.5164. Time: 199.4s
Epoch 44 | Batch 0 | Diff Loss 0.5358
Epoch 44 | Batch 100 | Diff Loss 0.5011
Epoch 44 | Batch 200 | Diff Loss 0.5020
Epoch 44 | Batch 300 | Diff Loss 0.5143
Epoch 44 | Batch 400 | Diff Loss 0.5136
Epoch 44 | Batch 500 | Diff Loss 0.5300
Epoch 44 | Batch 600 | Diff Loss 0.4994
Epoch 44 | Batch 700 | Diff Loss 0.5181
Epoch 44 | Batch 800 | Diff Loss 0.5344
Epoch 44 | Batch 900 | Diff Loss 0.5092
Epoch 44 | Batch 1000 | Diff Loss 0.5405
Epoch 44 | Batch 1100 | Diff Loss 0.5286
Epoch 44 | Batch 1200 | Diff Loss 0.5021
Epoch 44 | Batch 1300 | Diff Loss 0.5080
Epoch 44 | Batch 1400 | Diff Loss 0.5261
Epoch 44 | Batch 1500 | Diff Loss 0.4928
Epoch 44 | Batch 1600 | Diff Loss 0.5113
Epoch 44 | Batch 1700 | Diff Loss 0.5198
Epoch 44 | Batch 1800 | Diff Loss 0.5084
Epoch 44 | Batch 1900 | Diff Loss 0.5055
Epoch 44 | Batch 2000 | Diff Loss 0.4940
Epoch 44 | Batch 2100 | Diff Loss 0.5025
Epoch 44 | Batch 2200 | Diff Loss 0.5051
Epoch 44 | Batch 2300 | Diff Loss 0.4948
Epoch 44 | Batch 2400 | Diff Loss 0.5231
Epoch 44 | Batch 2500 | Diff Loss 0.5016
Epoch 44 | Batch 2600 | Diff Loss 0.5038
Epoch 44 Done. Loss: 0.5105. Time: 201.5s
Epoch 45 | Batch 0 | Diff Loss 0.5147
Epoch 45 | Batch 100 | Diff Loss 0.5017
Epoch 45 | Batch 200 | Diff Loss 0.5118
Epoch 45 | Batch 300 | Diff Loss 0.5170
Epoch 45 | Batch 400 | Diff Loss 0.5221
Epoch 45 | Batch 500 | Diff Loss 0.5051
Epoch 45 | Batch 600 | Diff Loss 0.5204
Epoch 45 | Batch 700 | Diff Loss 0.5115
Epoch 45 | Batch 800 | Diff Loss 0.5192
Epoch 45 | Batch 900 | Diff Loss 0.5092
Epoch 45 | Batch 1000 | Diff Loss 0.5223
Epoch 45 | Batch 1100 | Diff Loss 0.5252
Epoch 45 | Batch 1200 | Diff Loss 0.4989
Epoch 45 | Batch 1300 | Diff Loss 0.4855
Epoch 45 | Batch 1400 | Diff Loss 0.5097
Epoch 45 | Batch 1500 | Diff Loss 0.5041
Epoch 45 | Batch 1600 | Diff Loss 0.4937
Epoch 45 | Batch 1700 | Diff Loss 0.4892
Epoch 45 | Batch 1800 | Diff Loss 0.4902
Epoch 45 | Batch 1900 | Diff Loss 0.4877
Epoch 45 | Batch 2000 | Diff Loss 0.5169
Epoch 45 | Batch 2100 | Diff Loss 0.4960
Epoch 45 | Batch 2200 | Diff Loss 0.4857
Epoch 45 | Batch 2300 | Diff Loss 0.4980
Epoch 45 | Batch 2400 | Diff Loss 0.5275
Epoch 45 | Batch 2500 | Diff Loss 0.4974
Epoch 45 | Batch 2600 | Diff Loss 0.5185
Epoch 45 Done. Loss: 0.5057. Time: 198.4s
Epoch 46 | Batch 0 | Diff Loss 0.5129
Epoch 46 | Batch 100 | Diff Loss 0.4981
Epoch 46 | Batch 200 | Diff Loss 0.5045
Epoch 46 | Batch 300 | Diff Loss 0.5048
Epoch 46 | Batch 400 | Diff Loss 0.4768
Epoch 46 | Batch 500 | Diff Loss 0.5102
Epoch 46 | Batch 600 | Diff Loss 0.4791
Epoch 46 | Batch 700 | Diff Loss 0.4669
Epoch 46 | Batch 800 | Diff Loss 0.4907
Epoch 46 | Batch 900 | Diff Loss 0.4781
Epoch 46 | Batch 1000 | Diff Loss 0.4639
Epoch 46 | Batch 1100 | Diff Loss 0.4656
Epoch 46 | Batch 1200 | Diff Loss 0.4729
Epoch 46 | Batch 1300 | Diff Loss 0.4757
Epoch 46 | Batch 1400 | Diff Loss 0.4768
Epoch 46 | Batch 1500 | Diff Loss 0.4857
Epoch 46 | Batch 1600 | Diff Loss 0.4527
Epoch 46 | Batch 1700 | Diff Loss 0.4532
Epoch 46 | Batch 1800 | Diff Loss 0.4774
Epoch 46 | Batch 1900 | Diff Loss 0.4597
Epoch 46 | Batch 2000 | Diff Loss 0.4647
Epoch 46 | Batch 2100 | Diff Loss 0.4547
Epoch 46 | Batch 2200 | Diff Loss 0.4714
Epoch 46 | Batch 2300 | Diff Loss 0.4885
Epoch 46 | Batch 2400 | Diff Loss 0.4977
Epoch 46 | Batch 2500 | Diff Loss 0.4617
Epoch 46 | Batch 2600 | Diff Loss 0.4800
Epoch 46 Done. Loss: 0.4822. Time: 205.2s
Epoch 47 | Batch 0 | Diff Loss 0.4721
Epoch 47 | Batch 100 | Diff Loss 0.4763
Epoch 47 | Batch 200 | Diff Loss 0.4869
Epoch 47 | Batch 300 | Diff Loss 0.4854
Epoch 47 | Batch 400 | Diff Loss 0.4771
Epoch 47 | Batch 500 | Diff Loss 0.4691
Epoch 47 | Batch 600 | Diff Loss 0.4799
Epoch 47 | Batch 700 | Diff Loss 0.4873
Epoch 47 | Batch 800 | Diff Loss 0.4823
Epoch 47 | Batch 900 | Diff Loss 0.4855
Epoch 47 | Batch 1000 | Diff Loss 0.4510
Epoch 47 | Batch 1100 | Diff Loss 0.4668
Epoch 47 | Batch 1200 | Diff Loss 0.4758
Epoch 47 | Batch 1300 | Diff Loss 0.4709
Epoch 47 | Batch 1400 | Diff Loss 0.4636
Epoch 47 | Batch 1500 | Diff Loss 0.4637
Epoch 47 | Batch 1600 | Diff Loss 0.4500
Epoch 47 | Batch 1700 | Diff Loss 0.4516
Epoch 47 | Batch 1800 | Diff Loss 0.4649
Epoch 47 | Batch 1900 | Diff Loss 0.4720
Epoch 47 | Batch 2000 | Diff Loss 0.4887
Epoch 47 | Batch 2100 | Diff Loss 0.4810
Epoch 47 | Batch 2200 | Diff Loss 0.4551
Epoch 47 | Batch 2300 | Diff Loss 0.4920
Epoch 47 | Batch 2400 | Diff Loss 0.4671
Epoch 47 | Batch 2500 | Diff Loss 0.4625
Epoch 47 | Batch 2600 | Diff Loss 0.4651
Epoch 47 Done. Loss: 0.4700. Time: 201.1s
Epoch 48 | Batch 0 | Diff Loss 0.4451
Epoch 48 | Batch 100 | Diff Loss 0.4625
Epoch 48 | Batch 200 | Diff Loss 0.4658
Epoch 48 | Batch 300 | Diff Loss 0.4750
Epoch 48 | Batch 400 | Diff Loss 0.4697
Epoch 48 | Batch 500 | Diff Loss 0.4961
Epoch 48 | Batch 600 | Diff Loss 0.4879
Epoch 48 | Batch 700 | Diff Loss 0.4838
Epoch 48 | Batch 800 | Diff Loss 0.4394
Epoch 48 | Batch 900 | Diff Loss 0.4380
Epoch 48 | Batch 1000 | Diff Loss 0.4494
Epoch 48 | Batch 1100 | Diff Loss 0.4604
Epoch 48 | Batch 1200 | Diff Loss 0.4602
Epoch 48 | Batch 1300 | Diff Loss 0.4688
Epoch 48 | Batch 1400 | Diff Loss 0.4724
Epoch 48 | Batch 1500 | Diff Loss 0.4622
Epoch 48 | Batch 1600 | Diff Loss 0.4642
Epoch 48 | Batch 1700 | Diff Loss 0.4674
Epoch 48 | Batch 1800 | Diff Loss 0.4861
Epoch 48 | Batch 1900 | Diff Loss 0.4793
Epoch 48 | Batch 2000 | Diff Loss 0.4606
Epoch 48 | Batch 2100 | Diff Loss 0.4678
Epoch 48 | Batch 2200 | Diff Loss 0.4875
Epoch 48 | Batch 2300 | Diff Loss 0.4572
Epoch 48 | Batch 2400 | Diff Loss 0.4561
Epoch 48 | Batch 2500 | Diff Loss 0.4692
Epoch 48 | Batch 2600 | Diff Loss 0.4481
Epoch 48 Done. Loss: 0.4661. Time: 197.5s
Epoch 49 | Batch 0 | Diff Loss 0.4495
Epoch 49 | Batch 100 | Diff Loss 0.4641
Epoch 49 | Batch 200 | Diff Loss 0.4680
Epoch 49 | Batch 300 | Diff Loss 0.4798
Epoch 49 | Batch 400 | Diff Loss 0.4858
Epoch 49 | Batch 500 | Diff Loss 0.4710
Epoch 49 | Batch 600 | Diff Loss 0.4602
Epoch 49 | Batch 700 | Diff Loss 0.4755
Epoch 49 | Batch 800 | Diff Loss 0.4647
Epoch 49 | Batch 900 | Diff Loss 0.4772
Epoch 49 | Batch 1000 | Diff Loss 0.4568
Epoch 49 | Batch 1100 | Diff Loss 0.4661
Epoch 49 | Batch 1200 | Diff Loss 0.5021
Epoch 49 | Batch 1300 | Diff Loss 0.4942
Epoch 49 | Batch 1400 | Diff Loss 0.4697
Epoch 49 | Batch 1500 | Diff Loss 0.4653
Epoch 49 | Batch 1600 | Diff Loss 0.4533
Epoch 49 | Batch 1700 | Diff Loss 0.4647
Epoch 49 | Batch 1800 | Diff Loss 0.4590
Epoch 49 | Batch 1900 | Diff Loss 0.4555
Epoch 49 | Batch 2000 | Diff Loss 0.4467
Epoch 49 | Batch 2100 | Diff Loss 0.4539
Epoch 49 | Batch 2200 | Diff Loss 0.4510
Epoch 49 | Batch 2300 | Diff Loss 0.4816
Epoch 49 | Batch 2400 | Diff Loss 0.4517
Epoch 49 | Batch 2500 | Diff Loss 0.4644
Epoch 49 | Batch 2600 | Diff Loss 0.4790
Epoch 49 Done. Loss: 0.4647. Time: 197.8s
Epoch 50 | Batch 0 | Diff Loss 0.4472
Epoch 50 | Batch 100 | Diff Loss 0.4962
Epoch 50 | Batch 200 | Diff Loss 0.4232
Epoch 50 | Batch 300 | Diff Loss 0.4736
Epoch 50 | Batch 400 | Diff Loss 0.4672
Epoch 50 | Batch 500 | Diff Loss 0.4517
Epoch 50 | Batch 600 | Diff Loss 0.4528
Epoch 50 | Batch 700 | Diff Loss 0.4348
Epoch 50 | Batch 800 | Diff Loss 0.4617
Epoch 50 | Batch 900 | Diff Loss 0.4598
Epoch 50 | Batch 1000 | Diff Loss 0.4543
Epoch 50 | Batch 1100 | Diff Loss 0.4458
Epoch 50 | Batch 1200 | Diff Loss 0.4834
Epoch 50 | Batch 1300 | Diff Loss 0.4651
Epoch 50 | Batch 1400 | Diff Loss 0.4817
Epoch 50 | Batch 1500 | Diff Loss 0.4490
Epoch 50 | Batch 1600 | Diff Loss 0.4415
Epoch 50 | Batch 1700 | Diff Loss 0.4601
Epoch 50 | Batch 1800 | Diff Loss 0.4799
Epoch 50 | Batch 1900 | Diff Loss 0.4839
Epoch 50 | Batch 2000 | Diff Loss 0.4422
Epoch 50 | Batch 2100 | Diff Loss 0.4668
Epoch 50 | Batch 2200 | Diff Loss 0.4541
Epoch 50 | Batch 2300 | Diff Loss 0.4688
Epoch 50 | Batch 2400 | Diff Loss 0.4852
Epoch 50 | Batch 2500 | Diff Loss 0.4526
Epoch 50 | Batch 2600 | Diff Loss 0.4795
Epoch 50 Done. Loss: 0.4615. Time: 208.6s
Epoch 51 | Batch 0 | Diff Loss 0.4541
Epoch 51 | Batch 100 | Diff Loss 0.4562
Epoch 51 | Batch 200 | Diff Loss 0.4677
Epoch 51 | Batch 300 | Diff Loss 0.4448
Epoch 51 | Batch 400 | Diff Loss 0.4549
Epoch 51 | Batch 500 | Diff Loss 0.4451
Epoch 51 | Batch 600 | Diff Loss 0.4351
Epoch 51 | Batch 700 | Diff Loss 0.4636
Epoch 51 | Batch 800 | Diff Loss 0.4696
Epoch 51 | Batch 900 | Diff Loss 0.4752
Epoch 51 | Batch 1000 | Diff Loss 0.4634
Epoch 51 | Batch 1100 | Diff Loss 0.4568
Epoch 51 | Batch 1200 | Diff Loss 0.4735
Epoch 51 | Batch 1300 | Diff Loss 0.4560
Epoch 51 | Batch 1400 | Diff Loss 0.4544
Epoch 51 | Batch 1500 | Diff Loss 0.4540
Epoch 51 | Batch 1600 | Diff Loss 0.4630
Epoch 51 | Batch 1700 | Diff Loss 0.4903
Epoch 51 | Batch 1800 | Diff Loss 0.4864
Epoch 51 | Batch 1900 | Diff Loss 0.4567
Epoch 51 | Batch 2000 | Diff Loss 0.4852
Epoch 51 | Batch 2100 | Diff Loss 0.4563
Epoch 51 | Batch 2200 | Diff Loss 0.4760
Epoch 51 | Batch 2300 | Diff Loss 0.4311
Epoch 51 | Batch 2400 | Diff Loss 0.4438
Epoch 51 | Batch 2500 | Diff Loss 0.4548
Epoch 51 | Batch 2600 | Diff Loss 0.4420
Epoch 51 Done. Loss: 0.4608. Time: 195.4s
Epoch 52 | Batch 0 | Diff Loss 0.4560
Epoch 52 | Batch 100 | Diff Loss 0.4585
Epoch 52 | Batch 200 | Diff Loss 0.4587
Epoch 52 | Batch 300 | Diff Loss 0.4712
Epoch 52 | Batch 400 | Diff Loss 0.4709
Epoch 52 | Batch 500 | Diff Loss 0.4424
Epoch 52 | Batch 600 | Diff Loss 0.4704
Epoch 52 | Batch 700 | Diff Loss 0.4476
Epoch 52 | Batch 800 | Diff Loss 0.4663
Epoch 52 | Batch 900 | Diff Loss 0.4620
Epoch 52 | Batch 1000 | Diff Loss 0.4559
Epoch 52 | Batch 1100 | Diff Loss 0.4601
Epoch 52 | Batch 1200 | Diff Loss 0.4477
Epoch 52 | Batch 1300 | Diff Loss 0.4348
Epoch 52 | Batch 1400 | Diff Loss 0.4719
Epoch 52 | Batch 1500 | Diff Loss 0.4340
Epoch 52 | Batch 1600 | Diff Loss 0.4497
Epoch 52 | Batch 1700 | Diff Loss 0.4696
Epoch 52 | Batch 1800 | Diff Loss 0.4365
Epoch 52 | Batch 1900 | Diff Loss 0.4504
Epoch 52 | Batch 2000 | Diff Loss 0.4567
Epoch 52 | Batch 2100 | Diff Loss 0.4484
Epoch 52 | Batch 2200 | Diff Loss 0.4574
Epoch 52 | Batch 2300 | Diff Loss 0.4734
Epoch 52 | Batch 2400 | Diff Loss 0.4384
Epoch 52 | Batch 2500 | Diff Loss 0.4534
Epoch 52 | Batch 2600 | Diff Loss 0.4620
Epoch 52 Done. Loss: 0.4581. Time: 198.7s
Epoch 53 | Batch 0 | Diff Loss 0.4912
Epoch 53 | Batch 100 | Diff Loss 0.4534
Epoch 53 | Batch 200 | Diff Loss 0.4529
Epoch 53 | Batch 300 | Diff Loss 0.4538
Epoch 53 | Batch 400 | Diff Loss 0.4772
Epoch 53 | Batch 500 | Diff Loss 0.4513
Epoch 53 | Batch 600 | Diff Loss 0.4552
Epoch 53 | Batch 700 | Diff Loss 0.4505
Epoch 53 | Batch 800 | Diff Loss 0.4509
Epoch 53 | Batch 900 | Diff Loss 0.4587
Epoch 53 | Batch 1000 | Diff Loss 0.4851
Epoch 53 | Batch 1100 | Diff Loss 0.4776
Epoch 53 | Batch 1200 | Diff Loss 0.4586
Epoch 53 | Batch 1300 | Diff Loss 0.4695
Epoch 53 | Batch 1400 | Diff Loss 0.4672
Epoch 53 | Batch 1500 | Diff Loss 0.4707
Epoch 53 | Batch 1600 | Diff Loss 0.4542
Epoch 53 | Batch 1700 | Diff Loss 0.4632
Epoch 53 | Batch 1800 | Diff Loss 0.4539
Epoch 53 | Batch 1900 | Diff Loss 0.4805
Epoch 53 | Batch 2000 | Diff Loss 0.4484
Epoch 53 | Batch 2100 | Diff Loss 0.4575
Epoch 53 | Batch 2200 | Diff Loss 0.4531
Epoch 53 | Batch 2300 | Diff Loss 0.4588
Epoch 53 | Batch 2400 | Diff Loss 0.4542
Epoch 53 | Batch 2500 | Diff Loss 0.4501
Epoch 53 | Batch 2600 | Diff Loss 0.4542
Epoch 53 Done. Loss: 0.4578. Time: 205.8s
Epoch 54 | Batch 0 | Diff Loss 0.4488
Epoch 54 | Batch 100 | Diff Loss 0.4557
Epoch 54 | Batch 200 | Diff Loss 0.4558
Epoch 54 | Batch 300 | Diff Loss 0.4255
Epoch 54 | Batch 400 | Diff Loss 0.4570
Epoch 54 | Batch 500 | Diff Loss 0.4392
Epoch 54 | Batch 600 | Diff Loss 0.4396
Epoch 54 | Batch 700 | Diff Loss 0.4327
Epoch 54 | Batch 800 | Diff Loss 0.4525
Epoch 54 | Batch 900 | Diff Loss 0.4418
Epoch 54 | Batch 1000 | Diff Loss 0.4287
Epoch 54 | Batch 1100 | Diff Loss 0.4276
Epoch 54 | Batch 1200 | Diff Loss 0.4228
Epoch 54 | Batch 1300 | Diff Loss 0.4522
Epoch 54 | Batch 1400 | Diff Loss 0.4500
Epoch 54 | Batch 1500 | Diff Loss 0.4354
Epoch 54 | Batch 1600 | Diff Loss 0.4310
Epoch 54 | Batch 1700 | Diff Loss 0.4323
Epoch 54 | Batch 1800 | Diff Loss 0.4700
Epoch 54 | Batch 1900 | Diff Loss 0.4626
Epoch 54 | Batch 2000 | Diff Loss 0.4359
Epoch 54 | Batch 2100 | Diff Loss 0.4282
Epoch 54 | Batch 2200 | Diff Loss 0.4175
Epoch 54 | Batch 2300 | Diff Loss 0.4477
Epoch 54 | Batch 2400 | Diff Loss 0.4199
Epoch 54 | Batch 2500 | Diff Loss 0.4308
Epoch 54 | Batch 2600 | Diff Loss 0.4360
Epoch 54 Done. Loss: 0.4451. Time: 199.3s
Epoch 55 | Batch 0 | Diff Loss 0.4252
Epoch 55 | Batch 100 | Diff Loss 0.4291
Epoch 55 | Batch 200 | Diff Loss 0.4541
Epoch 55 | Batch 300 | Diff Loss 0.4504
Epoch 55 | Batch 400 | Diff Loss 0.4541
Epoch 55 | Batch 500 | Diff Loss 0.4624
Epoch 55 | Batch 600 | Diff Loss 0.4547
Epoch 55 | Batch 700 | Diff Loss 0.4314
Epoch 55 | Batch 800 | Diff Loss 0.4623
Epoch 55 | Batch 900 | Diff Loss 0.4536
Epoch 55 | Batch 1000 | Diff Loss 0.4527
Epoch 55 | Batch 1100 | Diff Loss 0.4590
Epoch 55 | Batch 1200 | Diff Loss 0.4119
Epoch 55 | Batch 1300 | Diff Loss 0.4444
Epoch 55 | Batch 1400 | Diff Loss 0.4493
Epoch 55 | Batch 1500 | Diff Loss 0.4498
Epoch 55 | Batch 1600 | Diff Loss 0.4709
Epoch 55 | Batch 1700 | Diff Loss 0.4474
Epoch 55 | Batch 1800 | Diff Loss 0.4610
Epoch 55 | Batch 1900 | Diff Loss 0.4444
Epoch 55 | Batch 2000 | Diff Loss 0.4403
Epoch 55 | Batch 2100 | Diff Loss 0.4476
Epoch 55 | Batch 2200 | Diff Loss 0.4414
Epoch 55 | Batch 2300 | Diff Loss 0.4546
Epoch 55 | Batch 2400 | Diff Loss 0.4350
Epoch 55 | Batch 2500 | Diff Loss 0.4204
Epoch 55 | Batch 2600 | Diff Loss 0.4257
Epoch 55 Done. Loss: 0.4477. Time: 198.3s
Epoch 56 | Batch 0 | Diff Loss 0.4463
Epoch 56 | Batch 100 | Diff Loss 0.4502
Epoch 56 | Batch 200 | Diff Loss 0.4260
Epoch 56 | Batch 300 | Diff Loss 0.4300
Epoch 56 | Batch 400 | Diff Loss 0.4375
Epoch 56 | Batch 500 | Diff Loss 0.4436
Epoch 56 | Batch 600 | Diff Loss 0.4673
Epoch 56 | Batch 700 | Diff Loss 0.4317
Epoch 56 | Batch 800 | Diff Loss 0.4236
Epoch 56 | Batch 900 | Diff Loss 0.4237
Epoch 56 | Batch 1000 | Diff Loss 0.4280
Epoch 56 | Batch 1100 | Diff Loss 0.4270
Epoch 56 | Batch 1200 | Diff Loss 0.4485
Epoch 56 | Batch 1300 | Diff Loss 0.4223
Epoch 56 | Batch 1400 | Diff Loss 0.4165
Epoch 56 | Batch 1500 | Diff Loss 0.4362
Epoch 56 | Batch 1600 | Diff Loss 0.4444
Epoch 56 | Batch 1700 | Diff Loss 0.4641
Epoch 56 | Batch 1800 | Diff Loss 0.4528
Epoch 56 | Batch 1900 | Diff Loss 0.4226
Epoch 56 | Batch 2000 | Diff Loss 0.4499
Epoch 56 | Batch 2100 | Diff Loss 0.4325
Epoch 56 | Batch 2200 | Diff Loss 0.4496
Epoch 56 | Batch 2300 | Diff Loss 0.4209
Epoch 56 | Batch 2400 | Diff Loss 0.4156
Epoch 56 | Batch 2500 | Diff Loss 0.4229
Epoch 56 | Batch 2600 | Diff Loss 0.4271
Epoch 56 Done. Loss: 0.4401. Time: 202.4s
Epoch 57 | Batch 0 | Diff Loss 0.4754
Epoch 57 | Batch 100 | Diff Loss 0.4382
Epoch 57 | Batch 200 | Diff Loss 0.4376
Epoch 57 | Batch 300 | Diff Loss 0.4230
Epoch 57 | Batch 400 | Diff Loss 0.4552
Epoch 57 | Batch 500 | Diff Loss 0.4379
Epoch 57 | Batch 600 | Diff Loss 0.4239
Epoch 57 | Batch 700 | Diff Loss 0.4420
Epoch 57 | Batch 800 | Diff Loss 0.4313
Epoch 57 | Batch 900 | Diff Loss 0.4329
Epoch 57 | Batch 1000 | Diff Loss 0.4201
Epoch 57 | Batch 1100 | Diff Loss 0.4369
Epoch 57 | Batch 1200 | Diff Loss 0.4405
Epoch 57 | Batch 1300 | Diff Loss 0.4423
Epoch 57 | Batch 1400 | Diff Loss 0.4325
Epoch 57 | Batch 1500 | Diff Loss 0.4384
Epoch 57 | Batch 1600 | Diff Loss 0.4339
Epoch 57 | Batch 1700 | Diff Loss 0.4227
Epoch 57 | Batch 1800 | Diff Loss 0.4271
Epoch 57 | Batch 1900 | Diff Loss 0.4418
Epoch 57 | Batch 2000 | Diff Loss 0.4314
Epoch 57 | Batch 2100 | Diff Loss 0.4344
Epoch 57 | Batch 2200 | Diff Loss 0.4203
Epoch 57 | Batch 2300 | Diff Loss 0.4528
Epoch 57 | Batch 2400 | Diff Loss 0.4481
Epoch 57 | Batch 2500 | Diff Loss 0.4331
Epoch 57 | Batch 2600 | Diff Loss 0.4599
Epoch 57 Done. Loss: 0.4358. Time: 208.4s
Epoch 58 | Batch 0 | Diff Loss 0.4226
Epoch 58 | Batch 100 | Diff Loss 0.4467
Epoch 58 | Batch 200 | Diff Loss 0.4310
Epoch 58 | Batch 300 | Diff Loss 0.4262
Epoch 58 | Batch 400 | Diff Loss 0.4166
Epoch 58 | Batch 500 | Diff Loss 0.4231
Epoch 58 | Batch 600 | Diff Loss 0.4332
Epoch 58 | Batch 700 | Diff Loss 0.4507
Epoch 58 | Batch 800 | Diff Loss 0.4385
Epoch 58 | Batch 900 | Diff Loss 0.4319
Epoch 58 | Batch 1000 | Diff Loss 0.4545
Epoch 58 | Batch 1100 | Diff Loss 0.4605
Epoch 58 | Batch 1200 | Diff Loss 0.4127
Epoch 58 | Batch 1300 | Diff Loss 0.4658
Epoch 58 | Batch 1400 | Diff Loss 0.4170
Epoch 58 | Batch 1500 | Diff Loss 0.4523
Epoch 58 | Batch 1600 | Diff Loss 0.4442
Epoch 58 | Batch 1700 | Diff Loss 0.4221
Epoch 58 | Batch 1800 | Diff Loss 0.4297
Epoch 58 | Batch 1900 | Diff Loss 0.4152
Epoch 58 | Batch 2000 | Diff Loss 0.4225
Epoch 58 | Batch 2100 | Diff Loss 0.4356
Epoch 58 | Batch 2200 | Diff Loss 0.4335
Epoch 58 | Batch 2300 | Diff Loss 0.4351
Epoch 58 | Batch 2400 | Diff Loss 0.4346
Epoch 58 | Batch 2500 | Diff Loss 0.4232
Epoch 58 | Batch 2600 | Diff Loss 0.4138
Epoch 58 Done. Loss: 0.4359. Time: 203.4s
Epoch 59 | Batch 0 | Diff Loss 0.3987
Epoch 59 | Batch 100 | Diff Loss 0.4854
Epoch 59 | Batch 200 | Diff Loss 0.4388
Epoch 59 | Batch 300 | Diff Loss 0.4283
Epoch 59 | Batch 400 | Diff Loss 0.4253
Epoch 59 | Batch 500 | Diff Loss 0.4148
Epoch 59 | Batch 600 | Diff Loss 0.4308
Epoch 59 | Batch 700 | Diff Loss 0.4299
Epoch 59 | Batch 800 | Diff Loss 0.4407
Epoch 59 | Batch 900 | Diff Loss 0.4416
Epoch 59 | Batch 1000 | Diff Loss 0.4145
Epoch 59 | Batch 1100 | Diff Loss 0.4625
Epoch 59 | Batch 1200 | Diff Loss 0.4449
Epoch 59 | Batch 1300 | Diff Loss 0.4258
Epoch 59 | Batch 1400 | Diff Loss 0.4272
Epoch 59 | Batch 1500 | Diff Loss 0.4128
Epoch 59 | Batch 1600 | Diff Loss 0.4350
Epoch 59 | Batch 1700 | Diff Loss 0.4509
Epoch 59 | Batch 1800 | Diff Loss 0.4498
Epoch 59 | Batch 1900 | Diff Loss 0.4518
Epoch 59 | Batch 2000 | Diff Loss 0.4174
Epoch 59 | Batch 2100 | Diff Loss 0.4441
Epoch 59 | Batch 2200 | Diff Loss 0.4267
Epoch 59 | Batch 2300 | Diff Loss 0.4255
Epoch 59 | Batch 2400 | Diff Loss 0.4311
Epoch 59 | Batch 2500 | Diff Loss 0.4367
Epoch 59 | Batch 2600 | Diff Loss 0.4585
Epoch 59 Done. Loss: 0.4335. Time: 203.0s
Epoch 60 | Batch 0 | Diff Loss 0.4379
Epoch 60 | Batch 100 | Diff Loss 0.4103
Epoch 60 | Batch 200 | Diff Loss 0.4257
Epoch 60 | Batch 300 | Diff Loss 0.4316
Epoch 60 | Batch 400 | Diff Loss 0.4074
Epoch 60 | Batch 500 | Diff Loss 0.4411
Epoch 60 | Batch 600 | Diff Loss 0.4248
Epoch 60 | Batch 700 | Diff Loss 0.4273
Epoch 60 | Batch 800 | Diff Loss 0.4334
Epoch 60 | Batch 900 | Diff Loss 0.4408
Epoch 60 | Batch 1000 | Diff Loss 0.4473
Epoch 60 | Batch 1100 | Diff Loss 0.4203
Epoch 60 | Batch 1200 | Diff Loss 0.4581
Epoch 60 | Batch 1300 | Diff Loss 0.4015
Epoch 60 | Batch 1400 | Diff Loss 0.4240
Epoch 60 | Batch 1500 | Diff Loss 0.4343
Epoch 60 | Batch 1600 | Diff Loss 0.4538
Epoch 60 | Batch 1700 | Diff Loss 0.4299
Epoch 60 | Batch 1800 | Diff Loss 0.4299
Epoch 60 | Batch 1900 | Diff Loss 0.4380
Epoch 60 | Batch 2000 | Diff Loss 0.4350
Epoch 60 | Batch 2100 | Diff Loss 0.4432
Epoch 60 | Batch 2200 | Diff Loss 0.4264
Epoch 60 | Batch 2300 | Diff Loss 0.4305
Epoch 60 | Batch 2400 | Diff Loss 0.4380
Epoch 60 | Batch 2500 | Diff Loss 0.4270
Epoch 60 | Batch 2600 | Diff Loss 0.4199
Epoch 60 Done. Loss: 0.4331. Time: 215.3s
Epoch 61 | Batch 0 | Diff Loss 0.4249
Epoch 61 | Batch 100 | Diff Loss 0.4389
Epoch 61 | Batch 200 | Diff Loss 0.4517
Epoch 61 | Batch 300 | Diff Loss 0.4371
Epoch 61 | Batch 400 | Diff Loss 0.4172
Epoch 61 | Batch 500 | Diff Loss 0.4542
Epoch 61 | Batch 600 | Diff Loss 0.4361
Epoch 61 | Batch 700 | Diff Loss 0.4317
Epoch 61 | Batch 800 | Diff Loss 0.4325
Epoch 61 | Batch 900 | Diff Loss 0.4198
Epoch 61 | Batch 1000 | Diff Loss 0.4168
Epoch 61 | Batch 1100 | Diff Loss 0.4463
Epoch 61 | Batch 1200 | Diff Loss 0.4614
Epoch 61 | Batch 1300 | Diff Loss 0.4231
Epoch 61 | Batch 1400 | Diff Loss 0.4618
Epoch 61 | Batch 1500 | Diff Loss 0.4191
Epoch 61 | Batch 1600 | Diff Loss 0.4288
Epoch 61 | Batch 1700 | Diff Loss 0.4315
Epoch 61 | Batch 1800 | Diff Loss 0.4194
Epoch 61 | Batch 1900 | Diff Loss 0.4215
Epoch 61 | Batch 2000 | Diff Loss 0.4112
Epoch 61 | Batch 2100 | Diff Loss 0.4043
Epoch 61 | Batch 2200 | Diff Loss 0.4676
Epoch 61 | Batch 2300 | Diff Loss 0.4483
Epoch 61 | Batch 2400 | Diff Loss 0.4322
Epoch 61 | Batch 2500 | Diff Loss 0.4274
Epoch 61 | Batch 2600 | Diff Loss 0.4346
Epoch 61 Done. Loss: 0.4354. Time: 201.1s
Epoch 62 | Batch 0 | Diff Loss 0.4444
Epoch 62 | Batch 100 | Diff Loss 0.4290
Epoch 62 | Batch 200 | Diff Loss 0.4163
Epoch 62 | Batch 300 | Diff Loss 0.4223
Epoch 62 | Batch 400 | Diff Loss 0.4323
Epoch 62 | Batch 500 | Diff Loss 0.4234
Epoch 62 | Batch 600 | Diff Loss 0.4252
Epoch 62 | Batch 700 | Diff Loss 0.4343
Epoch 62 | Batch 800 | Diff Loss 0.4403
Epoch 62 | Batch 900 | Diff Loss 0.4219
Epoch 62 | Batch 1000 | Diff Loss 0.4252
Epoch 62 | Batch 1100 | Diff Loss 0.4581
Epoch 62 | Batch 1200 | Diff Loss 0.4534
Epoch 62 | Batch 1300 | Diff Loss 0.4183
Epoch 62 | Batch 1400 | Diff Loss 0.4264
Epoch 62 | Batch 1500 | Diff Loss 0.4180
Epoch 62 | Batch 1600 | Diff Loss 0.4020
Epoch 62 | Batch 1700 | Diff Loss 0.4272
Epoch 62 | Batch 1800 | Diff Loss 0.4158
Epoch 62 | Batch 1900 | Diff Loss 0.4194
Epoch 62 | Batch 2000 | Diff Loss 0.4405
Epoch 62 | Batch 2100 | Diff Loss 0.4087
Epoch 62 | Batch 2200 | Diff Loss 0.4403
Epoch 62 | Batch 2300 | Diff Loss 0.4260
Epoch 62 | Batch 2400 | Diff Loss 0.4167
Epoch 62 | Batch 2500 | Diff Loss 0.4193
Epoch 62 | Batch 2600 | Diff Loss 0.4461
Epoch 62 Done. Loss: 0.4298. Time: 205.4s
Epoch 63 | Batch 0 | Diff Loss 0.4340
Epoch 63 | Batch 100 | Diff Loss 0.4532
Epoch 63 | Batch 200 | Diff Loss 0.4248
Epoch 63 | Batch 300 | Diff Loss 0.4457
Epoch 63 | Batch 400 | Diff Loss 0.4224
Epoch 63 | Batch 500 | Diff Loss 0.4296
Epoch 63 | Batch 600 | Diff Loss 0.4330
Epoch 63 | Batch 700 | Diff Loss 0.4296
Epoch 63 | Batch 800 | Diff Loss 0.4083
Epoch 63 | Batch 900 | Diff Loss 0.4565
Epoch 63 | Batch 1000 | Diff Loss 0.4283
Epoch 63 | Batch 1100 | Diff Loss 0.4508
Epoch 63 | Batch 1200 | Diff Loss 0.4107
Epoch 63 | Batch 1300 | Diff Loss 0.4400
Epoch 63 | Batch 1400 | Diff Loss 0.4277
Epoch 63 | Batch 1500 | Diff Loss 0.4332
Epoch 63 | Batch 1600 | Diff Loss 0.4161
Epoch 63 | Batch 1700 | Diff Loss 0.4335
Epoch 63 | Batch 1800 | Diff Loss 0.4634
Epoch 63 | Batch 1900 | Diff Loss 0.4283
Epoch 63 | Batch 2000 | Diff Loss 0.4367
Epoch 63 | Batch 2100 | Diff Loss 0.4299
Epoch 63 | Batch 2200 | Diff Loss 0.4197
Epoch 63 | Batch 2300 | Diff Loss 0.4210
Epoch 63 | Batch 2400 | Diff Loss 0.3960
Epoch 63 | Batch 2500 | Diff Loss 0.4561
Epoch 63 | Batch 2600 | Diff Loss 0.4155
Epoch 63 Done. Loss: 0.4322. Time: 214.1s
Epoch 64 | Batch 0 | Diff Loss 0.4251
Epoch 64 | Batch 100 | Diff Loss 0.4152
Epoch 64 | Batch 200 | Diff Loss 0.4193
Epoch 64 | Batch 300 | Diff Loss 0.4304
Epoch 64 | Batch 400 | Diff Loss 0.4274
Epoch 64 | Batch 500 | Diff Loss 0.4633
Epoch 64 | Batch 600 | Diff Loss 0.4280
Epoch 64 | Batch 700 | Diff Loss 0.4240
Epoch 64 | Batch 800 | Diff Loss 0.4341
Epoch 64 | Batch 900 | Diff Loss 0.4152
Epoch 64 | Batch 1000 | Diff Loss 0.4402
Epoch 64 | Batch 1100 | Diff Loss 0.4262
Epoch 64 | Batch 1200 | Diff Loss 0.4162
Epoch 64 | Batch 1300 | Diff Loss 0.4150
Epoch 64 | Batch 1400 | Diff Loss 0.4255
Epoch 64 | Batch 1500 | Diff Loss 0.4313
Epoch 64 | Batch 1600 | Diff Loss 0.4243
Epoch 64 | Batch 1700 | Diff Loss 0.4367
Epoch 64 | Batch 1800 | Diff Loss 0.4284
Epoch 64 | Batch 1900 | Diff Loss 0.4075
Epoch 64 | Batch 2000 | Diff Loss 0.4206
Epoch 64 | Batch 2100 | Diff Loss 0.4246
Epoch 64 | Batch 2200 | Diff Loss 0.4199
Epoch 64 | Batch 2300 | Diff Loss 0.4102
Epoch 64 | Batch 2400 | Diff Loss 0.4270
Epoch 64 | Batch 2500 | Diff Loss 0.4165
Epoch 64 | Batch 2600 | Diff Loss 0.4384
Epoch 64 Done. Loss: 0.4259. Time: 216.9s
Epoch 65 | Batch 0 | Diff Loss 0.4366
Epoch 65 | Batch 100 | Diff Loss 0.4613
Epoch 65 | Batch 200 | Diff Loss 0.4026
Epoch 65 | Batch 300 | Diff Loss 0.4192
Epoch 65 | Batch 400 | Diff Loss 0.4365
Epoch 65 | Batch 500 | Diff Loss 0.4118
Epoch 65 | Batch 600 | Diff Loss 0.4334
Epoch 65 | Batch 700 | Diff Loss 0.4159
Epoch 65 | Batch 800 | Diff Loss 0.4443
Epoch 65 | Batch 900 | Diff Loss 0.4137
Epoch 65 | Batch 1000 | Diff Loss 0.4227
Epoch 65 | Batch 1100 | Diff Loss 0.4738
Epoch 65 | Batch 1200 | Diff Loss 0.4353
Epoch 65 | Batch 1300 | Diff Loss 0.4341
Epoch 65 | Batch 1400 | Diff Loss 0.4260
Epoch 65 | Batch 1500 | Diff Loss 0.4056
Epoch 65 | Batch 1600 | Diff Loss 0.4428
Epoch 65 | Batch 1700 | Diff Loss 0.4075
Epoch 65 | Batch 1800 | Diff Loss 0.4211
Epoch 65 | Batch 1900 | Diff Loss 0.4007
Epoch 65 | Batch 2000 | Diff Loss 0.4420
Epoch 65 | Batch 2100 | Diff Loss 0.4331
Epoch 65 | Batch 2200 | Diff Loss 0.4192
Epoch 65 | Batch 2300 | Diff Loss 0.4352
Epoch 65 | Batch 2400 | Diff Loss 0.3923
Epoch 65 | Batch 2500 | Diff Loss 0.3987
Epoch 65 | Batch 2600 | Diff Loss 0.4495
Epoch 65 Done. Loss: 0.4271. Time: 205.5s
Epoch 66 | Batch 0 | Diff Loss 0.4315
Epoch 66 | Batch 100 | Diff Loss 0.4230
Epoch 66 | Batch 200 | Diff Loss 0.4226
Epoch 66 | Batch 300 | Diff Loss 0.4530
Epoch 66 | Batch 400 | Diff Loss 0.4285
Epoch 66 | Batch 500 | Diff Loss 0.4059
Epoch 66 | Batch 600 | Diff Loss 0.4332
Epoch 66 | Batch 700 | Diff Loss 0.4376
Epoch 66 | Batch 800 | Diff Loss 0.4357
Epoch 66 | Batch 900 | Diff Loss 0.4268
Epoch 66 | Batch 1000 | Diff Loss 0.4159
Epoch 66 | Batch 1100 | Diff Loss 0.4304
Epoch 66 | Batch 1200 | Diff Loss 0.4264
Epoch 66 | Batch 1300 | Diff Loss 0.4229
Epoch 66 | Batch 1400 | Diff Loss 0.3871
Epoch 66 | Batch 1500 | Diff Loss 0.4305
Epoch 66 | Batch 1600 | Diff Loss 0.4198
Epoch 66 | Batch 1700 | Diff Loss 0.4677
Epoch 66 | Batch 1800 | Diff Loss 0.4158
Epoch 66 | Batch 1900 | Diff Loss 0.4148
Epoch 66 | Batch 2000 | Diff Loss 0.4277
Epoch 66 | Batch 2100 | Diff Loss 0.4218
Epoch 66 | Batch 2200 | Diff Loss 0.4506
Epoch 66 | Batch 2300 | Diff Loss 0.4344
Epoch 66 | Batch 2400 | Diff Loss 0.4222
Epoch 66 | Batch 2500 | Diff Loss 0.4475
Epoch 66 | Batch 2600 | Diff Loss 0.4289
Epoch 66 Done. Loss: 0.4236. Time: 202.9s
Epoch 67 | Batch 0 | Diff Loss 0.4242
Epoch 67 | Batch 100 | Diff Loss 0.4233
Epoch 67 | Batch 200 | Diff Loss 0.4034
Epoch 67 | Batch 300 | Diff Loss 0.4169
Epoch 67 | Batch 400 | Diff Loss 0.4183
Epoch 67 | Batch 500 | Diff Loss 0.4106
Epoch 67 | Batch 600 | Diff Loss 0.4195
Epoch 67 | Batch 700 | Diff Loss 0.4400
Epoch 67 | Batch 800 | Diff Loss 0.4370
Epoch 67 | Batch 900 | Diff Loss 0.4282
Epoch 67 | Batch 1000 | Diff Loss 0.4135
Epoch 67 | Batch 1100 | Diff Loss 0.4096
Epoch 67 | Batch 1200 | Diff Loss 0.4111
Epoch 67 | Batch 1300 | Diff Loss 0.4092
Epoch 67 | Batch 1400 | Diff Loss 0.4125
Epoch 67 | Batch 1500 | Diff Loss 0.4297
Epoch 67 | Batch 1600 | Diff Loss 0.4114
Epoch 67 | Batch 1700 | Diff Loss 0.4116
Epoch 67 | Batch 1800 | Diff Loss 0.4127
Epoch 67 | Batch 1900 | Diff Loss 0.4190
Epoch 67 | Batch 2000 | Diff Loss 0.4258
Epoch 67 | Batch 2100 | Diff Loss 0.4219
Epoch 67 | Batch 2200 | Diff Loss 0.4079
Epoch 67 | Batch 2300 | Diff Loss 0.4256
Epoch 67 | Batch 2400 | Diff Loss 0.4063
Epoch 67 | Batch 2500 | Diff Loss 0.4381
Epoch 67 | Batch 2600 | Diff Loss 0.4092
Epoch 67 Done. Loss: 0.4171. Time: 205.2s
Epoch 68 | Batch 0 | Diff Loss 0.4099
Epoch 68 | Batch 100 | Diff Loss 0.4092
Epoch 68 | Batch 200 | Diff Loss 0.4136
Epoch 68 | Batch 300 | Diff Loss 0.4165
Epoch 68 | Batch 400 | Diff Loss 0.4159
Epoch 68 | Batch 500 | Diff Loss 0.4139
Epoch 68 | Batch 600 | Diff Loss 0.4174
Epoch 68 | Batch 700 | Diff Loss 0.4395
Epoch 68 | Batch 800 | Diff Loss 0.4327
Epoch 68 | Batch 900 | Diff Loss 0.4013
Epoch 68 | Batch 1000 | Diff Loss 0.4117
Epoch 68 | Batch 1100 | Diff Loss 0.4241
Epoch 68 | Batch 1200 | Diff Loss 0.4381
Epoch 68 | Batch 1300 | Diff Loss 0.4033
Epoch 68 | Batch 1400 | Diff Loss 0.3990
Epoch 68 | Batch 1500 | Diff Loss 0.3993
Epoch 68 | Batch 1600 | Diff Loss 0.4252
Epoch 68 | Batch 1700 | Diff Loss 0.4149
Epoch 68 | Batch 1800 | Diff Loss 0.4106
Epoch 68 | Batch 1900 | Diff Loss 0.4349
Epoch 68 | Batch 2000 | Diff Loss 0.4039
Epoch 68 | Batch 2100 | Diff Loss 0.4282
Epoch 68 | Batch 2200 | Diff Loss 0.4053
Epoch 68 | Batch 2300 | Diff Loss 0.4494
Epoch 68 | Batch 2400 | Diff Loss 0.4298
Epoch 68 | Batch 2500 | Diff Loss 0.3834
Epoch 68 | Batch 2600 | Diff Loss 0.4044
Epoch 68 Done. Loss: 0.4114. Time: 213.7s
Epoch 69 | Batch 0 | Diff Loss 0.4209
Epoch 69 | Batch 100 | Diff Loss 0.3801
Epoch 69 | Batch 200 | Diff Loss 0.3897
Epoch 69 | Batch 300 | Diff Loss 0.4134
Epoch 69 | Batch 400 | Diff Loss 0.4016
Epoch 69 | Batch 500 | Diff Loss 0.4050
Epoch 69 | Batch 600 | Diff Loss 0.4043
Epoch 69 | Batch 700 | Diff Loss 0.4158
Epoch 69 | Batch 800 | Diff Loss 0.4183
Epoch 69 | Batch 900 | Diff Loss 0.4318
Epoch 69 | Batch 1000 | Diff Loss 0.4184
Epoch 69 | Batch 1100 | Diff Loss 0.4031
Epoch 69 | Batch 1200 | Diff Loss 0.4206
Epoch 69 | Batch 1300 | Diff Loss 0.4111
Epoch 69 | Batch 1400 | Diff Loss 0.4125
Epoch 69 | Batch 1500 | Diff Loss 0.4217
Epoch 69 | Batch 1600 | Diff Loss 0.4045
Epoch 69 | Batch 1700 | Diff Loss 0.4021
Epoch 69 | Batch 1800 | Diff Loss 0.3742
Epoch 69 | Batch 1900 | Diff Loss 0.4156
Epoch 69 | Batch 2000 | Diff Loss 0.4090
Epoch 69 | Batch 2100 | Diff Loss 0.4104
Epoch 69 | Batch 2200 | Diff Loss 0.4134
Epoch 69 | Batch 2300 | Diff Loss 0.4138
Epoch 69 | Batch 2400 | Diff Loss 0.3868
Epoch 69 | Batch 2500 | Diff Loss 0.3973
Epoch 69 | Batch 2600 | Diff Loss 0.4020
Epoch 69 Done. Loss: 0.4073. Time: 201.1s
Epoch 70 | Batch 0 | Diff Loss 0.4375
Epoch 70 | Batch 100 | Diff Loss 0.4221
Epoch 70 | Batch 200 | Diff Loss 0.4049
Epoch 70 | Batch 300 | Diff Loss 0.3996
Epoch 70 | Batch 400 | Diff Loss 0.4147
Epoch 70 | Batch 500 | Diff Loss 0.4047
Epoch 70 | Batch 600 | Diff Loss 0.3939
Epoch 70 | Batch 700 | Diff Loss 0.4021
Epoch 70 | Batch 800 | Diff Loss 0.4057
Epoch 70 | Batch 900 | Diff Loss 0.3940
Epoch 70 | Batch 1000 | Diff Loss 0.4009
Epoch 70 | Batch 1100 | Diff Loss 0.4053
Epoch 70 | Batch 1200 | Diff Loss 0.4186
Epoch 70 | Batch 1300 | Diff Loss 0.3940
Epoch 70 | Batch 1400 | Diff Loss 0.3903
Epoch 70 | Batch 1500 | Diff Loss 0.3969
Epoch 70 | Batch 1600 | Diff Loss 0.4026
Epoch 70 | Batch 1700 | Diff Loss 0.4059
Epoch 70 | Batch 1800 | Diff Loss 0.4173
Epoch 70 | Batch 1900 | Diff Loss 0.3925
Epoch 70 | Batch 2000 | Diff Loss 0.4119
Epoch 70 | Batch 2100 | Diff Loss 0.3988
Epoch 70 | Batch 2200 | Diff Loss 0.3854
Epoch 70 | Batch 2300 | Diff Loss 0.3919
Epoch 70 | Batch 2400 | Diff Loss 0.4004
Epoch 70 | Batch 2500 | Diff Loss 0.4035
Epoch 70 | Batch 2600 | Diff Loss 0.3771
Epoch 70 Done. Loss: 0.3999. Time: 201.0s
Epoch 71 | Batch 0 | Diff Loss 0.4246
Epoch 71 | Batch 100 | Diff Loss 0.3875
Epoch 71 | Batch 200 | Diff Loss 0.4379
Epoch 71 | Batch 300 | Diff Loss 0.4220
Epoch 71 | Batch 400 | Diff Loss 0.4123
Epoch 71 | Batch 500 | Diff Loss 0.4071
Epoch 71 | Batch 600 | Diff Loss 0.3974
Epoch 71 | Batch 700 | Diff Loss 0.3916
Epoch 71 | Batch 800 | Diff Loss 0.3832
Epoch 71 | Batch 900 | Diff Loss 0.3801
Epoch 71 | Batch 1000 | Diff Loss 0.3966
Epoch 71 | Batch 1100 | Diff Loss 0.3928
Epoch 71 | Batch 1200 | Diff Loss 0.4148
Epoch 71 | Batch 1300 | Diff Loss 0.3938
Epoch 71 | Batch 1400 | Diff Loss 0.3892
Epoch 71 | Batch 1500 | Diff Loss 0.4227
Epoch 71 | Batch 1600 | Diff Loss 0.3910
Epoch 71 | Batch 1700 | Diff Loss 0.3955
Epoch 71 | Batch 1800 | Diff Loss 0.3885
Epoch 71 | Batch 1900 | Diff Loss 0.3942
Epoch 71 | Batch 2000 | Diff Loss 0.3810
Epoch 71 | Batch 2100 | Diff Loss 0.3708
Epoch 71 | Batch 2200 | Diff Loss 0.4116
Epoch 71 | Batch 2300 | Diff Loss 0.4040
Epoch 71 | Batch 2400 | Diff Loss 0.3982
Epoch 71 | Batch 2500 | Diff Loss 0.3997
Epoch 71 | Batch 2600 | Diff Loss 0.3998
Epoch 71 Done. Loss: 0.3912. Time: 212.0s
Epoch 72 | Batch 0 | Diff Loss 0.3716
Epoch 72 | Batch 100 | Diff Loss 0.3974
Epoch 72 | Batch 200 | Diff Loss 0.4044
Epoch 72 | Batch 300 | Diff Loss 0.3699
Epoch 72 | Batch 400 | Diff Loss 0.3878
Epoch 72 | Batch 500 | Diff Loss 0.3809
Epoch 72 | Batch 600 | Diff Loss 0.3836
Epoch 72 | Batch 700 | Diff Loss 0.3963
Epoch 72 | Batch 800 | Diff Loss 0.3908
Epoch 72 | Batch 900 | Diff Loss 0.3988
Epoch 72 | Batch 1000 | Diff Loss 0.3899
Epoch 72 | Batch 1100 | Diff Loss 0.3680
Epoch 72 | Batch 1200 | Diff Loss 0.4036
Epoch 72 | Batch 1300 | Diff Loss 0.3746
Epoch 72 | Batch 1400 | Diff Loss 0.3824
Epoch 72 | Batch 1500 | Diff Loss 0.3863
Epoch 72 | Batch 1600 | Diff Loss 0.4125
Epoch 72 | Batch 1700 | Diff Loss 0.3913
Epoch 72 | Batch 1800 | Diff Loss 0.4057
Epoch 72 | Batch 1900 | Diff Loss 0.4140
Epoch 72 | Batch 2000 | Diff Loss 0.3733
Epoch 72 | Batch 2100 | Diff Loss 0.3813
Epoch 72 | Batch 2200 | Diff Loss 0.3822
Epoch 72 | Batch 2300 | Diff Loss 0.3886
Epoch 72 | Batch 2400 | Diff Loss 0.3846
Epoch 72 | Batch 2500 | Diff Loss 0.3831
Epoch 72 | Batch 2600 | Diff Loss 0.4138
Epoch 72 Done. Loss: 0.3900. Time: 199.1s
Epoch 73 | Batch 0 | Diff Loss 0.4029
Epoch 73 | Batch 100 | Diff Loss 0.4103
Epoch 73 | Batch 200 | Diff Loss 0.3934
Epoch 73 | Batch 300 | Diff Loss 0.4039
Epoch 73 | Batch 400 | Diff Loss 0.3748
Epoch 73 | Batch 500 | Diff Loss 0.3765
Epoch 73 | Batch 600 | Diff Loss 0.3922
Epoch 73 | Batch 700 | Diff Loss 0.4068
Epoch 73 | Batch 800 | Diff Loss 0.3683
Epoch 73 | Batch 900 | Diff Loss 0.3717
Epoch 73 | Batch 1000 | Diff Loss 0.4022
Epoch 73 | Batch 1100 | Diff Loss 0.4269
Epoch 73 | Batch 1200 | Diff Loss 0.3735
Epoch 73 | Batch 1300 | Diff Loss 0.3836
Epoch 73 | Batch 1400 | Diff Loss 0.4260
Epoch 73 | Batch 1500 | Diff Loss 0.3886
Epoch 73 | Batch 1600 | Diff Loss 0.4025
Epoch 73 | Batch 1700 | Diff Loss 0.3861
Epoch 73 | Batch 1800 | Diff Loss 0.3576
Epoch 73 | Batch 1900 | Diff Loss 0.3911
Epoch 73 | Batch 2000 | Diff Loss 0.4267
Epoch 73 | Batch 2100 | Diff Loss 0.4220
Epoch 73 | Batch 2200 | Diff Loss 0.3744
Epoch 73 | Batch 2300 | Diff Loss 0.3667
Epoch 73 | Batch 2400 | Diff Loss 0.3750
Epoch 73 | Batch 2500 | Diff Loss 0.3742
Epoch 73 | Batch 2600 | Diff Loss 0.4008
Epoch 73 Done. Loss: 0.3900. Time: 200.1s
Epoch 74 | Batch 0 | Diff Loss 0.3786
Epoch 74 | Batch 100 | Diff Loss 0.4121
Epoch 74 | Batch 200 | Diff Loss 0.3818
Epoch 74 | Batch 300 | Diff Loss 0.4106
Epoch 74 | Batch 400 | Diff Loss 0.3973
Epoch 74 | Batch 500 | Diff Loss 0.3645
Epoch 74 | Batch 600 | Diff Loss 0.3907
Epoch 74 | Batch 700 | Diff Loss 0.3936
Epoch 74 | Batch 800 | Diff Loss 0.3912
Epoch 74 | Batch 900 | Diff Loss 0.3647
Epoch 74 | Batch 1000 | Diff Loss 0.3953
Epoch 74 | Batch 1100 | Diff Loss 0.3841
Epoch 74 | Batch 1200 | Diff Loss 0.3829
Epoch 74 | Batch 1300 | Diff Loss 0.3865
Epoch 74 | Batch 1400 | Diff Loss 0.3833
Epoch 74 | Batch 1500 | Diff Loss 0.3878
Epoch 74 | Batch 1600 | Diff Loss 0.4150
Epoch 74 | Batch 1700 | Diff Loss 0.3740
Epoch 74 | Batch 1800 | Diff Loss 0.3953
Epoch 74 | Batch 1900 | Diff Loss 0.4063
Epoch 74 | Batch 2000 | Diff Loss 0.3980
Epoch 74 | Batch 2100 | Diff Loss 0.3907
Epoch 74 | Batch 2200 | Diff Loss 0.3865
Epoch 74 | Batch 2300 | Diff Loss 0.3911
Epoch 74 | Batch 2400 | Diff Loss 0.3926
Epoch 74 | Batch 2500 | Diff Loss 0.3917
Epoch 74 | Batch 2600 | Diff Loss 0.3842
Epoch 74 Done. Loss: 0.3890. Time: 191.1s
Epoch 75 | Batch 0 | Diff Loss 0.3730
Epoch 75 | Batch 100 | Diff Loss 0.3872
Epoch 75 | Batch 200 | Diff Loss 0.4016
Epoch 75 | Batch 300 | Diff Loss 0.3617
Epoch 75 | Batch 400 | Diff Loss 0.3802
Epoch 75 | Batch 500 | Diff Loss 0.3941
Epoch 75 | Batch 600 | Diff Loss 0.3727
Epoch 75 | Batch 700 | Diff Loss 0.3946
Epoch 75 | Batch 800 | Diff Loss 0.3729
Epoch 75 | Batch 900 | Diff Loss 0.3636
Epoch 75 | Batch 1000 | Diff Loss 0.4167
Epoch 75 | Batch 1100 | Diff Loss 0.4033
Epoch 75 | Batch 1200 | Diff Loss 0.3862
Epoch 75 | Batch 1300 | Diff Loss 0.3771
Epoch 75 | Batch 1400 | Diff Loss 0.3973
Epoch 75 | Batch 1500 | Diff Loss 0.3804
Epoch 75 | Batch 1600 | Diff Loss 0.3718
Epoch 75 | Batch 1700 | Diff Loss 0.4020
Epoch 75 | Batch 1800 | Diff Loss 0.3983
Epoch 75 | Batch 1900 | Diff Loss 0.4177
Epoch 75 | Batch 2000 | Diff Loss 0.3969
Epoch 75 | Batch 2100 | Diff Loss 0.3879
Epoch 75 | Batch 2200 | Diff Loss 0.4001
Epoch 75 | Batch 2300 | Diff Loss 0.4095
Epoch 75 | Batch 2400 | Diff Loss 0.4024
Epoch 75 | Batch 2500 | Diff Loss 0.3769
Epoch 75 | Batch 2600 | Diff Loss 0.4071
Epoch 75 Done. Loss: 0.3858. Time: 126.0s
Epoch 76 | Batch 0 | Diff Loss 0.3679
Epoch 76 | Batch 100 | Diff Loss 0.3824
Epoch 76 | Batch 200 | Diff Loss 0.3768
Epoch 76 | Batch 300 | Diff Loss 0.3696
Epoch 76 | Batch 400 | Diff Loss 0.3831
Epoch 76 | Batch 500 | Diff Loss 0.3954
Epoch 76 | Batch 600 | Diff Loss 0.3917
Epoch 76 | Batch 700 | Diff Loss 0.3753
Epoch 76 | Batch 800 | Diff Loss 0.3850
Epoch 76 | Batch 900 | Diff Loss 0.3880
Epoch 76 | Batch 1000 | Diff Loss 0.4050
Epoch 76 | Batch 1100 | Diff Loss 0.3822
Epoch 76 | Batch 1200 | Diff Loss 0.3972
Epoch 76 | Batch 1300 | Diff Loss 0.3820
Epoch 76 | Batch 1400 | Diff Loss 0.3688
Epoch 76 | Batch 1500 | Diff Loss 0.3788
Epoch 76 | Batch 1600 | Diff Loss 0.3826
Epoch 76 | Batch 1700 | Diff Loss 0.3726
Epoch 76 | Batch 1800 | Diff Loss 0.3733
Epoch 76 | Batch 1900 | Diff Loss 0.3982
Epoch 76 | Batch 2000 | Diff Loss 0.3832
Epoch 76 | Batch 2100 | Diff Loss 0.3655
Epoch 76 | Batch 2200 | Diff Loss 0.3704
Epoch 76 | Batch 2300 | Diff Loss 0.3724
Epoch 76 | Batch 2400 | Diff Loss 0.3887
Epoch 76 | Batch 2500 | Diff Loss 0.3937
Epoch 76 | Batch 2600 | Diff Loss 0.3827
Epoch 76 Done. Loss: 0.3848. Time: 126.5s
Epoch 77 | Batch 0 | Diff Loss 0.3764
Epoch 77 | Batch 100 | Diff Loss 0.3815
Epoch 77 | Batch 200 | Diff Loss 0.3742
Epoch 77 | Batch 300 | Diff Loss 0.4187
Epoch 77 | Batch 400 | Diff Loss 0.4206
Epoch 77 | Batch 500 | Diff Loss 0.3655
Epoch 77 | Batch 600 | Diff Loss 0.3672
Epoch 77 | Batch 700 | Diff Loss 0.3900
Epoch 77 | Batch 800 | Diff Loss 0.3579
Epoch 77 | Batch 900 | Diff Loss 0.3797
Epoch 77 | Batch 1000 | Diff Loss 0.3837
Epoch 77 | Batch 1100 | Diff Loss 0.3613
Epoch 77 | Batch 1200 | Diff Loss 0.3691
Epoch 77 | Batch 1300 | Diff Loss 0.3523
Epoch 77 | Batch 1400 | Diff Loss 0.3476
Epoch 77 | Batch 1500 | Diff Loss 0.3896
Epoch 77 | Batch 1600 | Diff Loss 0.3939
Epoch 77 | Batch 1700 | Diff Loss 0.3785
Epoch 77 | Batch 1800 | Diff Loss 0.4004
Epoch 77 | Batch 1900 | Diff Loss 0.3960
Epoch 77 | Batch 2000 | Diff Loss 0.3882
Epoch 77 | Batch 2100 | Diff Loss 0.3931
Epoch 77 | Batch 2200 | Diff Loss 0.3774
Epoch 77 | Batch 2300 | Diff Loss 0.3745
Epoch 77 | Batch 2400 | Diff Loss 0.3549
Epoch 77 | Batch 2500 | Diff Loss 0.3742
Epoch 77 | Batch 2600 | Diff Loss 0.3612
Epoch 77 Done. Loss: 0.3804. Time: 125.9s
Epoch 78 | Batch 0 | Diff Loss 0.3727
Epoch 78 | Batch 100 | Diff Loss 0.3779
Epoch 78 | Batch 200 | Diff Loss 0.3432
Epoch 78 | Batch 300 | Diff Loss 0.3698
Epoch 78 | Batch 400 | Diff Loss 0.3503
Epoch 78 | Batch 500 | Diff Loss 0.3768
Epoch 78 | Batch 600 | Diff Loss 0.3569
Epoch 78 | Batch 700 | Diff Loss 0.3718
Epoch 78 | Batch 800 | Diff Loss 0.3587
Epoch 78 | Batch 900 | Diff Loss 0.3680
Epoch 78 | Batch 1000 | Diff Loss 0.3655
Epoch 78 | Batch 1100 | Diff Loss 0.3537
Epoch 78 | Batch 1200 | Diff Loss 0.3562
Epoch 78 | Batch 1300 | Diff Loss 0.3571
Epoch 78 | Batch 1400 | Diff Loss 0.3555
Epoch 78 | Batch 1500 | Diff Loss 0.3525
Epoch 78 | Batch 1600 | Diff Loss 0.3741
Epoch 78 | Batch 1700 | Diff Loss 0.3728
Epoch 78 | Batch 1800 | Diff Loss 0.3770
Epoch 78 | Batch 1900 | Diff Loss 0.3596
Epoch 78 | Batch 2000 | Diff Loss 0.3817
Epoch 78 | Batch 2100 | Diff Loss 0.3666
Epoch 78 | Batch 2200 | Diff Loss 0.3479
Epoch 78 | Batch 2300 | Diff Loss 0.4043
Epoch 78 | Batch 2400 | Diff Loss 0.3753
Epoch 78 | Batch 2500 | Diff Loss 0.3947
Epoch 78 | Batch 2600 | Diff Loss 0.3797
Epoch 78 Done. Loss: 0.3694. Time: 126.2s
Epoch 79 | Batch 0 | Diff Loss 0.4191
Epoch 79 | Batch 100 | Diff Loss 0.3801
Epoch 79 | Batch 200 | Diff Loss 0.3833
Epoch 79 | Batch 300 | Diff Loss 0.4271
Epoch 79 | Batch 400 | Diff Loss 0.3518
Epoch 79 | Batch 500 | Diff Loss 0.3892
Epoch 79 | Batch 600 | Diff Loss 0.3693
Epoch 79 | Batch 700 | Diff Loss 0.3545
Epoch 79 | Batch 800 | Diff Loss 0.3842
Epoch 79 | Batch 900 | Diff Loss 0.3579
Epoch 79 | Batch 1000 | Diff Loss 0.3553
Epoch 79 | Batch 1100 | Diff Loss 0.3642
Epoch 79 | Batch 1200 | Diff Loss 0.3543
Epoch 79 | Batch 1300 | Diff Loss 0.3506
Epoch 79 | Batch 1400 | Diff Loss 0.3575
Epoch 79 | Batch 1500 | Diff Loss 0.3581
Epoch 79 | Batch 1600 | Diff Loss 0.3597
Epoch 79 | Batch 1700 | Diff Loss 0.3443
Epoch 79 | Batch 1800 | Diff Loss 0.3454
Epoch 79 | Batch 1900 | Diff Loss 0.3890
Epoch 79 | Batch 2000 | Diff Loss 0.3654
Epoch 79 | Batch 2100 | Diff Loss 0.3405
Epoch 79 | Batch 2200 | Diff Loss 0.3946
Epoch 79 | Batch 2300 | Diff Loss 0.4095
Epoch 79 | Batch 2400 | Diff Loss 0.3800
Epoch 79 | Batch 2500 | Diff Loss 0.3813
Epoch 79 | Batch 2600 | Diff Loss 0.3982
Epoch 79 Done. Loss: 0.3719. Time: 125.9s
Epoch 80 | Batch 0 | Diff Loss 0.3904
Epoch 80 | Batch 100 | Diff Loss 0.3697
Epoch 80 | Batch 200 | Diff Loss 0.3940
Epoch 80 | Batch 300 | Diff Loss 0.3693
Epoch 80 | Batch 400 | Diff Loss 0.3524
Epoch 80 | Batch 500 | Diff Loss 0.3526
Epoch 80 | Batch 600 | Diff Loss 0.3607
Epoch 80 | Batch 700 | Diff Loss 0.3534
Epoch 80 | Batch 800 | Diff Loss 0.3843
Epoch 80 | Batch 900 | Diff Loss 0.3671
Epoch 80 | Batch 1000 | Diff Loss 0.3433
Epoch 80 | Batch 1100 | Diff Loss 0.3742
Epoch 80 | Batch 1200 | Diff Loss 0.3689
Epoch 80 | Batch 1300 | Diff Loss 0.3837
Epoch 80 | Batch 1400 | Diff Loss 0.3784
Epoch 80 | Batch 1500 | Diff Loss 0.3682
Epoch 80 | Batch 1600 | Diff Loss 0.3754
Epoch 80 | Batch 1700 | Diff Loss 0.3553
Epoch 80 | Batch 1800 | Diff Loss 0.3645
Epoch 80 | Batch 1900 | Diff Loss 0.3432
Epoch 80 | Batch 2000 | Diff Loss 0.3565
Epoch 80 | Batch 2100 | Diff Loss 0.3522
Epoch 80 | Batch 2200 | Diff Loss 0.3605
Epoch 80 | Batch 2300 | Diff Loss 0.3658
Epoch 80 | Batch 2400 | Diff Loss 0.3761
Epoch 80 | Batch 2500 | Diff Loss 0.3562
Epoch 80 | Batch 2600 | Diff Loss 0.3383
Epoch 80 Done. Loss: 0.3652. Time: 125.9s
Epoch 81 | Batch 0 | Diff Loss 0.3708
Epoch 81 | Batch 100 | Diff Loss 0.3553
Epoch 81 | Batch 200 | Diff Loss 0.3686
Epoch 81 | Batch 300 | Diff Loss 0.3503
Epoch 81 | Batch 400 | Diff Loss 0.3655
Epoch 81 | Batch 500 | Diff Loss 0.3662
Epoch 81 | Batch 600 | Diff Loss 0.3699
Epoch 81 | Batch 700 | Diff Loss 0.3520
Epoch 81 | Batch 800 | Diff Loss 0.3744
Epoch 81 | Batch 900 | Diff Loss 0.3599
Epoch 81 | Batch 1000 | Diff Loss 0.3681
Epoch 81 | Batch 1100 | Diff Loss 0.3423
Epoch 81 | Batch 1200 | Diff Loss 0.3539
Epoch 81 | Batch 1300 | Diff Loss 0.3631
Epoch 81 | Batch 1400 | Diff Loss 0.3406
Epoch 81 | Batch 1500 | Diff Loss 0.3628
Epoch 81 | Batch 1600 | Diff Loss 0.3800
Epoch 81 | Batch 1700 | Diff Loss 0.3488
Epoch 81 | Batch 1800 | Diff Loss 0.3517
Epoch 81 | Batch 1900 | Diff Loss 0.3532
Epoch 81 | Batch 2000 | Diff Loss 0.3741
Epoch 81 | Batch 2100 | Diff Loss 0.3459
Epoch 81 | Batch 2200 | Diff Loss 0.3877
Epoch 81 | Batch 2300 | Diff Loss 0.3348
Epoch 81 | Batch 2400 | Diff Loss 0.3647
Epoch 81 | Batch 2500 | Diff Loss 0.3381
Epoch 81 | Batch 2600 | Diff Loss 0.4957
Epoch 81 Done. Loss: 0.3602. Time: 125.4s
Epoch 82 | Batch 0 | Diff Loss 0.3986
Epoch 82 | Batch 100 | Diff Loss 0.3495
Epoch 82 | Batch 200 | Diff Loss 0.3660
Epoch 82 | Batch 300 | Diff Loss 0.3397
Epoch 82 | Batch 400 | Diff Loss 0.3652
Epoch 82 | Batch 500 | Diff Loss 0.3654
Epoch 82 | Batch 600 | Diff Loss 0.3785
Epoch 82 | Batch 700 | Diff Loss 0.3785
Epoch 82 | Batch 800 | Diff Loss 0.3648
Epoch 82 | Batch 900 | Diff Loss 0.3546
Epoch 82 | Batch 1000 | Diff Loss 0.3725
Epoch 82 | Batch 1100 | Diff Loss 0.3710
Epoch 82 | Batch 1200 | Diff Loss 0.3794
Epoch 82 | Batch 1300 | Diff Loss 0.3713
Epoch 82 | Batch 1400 | Diff Loss 0.3552
Epoch 82 | Batch 1500 | Diff Loss 0.4219
Epoch 82 | Batch 1600 | Diff Loss 0.3939
Epoch 82 | Batch 1700 | Diff Loss 0.3557
Epoch 82 | Batch 1800 | Diff Loss 0.3694
Epoch 82 | Batch 1900 | Diff Loss 0.3569
Epoch 82 | Batch 2000 | Diff Loss 0.3761
Epoch 82 | Batch 2100 | Diff Loss 0.3789
Epoch 82 | Batch 2200 | Diff Loss 0.3637
Epoch 82 | Batch 2300 | Diff Loss 0.3510
Epoch 82 | Batch 2400 | Diff Loss 0.3394
Epoch 82 | Batch 2500 | Diff Loss 0.3478
Epoch 82 | Batch 2600 | Diff Loss 0.3512
Epoch 82 Done. Loss: 0.3659. Time: 125.6s
Epoch 83 | Batch 0 | Diff Loss 0.3547
Epoch 83 | Batch 100 | Diff Loss 0.3554
Epoch 83 | Batch 200 | Diff Loss 0.3672
Epoch 83 | Batch 300 | Diff Loss 0.3538
Epoch 83 | Batch 400 | Diff Loss 0.3530
Epoch 83 | Batch 500 | Diff Loss 0.3688
Epoch 83 | Batch 600 | Diff Loss 0.3587
Epoch 83 | Batch 700 | Diff Loss 0.3463
Epoch 83 | Batch 800 | Diff Loss 0.3528
Epoch 83 | Batch 900 | Diff Loss 0.3680
Epoch 83 | Batch 1000 | Diff Loss 0.3729
Epoch 83 | Batch 1100 | Diff Loss 0.3524
Epoch 83 | Batch 1200 | Diff Loss 0.3519
Epoch 83 | Batch 1300 | Diff Loss 0.3599
Epoch 83 | Batch 1400 | Diff Loss 0.3518
Epoch 83 | Batch 1500 | Diff Loss 0.4070
Epoch 83 | Batch 1600 | Diff Loss 0.3635
Epoch 83 | Batch 1700 | Diff Loss 0.3775
Epoch 83 | Batch 1800 | Diff Loss 0.3580
Epoch 83 | Batch 1900 | Diff Loss 0.3796
Epoch 83 | Batch 2000 | Diff Loss 0.3516
Epoch 83 | Batch 2100 | Diff Loss 0.3388
Epoch 83 | Batch 2200 | Diff Loss 0.3406
Epoch 83 | Batch 2300 | Diff Loss 0.3476
Epoch 83 | Batch 2400 | Diff Loss 0.3621
Epoch 83 | Batch 2500 | Diff Loss 0.3663
Epoch 83 | Batch 2600 | Diff Loss 0.3752
Epoch 83 Done. Loss: 0.3578. Time: 164.1s
Epoch 84 | Batch 0 | Diff Loss 0.3368
Epoch 84 | Batch 100 | Diff Loss 0.3765
Epoch 84 | Batch 200 | Diff Loss 0.3476
Epoch 84 | Batch 300 | Diff Loss 0.3317
Epoch 84 | Batch 400 | Diff Loss 0.3583
Epoch 84 | Batch 500 | Diff Loss 0.3662
Epoch 84 | Batch 600 | Diff Loss 0.3541
Epoch 84 | Batch 700 | Diff Loss 0.3549
Epoch 84 | Batch 800 | Diff Loss 0.3712
Epoch 84 | Batch 900 | Diff Loss 0.3411
Epoch 84 | Batch 1000 | Diff Loss 0.3381
Epoch 84 | Batch 1100 | Diff Loss 0.3768
Epoch 84 | Batch 1200 | Diff Loss 0.4641
Epoch 84 | Batch 1300 | Diff Loss 0.3583
Epoch 84 | Batch 1400 | Diff Loss 0.3770
Epoch 84 | Batch 1500 | Diff Loss 0.3838
Epoch 84 | Batch 1600 | Diff Loss 0.3383
Epoch 84 | Batch 1700 | Diff Loss 0.3513
Epoch 84 | Batch 1800 | Diff Loss 0.3459
Epoch 84 | Batch 1900 | Diff Loss 0.3697
Epoch 84 | Batch 2000 | Diff Loss 0.3604
Epoch 84 | Batch 2100 | Diff Loss 0.3632
Epoch 84 | Batch 2200 | Diff Loss 0.3755
Epoch 84 | Batch 2300 | Diff Loss 0.3426
Epoch 84 | Batch 2400 | Diff Loss 0.3794
Epoch 84 | Batch 2500 | Diff Loss 0.3465
Epoch 84 | Batch 2600 | Diff Loss 0.3481
Epoch 84 Done. Loss: 0.3590. Time: 193.6s
Epoch 85 | Batch 0 | Diff Loss 0.3810
Epoch 85 | Batch 100 | Diff Loss 0.3938
Epoch 85 | Batch 200 | Diff Loss 0.3450
Epoch 85 | Batch 300 | Diff Loss 0.3759
Epoch 85 | Batch 400 | Diff Loss 0.3487
Epoch 85 | Batch 500 | Diff Loss 0.3760
Epoch 85 | Batch 600 | Diff Loss 0.3552
Epoch 85 | Batch 700 | Diff Loss 0.4280
Epoch 85 | Batch 800 | Diff Loss 0.3517
Epoch 85 | Batch 900 | Diff Loss 0.3756
Epoch 85 | Batch 1000 | Diff Loss 0.3723
Epoch 85 | Batch 1100 | Diff Loss 0.3797
Epoch 85 | Batch 1200 | Diff Loss 0.3520
Epoch 85 | Batch 1300 | Diff Loss 0.3416
Epoch 85 | Batch 1400 | Diff Loss 0.3619
Epoch 85 | Batch 1500 | Diff Loss 0.3845
Epoch 85 | Batch 1600 | Diff Loss 0.3416
Epoch 85 | Batch 1700 | Diff Loss 0.3526
Epoch 85 | Batch 1800 | Diff Loss 0.3644
Epoch 85 | Batch 1900 | Diff Loss 0.3920
Epoch 85 | Batch 2000 | Diff Loss 0.3738
Epoch 85 | Batch 2100 | Diff Loss 0.3393
Epoch 85 | Batch 2200 | Diff Loss 0.3650
Epoch 85 | Batch 2300 | Diff Loss 0.3679
Epoch 85 | Batch 2400 | Diff Loss 0.3536
Epoch 85 | Batch 2500 | Diff Loss 0.3930
Epoch 85 | Batch 2600 | Diff Loss 0.3682
Epoch 85 Done. Loss: 0.3662. Time: 193.5s
Epoch 86 | Batch 0 | Diff Loss 0.3921
Epoch 86 | Batch 100 | Diff Loss 0.3535
Epoch 86 | Batch 200 | Diff Loss 0.3494
Epoch 86 | Batch 300 | Diff Loss 0.3545
Epoch 86 | Batch 400 | Diff Loss 0.3681
Epoch 86 | Batch 500 | Diff Loss 0.3629
Epoch 86 | Batch 600 | Diff Loss 0.3622
Epoch 86 | Batch 700 | Diff Loss 0.3611
Epoch 86 | Batch 800 | Diff Loss 0.3717
Epoch 86 | Batch 900 | Diff Loss 0.3544
Epoch 86 | Batch 1000 | Diff Loss 0.3676
Epoch 86 | Batch 1100 | Diff Loss 0.3622
Epoch 86 | Batch 1200 | Diff Loss 0.3631
Epoch 86 | Batch 1300 | Diff Loss 0.3498
Epoch 86 | Batch 1400 | Diff Loss 0.3750
Epoch 86 | Batch 1500 | Diff Loss 0.3456
Epoch 86 | Batch 1600 | Diff Loss 0.3653
Epoch 86 | Batch 1700 | Diff Loss 0.3829
Epoch 86 | Batch 1800 | Diff Loss 0.3685
Epoch 86 | Batch 1900 | Diff Loss 0.3616
Epoch 86 | Batch 2000 | Diff Loss 0.3543
Epoch 86 | Batch 2100 | Diff Loss 0.3652
Epoch 86 | Batch 2200 | Diff Loss 0.3520
Epoch 86 | Batch 2300 | Diff Loss 0.3509
Epoch 86 | Batch 2400 | Diff Loss 0.3557
Epoch 86 | Batch 2500 | Diff Loss 0.3438
Epoch 86 | Batch 2600 | Diff Loss 0.3661
Epoch 86 Done. Loss: 0.3592. Time: 156.6s
Epoch 87 | Batch 0 | Diff Loss 0.3424
Epoch 87 | Batch 100 | Diff Loss 0.3449
Epoch 87 | Batch 200 | Diff Loss 0.3681
Epoch 87 | Batch 300 | Diff Loss 0.3709
Epoch 87 | Batch 400 | Diff Loss 0.3627
Epoch 87 | Batch 500 | Diff Loss 0.3303
Epoch 87 | Batch 600 | Diff Loss 0.3599
Epoch 87 | Batch 700 | Diff Loss 0.3499
Epoch 87 | Batch 800 | Diff Loss 0.3476
Epoch 87 | Batch 900 | Diff Loss 0.3571
Epoch 87 | Batch 1000 | Diff Loss 0.3694
Epoch 87 | Batch 1100 | Diff Loss 0.3589
Epoch 87 | Batch 1200 | Diff Loss 0.3689
Epoch 87 | Batch 1300 | Diff Loss 0.3678
Epoch 87 | Batch 1400 | Diff Loss 0.3563
Epoch 87 | Batch 1500 | Diff Loss 0.4017
Epoch 87 | Batch 1600 | Diff Loss 0.3643
Epoch 87 | Batch 1700 | Diff Loss 0.3466
Epoch 87 | Batch 1800 | Diff Loss 0.3781
Epoch 87 | Batch 1900 | Diff Loss 0.3486
Epoch 87 | Batch 2000 | Diff Loss 0.3575
Epoch 87 | Batch 2100 | Diff Loss 0.3570
Epoch 87 | Batch 2200 | Diff Loss 0.3886
Epoch 87 | Batch 2300 | Diff Loss 0.3417
Epoch 87 | Batch 2400 | Diff Loss 0.3800
Epoch 87 | Batch 2500 | Diff Loss 0.3491
Epoch 87 | Batch 2600 | Diff Loss 0.3886
Epoch 87 Done. Loss: 0.3627. Time: 125.1s
Epoch 88 | Batch 0 | Diff Loss 0.3681
Epoch 88 | Batch 100 | Diff Loss 0.3605
Epoch 88 | Batch 200 | Diff Loss 0.3749
Epoch 88 | Batch 300 | Diff Loss 0.3589
Epoch 88 | Batch 400 | Diff Loss 0.3725
Epoch 88 | Batch 500 | Diff Loss 0.3749
Epoch 88 | Batch 600 | Diff Loss 0.3626
Epoch 88 | Batch 700 | Diff Loss 0.3459
Epoch 88 | Batch 800 | Diff Loss 0.3378
Epoch 88 | Batch 900 | Diff Loss 0.3578
Epoch 88 | Batch 1000 | Diff Loss 0.3642
Epoch 88 | Batch 1100 | Diff Loss 0.3545
Epoch 88 | Batch 1200 | Diff Loss 0.3623
Epoch 88 | Batch 1300 | Diff Loss 0.3655
Epoch 88 | Batch 1400 | Diff Loss 0.3796
Epoch 88 | Batch 1500 | Diff Loss 0.3761
Epoch 88 | Batch 1600 | Diff Loss 0.3752
Epoch 88 | Batch 1700 | Diff Loss 0.3527
Epoch 88 | Batch 1800 | Diff Loss 0.3509
Epoch 88 | Batch 1900 | Diff Loss 0.3663
Epoch 88 | Batch 2000 | Diff Loss 0.3335
Epoch 88 | Batch 2100 | Diff Loss 0.4426
Epoch 88 | Batch 2200 | Diff Loss 0.3510
Epoch 88 | Batch 2300 | Diff Loss 0.3536
Epoch 88 | Batch 2400 | Diff Loss 0.3829
Epoch 88 | Batch 2500 | Diff Loss 0.3748
Epoch 88 | Batch 2600 | Diff Loss 0.3828
Epoch 88 Done. Loss: 0.3658. Time: 125.1s
Epoch 89 | Batch 0 | Diff Loss 0.3911
Epoch 89 | Batch 100 | Diff Loss 0.3574
Epoch 89 | Batch 200 | Diff Loss 0.3455
Epoch 89 | Batch 300 | Diff Loss 0.3964
Epoch 89 | Batch 400 | Diff Loss 0.3781
Epoch 89 | Batch 500 | Diff Loss 0.3709
Epoch 89 | Batch 600 | Diff Loss 0.3488
Epoch 89 | Batch 700 | Diff Loss 0.3511
Epoch 89 | Batch 800 | Diff Loss 0.3642
Epoch 89 | Batch 900 | Diff Loss 0.3565
Epoch 89 | Batch 1000 | Diff Loss 0.3616
Epoch 89 | Batch 1100 | Diff Loss 0.3725
Epoch 89 | Batch 1200 | Diff Loss 0.3500
Epoch 89 | Batch 1300 | Diff Loss 0.3668
Epoch 89 | Batch 1400 | Diff Loss 0.3756
Epoch 89 | Batch 1500 | Diff Loss 0.3813
Epoch 89 | Batch 1600 | Diff Loss 0.3866
Epoch 89 | Batch 1700 | Diff Loss 0.3715
Epoch 89 | Batch 1800 | Diff Loss 0.3821
Epoch 89 | Batch 1900 | Diff Loss 0.3498
Epoch 89 | Batch 2000 | Diff Loss 0.3366
Epoch 89 | Batch 2100 | Diff Loss 0.3891
Epoch 89 | Batch 2200 | Diff Loss 0.3718
Epoch 89 | Batch 2300 | Diff Loss 0.3457
Epoch 89 | Batch 2400 | Diff Loss 0.3396
Epoch 89 | Batch 2500 | Diff Loss 0.3617
Epoch 89 | Batch 2600 | Diff Loss 0.3763
Epoch 89 Done. Loss: 0.3636. Time: 125.7s
Epoch 90 | Batch 0 | Diff Loss 0.3410
Epoch 90 | Batch 100 | Diff Loss 0.3424
Epoch 90 | Batch 200 | Diff Loss 0.3742
Epoch 90 | Batch 300 | Diff Loss 0.3720
Epoch 90 | Batch 400 | Diff Loss 0.3488
Epoch 90 | Batch 500 | Diff Loss 0.3689
Epoch 90 | Batch 600 | Diff Loss 0.3891
Epoch 90 | Batch 700 | Diff Loss 0.3804
Epoch 90 | Batch 800 | Diff Loss 0.3699
Epoch 90 | Batch 900 | Diff Loss 0.3755
Epoch 90 | Batch 1000 | Diff Loss 0.3626
Epoch 90 | Batch 1100 | Diff Loss 0.3563
Epoch 90 | Batch 1200 | Diff Loss 0.3823
Epoch 90 | Batch 1300 | Diff Loss 0.3723
Epoch 90 | Batch 1400 | Diff Loss 0.3470
Epoch 90 | Batch 1500 | Diff Loss 0.3499
Epoch 90 | Batch 1600 | Diff Loss 0.3700
Epoch 90 | Batch 1700 | Diff Loss 0.3556
Epoch 90 | Batch 1800 | Diff Loss 0.3406
Epoch 90 | Batch 1900 | Diff Loss 0.3674
Epoch 90 | Batch 2000 | Diff Loss 0.3627
Epoch 90 | Batch 2100 | Diff Loss 0.3593
Epoch 90 | Batch 2200 | Diff Loss 0.3571
Epoch 90 | Batch 2300 | Diff Loss 0.3659
Epoch 90 | Batch 2400 | Diff Loss 0.3883
Epoch 90 | Batch 2500 | Diff Loss 0.3537
Epoch 90 | Batch 2600 | Diff Loss 0.3555
Epoch 90 Done. Loss: 0.3657. Time: 125.4s
Epoch 91 | Batch 0 | Diff Loss 0.3595
Epoch 91 | Batch 100 | Diff Loss 0.3546
Epoch 91 | Batch 200 | Diff Loss 0.3842
Epoch 91 | Batch 300 | Diff Loss 0.3667
Epoch 91 | Batch 400 | Diff Loss 0.3920
Epoch 91 | Batch 500 | Diff Loss 0.3445
Epoch 91 | Batch 600 | Diff Loss 0.3539
Epoch 91 | Batch 700 | Diff Loss 0.3719
Epoch 91 | Batch 800 | Diff Loss 0.3538
Epoch 91 | Batch 900 | Diff Loss 0.3510
Epoch 91 | Batch 1000 | Diff Loss 0.3464
Epoch 91 | Batch 1100 | Diff Loss 0.3619
Epoch 91 | Batch 1200 | Diff Loss 0.3542
Epoch 91 | Batch 1300 | Diff Loss 0.3592
Epoch 91 | Batch 1400 | Diff Loss 0.3403
Epoch 91 | Batch 1500 | Diff Loss 0.3536
Epoch 91 | Batch 1600 | Diff Loss 0.3609
Epoch 91 | Batch 1700 | Diff Loss 0.3561
Epoch 91 | Batch 1800 | Diff Loss 0.3612
Epoch 91 | Batch 1900 | Diff Loss 0.3578
Epoch 91 | Batch 2000 | Diff Loss 0.3519
Epoch 91 | Batch 2100 | Diff Loss 0.3415
Epoch 91 | Batch 2200 | Diff Loss 0.3477
Epoch 91 | Batch 2300 | Diff Loss 0.3371
Epoch 91 | Batch 2400 | Diff Loss 0.3362
Epoch 91 | Batch 2500 | Diff Loss 0.3422
Epoch 91 | Batch 2600 | Diff Loss 0.3526
Epoch 91 Done. Loss: 0.3567. Time: 125.5s
Epoch 92 | Batch 0 | Diff Loss 0.3544
Epoch 92 | Batch 100 | Diff Loss 0.3568
Epoch 92 | Batch 200 | Diff Loss 0.3544
Epoch 92 | Batch 300 | Diff Loss 0.3553
Epoch 92 | Batch 400 | Diff Loss 0.3478
Epoch 92 | Batch 500 | Diff Loss 0.3581
Epoch 92 | Batch 600 | Diff Loss 0.3742
Epoch 92 | Batch 700 | Diff Loss 0.3778
Epoch 92 | Batch 800 | Diff Loss 0.3740
Epoch 92 | Batch 900 | Diff Loss 0.3625
Epoch 92 | Batch 1000 | Diff Loss 0.3478
Epoch 92 | Batch 1100 | Diff Loss 0.3898
Epoch 92 | Batch 1200 | Diff Loss 0.3915
Epoch 92 | Batch 1300 | Diff Loss 0.3564
Epoch 92 | Batch 1400 | Diff Loss 0.3841
Epoch 92 | Batch 1500 | Diff Loss 0.3608
Epoch 92 | Batch 1600 | Diff Loss 0.3724
Epoch 92 | Batch 1700 | Diff Loss 0.3778
Epoch 92 | Batch 1800 | Diff Loss 0.3545
Epoch 92 | Batch 1900 | Diff Loss 0.3736
Epoch 92 | Batch 2000 | Diff Loss 0.3745
Epoch 92 | Batch 2100 | Diff Loss 0.3982
Epoch 92 | Batch 2200 | Diff Loss 0.3709
Epoch 92 | Batch 2300 | Diff Loss 0.3794
Epoch 92 | Batch 2400 | Diff Loss 0.3707
Epoch 92 | Batch 2500 | Diff Loss 0.3764
Epoch 92 | Batch 2600 | Diff Loss 0.3780
Epoch 92 Done. Loss: 0.3636. Time: 126.0s
Epoch 93 | Batch 0 | Diff Loss 0.3574
Epoch 93 | Batch 100 | Diff Loss 0.3605
Epoch 93 | Batch 200 | Diff Loss 0.3489
Epoch 93 | Batch 300 | Diff Loss 0.3699
Epoch 93 | Batch 400 | Diff Loss 0.3431
Epoch 93 | Batch 500 | Diff Loss 0.3526
Epoch 93 | Batch 600 | Diff Loss 0.3573
Epoch 93 | Batch 700 | Diff Loss 0.4095
Epoch 93 | Batch 800 | Diff Loss 0.3448
Epoch 93 | Batch 900 | Diff Loss 0.3586
Epoch 93 | Batch 1000 | Diff Loss 0.3481
Epoch 93 | Batch 1100 | Diff Loss 0.3469
Epoch 93 | Batch 1200 | Diff Loss 0.3344
Epoch 93 | Batch 1300 | Diff Loss 0.3450
Epoch 93 | Batch 1400 | Diff Loss 0.3556
Epoch 93 | Batch 1500 | Diff Loss 0.3480
Epoch 93 | Batch 1600 | Diff Loss 0.3341
Epoch 93 | Batch 1700 | Diff Loss 0.3722
Epoch 93 | Batch 1800 | Diff Loss 0.3677
Epoch 93 | Batch 1900 | Diff Loss 0.3132
Epoch 93 | Batch 2000 | Diff Loss 0.3495
Epoch 93 | Batch 2100 | Diff Loss 0.3571
Epoch 93 | Batch 2200 | Diff Loss 0.3444
Epoch 93 | Batch 2300 | Diff Loss 0.3317
Epoch 93 | Batch 2400 | Diff Loss 0.3694
Epoch 93 | Batch 2500 | Diff Loss 0.3560
Epoch 93 | Batch 2600 | Diff Loss 0.3567
Epoch 93 Done. Loss: 0.3536. Time: 125.8s
Epoch 94 | Batch 0 | Diff Loss 0.3583
Epoch 94 | Batch 100 | Diff Loss 0.3375
Epoch 94 | Batch 200 | Diff Loss 0.3475
Epoch 94 | Batch 300 | Diff Loss 0.3585
Epoch 94 | Batch 400 | Diff Loss 0.3508
Epoch 94 | Batch 500 | Diff Loss 0.3700
Epoch 94 | Batch 600 | Diff Loss 0.3527
Epoch 94 | Batch 700 | Diff Loss 0.3813
Epoch 94 | Batch 800 | Diff Loss 0.3746
Epoch 94 | Batch 900 | Diff Loss 0.3700
Epoch 94 | Batch 1000 | Diff Loss 0.3629
Epoch 94 | Batch 1100 | Diff Loss 0.3894
Epoch 94 | Batch 1200 | Diff Loss 0.3951
Epoch 94 | Batch 1300 | Diff Loss 0.3672
Epoch 94 | Batch 1400 | Diff Loss 0.3521
Epoch 94 | Batch 1500 | Diff Loss 0.3613
Epoch 94 | Batch 1600 | Diff Loss 0.3778
Epoch 94 | Batch 1700 | Diff Loss 0.3616
Epoch 94 | Batch 1800 | Diff Loss 0.3555
Epoch 94 | Batch 1900 | Diff Loss 0.3560
Epoch 94 | Batch 2000 | Diff Loss 0.3712
Epoch 94 | Batch 2100 | Diff Loss 0.3566
Epoch 94 | Batch 2200 | Diff Loss 0.3439
Epoch 94 | Batch 2300 | Diff Loss 0.3494
Epoch 94 | Batch 2400 | Diff Loss 0.3657
Epoch 94 | Batch 2500 | Diff Loss 0.3432
Epoch 94 | Batch 2600 | Diff Loss 0.3872
Epoch 94 Done. Loss: 0.3642. Time: 125.9s
Epoch 95 | Batch 0 | Diff Loss 0.3330
Epoch 95 | Batch 100 | Diff Loss 0.3723
Epoch 95 | Batch 200 | Diff Loss 0.3561
Epoch 95 | Batch 300 | Diff Loss 0.3470
Epoch 95 | Batch 400 | Diff Loss 0.3692
Epoch 95 | Batch 500 | Diff Loss 0.3720
Epoch 95 | Batch 600 | Diff Loss 0.3464
Epoch 95 | Batch 700 | Diff Loss 0.3383
Epoch 95 | Batch 800 | Diff Loss 0.3791
Epoch 95 | Batch 900 | Diff Loss 0.3689
Epoch 95 | Batch 1000 | Diff Loss 0.3511
Epoch 95 | Batch 1100 | Diff Loss 0.3444
Epoch 95 | Batch 1200 | Diff Loss 0.3497
Epoch 95 | Batch 1300 | Diff Loss 0.3676
Epoch 95 | Batch 1400 | Diff Loss 0.3547
Epoch 95 | Batch 1500 | Diff Loss 0.3437
Epoch 95 | Batch 1600 | Diff Loss 0.3682
Epoch 95 | Batch 1700 | Diff Loss 0.3372
Epoch 95 | Batch 1800 | Diff Loss 0.3461
Epoch 95 | Batch 1900 | Diff Loss 0.3502
Epoch 95 | Batch 2000 | Diff Loss 0.3613
Epoch 95 | Batch 2100 | Diff Loss 0.3279
Epoch 95 | Batch 2200 | Diff Loss 0.3729
Epoch 95 | Batch 2300 | Diff Loss 0.3504
Epoch 95 | Batch 2400 | Diff Loss 0.3605
Epoch 95 | Batch 2500 | Diff Loss 0.3514
Epoch 95 | Batch 2600 | Diff Loss 0.3532
Epoch 95 Done. Loss: 0.3564. Time: 125.4s
Epoch 96 | Batch 0 | Diff Loss 0.3472
Epoch 96 | Batch 100 | Diff Loss 0.3639
Epoch 96 | Batch 200 | Diff Loss 0.3732
Epoch 96 | Batch 300 | Diff Loss 0.3359
Epoch 96 | Batch 400 | Diff Loss 0.3494
Epoch 96 | Batch 500 | Diff Loss 0.3534
Epoch 96 | Batch 600 | Diff Loss 0.3499
Epoch 96 | Batch 700 | Diff Loss 0.3444
Epoch 96 | Batch 800 | Diff Loss 0.3675
Epoch 96 | Batch 900 | Diff Loss 0.3387
Epoch 96 | Batch 1000 | Diff Loss 0.3509
Epoch 96 | Batch 1100 | Diff Loss 0.3307
Epoch 96 | Batch 1200 | Diff Loss 0.3588
Epoch 96 | Batch 1300 | Diff Loss 0.3498
Epoch 96 | Batch 1400 | Diff Loss 0.3422
Epoch 96 | Batch 1500 | Diff Loss 0.3378
Epoch 96 | Batch 1600 | Diff Loss 0.3514
Epoch 96 | Batch 1700 | Diff Loss 0.3369
Epoch 96 | Batch 1800 | Diff Loss 0.3594
Epoch 96 | Batch 1900 | Diff Loss 0.3549
Epoch 96 | Batch 2000 | Diff Loss 0.3375
Epoch 96 | Batch 2100 | Diff Loss 0.3392
Epoch 96 | Batch 2200 | Diff Loss 0.3759
Epoch 96 | Batch 2300 | Diff Loss 0.3593
Epoch 96 | Batch 2400 | Diff Loss 0.3566
Epoch 96 | Batch 2500 | Diff Loss 0.3437
Epoch 96 | Batch 2600 | Diff Loss 0.3714
Epoch 96 Done. Loss: 0.3506. Time: 125.4s
Epoch 97 | Batch 0 | Diff Loss 0.3690
Epoch 97 | Batch 100 | Diff Loss 0.3455
Epoch 97 | Batch 200 | Diff Loss 0.3424
Epoch 97 | Batch 300 | Diff Loss 0.3670
Epoch 97 | Batch 400 | Diff Loss 0.3367
Epoch 97 | Batch 500 | Diff Loss 0.3359
Epoch 97 | Batch 600 | Diff Loss 0.3462
Epoch 97 | Batch 700 | Diff Loss 0.3398
Epoch 97 | Batch 800 | Diff Loss 0.3395
Epoch 97 | Batch 900 | Diff Loss 0.3446
Epoch 97 | Batch 1000 | Diff Loss 0.3534
Epoch 97 | Batch 1100 | Diff Loss 0.3509
Epoch 97 | Batch 1200 | Diff Loss 0.3285
Epoch 97 | Batch 1300 | Diff Loss 0.3355
Epoch 97 | Batch 1400 | Diff Loss 0.3342
Epoch 97 | Batch 1500 | Diff Loss 0.3486
Epoch 97 | Batch 1600 | Diff Loss 0.3397
Epoch 97 | Batch 1700 | Diff Loss 0.3460
Epoch 97 | Batch 1800 | Diff Loss 0.3497
Epoch 97 | Batch 1900 | Diff Loss 0.3333
Epoch 97 | Batch 2000 | Diff Loss 0.3454
Epoch 97 | Batch 2100 | Diff Loss 0.3551
Epoch 97 | Batch 2200 | Diff Loss 0.3648
Epoch 97 | Batch 2300 | Diff Loss 0.3433
Epoch 97 | Batch 2400 | Diff Loss 0.3578
Epoch 97 | Batch 2500 | Diff Loss 0.3537
Epoch 97 | Batch 2600 | Diff Loss 0.3432
Epoch 97 Done. Loss: 0.3495. Time: 125.9s
Epoch 98 | Batch 0 | Diff Loss 0.3314
Epoch 98 | Batch 100 | Diff Loss 0.3539
Epoch 98 | Batch 200 | Diff Loss 0.3506
Epoch 98 | Batch 300 | Diff Loss 0.3645
Epoch 98 | Batch 400 | Diff Loss 0.4069
Epoch 98 | Batch 500 | Diff Loss 0.3640
Epoch 98 | Batch 600 | Diff Loss 0.3376
Epoch 98 | Batch 700 | Diff Loss 0.3556
Epoch 98 | Batch 800 | Diff Loss 0.3568
Epoch 98 | Batch 900 | Diff Loss 0.3527
Epoch 98 | Batch 1000 | Diff Loss 0.3489
Epoch 98 | Batch 1100 | Diff Loss 0.3525
Epoch 98 | Batch 1200 | Diff Loss 0.3633
Epoch 98 | Batch 1300 | Diff Loss 0.3550
Epoch 98 | Batch 1400 | Diff Loss 0.3852
Epoch 98 | Batch 1500 | Diff Loss 0.3555
Epoch 98 | Batch 1600 | Diff Loss 0.3642
Epoch 98 | Batch 1700 | Diff Loss 0.3421
Epoch 98 | Batch 1800 | Diff Loss 0.4091
Epoch 98 | Batch 1900 | Diff Loss 0.3659
Epoch 98 | Batch 2000 | Diff Loss 0.3427
Epoch 98 | Batch 2100 | Diff Loss 0.3325
Epoch 98 | Batch 2200 | Diff Loss 0.3692
Epoch 98 | Batch 2300 | Diff Loss 0.3282
Epoch 98 | Batch 2400 | Diff Loss 0.3325
Epoch 98 | Batch 2500 | Diff Loss 0.3581
Epoch 98 | Batch 2600 | Diff Loss 0.3362
Epoch 98 Done. Loss: 0.3565. Time: 125.7s
Epoch 99 | Batch 0 | Diff Loss 0.3741
Epoch 99 | Batch 100 | Diff Loss 0.3611
Epoch 99 | Batch 200 | Diff Loss 0.3514
Epoch 99 | Batch 300 | Diff Loss 0.3411
Epoch 99 | Batch 400 | Diff Loss 0.3706
Epoch 99 | Batch 500 | Diff Loss 0.3401
Epoch 99 | Batch 600 | Diff Loss 0.3599
Epoch 99 | Batch 700 | Diff Loss 0.3530
Epoch 99 | Batch 800 | Diff Loss 0.3445
Epoch 99 | Batch 900 | Diff Loss 0.3323
Epoch 99 | Batch 1000 | Diff Loss 0.3324
Epoch 99 | Batch 1100 | Diff Loss 0.3659
Epoch 99 | Batch 1200 | Diff Loss 0.3736
Epoch 99 | Batch 1300 | Diff Loss 0.3564
Epoch 99 | Batch 1400 | Diff Loss 0.3471
Epoch 99 | Batch 1500 | Diff Loss 0.3451
Epoch 99 | Batch 1600 | Diff Loss 0.3429
Epoch 99 | Batch 1700 | Diff Loss 0.3628
Epoch 99 | Batch 1800 | Diff Loss 0.3659
Epoch 99 | Batch 1900 | Diff Loss 0.3340
Epoch 99 | Batch 2000 | Diff Loss 0.3620
Epoch 99 | Batch 2100 | Diff Loss 0.3708
Epoch 99 | Batch 2200 | Diff Loss 0.3524
Epoch 99 | Batch 2300 | Diff Loss 0.3378
Epoch 99 | Batch 2400 | Diff Loss 0.3599
Epoch 99 | Batch 2500 | Diff Loss 0.3359
Epoch 99 | Batch 2600 | Diff Loss 0.3523
Epoch 99 Done. Loss: 0.3529. Time: 125.6s
+ python -m src.training.train_diffusion --model_type physics --data_path data/processed_dt30/trajectories/shenzhen_trajectories.h5 --nav_file data/processed_dt30/nav_field.npz --split train --exp_name physics_b_dt30_h128_b512_lr1e-3_e100_s1 --obs_len 8 --pred_len 12 --hidden_dim 128 --diff_steps 100 --patch_size 32 --batch_size 512 --epochs 100 --lr 1e-3 --num_workers 4 --seed 1
Using device: cuda
Using seed: 1
Loading datasets...
Using split=train: 97222 trajectories (/home/jinlin/projects/Mobility_v3/data/processed_dt30/splits/train_ids.npy)
Initializing PhysicsConditionDiffusion...
Epoch 0 | Batch 0 | Diff Loss 1.1373
Epoch 0 | Batch 100 | Diff Loss 0.4487
Epoch 0 | Batch 200 | Diff Loss 0.4220
Epoch 0 | Batch 300 | Diff Loss 0.4064
Epoch 0 | Batch 400 | Diff Loss 0.3907
Epoch 0 | Batch 500 | Diff Loss 0.4013
Epoch 0 | Batch 600 | Diff Loss 0.4104
Epoch 0 | Batch 700 | Diff Loss 0.4259
Epoch 0 | Batch 800 | Diff Loss 0.3931
Epoch 0 | Batch 900 | Diff Loss 0.3809
Epoch 0 | Batch 1000 | Diff Loss 0.3875
Epoch 0 | Batch 1100 | Diff Loss 0.3933
Epoch 0 | Batch 1200 | Diff Loss 0.3597
Epoch 0 | Batch 1300 | Diff Loss 0.3850
Epoch 0 | Batch 1400 | Diff Loss 0.3895
Epoch 0 | Batch 1500 | Diff Loss 0.3757
Epoch 0 | Batch 1600 | Diff Loss 0.3710
Epoch 0 | Batch 1700 | Diff Loss 0.3930
Epoch 0 | Batch 1800 | Diff Loss 0.3988
Epoch 0 | Batch 1900 | Diff Loss 0.3731
Epoch 0 | Batch 2000 | Diff Loss 0.4115
Epoch 0 | Batch 2100 | Diff Loss 0.3574
Epoch 0 | Batch 2200 | Diff Loss 0.3619
Epoch 0 | Batch 2300 | Diff Loss 0.3690
Epoch 0 | Batch 2400 | Diff Loss 0.3828
Epoch 0 | Batch 2500 | Diff Loss 0.3992
Epoch 0 | Batch 2600 | Diff Loss 0.3710
Epoch 0 Done. Loss: 0.3952. Time: 134.9s
Epoch 1 | Batch 0 | Diff Loss 0.3644
Epoch 1 | Batch 100 | Diff Loss 0.3628
Epoch 1 | Batch 200 | Diff Loss 0.3728
Epoch 1 | Batch 300 | Diff Loss 0.3254
Epoch 1 | Batch 400 | Diff Loss 0.3626
Epoch 1 | Batch 500 | Diff Loss 0.3843
Epoch 1 | Batch 600 | Diff Loss 0.3584
Epoch 1 | Batch 700 | Diff Loss 0.3755
Epoch 1 | Batch 800 | Diff Loss 0.3479
Epoch 1 | Batch 900 | Diff Loss 0.3564
Epoch 1 | Batch 1000 | Diff Loss 0.3573
Epoch 1 | Batch 1100 | Diff Loss 0.3520
Epoch 1 | Batch 1200 | Diff Loss 0.3517
Epoch 1 | Batch 1300 | Diff Loss 0.3516
Epoch 1 | Batch 1400 | Diff Loss 0.3579
Epoch 1 | Batch 1500 | Diff Loss 0.3436
Epoch 1 | Batch 1600 | Diff Loss 0.3727
Epoch 1 | Batch 1700 | Diff Loss 0.3586
Epoch 1 | Batch 1800 | Diff Loss 0.3277
Epoch 1 | Batch 1900 | Diff Loss 0.3642
Epoch 1 | Batch 2000 | Diff Loss 0.3465
Epoch 1 | Batch 2100 | Diff Loss 0.3440
Epoch 1 | Batch 2200 | Diff Loss 0.3593
Epoch 1 | Batch 2300 | Diff Loss 0.3457
Epoch 1 | Batch 2400 | Diff Loss 0.3461
Epoch 1 | Batch 2500 | Diff Loss 0.3595
Epoch 1 | Batch 2600 | Diff Loss 0.3355
Epoch 1 Done. Loss: 0.3548. Time: 133.9s
Epoch 2 | Batch 0 | Diff Loss 0.3361
Epoch 2 | Batch 100 | Diff Loss 0.3573
Epoch 2 | Batch 200 | Diff Loss 0.3342
Epoch 2 | Batch 300 | Diff Loss 0.3605
Epoch 2 | Batch 400 | Diff Loss 0.3443
Epoch 2 | Batch 500 | Diff Loss 0.3451
Epoch 2 | Batch 600 | Diff Loss 0.3283
Epoch 2 | Batch 700 | Diff Loss 0.3191
Epoch 2 | Batch 800 | Diff Loss 0.3550
Epoch 2 | Batch 900 | Diff Loss 0.3414
Epoch 2 | Batch 1000 | Diff Loss 0.3509
Epoch 2 | Batch 1100 | Diff Loss 0.3356
Epoch 2 | Batch 1200 | Diff Loss 0.3345
Epoch 2 | Batch 1300 | Diff Loss 0.3104
Epoch 2 | Batch 1400 | Diff Loss 0.3272
Epoch 2 | Batch 1500 | Diff Loss 0.3431
Epoch 2 | Batch 1600 | Diff Loss 0.3382
Epoch 2 | Batch 1700 | Diff Loss 0.3292
Epoch 2 | Batch 1800 | Diff Loss 0.3297
Epoch 2 | Batch 1900 | Diff Loss 0.3317
Epoch 2 | Batch 2000 | Diff Loss 0.3524
Epoch 2 | Batch 2100 | Diff Loss 0.3386
Epoch 2 | Batch 2200 | Diff Loss 0.3398
Epoch 2 | Batch 2300 | Diff Loss 0.3383
Epoch 2 | Batch 2400 | Diff Loss 0.3096
Epoch 2 | Batch 2500 | Diff Loss 0.3412
Epoch 2 | Batch 2600 | Diff Loss 0.3311
Epoch 2 Done. Loss: 0.3375. Time: 134.5s
Epoch 3 | Batch 0 | Diff Loss 0.3288
Epoch 3 | Batch 100 | Diff Loss 0.3465
Epoch 3 | Batch 200 | Diff Loss 0.3475
Epoch 3 | Batch 300 | Diff Loss 0.3237
Epoch 3 | Batch 400 | Diff Loss 0.3241
Epoch 3 | Batch 500 | Diff Loss 0.3132
Epoch 3 | Batch 600 | Diff Loss 0.3502
Epoch 3 | Batch 700 | Diff Loss 0.2992
Epoch 3 | Batch 800 | Diff Loss 0.3196
Epoch 3 | Batch 900 | Diff Loss 0.3407
Epoch 3 | Batch 1000 | Diff Loss 0.3151
Epoch 3 | Batch 1100 | Diff Loss 0.3316
Epoch 3 | Batch 1200 | Diff Loss 0.3133
Epoch 3 | Batch 1300 | Diff Loss 0.3197
Epoch 3 | Batch 1400 | Diff Loss 0.3192
Epoch 3 | Batch 1500 | Diff Loss 0.3442
Epoch 3 | Batch 1600 | Diff Loss 0.3520
Epoch 3 | Batch 1700 | Diff Loss 0.3068
Epoch 3 | Batch 1800 | Diff Loss 0.3315
Epoch 3 | Batch 1900 | Diff Loss 0.3085
Epoch 3 | Batch 2000 | Diff Loss 0.3269
Epoch 3 | Batch 2100 | Diff Loss 0.3352
Epoch 3 | Batch 2200 | Diff Loss 0.3133
Epoch 3 | Batch 2300 | Diff Loss 0.3364
Epoch 3 | Batch 2400 | Diff Loss 0.3141
Epoch 3 | Batch 2500 | Diff Loss 0.3241
Epoch 3 | Batch 2600 | Diff Loss 0.3148
Epoch 3 Done. Loss: 0.3266. Time: 134.6s
Epoch 4 | Batch 0 | Diff Loss 0.3232
Epoch 4 | Batch 100 | Diff Loss 0.3168
Epoch 4 | Batch 200 | Diff Loss 0.3149
Epoch 4 | Batch 300 | Diff Loss 0.3184
Epoch 4 | Batch 400 | Diff Loss 0.3273
Epoch 4 | Batch 500 | Diff Loss 0.3212
Epoch 4 | Batch 600 | Diff Loss 0.3093
Epoch 4 | Batch 700 | Diff Loss 0.3254
Epoch 4 | Batch 800 | Diff Loss 0.3384
Epoch 4 | Batch 900 | Diff Loss 0.3287
Epoch 4 | Batch 1000 | Diff Loss 0.3287
Epoch 4 | Batch 1100 | Diff Loss 0.3185
Epoch 4 | Batch 1200 | Diff Loss 0.2871
Epoch 4 | Batch 1300 | Diff Loss 0.3138
Epoch 4 | Batch 1400 | Diff Loss 0.3069
Epoch 4 | Batch 1500 | Diff Loss 0.3014
Epoch 4 | Batch 1600 | Diff Loss 0.3109
Epoch 4 | Batch 1700 | Diff Loss 0.3279
Epoch 4 | Batch 1800 | Diff Loss 0.3339
Epoch 4 | Batch 1900 | Diff Loss 0.3052
Epoch 4 | Batch 2000 | Diff Loss 0.3101
Epoch 4 | Batch 2100 | Diff Loss 0.3134
Epoch 4 | Batch 2200 | Diff Loss 0.3283
Epoch 4 | Batch 2300 | Diff Loss 0.3092
Epoch 4 | Batch 2400 | Diff Loss 0.3051
Epoch 4 | Batch 2500 | Diff Loss 0.3338
Epoch 4 | Batch 2600 | Diff Loss 0.2994
Epoch 4 Done. Loss: 0.3188. Time: 134.1s
Epoch 5 | Batch 0 | Diff Loss 0.3231
Epoch 5 | Batch 100 | Diff Loss 0.3078
Epoch 5 | Batch 200 | Diff Loss 0.3297
Epoch 5 | Batch 300 | Diff Loss 0.3072
Epoch 5 | Batch 400 | Diff Loss 0.3071
Epoch 5 | Batch 500 | Diff Loss 0.3219
Epoch 5 | Batch 600 | Diff Loss 0.3075
Epoch 5 | Batch 700 | Diff Loss 0.3342
Epoch 5 | Batch 800 | Diff Loss 0.3175
Epoch 5 | Batch 900 | Diff Loss 0.3346
Epoch 5 | Batch 1000 | Diff Loss 0.2932
Epoch 5 | Batch 1100 | Diff Loss 0.3102
Epoch 5 | Batch 1200 | Diff Loss 0.3222
Epoch 5 | Batch 1300 | Diff Loss 0.3178
Epoch 5 | Batch 1400 | Diff Loss 0.3403
Epoch 5 | Batch 1500 | Diff Loss 0.3041
Epoch 5 | Batch 1600 | Diff Loss 0.3203
Epoch 5 | Batch 1700 | Diff Loss 0.3117
Epoch 5 | Batch 1800 | Diff Loss 0.3140
Epoch 5 | Batch 1900 | Diff Loss 0.3089
Epoch 5 | Batch 2000 | Diff Loss 0.3253
Epoch 5 | Batch 2100 | Diff Loss 0.3154
Epoch 5 | Batch 2200 | Diff Loss 0.3145
Epoch 5 | Batch 2300 | Diff Loss 0.2958
Epoch 5 | Batch 2400 | Diff Loss 0.3126
Epoch 5 | Batch 2500 | Diff Loss 0.3132
Epoch 5 | Batch 2600 | Diff Loss 0.2925
Epoch 5 Done. Loss: 0.3130. Time: 133.7s
Epoch 6 | Batch 0 | Diff Loss 0.3114
Epoch 6 | Batch 100 | Diff Loss 0.2957
Epoch 6 | Batch 200 | Diff Loss 0.3245
Epoch 6 | Batch 300 | Diff Loss 0.3182
Epoch 6 | Batch 400 | Diff Loss 0.3218
Epoch 6 | Batch 500 | Diff Loss 0.3182
Epoch 6 | Batch 600 | Diff Loss 0.3034
Epoch 6 | Batch 700 | Diff Loss 0.3223
Epoch 6 | Batch 800 | Diff Loss 0.3074
Epoch 6 | Batch 900 | Diff Loss 0.3078
Epoch 6 | Batch 1000 | Diff Loss 0.3043
Epoch 6 | Batch 1100 | Diff Loss 0.3308
Epoch 6 | Batch 1200 | Diff Loss 0.3100
Epoch 6 | Batch 1300 | Diff Loss 0.2901
Epoch 6 | Batch 1400 | Diff Loss 0.2836
Epoch 6 | Batch 1500 | Diff Loss 0.3172
Epoch 6 | Batch 1600 | Diff Loss 0.2905
Epoch 6 | Batch 1700 | Diff Loss 0.2954
Epoch 6 | Batch 1800 | Diff Loss 0.2971
Epoch 6 | Batch 1900 | Diff Loss 0.3066
Epoch 6 | Batch 2000 | Diff Loss 0.3275
Epoch 6 | Batch 2100 | Diff Loss 0.3011
Epoch 6 | Batch 2200 | Diff Loss 0.3000
Epoch 6 | Batch 2300 | Diff Loss 0.2985
Epoch 6 | Batch 2400 | Diff Loss 0.2953
Epoch 6 | Batch 2500 | Diff Loss 0.2988
Epoch 6 | Batch 2600 | Diff Loss 0.3170
Epoch 6 Done. Loss: 0.3084. Time: 134.1s
Epoch 7 | Batch 0 | Diff Loss 0.3174
Epoch 7 | Batch 100 | Diff Loss 0.2960
Epoch 7 | Batch 200 | Diff Loss 0.2964
Epoch 7 | Batch 300 | Diff Loss 0.3033
Epoch 7 | Batch 400 | Diff Loss 0.3024
Epoch 7 | Batch 500 | Diff Loss 0.2972
Epoch 7 | Batch 600 | Diff Loss 0.2942
Epoch 7 | Batch 700 | Diff Loss 0.2938
Epoch 7 | Batch 800 | Diff Loss 0.3120
Epoch 7 | Batch 900 | Diff Loss 0.3087
Epoch 7 | Batch 1000 | Diff Loss 0.2891
Epoch 7 | Batch 1100 | Diff Loss 0.3072
Epoch 7 | Batch 1200 | Diff Loss 0.3243
Epoch 7 | Batch 1300 | Diff Loss 0.3010
Epoch 7 | Batch 1400 | Diff Loss 0.2853
Epoch 7 | Batch 1500 | Diff Loss 0.3208
Epoch 7 | Batch 1600 | Diff Loss 0.2990
Epoch 7 | Batch 1700 | Diff Loss 0.3052
Epoch 7 | Batch 1800 | Diff Loss 0.3099
Epoch 7 | Batch 1900 | Diff Loss 0.3116
Epoch 7 | Batch 2000 | Diff Loss 0.3003
Epoch 7 | Batch 2100 | Diff Loss 0.3228
Epoch 7 | Batch 2200 | Diff Loss 0.3216
Epoch 7 | Batch 2300 | Diff Loss 0.3140
Epoch 7 | Batch 2400 | Diff Loss 0.3088
Epoch 7 | Batch 2500 | Diff Loss 0.2898
Epoch 7 | Batch 2600 | Diff Loss 0.3174
Epoch 7 Done. Loss: 0.3045. Time: 134.1s
Epoch 8 | Batch 0 | Diff Loss 0.3298
Epoch 8 | Batch 100 | Diff Loss 0.2759
Epoch 8 | Batch 200 | Diff Loss 0.2850
Epoch 8 | Batch 300 | Diff Loss 0.2948
Epoch 8 | Batch 400 | Diff Loss 0.3009
Epoch 8 | Batch 500 | Diff Loss 0.3146
Epoch 8 | Batch 600 | Diff Loss 0.2899
Epoch 8 | Batch 700 | Diff Loss 0.2927
Epoch 8 | Batch 800 | Diff Loss 0.2997
Epoch 8 | Batch 900 | Diff Loss 0.3057
Epoch 8 | Batch 1000 | Diff Loss 0.2944
Epoch 8 | Batch 1100 | Diff Loss 0.2962
Epoch 8 | Batch 1200 | Diff Loss 0.2889
Epoch 8 | Batch 1300 | Diff Loss 0.2967
Epoch 8 | Batch 1400 | Diff Loss 0.3211
Epoch 8 | Batch 1500 | Diff Loss 0.3118
Epoch 8 | Batch 1600 | Diff Loss 0.2781
Epoch 8 | Batch 1700 | Diff Loss 0.2952
Epoch 8 | Batch 1800 | Diff Loss 0.3047
Epoch 8 | Batch 1900 | Diff Loss 0.3070
Epoch 8 | Batch 2000 | Diff Loss 0.2960
Epoch 8 | Batch 2100 | Diff Loss 0.2827
Epoch 8 | Batch 2200 | Diff Loss 0.2961
Epoch 8 | Batch 2300 | Diff Loss 0.3077
Epoch 8 | Batch 2400 | Diff Loss 0.2905
Epoch 8 | Batch 2500 | Diff Loss 0.3102
Epoch 8 | Batch 2600 | Diff Loss 0.2958
Epoch 8 Done. Loss: 0.3010. Time: 133.5s
Epoch 9 | Batch 0 | Diff Loss 0.3148
Epoch 9 | Batch 100 | Diff Loss 0.3120
Epoch 9 | Batch 200 | Diff Loss 0.2890
Epoch 9 | Batch 300 | Diff Loss 0.3215
Epoch 9 | Batch 400 | Diff Loss 0.3019
Epoch 9 | Batch 500 | Diff Loss 0.2964
Epoch 9 | Batch 600 | Diff Loss 0.2930
Epoch 9 | Batch 700 | Diff Loss 0.2844
Epoch 9 | Batch 800 | Diff Loss 0.2984
Epoch 9 | Batch 900 | Diff Loss 0.3042
Epoch 9 | Batch 1000 | Diff Loss 0.2983
Epoch 9 | Batch 1100 | Diff Loss 0.2949
Epoch 9 | Batch 1200 | Diff Loss 0.2983
Epoch 9 | Batch 1300 | Diff Loss 0.2662
Epoch 9 | Batch 1400 | Diff Loss 0.2987
Epoch 9 | Batch 1500 | Diff Loss 0.3061
Epoch 9 | Batch 1600 | Diff Loss 0.2957
Epoch 9 | Batch 1700 | Diff Loss 0.2917
Epoch 9 | Batch 1800 | Diff Loss 0.3017
Epoch 9 | Batch 1900 | Diff Loss 0.3010
Epoch 9 | Batch 2000 | Diff Loss 0.3050
Epoch 9 | Batch 2100 | Diff Loss 0.2853
Epoch 9 | Batch 2200 | Diff Loss 0.3168
Epoch 9 | Batch 2300 | Diff Loss 0.2984
Epoch 9 | Batch 2400 | Diff Loss 0.2940
Epoch 9 | Batch 2500 | Diff Loss 0.2853
Epoch 9 | Batch 2600 | Diff Loss 0.3031
Epoch 9 Done. Loss: 0.2980. Time: 134.1s
Epoch 10 | Batch 0 | Diff Loss 0.3017
Epoch 10 | Batch 100 | Diff Loss 0.3023
Epoch 10 | Batch 200 | Diff Loss 0.3012
Epoch 10 | Batch 300 | Diff Loss 0.2736
Epoch 10 | Batch 400 | Diff Loss 0.3185
Epoch 10 | Batch 500 | Diff Loss 0.2958
Epoch 10 | Batch 600 | Diff Loss 0.2926
Epoch 10 | Batch 700 | Diff Loss 0.3060
Epoch 10 | Batch 800 | Diff Loss 0.3145
Epoch 10 | Batch 900 | Diff Loss 0.2769
Epoch 10 | Batch 1000 | Diff Loss 0.2990
Epoch 10 | Batch 1100 | Diff Loss 0.2950
Epoch 10 | Batch 1200 | Diff Loss 0.3122
Epoch 10 | Batch 1300 | Diff Loss 0.2747
Epoch 10 | Batch 1400 | Diff Loss 0.3052
Epoch 10 | Batch 1500 | Diff Loss 0.2877
Epoch 10 | Batch 1600 | Diff Loss 0.2880
Epoch 10 | Batch 1700 | Diff Loss 0.2890
Epoch 10 | Batch 1800 | Diff Loss 0.2801
Epoch 10 | Batch 1900 | Diff Loss 0.2993
Epoch 10 | Batch 2000 | Diff Loss 0.3019
Epoch 10 | Batch 2100 | Diff Loss 0.2774
Epoch 10 | Batch 2200 | Diff Loss 0.2715
Epoch 10 | Batch 2300 | Diff Loss 0.3026
Epoch 10 | Batch 2400 | Diff Loss 0.3063
Epoch 10 | Batch 2500 | Diff Loss 0.3245
Epoch 10 | Batch 2600 | Diff Loss 0.2943
Epoch 10 Done. Loss: 0.2959. Time: 135.3s
Epoch 11 | Batch 0 | Diff Loss 0.3144
Epoch 11 | Batch 100 | Diff Loss 0.2947
Epoch 11 | Batch 200 | Diff Loss 0.2975
Epoch 11 | Batch 300 | Diff Loss 0.2920
Epoch 11 | Batch 400 | Diff Loss 0.2968
Epoch 11 | Batch 500 | Diff Loss 0.2947
Epoch 11 | Batch 600 | Diff Loss 0.3040
Epoch 11 | Batch 700 | Diff Loss 0.3185
Epoch 11 | Batch 800 | Diff Loss 0.2983
Epoch 11 | Batch 900 | Diff Loss 0.3044
Epoch 11 | Batch 1000 | Diff Loss 0.2980
Epoch 11 | Batch 1100 | Diff Loss 0.2962
Epoch 11 | Batch 1200 | Diff Loss 0.2886
Epoch 11 | Batch 1300 | Diff Loss 0.2901
Epoch 11 | Batch 1400 | Diff Loss 0.2952
Epoch 11 | Batch 1500 | Diff Loss 0.2937
Epoch 11 | Batch 1600 | Diff Loss 0.3103
Epoch 11 | Batch 1700 | Diff Loss 0.2886
Epoch 11 | Batch 1800 | Diff Loss 0.3032
Epoch 11 | Batch 1900 | Diff Loss 0.2708
Epoch 11 | Batch 2000 | Diff Loss 0.2922
Epoch 11 | Batch 2100 | Diff Loss 0.3232
Epoch 11 | Batch 2200 | Diff Loss 0.3000
Epoch 11 | Batch 2300 | Diff Loss 0.2884
Epoch 11 | Batch 2400 | Diff Loss 0.2907
Epoch 11 | Batch 2500 | Diff Loss 0.2960
Epoch 11 | Batch 2600 | Diff Loss 0.2902
Epoch 11 Done. Loss: 0.2933. Time: 134.0s
Epoch 12 | Batch 0 | Diff Loss 0.2710
Epoch 12 | Batch 100 | Diff Loss 0.3112
Epoch 12 | Batch 200 | Diff Loss 0.2971
Epoch 12 | Batch 300 | Diff Loss 0.2842
Epoch 12 | Batch 400 | Diff Loss 0.2970
Epoch 12 | Batch 500 | Diff Loss 0.3111
Epoch 12 | Batch 600 | Diff Loss 0.3028
Epoch 12 | Batch 700 | Diff Loss 0.2844
Epoch 12 | Batch 800 | Diff Loss 0.2767
Epoch 12 | Batch 900 | Diff Loss 0.2980
Epoch 12 | Batch 1000 | Diff Loss 0.2849
Epoch 12 | Batch 1100 | Diff Loss 0.2791
Epoch 12 | Batch 1200 | Diff Loss 0.3122
Epoch 12 | Batch 1300 | Diff Loss 0.2875
Epoch 12 | Batch 1400 | Diff Loss 0.2770
Epoch 12 | Batch 1500 | Diff Loss 0.2962
Epoch 12 | Batch 1600 | Diff Loss 0.2759
Epoch 12 | Batch 1700 | Diff Loss 0.3020
Epoch 12 | Batch 1800 | Diff Loss 0.3104
Epoch 12 | Batch 1900 | Diff Loss 0.3071
Epoch 12 | Batch 2000 | Diff Loss 0.2849
Epoch 12 | Batch 2100 | Diff Loss 0.2742
Epoch 12 | Batch 2200 | Diff Loss 0.2888
Epoch 12 | Batch 2300 | Diff Loss 0.2953
Epoch 12 | Batch 2400 | Diff Loss 0.3064
Epoch 12 | Batch 2500 | Diff Loss 0.2919
Epoch 12 | Batch 2600 | Diff Loss 0.2837
Epoch 12 Done. Loss: 0.2916. Time: 134.2s
Epoch 13 | Batch 0 | Diff Loss 0.2882
Epoch 13 | Batch 100 | Diff Loss 0.2822
Epoch 13 | Batch 200 | Diff Loss 0.2908
Epoch 13 | Batch 300 | Diff Loss 0.3125
Epoch 13 | Batch 400 | Diff Loss 0.2874
Epoch 13 | Batch 500 | Diff Loss 0.2884
Epoch 13 | Batch 600 | Diff Loss 0.2939
Epoch 13 | Batch 700 | Diff Loss 0.3066
Epoch 13 | Batch 800 | Diff Loss 0.2816
Epoch 13 | Batch 900 | Diff Loss 0.2900
Epoch 13 | Batch 1000 | Diff Loss 0.2802
Epoch 13 | Batch 1100 | Diff Loss 0.2781
Epoch 13 | Batch 1200 | Diff Loss 0.2920
Epoch 13 | Batch 1300 | Diff Loss 0.2984
Epoch 13 | Batch 1400 | Diff Loss 0.2874
Epoch 13 | Batch 1500 | Diff Loss 0.2775
Epoch 13 | Batch 1600 | Diff Loss 0.2764
Epoch 13 | Batch 1700 | Diff Loss 0.2949
Epoch 13 | Batch 1800 | Diff Loss 0.2925
Epoch 13 | Batch 1900 | Diff Loss 0.2852
Epoch 13 | Batch 2000 | Diff Loss 0.2890
Epoch 13 | Batch 2100 | Diff Loss 0.2915
Epoch 13 | Batch 2200 | Diff Loss 0.2776
Epoch 13 | Batch 2300 | Diff Loss 0.2783
Epoch 13 | Batch 2400 | Diff Loss 0.2748
Epoch 13 | Batch 2500 | Diff Loss 0.2880
Epoch 13 | Batch 2600 | Diff Loss 0.2992
Epoch 13 Done. Loss: 0.2897. Time: 133.8s
Epoch 14 | Batch 0 | Diff Loss 0.2993
Epoch 14 | Batch 100 | Diff Loss 0.2969
Epoch 14 | Batch 200 | Diff Loss 0.3033
Epoch 14 | Batch 300 | Diff Loss 0.2844
Epoch 14 | Batch 400 | Diff Loss 0.2890
Epoch 14 | Batch 500 | Diff Loss 0.2721
Epoch 14 | Batch 600 | Diff Loss 0.2878
Epoch 14 | Batch 700 | Diff Loss 0.3022
Epoch 14 | Batch 800 | Diff Loss 0.2822
Epoch 14 | Batch 900 | Diff Loss 0.2882
Epoch 14 | Batch 1000 | Diff Loss 0.2728
Epoch 14 | Batch 1100 | Diff Loss 0.2848
Epoch 14 | Batch 1200 | Diff Loss 0.2948
Epoch 14 | Batch 1300 | Diff Loss 0.2916
Epoch 14 | Batch 1400 | Diff Loss 0.3097
Epoch 14 | Batch 1500 | Diff Loss 0.2890
Epoch 14 | Batch 1600 | Diff Loss 0.2860
Epoch 14 | Batch 1700 | Diff Loss 0.2882
Epoch 14 | Batch 1800 | Diff Loss 0.2949
Epoch 14 | Batch 1900 | Diff Loss 0.2915
Epoch 14 | Batch 2000 | Diff Loss 0.2893
Epoch 14 | Batch 2100 | Diff Loss 0.2832
Epoch 14 | Batch 2200 | Diff Loss 0.2816
Epoch 14 | Batch 2300 | Diff Loss 0.2750
Epoch 14 | Batch 2400 | Diff Loss 0.3153
Epoch 14 | Batch 2500 | Diff Loss 0.3032
Epoch 14 | Batch 2600 | Diff Loss 0.2888
Epoch 14 Done. Loss: 0.2880. Time: 134.3s
Epoch 15 | Batch 0 | Diff Loss 0.2786
Epoch 15 | Batch 100 | Diff Loss 0.2859
Epoch 15 | Batch 200 | Diff Loss 0.2999
Epoch 15 | Batch 300 | Diff Loss 0.2645
Epoch 15 | Batch 400 | Diff Loss 0.2542
Epoch 15 | Batch 500 | Diff Loss 0.2624
Epoch 15 | Batch 600 | Diff Loss 0.2918
Epoch 15 | Batch 700 | Diff Loss 0.2831
Epoch 15 | Batch 800 | Diff Loss 0.2921
Epoch 15 | Batch 900 | Diff Loss 0.2880
Epoch 15 | Batch 1000 | Diff Loss 0.2795
Epoch 15 | Batch 1100 | Diff Loss 0.2977
Epoch 15 | Batch 1200 | Diff Loss 0.3096
Epoch 15 | Batch 1300 | Diff Loss 0.2816
Epoch 15 | Batch 1400 | Diff Loss 0.2925
Epoch 15 | Batch 1500 | Diff Loss 0.2928
Epoch 15 | Batch 1600 | Diff Loss 0.2897
Epoch 15 | Batch 1700 | Diff Loss 0.2947
Epoch 15 | Batch 1800 | Diff Loss 0.2780
Epoch 15 | Batch 1900 | Diff Loss 0.2720
Epoch 15 | Batch 2000 | Diff Loss 0.2964
Epoch 15 | Batch 2100 | Diff Loss 0.2810
Epoch 15 | Batch 2200 | Diff Loss 0.2851
Epoch 15 | Batch 2300 | Diff Loss 0.2803
Epoch 15 | Batch 2400 | Diff Loss 0.2911
Epoch 15 | Batch 2500 | Diff Loss 0.2972
Epoch 15 | Batch 2600 | Diff Loss 0.3025
Epoch 15 Done. Loss: 0.2865. Time: 134.0s
Epoch 16 | Batch 0 | Diff Loss 0.2716
Epoch 16 | Batch 100 | Diff Loss 0.2984
Epoch 16 | Batch 200 | Diff Loss 0.2673
Epoch 16 | Batch 300 | Diff Loss 0.2967
Epoch 16 | Batch 400 | Diff Loss 0.2891
Epoch 16 | Batch 500 | Diff Loss 0.3052
Epoch 16 | Batch 600 | Diff Loss 0.2796
Epoch 16 | Batch 700 | Diff Loss 0.2930
Epoch 16 | Batch 800 | Diff Loss 0.3017
Epoch 16 | Batch 900 | Diff Loss 0.2732
Epoch 16 | Batch 1000 | Diff Loss 0.2669
Epoch 16 | Batch 1100 | Diff Loss 0.2753
Epoch 16 | Batch 1200 | Diff Loss 0.2638
Epoch 16 | Batch 1300 | Diff Loss 0.2640
Epoch 16 | Batch 1400 | Diff Loss 0.2799
Epoch 16 | Batch 1500 | Diff Loss 0.2956
Epoch 16 | Batch 1600 | Diff Loss 0.3018
Epoch 16 | Batch 1700 | Diff Loss 0.2884
Epoch 16 | Batch 1800 | Diff Loss 0.2977
Epoch 16 | Batch 1900 | Diff Loss 0.2996
Epoch 16 | Batch 2000 | Diff Loss 0.2704
Epoch 16 | Batch 2100 | Diff Loss 0.2889
Epoch 16 | Batch 2200 | Diff Loss 0.2880
Epoch 16 | Batch 2300 | Diff Loss 0.2995
Epoch 16 | Batch 2400 | Diff Loss 0.3045
Epoch 16 | Batch 2500 | Diff Loss 0.2852
Epoch 16 | Batch 2600 | Diff Loss 0.2754
Epoch 16 Done. Loss: 0.2850. Time: 133.6s
Epoch 17 | Batch 0 | Diff Loss 0.2834
Epoch 17 | Batch 100 | Diff Loss 0.2784
Epoch 17 | Batch 200 | Diff Loss 0.2924
Epoch 17 | Batch 300 | Diff Loss 0.2892
Epoch 17 | Batch 400 | Diff Loss 0.2721
Epoch 17 | Batch 500 | Diff Loss 0.2909
Epoch 17 | Batch 600 | Diff Loss 0.2731
Epoch 17 | Batch 700 | Diff Loss 0.2786
Epoch 17 | Batch 800 | Diff Loss 0.2735
Epoch 17 | Batch 900 | Diff Loss 0.2739
Epoch 17 | Batch 1000 | Diff Loss 0.2768
Epoch 17 | Batch 1100 | Diff Loss 0.2863
Epoch 17 | Batch 1200 | Diff Loss 0.2865
Epoch 17 | Batch 1300 | Diff Loss 0.2776
Epoch 17 | Batch 1400 | Diff Loss 0.3061
Epoch 17 | Batch 1500 | Diff Loss 0.2932
Epoch 17 | Batch 1600 | Diff Loss 0.2873
Epoch 17 | Batch 1700 | Diff Loss 0.2918
Epoch 17 | Batch 1800 | Diff Loss 0.2743
Epoch 17 | Batch 1900 | Diff Loss 0.2713
Epoch 17 | Batch 2000 | Diff Loss 0.2948
Epoch 17 | Batch 2100 | Diff Loss 0.2684
Epoch 17 | Batch 2200 | Diff Loss 0.2838
Epoch 17 | Batch 2300 | Diff Loss 0.2836
Epoch 17 | Batch 2400 | Diff Loss 0.2884
Epoch 17 | Batch 2500 | Diff Loss 0.2592
Epoch 17 | Batch 2600 | Diff Loss 0.2572
Epoch 17 Done. Loss: 0.2840. Time: 134.1s
Epoch 18 | Batch 0 | Diff Loss 0.2709
Epoch 18 | Batch 100 | Diff Loss 0.3078
Epoch 18 | Batch 200 | Diff Loss 0.2869
Epoch 18 | Batch 300 | Diff Loss 0.2874
Epoch 18 | Batch 400 | Diff Loss 0.2655
Epoch 18 | Batch 500 | Diff Loss 0.2759
Epoch 18 | Batch 600 | Diff Loss 0.2713
Epoch 18 | Batch 700 | Diff Loss 0.2912
Epoch 18 | Batch 800 | Diff Loss 0.2674
Epoch 18 | Batch 900 | Diff Loss 0.2788
Epoch 18 | Batch 1000 | Diff Loss 0.2820
Epoch 18 | Batch 1100 | Diff Loss 0.2645
Epoch 18 | Batch 1200 | Diff Loss 0.2954
Epoch 18 | Batch 1300 | Diff Loss 0.2837
Epoch 18 | Batch 1400 | Diff Loss 0.2813
Epoch 18 | Batch 1500 | Diff Loss 0.2790
Epoch 18 | Batch 1600 | Diff Loss 0.2793
Epoch 18 | Batch 1700 | Diff Loss 0.2917
Epoch 18 | Batch 1800 | Diff Loss 0.3000
Epoch 18 | Batch 1900 | Diff Loss 0.2662
Epoch 18 | Batch 2000 | Diff Loss 0.2746
Epoch 18 | Batch 2100 | Diff Loss 0.2876
Epoch 18 | Batch 2200 | Diff Loss 0.2923
Epoch 18 | Batch 2300 | Diff Loss 0.2716
Epoch 18 | Batch 2400 | Diff Loss 0.2857
Epoch 18 | Batch 2500 | Diff Loss 0.2908
Epoch 18 | Batch 2600 | Diff Loss 0.2823
Epoch 18 Done. Loss: 0.2829. Time: 133.9s
Epoch 19 | Batch 0 | Diff Loss 0.2939
Epoch 19 | Batch 100 | Diff Loss 0.2817
Epoch 19 | Batch 200 | Diff Loss 0.2901
Epoch 19 | Batch 300 | Diff Loss 0.2894
Epoch 19 | Batch 400 | Diff Loss 0.2926
Epoch 19 | Batch 500 | Diff Loss 0.2922
Epoch 19 | Batch 600 | Diff Loss 0.3019
Epoch 19 | Batch 700 | Diff Loss 0.2945
Epoch 19 | Batch 800 | Diff Loss 0.2880
Epoch 19 | Batch 900 | Diff Loss 0.2828
Epoch 19 | Batch 1000 | Diff Loss 0.2913
Epoch 19 | Batch 1100 | Diff Loss 0.2761
Epoch 19 | Batch 1200 | Diff Loss 0.2905
Epoch 19 | Batch 1300 | Diff Loss 0.2797
Epoch 19 | Batch 1400 | Diff Loss 0.2848
Epoch 19 | Batch 1500 | Diff Loss 0.2792
Epoch 19 | Batch 1600 | Diff Loss 0.3023
Epoch 19 | Batch 1700 | Diff Loss 0.2788
Epoch 19 | Batch 1800 | Diff Loss 0.2878
Epoch 19 | Batch 1900 | Diff Loss 0.2696
Epoch 19 | Batch 2000 | Diff Loss 0.2656
Epoch 19 | Batch 2100 | Diff Loss 0.2749
Epoch 19 | Batch 2200 | Diff Loss 0.2561
Epoch 19 | Batch 2300 | Diff Loss 0.2877
Epoch 19 | Batch 2400 | Diff Loss 0.2753
Epoch 19 | Batch 2500 | Diff Loss 0.2594
Epoch 19 | Batch 2600 | Diff Loss 0.2747
Epoch 19 Done. Loss: 0.2816. Time: 134.1s
Epoch 20 | Batch 0 | Diff Loss 0.3022
Epoch 20 | Batch 100 | Diff Loss 0.2935
Epoch 20 | Batch 200 | Diff Loss 0.2719
Epoch 20 | Batch 300 | Diff Loss 0.2721
Epoch 20 | Batch 400 | Diff Loss 0.2784
Epoch 20 | Batch 500 | Diff Loss 0.2914
Epoch 20 | Batch 600 | Diff Loss 0.2693
Epoch 20 | Batch 700 | Diff Loss 0.2698
Epoch 20 | Batch 800 | Diff Loss 0.2663
Epoch 20 | Batch 900 | Diff Loss 0.2756
Epoch 20 | Batch 1000 | Diff Loss 0.2879
Epoch 20 | Batch 1100 | Diff Loss 0.2818
Epoch 20 | Batch 1200 | Diff Loss 0.2912
Epoch 20 | Batch 1300 | Diff Loss 0.2781
Epoch 20 | Batch 1400 | Diff Loss 0.2985
Epoch 20 | Batch 1500 | Diff Loss 0.2848
Epoch 20 | Batch 1600 | Diff Loss 0.2597
Epoch 20 | Batch 1700 | Diff Loss 0.2715
Epoch 20 | Batch 1800 | Diff Loss 0.2873
Epoch 20 | Batch 1900 | Diff Loss 0.2999
Epoch 20 | Batch 2000 | Diff Loss 0.2948
Epoch 20 | Batch 2100 | Diff Loss 0.2676
Epoch 20 | Batch 2200 | Diff Loss 0.2878
Epoch 20 | Batch 2300 | Diff Loss 0.2970
Epoch 20 | Batch 2400 | Diff Loss 0.2761
Epoch 20 | Batch 2500 | Diff Loss 0.2828
Epoch 20 | Batch 2600 | Diff Loss 0.2857
Epoch 20 Done. Loss: 0.2806. Time: 134.3s
Epoch 21 | Batch 0 | Diff Loss 0.2878
Epoch 21 | Batch 100 | Diff Loss 0.2628
Epoch 21 | Batch 200 | Diff Loss 0.2732
Epoch 21 | Batch 300 | Diff Loss 0.2781
Epoch 21 | Batch 400 | Diff Loss 0.2686
Epoch 21 | Batch 500 | Diff Loss 0.2861
Epoch 21 | Batch 600 | Diff Loss 0.2835
Epoch 21 | Batch 700 | Diff Loss 0.2535
Epoch 21 | Batch 800 | Diff Loss 0.2681
Epoch 21 | Batch 900 | Diff Loss 0.2839
Epoch 21 | Batch 1000 | Diff Loss 0.2652
Epoch 21 | Batch 1100 | Diff Loss 0.2876
Epoch 21 | Batch 1200 | Diff Loss 0.2919
Epoch 21 | Batch 1300 | Diff Loss 0.2809
Epoch 21 | Batch 1400 | Diff Loss 0.2779
Epoch 21 | Batch 1500 | Diff Loss 0.2917
Epoch 21 | Batch 1600 | Diff Loss 0.2905
Epoch 21 | Batch 1700 | Diff Loss 0.2660
Epoch 21 | Batch 1800 | Diff Loss 0.3060
Epoch 21 | Batch 1900 | Diff Loss 0.2711
Epoch 21 | Batch 2000 | Diff Loss 0.2768
Epoch 21 | Batch 2100 | Diff Loss 0.2895
Epoch 21 | Batch 2200 | Diff Loss 0.2763
Epoch 21 | Batch 2300 | Diff Loss 0.2714
Epoch 21 | Batch 2400 | Diff Loss 0.2993
Epoch 21 | Batch 2500 | Diff Loss 0.2830
Epoch 21 | Batch 2600 | Diff Loss 0.2842
Epoch 21 Done. Loss: 0.2798. Time: 133.7s
Epoch 22 | Batch 0 | Diff Loss 0.2812
Epoch 22 | Batch 100 | Diff Loss 0.2706
Epoch 22 | Batch 200 | Diff Loss 0.2764
Epoch 22 | Batch 300 | Diff Loss 0.2708
Epoch 22 | Batch 400 | Diff Loss 0.2659
Epoch 22 | Batch 500 | Diff Loss 0.2669
Epoch 22 | Batch 600 | Diff Loss 0.2680
Epoch 22 | Batch 700 | Diff Loss 0.2880
Epoch 22 | Batch 800 | Diff Loss 0.2839
Epoch 22 | Batch 900 | Diff Loss 0.2780
Epoch 22 | Batch 1000 | Diff Loss 0.2693
Epoch 22 | Batch 1100 | Diff Loss 0.2838
Epoch 22 | Batch 1200 | Diff Loss 0.2683
Epoch 22 | Batch 1300 | Diff Loss 0.3068
Epoch 22 | Batch 1400 | Diff Loss 0.2736
Epoch 22 | Batch 1500 | Diff Loss 0.2874
Epoch 22 | Batch 1600 | Diff Loss 0.2832
Epoch 22 | Batch 1700 | Diff Loss 0.2821
Epoch 22 | Batch 1800 | Diff Loss 0.2873
Epoch 22 | Batch 1900 | Diff Loss 0.2863
Epoch 22 | Batch 2000 | Diff Loss 0.2801
Epoch 22 | Batch 2100 | Diff Loss 0.2779
Epoch 22 | Batch 2200 | Diff Loss 0.2587
Epoch 22 | Batch 2300 | Diff Loss 0.2720
Epoch 22 | Batch 2400 | Diff Loss 0.2981
Epoch 22 | Batch 2500 | Diff Loss 0.2819
Epoch 22 | Batch 2600 | Diff Loss 0.2818
Epoch 22 Done. Loss: 0.2787. Time: 134.1s
Epoch 23 | Batch 0 | Diff Loss 0.2785
Epoch 23 | Batch 100 | Diff Loss 0.2859
Epoch 23 | Batch 200 | Diff Loss 0.2837
Epoch 23 | Batch 300 | Diff Loss 0.2723
Epoch 23 | Batch 400 | Diff Loss 0.2671
Epoch 23 | Batch 500 | Diff Loss 0.2679
Epoch 23 | Batch 600 | Diff Loss 0.2810
Epoch 23 | Batch 700 | Diff Loss 0.2782
Epoch 23 | Batch 800 | Diff Loss 0.2944
Epoch 23 | Batch 900 | Diff Loss 0.2747
Epoch 23 | Batch 1000 | Diff Loss 0.2879
Epoch 23 | Batch 1100 | Diff Loss 0.2794
Epoch 23 | Batch 1200 | Diff Loss 0.2674
Epoch 23 | Batch 1300 | Diff Loss 0.2897
Epoch 23 | Batch 1400 | Diff Loss 0.2792
Epoch 23 | Batch 1500 | Diff Loss 0.2783
Epoch 23 | Batch 1600 | Diff Loss 0.2644
Epoch 23 | Batch 1700 | Diff Loss 0.2866
Epoch 23 | Batch 1800 | Diff Loss 0.2788
Epoch 23 | Batch 1900 | Diff Loss 0.2840
Epoch 23 | Batch 2000 | Diff Loss 0.2699
Epoch 23 | Batch 2100 | Diff Loss 0.2775
Epoch 23 | Batch 2200 | Diff Loss 0.2748
Epoch 23 | Batch 2300 | Diff Loss 0.2909
Epoch 23 | Batch 2400 | Diff Loss 0.3078
Epoch 23 | Batch 2500 | Diff Loss 0.2817
Epoch 23 | Batch 2600 | Diff Loss 0.2932
Epoch 23 Done. Loss: 0.2779. Time: 133.7s
Epoch 24 | Batch 0 | Diff Loss 0.2743
Epoch 24 | Batch 100 | Diff Loss 0.2872
Epoch 24 | Batch 200 | Diff Loss 0.2814
Epoch 24 | Batch 300 | Diff Loss 0.2853
Epoch 24 | Batch 400 | Diff Loss 0.2886
Epoch 24 | Batch 500 | Diff Loss 0.2902
Epoch 24 | Batch 600 | Diff Loss 0.2822
Epoch 24 | Batch 700 | Diff Loss 0.2563
Epoch 24 | Batch 800 | Diff Loss 0.2649
Epoch 24 | Batch 900 | Diff Loss 0.2731
Epoch 24 | Batch 1000 | Diff Loss 0.3033
Epoch 24 | Batch 1100 | Diff Loss 0.2686
Epoch 24 | Batch 1200 | Diff Loss 0.2709
Epoch 24 | Batch 1300 | Diff Loss 0.2848
Epoch 24 | Batch 1400 | Diff Loss 0.2842
Epoch 24 | Batch 1500 | Diff Loss 0.2691
Epoch 24 | Batch 1600 | Diff Loss 0.2728
Epoch 24 | Batch 1700 | Diff Loss 0.2711
Epoch 24 | Batch 1800 | Diff Loss 0.2706
Epoch 24 | Batch 1900 | Diff Loss 0.2874
Epoch 24 | Batch 2000 | Diff Loss 0.2774
Epoch 24 | Batch 2100 | Diff Loss 0.2545
Epoch 24 | Batch 2200 | Diff Loss 0.2800
Epoch 24 | Batch 2300 | Diff Loss 0.2837
Epoch 24 | Batch 2400 | Diff Loss 0.2793
Epoch 24 | Batch 2500 | Diff Loss 0.2572
Epoch 24 | Batch 2600 | Diff Loss 0.2777
Epoch 24 Done. Loss: 0.2769. Time: 134.4s
Epoch 25 | Batch 0 | Diff Loss 0.2720
Epoch 25 | Batch 100 | Diff Loss 0.2776
Epoch 25 | Batch 200 | Diff Loss 0.2586
Epoch 25 | Batch 300 | Diff Loss 0.2750
Epoch 25 | Batch 400 | Diff Loss 0.2792
Epoch 25 | Batch 500 | Diff Loss 0.2777
Epoch 25 | Batch 600 | Diff Loss 0.2776
Epoch 25 | Batch 700 | Diff Loss 0.2873
Epoch 25 | Batch 800 | Diff Loss 0.2815
Epoch 25 | Batch 900 | Diff Loss 0.2738
Epoch 25 | Batch 1000 | Diff Loss 0.2925
Epoch 25 | Batch 1100 | Diff Loss 0.2796
Epoch 25 | Batch 1200 | Diff Loss 0.2919
Epoch 25 | Batch 1300 | Diff Loss 0.2744
Epoch 25 | Batch 1400 | Diff Loss 0.2917
Epoch 25 | Batch 1500 | Diff Loss 0.2832
Epoch 25 | Batch 1600 | Diff Loss 0.2740
Epoch 25 | Batch 1700 | Diff Loss 0.2639
Epoch 25 | Batch 1800 | Diff Loss 0.2779
Epoch 25 | Batch 1900 | Diff Loss 0.2780
Epoch 25 | Batch 2000 | Diff Loss 0.2726
Epoch 25 | Batch 2100 | Diff Loss 0.2713
Epoch 25 | Batch 2200 | Diff Loss 0.2894
Epoch 25 | Batch 2300 | Diff Loss 0.2936
Epoch 25 | Batch 2400 | Diff Loss 0.2784
Epoch 25 | Batch 2500 | Diff Loss 0.2567
Epoch 25 | Batch 2600 | Diff Loss 0.2597
Epoch 25 Done. Loss: 0.2761. Time: 133.7s
Epoch 26 | Batch 0 | Diff Loss 0.2786
Epoch 26 | Batch 100 | Diff Loss 0.2725
Epoch 26 | Batch 200 | Diff Loss 0.2766
Epoch 26 | Batch 300 | Diff Loss 0.2745
Epoch 26 | Batch 400 | Diff Loss 0.2954
Epoch 26 | Batch 500 | Diff Loss 0.2691
Epoch 26 | Batch 600 | Diff Loss 0.2853
Epoch 26 | Batch 700 | Diff Loss 0.2803
Epoch 26 | Batch 800 | Diff Loss 0.2684
Epoch 26 | Batch 900 | Diff Loss 0.2872
Epoch 26 | Batch 1000 | Diff Loss 0.2824
Epoch 26 | Batch 1100 | Diff Loss 0.2619
Epoch 26 | Batch 1200 | Diff Loss 0.2751
Epoch 26 | Batch 1300 | Diff Loss 0.2750
Epoch 26 | Batch 1400 | Diff Loss 0.2501
Epoch 26 | Batch 1500 | Diff Loss 0.2625
Epoch 26 | Batch 1600 | Diff Loss 0.2824
Epoch 26 | Batch 1700 | Diff Loss 0.2563
Epoch 26 | Batch 1800 | Diff Loss 0.2727
Epoch 26 | Batch 1900 | Diff Loss 0.2507
Epoch 26 | Batch 2000 | Diff Loss 0.2776
Epoch 26 | Batch 2100 | Diff Loss 0.2804
Epoch 26 | Batch 2200 | Diff Loss 0.2812
Epoch 26 | Batch 2300 | Diff Loss 0.2667
Epoch 26 | Batch 2400 | Diff Loss 0.2752
Epoch 26 | Batch 2500 | Diff Loss 0.2738
Epoch 26 | Batch 2600 | Diff Loss 0.2693
Epoch 26 Done. Loss: 0.2751. Time: 133.9s
Epoch 27 | Batch 0 | Diff Loss 0.2704
Epoch 27 | Batch 100 | Diff Loss 0.2805
Epoch 27 | Batch 200 | Diff Loss 0.2598
Epoch 27 | Batch 300 | Diff Loss 0.2661
Epoch 27 | Batch 400 | Diff Loss 0.2765
Epoch 27 | Batch 500 | Diff Loss 0.2777
Epoch 27 | Batch 600 | Diff Loss 0.2919
Epoch 27 | Batch 700 | Diff Loss 0.2779
Epoch 27 | Batch 800 | Diff Loss 0.2804
Epoch 27 | Batch 900 | Diff Loss 0.2592
Epoch 27 | Batch 1000 | Diff Loss 0.2858
Epoch 27 | Batch 1100 | Diff Loss 0.2819
Epoch 27 | Batch 1200 | Diff Loss 0.2795
Epoch 27 | Batch 1300 | Diff Loss 0.2799
Epoch 27 | Batch 1400 | Diff Loss 0.2904
Epoch 27 | Batch 1500 | Diff Loss 0.2844
Epoch 27 | Batch 1600 | Diff Loss 0.2706
Epoch 27 | Batch 1700 | Diff Loss 0.2889
Epoch 27 | Batch 1800 | Diff Loss 0.2848
Epoch 27 | Batch 1900 | Diff Loss 0.2761
Epoch 27 | Batch 2000 | Diff Loss 0.2609
Epoch 27 | Batch 2100 | Diff Loss 0.2806
Epoch 27 | Batch 2200 | Diff Loss 0.2872
Epoch 27 | Batch 2300 | Diff Loss 0.2579
Epoch 27 | Batch 2400 | Diff Loss 0.2666
Epoch 27 | Batch 2500 | Diff Loss 0.2699
Epoch 27 | Batch 2600 | Diff Loss 0.2629
Epoch 27 Done. Loss: 0.2752. Time: 133.7s
Epoch 28 | Batch 0 | Diff Loss 0.2734
Epoch 28 | Batch 100 | Diff Loss 0.2822
Epoch 28 | Batch 200 | Diff Loss 0.2939
Epoch 28 | Batch 300 | Diff Loss 0.2704
Epoch 28 | Batch 400 | Diff Loss 0.3039
Epoch 28 | Batch 500 | Diff Loss 0.2590
Epoch 28 | Batch 600 | Diff Loss 0.2814
Epoch 28 | Batch 700 | Diff Loss 0.2841
Epoch 28 | Batch 800 | Diff Loss 0.2623
Epoch 28 | Batch 900 | Diff Loss 0.2980
Epoch 28 | Batch 1000 | Diff Loss 0.2791
Epoch 28 | Batch 1100 | Diff Loss 0.2785
Epoch 28 | Batch 1200 | Diff Loss 0.2530
Epoch 28 | Batch 1300 | Diff Loss 0.2560
Epoch 28 | Batch 1400 | Diff Loss 0.2655
Epoch 28 | Batch 1500 | Diff Loss 0.2697
Epoch 28 | Batch 1600 | Diff Loss 0.2726
Epoch 28 | Batch 1700 | Diff Loss 0.2984
Epoch 28 | Batch 1800 | Diff Loss 0.2744
Epoch 28 | Batch 1900 | Diff Loss 0.2806
Epoch 28 | Batch 2000 | Diff Loss 0.2847
Epoch 28 | Batch 2100 | Diff Loss 0.2713
Epoch 28 | Batch 2200 | Diff Loss 0.2580
Epoch 28 | Batch 2300 | Diff Loss 0.2881
Epoch 28 | Batch 2400 | Diff Loss 0.2652
Epoch 28 | Batch 2500 | Diff Loss 0.2614
Epoch 28 | Batch 2600 | Diff Loss 0.2800
Epoch 28 Done. Loss: 0.2740. Time: 134.0s
Epoch 29 | Batch 0 | Diff Loss 0.2695
Epoch 29 | Batch 100 | Diff Loss 0.2581
Epoch 29 | Batch 200 | Diff Loss 0.2708
Epoch 29 | Batch 300 | Diff Loss 0.2593
Epoch 29 | Batch 400 | Diff Loss 0.2719
Epoch 29 | Batch 500 | Diff Loss 0.2572
Epoch 29 | Batch 600 | Diff Loss 0.2702
Epoch 29 | Batch 700 | Diff Loss 0.2810
Epoch 29 | Batch 800 | Diff Loss 0.2634
Epoch 29 | Batch 900 | Diff Loss 0.2878
Epoch 29 | Batch 1000 | Diff Loss 0.2632
Epoch 29 | Batch 1100 | Diff Loss 0.2709
Epoch 29 | Batch 1200 | Diff Loss 0.2443
Epoch 29 | Batch 1300 | Diff Loss 0.2559
Epoch 29 | Batch 1400 | Diff Loss 0.2653
Epoch 29 | Batch 1500 | Diff Loss 0.2791
Epoch 29 | Batch 1600 | Diff Loss 0.2790
Epoch 29 | Batch 1700 | Diff Loss 0.2765
Epoch 29 | Batch 1800 | Diff Loss 0.2529
Epoch 29 | Batch 1900 | Diff Loss 0.2653
Epoch 29 | Batch 2000 | Diff Loss 0.2746
Epoch 29 | Batch 2100 | Diff Loss 0.2808
Epoch 29 | Batch 2200 | Diff Loss 0.2855
Epoch 29 | Batch 2300 | Diff Loss 0.2778
Epoch 29 | Batch 2400 | Diff Loss 0.2732
Epoch 29 | Batch 2500 | Diff Loss 0.2739
Epoch 29 | Batch 2600 | Diff Loss 0.3129
Epoch 29 Done. Loss: 0.2737. Time: 133.6s
Epoch 30 | Batch 0 | Diff Loss 0.2744
Epoch 30 | Batch 100 | Diff Loss 0.2730
Epoch 30 | Batch 200 | Diff Loss 0.2751
Epoch 30 | Batch 300 | Diff Loss 0.2832
Epoch 30 | Batch 400 | Diff Loss 0.2716
Epoch 30 | Batch 500 | Diff Loss 0.2724
Epoch 30 | Batch 600 | Diff Loss 0.2645
Epoch 30 | Batch 700 | Diff Loss 0.2641
Epoch 30 | Batch 800 | Diff Loss 0.2799
Epoch 30 | Batch 900 | Diff Loss 0.2856
Epoch 30 | Batch 1000 | Diff Loss 0.2699
Epoch 30 | Batch 1100 | Diff Loss 0.2586
Epoch 30 | Batch 1200 | Diff Loss 0.2648
Epoch 30 | Batch 1300 | Diff Loss 0.2687
Epoch 30 | Batch 1400 | Diff Loss 0.2749
Epoch 30 | Batch 1500 | Diff Loss 0.2673
Epoch 30 | Batch 1600 | Diff Loss 0.2715
Epoch 30 | Batch 1700 | Diff Loss 0.2874
Epoch 30 | Batch 1800 | Diff Loss 0.2752
Epoch 30 | Batch 1900 | Diff Loss 0.2608
Epoch 30 | Batch 2000 | Diff Loss 0.2748
Epoch 30 | Batch 2100 | Diff Loss 0.2690
Epoch 30 | Batch 2200 | Diff Loss 0.3001
Epoch 30 | Batch 2300 | Diff Loss 0.2740
Epoch 30 | Batch 2400 | Diff Loss 0.2668
Epoch 30 | Batch 2500 | Diff Loss 0.2650
Epoch 30 | Batch 2600 | Diff Loss 0.2533
Epoch 30 Done. Loss: 0.2722. Time: 133.8s
Epoch 31 | Batch 0 | Diff Loss 0.2761
Epoch 31 | Batch 100 | Diff Loss 0.2728
Epoch 31 | Batch 200 | Diff Loss 0.2597
Epoch 31 | Batch 300 | Diff Loss 0.2639
Epoch 31 | Batch 400 | Diff Loss 0.2694
Epoch 31 | Batch 500 | Diff Loss 0.3035
Epoch 31 | Batch 600 | Diff Loss 0.2787
Epoch 31 | Batch 700 | Diff Loss 0.2768
Epoch 31 | Batch 800 | Diff Loss 0.2749
Epoch 31 | Batch 900 | Diff Loss 0.2585
Epoch 31 | Batch 1000 | Diff Loss 0.2779
Epoch 31 | Batch 1100 | Diff Loss 0.2927
Epoch 31 | Batch 1200 | Diff Loss 0.2625
Epoch 31 | Batch 1300 | Diff Loss 0.2807
Epoch 31 | Batch 1400 | Diff Loss 0.2768
Epoch 31 | Batch 1500 | Diff Loss 0.2775
Epoch 31 | Batch 1600 | Diff Loss 0.2541
Epoch 31 | Batch 1700 | Diff Loss 0.2713
Epoch 31 | Batch 1800 | Diff Loss 0.2775
Epoch 31 | Batch 1900 | Diff Loss 0.2609
Epoch 31 | Batch 2000 | Diff Loss 0.2868
Epoch 31 | Batch 2100 | Diff Loss 0.2680
Epoch 31 | Batch 2200 | Diff Loss 0.2809
Epoch 31 | Batch 2300 | Diff Loss 0.2735
Epoch 31 | Batch 2400 | Diff Loss 0.2877
Epoch 31 | Batch 2500 | Diff Loss 0.2792
Epoch 31 | Batch 2600 | Diff Loss 0.2665
Epoch 31 Done. Loss: 0.2722. Time: 133.8s
Epoch 32 | Batch 0 | Diff Loss 0.2506
Epoch 32 | Batch 100 | Diff Loss 0.2670
Epoch 32 | Batch 200 | Diff Loss 0.2666
Epoch 32 | Batch 300 | Diff Loss 0.2766
Epoch 32 | Batch 400 | Diff Loss 0.2693
Epoch 32 | Batch 500 | Diff Loss 0.2774
Epoch 32 | Batch 600 | Diff Loss 0.2691
Epoch 32 | Batch 700 | Diff Loss 0.2895
Epoch 32 | Batch 800 | Diff Loss 0.2781
Epoch 32 | Batch 900 | Diff Loss 0.2582
Epoch 32 | Batch 1000 | Diff Loss 0.2989
Epoch 32 | Batch 1100 | Diff Loss 0.2659
Epoch 32 | Batch 1200 | Diff Loss 0.2645
Epoch 32 | Batch 1300 | Diff Loss 0.2553
Epoch 32 | Batch 1400 | Diff Loss 0.2556
Epoch 32 | Batch 1500 | Diff Loss 0.2599
Epoch 32 | Batch 1600 | Diff Loss 0.2562
Epoch 32 | Batch 1700 | Diff Loss 0.2799
Epoch 32 | Batch 1800 | Diff Loss 0.2830
Epoch 32 | Batch 1900 | Diff Loss 0.2843
Epoch 32 | Batch 2000 | Diff Loss 0.2889
Epoch 32 | Batch 2100 | Diff Loss 0.2771
Epoch 32 | Batch 2200 | Diff Loss 0.2788
Epoch 32 | Batch 2300 | Diff Loss 0.2643
Epoch 32 | Batch 2400 | Diff Loss 0.2913
Epoch 32 | Batch 2500 | Diff Loss 0.2692
Epoch 32 | Batch 2600 | Diff Loss 0.2676
Epoch 32 Done. Loss: 0.2713. Time: 134.4s
Epoch 33 | Batch 0 | Diff Loss 0.2844
Epoch 33 | Batch 100 | Diff Loss 0.2844
Epoch 33 | Batch 200 | Diff Loss 0.2558
Epoch 33 | Batch 300 | Diff Loss 0.2947
Epoch 33 | Batch 400 | Diff Loss 0.2666
Epoch 33 | Batch 500 | Diff Loss 0.2708
Epoch 33 | Batch 600 | Diff Loss 0.2716
Epoch 33 | Batch 700 | Diff Loss 0.2701
Epoch 33 | Batch 800 | Diff Loss 0.2712
Epoch 33 | Batch 900 | Diff Loss 0.2448
Epoch 33 | Batch 1000 | Diff Loss 0.2741
Epoch 33 | Batch 1100 | Diff Loss 0.2721
Epoch 33 | Batch 1200 | Diff Loss 0.2863
Epoch 33 | Batch 1300 | Diff Loss 0.2605
Epoch 33 | Batch 1400 | Diff Loss 0.2485
Epoch 33 | Batch 1500 | Diff Loss 0.2850
Epoch 33 | Batch 1600 | Diff Loss 0.2604
Epoch 33 | Batch 1700 | Diff Loss 0.2543
Epoch 33 | Batch 1800 | Diff Loss 0.2841
Epoch 33 | Batch 1900 | Diff Loss 0.2670
Epoch 33 | Batch 2000 | Diff Loss 0.2813
Epoch 33 | Batch 2100 | Diff Loss 0.2790
Epoch 33 | Batch 2200 | Diff Loss 0.2694
Epoch 33 | Batch 2300 | Diff Loss 0.2756
Epoch 33 | Batch 2400 | Diff Loss 0.2755
Epoch 33 | Batch 2500 | Diff Loss 0.2872
Epoch 33 | Batch 2600 | Diff Loss 0.2737
Epoch 33 Done. Loss: 0.2711. Time: 133.6s
Epoch 34 | Batch 0 | Diff Loss 0.2710
Epoch 34 | Batch 100 | Diff Loss 0.2838
Epoch 34 | Batch 200 | Diff Loss 0.2734
Epoch 34 | Batch 300 | Diff Loss 0.2998
Epoch 34 | Batch 400 | Diff Loss 0.2664
Epoch 34 | Batch 500 | Diff Loss 0.2606
Epoch 34 | Batch 600 | Diff Loss 0.2778
Epoch 34 | Batch 700 | Diff Loss 0.2754
Epoch 34 | Batch 800 | Diff Loss 0.2786
Epoch 34 | Batch 900 | Diff Loss 0.2740
Epoch 34 | Batch 1000 | Diff Loss 0.2851
Epoch 34 | Batch 1100 | Diff Loss 0.2681
Epoch 34 | Batch 1200 | Diff Loss 0.2689
Epoch 34 | Batch 1300 | Diff Loss 0.2736
Epoch 34 | Batch 1400 | Diff Loss 0.2590
Epoch 34 | Batch 1500 | Diff Loss 0.2606
Epoch 34 | Batch 1600 | Diff Loss 0.2867
Epoch 34 | Batch 1700 | Diff Loss 0.2772
Epoch 34 | Batch 1800 | Diff Loss 0.2765
Epoch 34 | Batch 1900 | Diff Loss 0.2551
Epoch 34 | Batch 2000 | Diff Loss 0.2624
Epoch 34 | Batch 2100 | Diff Loss 0.2727
Epoch 34 | Batch 2200 | Diff Loss 0.2716
Epoch 34 | Batch 2300 | Diff Loss 0.2647
Epoch 34 | Batch 2400 | Diff Loss 0.2711
Epoch 34 | Batch 2500 | Diff Loss 0.2686
Epoch 34 | Batch 2600 | Diff Loss 0.2664
Epoch 34 Done. Loss: 0.2702. Time: 134.2s
Epoch 35 | Batch 0 | Diff Loss 0.2710
Epoch 35 | Batch 100 | Diff Loss 0.2693
Epoch 35 | Batch 200 | Diff Loss 0.2842
Epoch 35 | Batch 300 | Diff Loss 0.2640
Epoch 35 | Batch 400 | Diff Loss 0.2621
Epoch 35 | Batch 500 | Diff Loss 0.2628
Epoch 35 | Batch 600 | Diff Loss 0.2937
Epoch 35 | Batch 700 | Diff Loss 0.2760
Epoch 35 | Batch 800 | Diff Loss 0.2570
Epoch 35 | Batch 900 | Diff Loss 0.2818
Epoch 35 | Batch 1000 | Diff Loss 0.2642
Epoch 35 | Batch 1100 | Diff Loss 0.2689
Epoch 35 | Batch 1200 | Diff Loss 0.2694
Epoch 35 | Batch 1300 | Diff Loss 0.2787
Epoch 35 | Batch 1400 | Diff Loss 0.2653
Epoch 35 | Batch 1500 | Diff Loss 0.2635
Epoch 35 | Batch 1600 | Diff Loss 0.2873
Epoch 35 | Batch 1700 | Diff Loss 0.2566
Epoch 35 | Batch 1800 | Diff Loss 0.2800
Epoch 35 | Batch 1900 | Diff Loss 0.2694
Epoch 35 | Batch 2000 | Diff Loss 0.2688
Epoch 35 | Batch 2100 | Diff Loss 0.2705
Epoch 35 | Batch 2200 | Diff Loss 0.2550
Epoch 35 | Batch 2300 | Diff Loss 0.2855
Epoch 35 | Batch 2400 | Diff Loss 0.2649
Epoch 35 | Batch 2500 | Diff Loss 0.2842
Epoch 35 | Batch 2600 | Diff Loss 0.2810
Epoch 35 Done. Loss: 0.2699. Time: 133.9s
Epoch 36 | Batch 0 | Diff Loss 0.2861
Epoch 36 | Batch 100 | Diff Loss 0.2513
Epoch 36 | Batch 200 | Diff Loss 0.2674
Epoch 36 | Batch 300 | Diff Loss 0.2735
Epoch 36 | Batch 400 | Diff Loss 0.2718
Epoch 36 | Batch 500 | Diff Loss 0.2816
Epoch 36 | Batch 600 | Diff Loss 0.2799
Epoch 36 | Batch 700 | Diff Loss 0.2582
Epoch 36 | Batch 800 | Diff Loss 0.2575
Epoch 36 | Batch 900 | Diff Loss 0.2670
Epoch 36 | Batch 1000 | Diff Loss 0.2740
Epoch 36 | Batch 1100 | Diff Loss 0.2848
Epoch 36 | Batch 1200 | Diff Loss 0.2540
Epoch 36 | Batch 1300 | Diff Loss 0.2756
Epoch 36 | Batch 1400 | Diff Loss 0.2742
Epoch 36 | Batch 1500 | Diff Loss 0.2582
Epoch 36 | Batch 1600 | Diff Loss 0.2855
Epoch 36 | Batch 1700 | Diff Loss 0.2562
Epoch 36 | Batch 1800 | Diff Loss 0.2751
Epoch 36 | Batch 1900 | Diff Loss 0.2604
Epoch 36 | Batch 2000 | Diff Loss 0.2797
Epoch 36 | Batch 2100 | Diff Loss 0.2682
Epoch 36 | Batch 2200 | Diff Loss 0.2797
Epoch 36 | Batch 2300 | Diff Loss 0.2778
Epoch 36 | Batch 2400 | Diff Loss 0.2641
Epoch 36 | Batch 2500 | Diff Loss 0.2761
Epoch 36 | Batch 2600 | Diff Loss 0.2574
Epoch 36 Done. Loss: 0.2693. Time: 133.5s
Epoch 37 | Batch 0 | Diff Loss 0.2766
Epoch 37 | Batch 100 | Diff Loss 0.2538
Epoch 37 | Batch 200 | Diff Loss 0.2752
Epoch 37 | Batch 300 | Diff Loss 0.2756
Epoch 37 | Batch 400 | Diff Loss 0.2716
Epoch 37 | Batch 500 | Diff Loss 0.2740
Epoch 37 | Batch 600 | Diff Loss 0.2705
Epoch 37 | Batch 700 | Diff Loss 0.2755
Epoch 37 | Batch 800 | Diff Loss 0.2670
Epoch 37 | Batch 900 | Diff Loss 0.2548
Epoch 37 | Batch 1000 | Diff Loss 0.2845
Epoch 37 | Batch 1100 | Diff Loss 0.2686
Epoch 37 | Batch 1200 | Diff Loss 0.2683
Epoch 37 | Batch 1300 | Diff Loss 0.2584
Epoch 37 | Batch 1400 | Diff Loss 0.2790
Epoch 37 | Batch 1500 | Diff Loss 0.2482
Epoch 37 | Batch 1600 | Diff Loss 0.2709
Epoch 37 | Batch 1700 | Diff Loss 0.2789
Epoch 37 | Batch 1800 | Diff Loss 0.2719
Epoch 37 | Batch 1900 | Diff Loss 0.2899
Epoch 37 | Batch 2000 | Diff Loss 0.2634
Epoch 37 | Batch 2100 | Diff Loss 0.2598
Epoch 37 | Batch 2200 | Diff Loss 0.2786
Epoch 37 | Batch 2300 | Diff Loss 0.2614
Epoch 37 | Batch 2400 | Diff Loss 0.2694
Epoch 37 | Batch 2500 | Diff Loss 0.2583
Epoch 37 | Batch 2600 | Diff Loss 0.2707
Epoch 37 Done. Loss: 0.2690. Time: 133.4s
Epoch 38 | Batch 0 | Diff Loss 0.3074
Epoch 38 | Batch 100 | Diff Loss 0.2603
Epoch 38 | Batch 200 | Diff Loss 0.2544
Epoch 38 | Batch 300 | Diff Loss 0.2716
Epoch 38 | Batch 400 | Diff Loss 0.2817
Epoch 38 | Batch 500 | Diff Loss 0.2489
Epoch 38 | Batch 600 | Diff Loss 0.2681
Epoch 38 | Batch 700 | Diff Loss 0.2617
Epoch 38 | Batch 800 | Diff Loss 0.2706
Epoch 38 | Batch 900 | Diff Loss 0.2769
Epoch 38 | Batch 1000 | Diff Loss 0.2772
Epoch 38 | Batch 1100 | Diff Loss 0.2391
Epoch 38 | Batch 1200 | Diff Loss 0.2666
Epoch 38 | Batch 1300 | Diff Loss 0.2757
Epoch 38 | Batch 1400 | Diff Loss 0.2815
Epoch 38 | Batch 1500 | Diff Loss 0.2619
Epoch 38 | Batch 1600 | Diff Loss 0.2668
Epoch 38 | Batch 1700 | Diff Loss 0.2559
Epoch 38 | Batch 1800 | Diff Loss 0.2769
Epoch 38 | Batch 1900 | Diff Loss 0.2920
Epoch 38 | Batch 2000 | Diff Loss 0.2620
Epoch 38 | Batch 2100 | Diff Loss 0.2691
Epoch 38 | Batch 2200 | Diff Loss 0.2598
Epoch 38 | Batch 2300 | Diff Loss 0.2746
Epoch 38 | Batch 2400 | Diff Loss 0.2579
Epoch 38 | Batch 2500 | Diff Loss 0.2608
Epoch 38 | Batch 2600 | Diff Loss 0.2641
Epoch 38 Done. Loss: 0.2684. Time: 134.0s
Epoch 39 | Batch 0 | Diff Loss 0.2651
Epoch 39 | Batch 100 | Diff Loss 0.2670
Epoch 39 | Batch 200 | Diff Loss 0.2646
Epoch 39 | Batch 300 | Diff Loss 0.2560
Epoch 39 | Batch 400 | Diff Loss 0.2681
Epoch 39 | Batch 500 | Diff Loss 0.2691
Epoch 39 | Batch 600 | Diff Loss 0.2809
Epoch 39 | Batch 700 | Diff Loss 0.2569
Epoch 39 | Batch 800 | Diff Loss 0.2800
Epoch 39 | Batch 900 | Diff Loss 0.2683
Epoch 39 | Batch 1000 | Diff Loss 0.2497
Epoch 39 | Batch 1100 | Diff Loss 0.2518
Epoch 39 | Batch 1200 | Diff Loss 0.2512
Epoch 39 | Batch 1300 | Diff Loss 0.2533
Epoch 39 | Batch 1400 | Diff Loss 0.2464
Epoch 39 | Batch 1500 | Diff Loss 0.2509
Epoch 39 | Batch 1600 | Diff Loss 0.2641
Epoch 39 | Batch 1700 | Diff Loss 0.2623
Epoch 39 | Batch 1800 | Diff Loss 0.2558
Epoch 39 | Batch 1900 | Diff Loss 0.2718
Epoch 39 | Batch 2000 | Diff Loss 0.2687
Epoch 39 | Batch 2100 | Diff Loss 0.2562
Epoch 39 | Batch 2200 | Diff Loss 0.2774
Epoch 39 | Batch 2300 | Diff Loss 0.2795
Epoch 39 | Batch 2400 | Diff Loss 0.2623
Epoch 39 | Batch 2500 | Diff Loss 0.2900
Epoch 39 | Batch 2600 | Diff Loss 0.2749
Epoch 39 Done. Loss: 0.2678. Time: 133.9s
Epoch 40 | Batch 0 | Diff Loss 0.2749
Epoch 40 | Batch 100 | Diff Loss 0.2594
Epoch 40 | Batch 200 | Diff Loss 0.2695
Epoch 40 | Batch 300 | Diff Loss 0.2668
Epoch 40 | Batch 400 | Diff Loss 0.2587
Epoch 40 | Batch 500 | Diff Loss 0.2576
Epoch 40 | Batch 600 | Diff Loss 0.2743
Epoch 40 | Batch 700 | Diff Loss 0.2551
Epoch 40 | Batch 800 | Diff Loss 0.2615
Epoch 40 | Batch 900 | Diff Loss 0.2865
Epoch 40 | Batch 1000 | Diff Loss 0.2803
Epoch 40 | Batch 1100 | Diff Loss 0.2599
Epoch 40 | Batch 1200 | Diff Loss 0.2786
Epoch 40 | Batch 1300 | Diff Loss 0.2565
Epoch 40 | Batch 1400 | Diff Loss 0.2651
Epoch 40 | Batch 1500 | Diff Loss 0.2637
Epoch 40 | Batch 1600 | Diff Loss 0.2740
Epoch 40 | Batch 1700 | Diff Loss 0.2614
Epoch 40 | Batch 1800 | Diff Loss 0.2631
Epoch 40 | Batch 1900 | Diff Loss 0.2563
Epoch 40 | Batch 2000 | Diff Loss 0.2838
Epoch 40 | Batch 2100 | Diff Loss 0.2747
Epoch 40 | Batch 2200 | Diff Loss 0.2465
Epoch 40 | Batch 2300 | Diff Loss 0.2638
Epoch 40 | Batch 2400 | Diff Loss 0.2679
Epoch 40 | Batch 2500 | Diff Loss 0.2464
Epoch 40 | Batch 2600 | Diff Loss 0.2668
Epoch 40 Done. Loss: 0.2671. Time: 134.5s
Epoch 41 | Batch 0 | Diff Loss 0.2628
Epoch 41 | Batch 100 | Diff Loss 0.2725
Epoch 41 | Batch 200 | Diff Loss 0.2466
Epoch 41 | Batch 300 | Diff Loss 0.2729
Epoch 41 | Batch 400 | Diff Loss 0.2540
Epoch 41 | Batch 500 | Diff Loss 0.2840
Epoch 41 | Batch 600 | Diff Loss 0.2651
Epoch 41 | Batch 700 | Diff Loss 0.2642
Epoch 41 | Batch 800 | Diff Loss 0.2690
Epoch 41 | Batch 900 | Diff Loss 0.2465
Epoch 41 | Batch 1000 | Diff Loss 0.2617
Epoch 41 | Batch 1100 | Diff Loss 0.2862
Epoch 41 | Batch 1200 | Diff Loss 0.2639
Epoch 41 | Batch 1300 | Diff Loss 0.2694
Epoch 41 | Batch 1400 | Diff Loss 0.2646
Epoch 41 | Batch 1500 | Diff Loss 0.2835
Epoch 41 | Batch 1600 | Diff Loss 0.2778
Epoch 41 | Batch 1700 | Diff Loss 0.2566
Epoch 41 | Batch 1800 | Diff Loss 0.2464
Epoch 41 | Batch 1900 | Diff Loss 0.2676
Epoch 41 | Batch 2000 | Diff Loss 0.2671
Epoch 41 | Batch 2100 | Diff Loss 0.2799
Epoch 41 | Batch 2200 | Diff Loss 0.2836
Epoch 41 | Batch 2300 | Diff Loss 0.2605
Epoch 41 | Batch 2400 | Diff Loss 0.2597
Epoch 41 | Batch 2500 | Diff Loss 0.2733
Epoch 41 | Batch 2600 | Diff Loss 0.2463
Epoch 41 Done. Loss: 0.2672. Time: 134.6s
Epoch 42 | Batch 0 | Diff Loss 0.2747
Epoch 42 | Batch 100 | Diff Loss 0.2606
Epoch 42 | Batch 200 | Diff Loss 0.2751
Epoch 42 | Batch 300 | Diff Loss 0.2722
Epoch 42 | Batch 400 | Diff Loss 0.2864
Epoch 42 | Batch 500 | Diff Loss 0.2531
Epoch 42 | Batch 600 | Diff Loss 0.2872
Epoch 42 | Batch 700 | Diff Loss 0.2774
Epoch 42 | Batch 800 | Diff Loss 0.2485
Epoch 42 | Batch 900 | Diff Loss 0.2541
Epoch 42 | Batch 1000 | Diff Loss 0.2777
Epoch 42 | Batch 1100 | Diff Loss 0.2612
Epoch 42 | Batch 1200 | Diff Loss 0.2718
Epoch 42 | Batch 1300 | Diff Loss 0.2931
Epoch 42 | Batch 1400 | Diff Loss 0.2976
Epoch 42 | Batch 1500 | Diff Loss 0.2679
Epoch 42 | Batch 1600 | Diff Loss 0.2576
Epoch 42 | Batch 1700 | Diff Loss 0.2442
Epoch 42 | Batch 1800 | Diff Loss 0.2697
Epoch 42 | Batch 1900 | Diff Loss 0.2611
Epoch 42 | Batch 2000 | Diff Loss 0.2630
Epoch 42 | Batch 2100 | Diff Loss 0.2641
Epoch 42 | Batch 2200 | Diff Loss 0.2766
Epoch 42 | Batch 2300 | Diff Loss 0.2902
Epoch 42 | Batch 2400 | Diff Loss 0.2635
Epoch 42 | Batch 2500 | Diff Loss 0.2584
Epoch 42 | Batch 2600 | Diff Loss 0.2685
Epoch 42 Done. Loss: 0.2665. Time: 133.8s
Epoch 43 | Batch 0 | Diff Loss 0.2576
Epoch 43 | Batch 100 | Diff Loss 0.2742
Epoch 43 | Batch 200 | Diff Loss 0.2625
Epoch 43 | Batch 300 | Diff Loss 0.2753
Epoch 43 | Batch 400 | Diff Loss 0.2634
Epoch 43 | Batch 500 | Diff Loss 0.2569
Epoch 43 | Batch 600 | Diff Loss 0.2862
Epoch 43 | Batch 700 | Diff Loss 0.2832
Epoch 43 | Batch 800 | Diff Loss 0.2627
Epoch 43 | Batch 900 | Diff Loss 0.2699
Epoch 43 | Batch 1000 | Diff Loss 0.2664
Epoch 43 | Batch 1100 | Diff Loss 0.2590
Epoch 43 | Batch 1200 | Diff Loss 0.2534
Epoch 43 | Batch 1300 | Diff Loss 0.2582
Epoch 43 | Batch 1400 | Diff Loss 0.2711
Epoch 43 | Batch 1500 | Diff Loss 0.2613
Epoch 43 | Batch 1600 | Diff Loss 0.2865
Epoch 43 | Batch 1700 | Diff Loss 0.2829
Epoch 43 | Batch 1800 | Diff Loss 0.2567
Epoch 43 | Batch 1900 | Diff Loss 0.2676
Epoch 43 | Batch 2000 | Diff Loss 0.2476
Epoch 43 | Batch 2100 | Diff Loss 0.2797
Epoch 43 | Batch 2200 | Diff Loss 0.2381
Epoch 43 | Batch 2300 | Diff Loss 0.2756
Epoch 43 | Batch 2400 | Diff Loss 0.2629
Epoch 43 | Batch 2500 | Diff Loss 0.2687
Epoch 43 | Batch 2600 | Diff Loss 0.2849
Epoch 43 Done. Loss: 0.2662. Time: 133.9s
Epoch 44 | Batch 0 | Diff Loss 0.2877
Epoch 44 | Batch 100 | Diff Loss 0.2602
Epoch 44 | Batch 200 | Diff Loss 0.2536
Epoch 44 | Batch 300 | Diff Loss 0.2713
Epoch 44 | Batch 400 | Diff Loss 0.2726
Epoch 44 | Batch 500 | Diff Loss 0.2830
Epoch 44 | Batch 600 | Diff Loss 0.2616
Epoch 44 | Batch 700 | Diff Loss 0.2788
Epoch 44 | Batch 800 | Diff Loss 0.2827
Epoch 44 | Batch 900 | Diff Loss 0.2702
Epoch 44 | Batch 1000 | Diff Loss 0.2749
Epoch 44 | Batch 1100 | Diff Loss 0.2790
Epoch 44 | Batch 1200 | Diff Loss 0.2627
Epoch 44 | Batch 1300 | Diff Loss 0.2749
Epoch 44 | Batch 1400 | Diff Loss 0.2654
Epoch 44 | Batch 1500 | Diff Loss 0.2713
Epoch 44 | Batch 1600 | Diff Loss 0.2653
Epoch 44 | Batch 1700 | Diff Loss 0.2676
Epoch 44 | Batch 1800 | Diff Loss 0.2718
Epoch 44 | Batch 1900 | Diff Loss 0.2594
Epoch 44 | Batch 2000 | Diff Loss 0.2488
Epoch 44 | Batch 2100 | Diff Loss 0.2642
Epoch 44 | Batch 2200 | Diff Loss 0.2642
Epoch 44 | Batch 2300 | Diff Loss 0.2545
Epoch 44 | Batch 2400 | Diff Loss 0.2878
Epoch 44 | Batch 2500 | Diff Loss 0.2703
Epoch 44 | Batch 2600 | Diff Loss 0.2670
Epoch 44 Done. Loss: 0.2659. Time: 133.5s
Epoch 45 | Batch 0 | Diff Loss 0.2642
Epoch 45 | Batch 100 | Diff Loss 0.2582
Epoch 45 | Batch 200 | Diff Loss 0.2728
Epoch 45 | Batch 300 | Diff Loss 0.2743
Epoch 45 | Batch 400 | Diff Loss 0.2879
Epoch 45 | Batch 500 | Diff Loss 0.2561
Epoch 45 | Batch 600 | Diff Loss 0.2733
Epoch 45 | Batch 700 | Diff Loss 0.2765
Epoch 45 | Batch 800 | Diff Loss 0.2674
Epoch 45 | Batch 900 | Diff Loss 0.2692
Epoch 45 | Batch 1000 | Diff Loss 0.2789
Epoch 45 | Batch 1100 | Diff Loss 0.2884
Epoch 45 | Batch 1200 | Diff Loss 0.2631
Epoch 45 | Batch 1300 | Diff Loss 0.2521
Epoch 45 | Batch 1400 | Diff Loss 0.2585
Epoch 45 | Batch 1500 | Diff Loss 0.2584
Epoch 45 | Batch 1600 | Diff Loss 0.2463
Epoch 45 | Batch 1700 | Diff Loss 0.2529
Epoch 45 | Batch 1800 | Diff Loss 0.2636
Epoch 45 | Batch 1900 | Diff Loss 0.2481
Epoch 45 | Batch 2000 | Diff Loss 0.2764
Epoch 45 | Batch 2100 | Diff Loss 0.2607
Epoch 45 | Batch 2200 | Diff Loss 0.2428
Epoch 45 | Batch 2300 | Diff Loss 0.2597
Epoch 45 | Batch 2400 | Diff Loss 0.2798
Epoch 45 | Batch 2500 | Diff Loss 0.2571
Epoch 45 | Batch 2600 | Diff Loss 0.2691
Epoch 45 Done. Loss: 0.2653. Time: 133.9s
Epoch 46 | Batch 0 | Diff Loss 0.2741
Epoch 46 | Batch 100 | Diff Loss 0.2635
Epoch 46 | Batch 200 | Diff Loss 0.2648
Epoch 46 | Batch 300 | Diff Loss 0.2609
Epoch 46 | Batch 400 | Diff Loss 0.2528
Epoch 46 | Batch 500 | Diff Loss 0.2780
Epoch 46 | Batch 600 | Diff Loss 0.2532
Epoch 46 | Batch 700 | Diff Loss 0.2432
Epoch 46 | Batch 800 | Diff Loss 0.2610
Epoch 46 | Batch 900 | Diff Loss 0.2659
Epoch 46 | Batch 1000 | Diff Loss 0.2458
Epoch 46 | Batch 1100 | Diff Loss 0.2536
Epoch 46 | Batch 1200 | Diff Loss 0.2669
Epoch 46 | Batch 1300 | Diff Loss 0.2618
Epoch 46 | Batch 1400 | Diff Loss 0.2659
Epoch 46 | Batch 1500 | Diff Loss 0.2817
Epoch 46 | Batch 1600 | Diff Loss 0.2422
Epoch 46 | Batch 1700 | Diff Loss 0.2590
Epoch 46 | Batch 1800 | Diff Loss 0.2797
Epoch 46 | Batch 1900 | Diff Loss 0.2532
Epoch 46 | Batch 2000 | Diff Loss 0.2495
Epoch 46 | Batch 2100 | Diff Loss 0.2519
Epoch 46 | Batch 2200 | Diff Loss 0.2563
Epoch 46 | Batch 2300 | Diff Loss 0.2842
Epoch 46 | Batch 2400 | Diff Loss 0.2847
Epoch 46 | Batch 2500 | Diff Loss 0.2607
Epoch 46 | Batch 2600 | Diff Loss 0.2692
Epoch 46 Done. Loss: 0.2647. Time: 133.8s
Epoch 47 | Batch 0 | Diff Loss 0.2617
Epoch 47 | Batch 100 | Diff Loss 0.2756
Epoch 47 | Batch 200 | Diff Loss 0.2624
Epoch 47 | Batch 300 | Diff Loss 0.2781
Epoch 47 | Batch 400 | Diff Loss 0.2645
Epoch 47 | Batch 500 | Diff Loss 0.2737
Epoch 47 | Batch 600 | Diff Loss 0.2783
Epoch 47 | Batch 700 | Diff Loss 0.2801
Epoch 47 | Batch 800 | Diff Loss 0.2810
Epoch 47 | Batch 900 | Diff Loss 0.2635
Epoch 47 | Batch 1000 | Diff Loss 0.2439
Epoch 47 | Batch 1100 | Diff Loss 0.2680
Epoch 47 | Batch 1200 | Diff Loss 0.2705
Epoch 47 | Batch 1300 | Diff Loss 0.2698
Epoch 47 | Batch 1400 | Diff Loss 0.2593
Epoch 47 | Batch 1500 | Diff Loss 0.2635
Epoch 47 | Batch 1600 | Diff Loss 0.2447
Epoch 47 | Batch 1700 | Diff Loss 0.2496
Epoch 47 | Batch 1800 | Diff Loss 0.2667
Epoch 47 | Batch 1900 | Diff Loss 0.2688
Epoch 47 | Batch 2000 | Diff Loss 0.2681
Epoch 47 | Batch 2100 | Diff Loss 0.2646
Epoch 47 | Batch 2200 | Diff Loss 0.2557
Epoch 47 | Batch 2300 | Diff Loss 0.2716
Epoch 47 | Batch 2400 | Diff Loss 0.2625
Epoch 47 | Batch 2500 | Diff Loss 0.2579
Epoch 47 | Batch 2600 | Diff Loss 0.2693
Epoch 47 Done. Loss: 0.2645. Time: 134.3s
Epoch 48 | Batch 0 | Diff Loss 0.2496
Epoch 48 | Batch 100 | Diff Loss 0.2511
Epoch 48 | Batch 200 | Diff Loss 0.2563
Epoch 48 | Batch 300 | Diff Loss 0.2609
Epoch 48 | Batch 400 | Diff Loss 0.2652
Epoch 48 | Batch 500 | Diff Loss 0.2912
Epoch 48 | Batch 600 | Diff Loss 0.2846
Epoch 48 | Batch 700 | Diff Loss 0.2665
Epoch 48 | Batch 800 | Diff Loss 0.2449
Epoch 48 | Batch 900 | Diff Loss 0.2479
Epoch 48 | Batch 1000 | Diff Loss 0.2588
Epoch 48 | Batch 1100 | Diff Loss 0.2600
Epoch 48 | Batch 1200 | Diff Loss 0.2624
Epoch 48 | Batch 1300 | Diff Loss 0.2627
Epoch 48 | Batch 1400 | Diff Loss 0.2656
Epoch 48 | Batch 1500 | Diff Loss 0.2643
Epoch 48 | Batch 1600 | Diff Loss 0.2684
Epoch 48 | Batch 1700 | Diff Loss 0.2763
Epoch 48 | Batch 1800 | Diff Loss 0.2817
Epoch 48 | Batch 1900 | Diff Loss 0.2818
Epoch 48 | Batch 2000 | Diff Loss 0.2590
Epoch 48 | Batch 2100 | Diff Loss 0.2755
Epoch 48 | Batch 2200 | Diff Loss 0.2783
Epoch 48 | Batch 2300 | Diff Loss 0.2574
Epoch 48 | Batch 2400 | Diff Loss 0.2585
Epoch 48 | Batch 2500 | Diff Loss 0.2849
Epoch 48 | Batch 2600 | Diff Loss 0.2519
Epoch 48 Done. Loss: 0.2642. Time: 134.3s
Epoch 49 | Batch 0 | Diff Loss 0.2592
Epoch 49 | Batch 100 | Diff Loss 0.2624
Epoch 49 | Batch 200 | Diff Loss 0.2632
Epoch 49 | Batch 300 | Diff Loss 0.2702
Epoch 49 | Batch 400 | Diff Loss 0.2693
Epoch 49 | Batch 500 | Diff Loss 0.2689
Epoch 49 | Batch 600 | Diff Loss 0.2533
Epoch 49 | Batch 700 | Diff Loss 0.2839
Epoch 49 | Batch 800 | Diff Loss 0.2607
Epoch 49 | Batch 900 | Diff Loss 0.2725
Epoch 49 | Batch 1000 | Diff Loss 0.2653
Epoch 49 | Batch 1100 | Diff Loss 0.2636
Epoch 49 | Batch 1200 | Diff Loss 0.2917
Epoch 49 | Batch 1300 | Diff Loss 0.2817
Epoch 49 | Batch 1400 | Diff Loss 0.2652
Epoch 49 | Batch 1500 | Diff Loss 0.2705
Epoch 49 | Batch 1600 | Diff Loss 0.2561
Epoch 49 | Batch 1700 | Diff Loss 0.2702
Epoch 49 | Batch 1800 | Diff Loss 0.2801
Epoch 49 | Batch 1900 | Diff Loss 0.2573
Epoch 49 | Batch 2000 | Diff Loss 0.2470
Epoch 49 | Batch 2100 | Diff Loss 0.2637
Epoch 49 | Batch 2200 | Diff Loss 0.2421
Epoch 49 | Batch 2300 | Diff Loss 0.2680
Epoch 49 | Batch 2400 | Diff Loss 0.2597
Epoch 49 | Batch 2500 | Diff Loss 0.2594
Epoch 49 | Batch 2600 | Diff Loss 0.2700
Epoch 49 Done. Loss: 0.2640. Time: 133.8s
Epoch 50 | Batch 0 | Diff Loss 0.2585
Epoch 50 | Batch 100 | Diff Loss 0.2796
Epoch 50 | Batch 200 | Diff Loss 0.2469
Epoch 50 | Batch 300 | Diff Loss 0.2776
Epoch 50 | Batch 400 | Diff Loss 0.2679
Epoch 50 | Batch 500 | Diff Loss 0.2493
Epoch 50 | Batch 600 | Diff Loss 0.2496
Epoch 50 | Batch 700 | Diff Loss 0.2401
Epoch 50 | Batch 800 | Diff Loss 0.2574
Epoch 50 | Batch 900 | Diff Loss 0.2623
Epoch 50 | Batch 1000 | Diff Loss 0.2627
Epoch 50 | Batch 1100 | Diff Loss 0.2487
Epoch 50 | Batch 1200 | Diff Loss 0.2688
Epoch 50 | Batch 1300 | Diff Loss 0.2671
Epoch 50 | Batch 1400 | Diff Loss 0.2767
Epoch 50 | Batch 1500 | Diff Loss 0.2510
Epoch 50 | Batch 1600 | Diff Loss 0.2416
Epoch 50 | Batch 1700 | Diff Loss 0.2618
Epoch 50 | Batch 1800 | Diff Loss 0.2813
Epoch 50 | Batch 1900 | Diff Loss 0.2920
Epoch 50 | Batch 2000 | Diff Loss 0.2603
Epoch 50 | Batch 2100 | Diff Loss 0.2675
Epoch 50 | Batch 2200 | Diff Loss 0.2489
Epoch 50 | Batch 2300 | Diff Loss 0.2620
Epoch 50 | Batch 2400 | Diff Loss 0.2672
Epoch 50 | Batch 2500 | Diff Loss 0.2550
Epoch 50 | Batch 2600 | Diff Loss 0.2665
Epoch 50 Done. Loss: 0.2636. Time: 134.0s
Epoch 51 | Batch 0 | Diff Loss 0.2607
Epoch 51 | Batch 100 | Diff Loss 0.2632
Epoch 51 | Batch 200 | Diff Loss 0.2635
Epoch 51 | Batch 300 | Diff Loss 0.2473
Epoch 51 | Batch 400 | Diff Loss 0.2640
Epoch 51 | Batch 500 | Diff Loss 0.2595
Epoch 51 | Batch 600 | Diff Loss 0.2453
Epoch 51 | Batch 700 | Diff Loss 0.2574
Epoch 51 | Batch 800 | Diff Loss 0.2694
Epoch 51 | Batch 900 | Diff Loss 0.2648
Epoch 51 | Batch 1000 | Diff Loss 0.2640
Epoch 51 | Batch 1100 | Diff Loss 0.2598
Epoch 51 | Batch 1200 | Diff Loss 0.2578
Epoch 51 | Batch 1300 | Diff Loss 0.2560
Epoch 51 | Batch 1400 | Diff Loss 0.2596
Epoch 51 | Batch 1500 | Diff Loss 0.2600
Epoch 51 | Batch 1600 | Diff Loss 0.2728
Epoch 51 | Batch 1700 | Diff Loss 0.2764
Epoch 51 | Batch 1800 | Diff Loss 0.2635
Epoch 51 | Batch 1900 | Diff Loss 0.2542
Epoch 51 | Batch 2000 | Diff Loss 0.2737
Epoch 51 | Batch 2100 | Diff Loss 0.2617
Epoch 51 | Batch 2200 | Diff Loss 0.2729
Epoch 51 | Batch 2300 | Diff Loss 0.2460
Epoch 51 | Batch 2400 | Diff Loss 0.2444
Epoch 51 | Batch 2500 | Diff Loss 0.2665
Epoch 51 | Batch 2600 | Diff Loss 0.2569
Epoch 51 Done. Loss: 0.2629. Time: 134.0s
Epoch 52 | Batch 0 | Diff Loss 0.2634
Epoch 52 | Batch 100 | Diff Loss 0.2530
Epoch 52 | Batch 200 | Diff Loss 0.2619
Epoch 52 | Batch 300 | Diff Loss 0.2756
Epoch 52 | Batch 400 | Diff Loss 0.2663
Epoch 52 | Batch 500 | Diff Loss 0.2467
Epoch 52 | Batch 600 | Diff Loss 0.2658
Epoch 52 | Batch 700 | Diff Loss 0.2601
Epoch 52 | Batch 800 | Diff Loss 0.2642
Epoch 52 | Batch 900 | Diff Loss 0.2735
Epoch 52 | Batch 1000 | Diff Loss 0.2612
Epoch 52 | Batch 1100 | Diff Loss 0.2533
Epoch 52 | Batch 1200 | Diff Loss 0.2493
Epoch 52 | Batch 1300 | Diff Loss 0.2446
Epoch 52 | Batch 1400 | Diff Loss 0.2711
Epoch 52 | Batch 1500 | Diff Loss 0.2478
Epoch 52 | Batch 1600 | Diff Loss 0.2562
Epoch 52 | Batch 1700 | Diff Loss 0.2762
Epoch 52 | Batch 1800 | Diff Loss 0.2491
Epoch 52 | Batch 1900 | Diff Loss 0.2611
Epoch 52 | Batch 2000 | Diff Loss 0.2663
Epoch 52 | Batch 2100 | Diff Loss 0.2523
Epoch 52 | Batch 2200 | Diff Loss 0.2619
Epoch 52 | Batch 2300 | Diff Loss 0.2711
Epoch 52 | Batch 2400 | Diff Loss 0.2511
Epoch 52 | Batch 2500 | Diff Loss 0.2670
Epoch 52 | Batch 2600 | Diff Loss 0.2666
Epoch 52 Done. Loss: 0.2631. Time: 133.6s
Epoch 53 | Batch 0 | Diff Loss 0.2898
Epoch 53 | Batch 100 | Diff Loss 0.2632
Epoch 53 | Batch 200 | Diff Loss 0.2694
Epoch 53 | Batch 300 | Diff Loss 0.2590
Epoch 53 | Batch 400 | Diff Loss 0.2748
Epoch 53 | Batch 500 | Diff Loss 0.2700
Epoch 53 | Batch 600 | Diff Loss 0.2550
Epoch 53 | Batch 700 | Diff Loss 0.2592
Epoch 53 | Batch 800 | Diff Loss 0.2707
Epoch 53 | Batch 900 | Diff Loss 0.2671
Epoch 53 | Batch 1000 | Diff Loss 0.2796
Epoch 53 | Batch 1100 | Diff Loss 0.2775
Epoch 53 | Batch 1200 | Diff Loss 0.2693
Epoch 53 | Batch 1300 | Diff Loss 0.2712
Epoch 53 | Batch 1400 | Diff Loss 0.2630
Epoch 53 | Batch 1500 | Diff Loss 0.2831
Epoch 53 | Batch 1600 | Diff Loss 0.2621
Epoch 53 | Batch 1700 | Diff Loss 0.2625
Epoch 53 | Batch 1800 | Diff Loss 0.2600
Epoch 53 | Batch 1900 | Diff Loss 0.2806
Epoch 53 | Batch 2000 | Diff Loss 0.2558
Epoch 53 | Batch 2100 | Diff Loss 0.2756
Epoch 53 | Batch 2200 | Diff Loss 0.2650
Epoch 53 | Batch 2300 | Diff Loss 0.2645
Epoch 53 | Batch 2400 | Diff Loss 0.2610
Epoch 53 | Batch 2500 | Diff Loss 0.2506
Epoch 53 | Batch 2600 | Diff Loss 0.2592
Epoch 53 Done. Loss: 0.2625. Time: 134.7s
Epoch 54 | Batch 0 | Diff Loss 0.2577
Epoch 54 | Batch 100 | Diff Loss 0.2624
Epoch 54 | Batch 200 | Diff Loss 0.2610
Epoch 54 | Batch 300 | Diff Loss 0.2391
Epoch 54 | Batch 400 | Diff Loss 0.2584
Epoch 54 | Batch 500 | Diff Loss 0.2582
Epoch 54 | Batch 600 | Diff Loss 0.2627
Epoch 54 | Batch 700 | Diff Loss 0.2562
Epoch 54 | Batch 800 | Diff Loss 0.2697
Epoch 54 | Batch 900 | Diff Loss 0.2706
Epoch 54 | Batch 1000 | Diff Loss 0.2583
Epoch 54 | Batch 1100 | Diff Loss 0.2472
Epoch 54 | Batch 1200 | Diff Loss 0.2586
Epoch 54 | Batch 1300 | Diff Loss 0.2659
Epoch 54 | Batch 1400 | Diff Loss 0.2552
Epoch 54 | Batch 1500 | Diff Loss 0.2532
Epoch 54 | Batch 1600 | Diff Loss 0.2511
Epoch 54 | Batch 1700 | Diff Loss 0.2592
Epoch 54 | Batch 1800 | Diff Loss 0.2772
Epoch 54 | Batch 1900 | Diff Loss 0.2618
Epoch 54 | Batch 2000 | Diff Loss 0.2598
Epoch 54 | Batch 2100 | Diff Loss 0.2448
Epoch 54 | Batch 2200 | Diff Loss 0.2548
Epoch 54 | Batch 2300 | Diff Loss 0.2713
Epoch 54 | Batch 2400 | Diff Loss 0.2459
Epoch 54 | Batch 2500 | Diff Loss 0.2618
Epoch 54 | Batch 2600 | Diff Loss 0.2704
Epoch 54 Done. Loss: 0.2624. Time: 134.6s
Epoch 55 | Batch 0 | Diff Loss 0.2409
Epoch 55 | Batch 100 | Diff Loss 0.2400
Epoch 55 | Batch 200 | Diff Loss 0.2678
Epoch 55 | Batch 300 | Diff Loss 0.2661
Epoch 55 | Batch 400 | Diff Loss 0.2665
Epoch 55 | Batch 500 | Diff Loss 0.2680
Epoch 55 | Batch 600 | Diff Loss 0.2665
Epoch 55 | Batch 700 | Diff Loss 0.2580
Epoch 55 | Batch 800 | Diff Loss 0.2765
Epoch 55 | Batch 900 | Diff Loss 0.2624
Epoch 55 | Batch 1000 | Diff Loss 0.2528
Epoch 55 | Batch 1100 | Diff Loss 0.2864
Epoch 55 | Batch 1200 | Diff Loss 0.2366
Epoch 55 | Batch 1300 | Diff Loss 0.2593
Epoch 55 | Batch 1400 | Diff Loss 0.2527
Epoch 55 | Batch 1500 | Diff Loss 0.2730
Epoch 55 | Batch 1600 | Diff Loss 0.2789
Epoch 55 | Batch 1700 | Diff Loss 0.2716
Epoch 55 | Batch 1800 | Diff Loss 0.2726
Epoch 55 | Batch 1900 | Diff Loss 0.2702
Epoch 55 | Batch 2000 | Diff Loss 0.2551
Epoch 55 | Batch 2100 | Diff Loss 0.2613
Epoch 55 | Batch 2200 | Diff Loss 0.2574
Epoch 55 | Batch 2300 | Diff Loss 0.2710
Epoch 55 | Batch 2400 | Diff Loss 0.2473
Epoch 55 | Batch 2500 | Diff Loss 0.2475
Epoch 55 | Batch 2600 | Diff Loss 0.2563
Epoch 55 Done. Loss: 0.2621. Time: 133.7s
Epoch 56 | Batch 0 | Diff Loss 0.2578
Epoch 56 | Batch 100 | Diff Loss 0.2659
Epoch 56 | Batch 200 | Diff Loss 0.2540
Epoch 56 | Batch 300 | Diff Loss 0.2527
Epoch 56 | Batch 400 | Diff Loss 0.2593
Epoch 56 | Batch 500 | Diff Loss 0.2705
Epoch 56 | Batch 600 | Diff Loss 0.2922
Epoch 56 | Batch 700 | Diff Loss 0.2477
Epoch 56 | Batch 800 | Diff Loss 0.2552
Epoch 56 | Batch 900 | Diff Loss 0.2575
Epoch 56 | Batch 1000 | Diff Loss 0.2503
Epoch 56 | Batch 1100 | Diff Loss 0.2547
Epoch 56 | Batch 1200 | Diff Loss 0.2713
Epoch 56 | Batch 1300 | Diff Loss 0.2508
Epoch 56 | Batch 1400 | Diff Loss 0.2407
Epoch 56 | Batch 1500 | Diff Loss 0.2487
Epoch 56 | Batch 1600 | Diff Loss 0.2661
Epoch 56 | Batch 1700 | Diff Loss 0.2800
Epoch 56 | Batch 1800 | Diff Loss 0.2721
Epoch 56 | Batch 1900 | Diff Loss 0.2538
Epoch 56 | Batch 2000 | Diff Loss 0.2696
Epoch 56 | Batch 2100 | Diff Loss 0.2642
Epoch 56 | Batch 2200 | Diff Loss 0.2833
Epoch 56 | Batch 2300 | Diff Loss 0.2498
Epoch 56 | Batch 2400 | Diff Loss 0.2582
Epoch 56 | Batch 2500 | Diff Loss 0.2575
Epoch 56 | Batch 2600 | Diff Loss 0.2468
Epoch 56 Done. Loss: 0.2617. Time: 133.8s
Epoch 57 | Batch 0 | Diff Loss 0.2773
Epoch 57 | Batch 100 | Diff Loss 0.2642
Epoch 57 | Batch 200 | Diff Loss 0.2594
Epoch 57 | Batch 300 | Diff Loss 0.2487
Epoch 57 | Batch 400 | Diff Loss 0.2698
Epoch 57 | Batch 500 | Diff Loss 0.2626
Epoch 57 | Batch 600 | Diff Loss 0.2479
Epoch 57 | Batch 700 | Diff Loss 0.2735
Epoch 57 | Batch 800 | Diff Loss 0.2580
Epoch 57 | Batch 900 | Diff Loss 0.2603
Epoch 57 | Batch 1000 | Diff Loss 0.2590
Epoch 57 | Batch 1100 | Diff Loss 0.2639
Epoch 57 | Batch 1200 | Diff Loss 0.2558
Epoch 57 | Batch 1300 | Diff Loss 0.2664
Epoch 57 | Batch 1400 | Diff Loss 0.2641
Epoch 57 | Batch 1500 | Diff Loss 0.2591
Epoch 57 | Batch 1600 | Diff Loss 0.2571
Epoch 57 | Batch 1700 | Diff Loss 0.2537
Epoch 57 | Batch 1800 | Diff Loss 0.2545
Epoch 57 | Batch 1900 | Diff Loss 0.2732
Epoch 57 | Batch 2000 | Diff Loss 0.2558
Epoch 57 | Batch 2100 | Diff Loss 0.2626
Epoch 57 | Batch 2200 | Diff Loss 0.2573
Epoch 57 | Batch 2300 | Diff Loss 0.2708
Epoch 57 | Batch 2400 | Diff Loss 0.2695
Epoch 57 | Batch 2500 | Diff Loss 0.2655
Epoch 57 | Batch 2600 | Diff Loss 0.2796
Epoch 57 Done. Loss: 0.2614. Time: 134.3s
Epoch 58 | Batch 0 | Diff Loss 0.2550
Epoch 58 | Batch 100 | Diff Loss 0.2717
Epoch 58 | Batch 200 | Diff Loss 0.2528
Epoch 58 | Batch 300 | Diff Loss 0.2628
Epoch 58 | Batch 400 | Diff Loss 0.2455
Epoch 58 | Batch 500 | Diff Loss 0.2560
Epoch 58 | Batch 600 | Diff Loss 0.2611
Epoch 58 | Batch 700 | Diff Loss 0.2681
Epoch 58 | Batch 800 | Diff Loss 0.2725
Epoch 58 | Batch 900 | Diff Loss 0.2655
Epoch 58 | Batch 1000 | Diff Loss 0.2638
Epoch 58 | Batch 1100 | Diff Loss 0.2758
Epoch 58 | Batch 1200 | Diff Loss 0.2486
Epoch 58 | Batch 1300 | Diff Loss 0.2818
Epoch 58 | Batch 1400 | Diff Loss 0.2403
Epoch 58 | Batch 1500 | Diff Loss 0.2704
Epoch 58 | Batch 1600 | Diff Loss 0.2684
Epoch 58 | Batch 1700 | Diff Loss 0.2456
Epoch 58 | Batch 1800 | Diff Loss 0.2678
Epoch 58 | Batch 1900 | Diff Loss 0.2484
Epoch 58 | Batch 2000 | Diff Loss 0.2606
Epoch 58 | Batch 2100 | Diff Loss 0.2666
Epoch 58 | Batch 2200 | Diff Loss 0.2643
Epoch 58 | Batch 2300 | Diff Loss 0.2583
Epoch 58 | Batch 2400 | Diff Loss 0.2629
Epoch 58 | Batch 2500 | Diff Loss 0.2529
Epoch 58 | Batch 2600 | Diff Loss 0.2468
Epoch 58 Done. Loss: 0.2614. Time: 133.7s
Epoch 59 | Batch 0 | Diff Loss 0.2368
Epoch 59 | Batch 100 | Diff Loss 0.2625
Epoch 59 | Batch 200 | Diff Loss 0.2578
Epoch 59 | Batch 300 | Diff Loss 0.2561
Epoch 59 | Batch 400 | Diff Loss 0.2519
Epoch 59 | Batch 500 | Diff Loss 0.2518
Epoch 59 | Batch 600 | Diff Loss 0.2639
Epoch 59 | Batch 700 | Diff Loss 0.2601
Epoch 59 | Batch 800 | Diff Loss 0.2688
Epoch 59 | Batch 900 | Diff Loss 0.2659
Epoch 59 | Batch 1000 | Diff Loss 0.2511
Epoch 59 | Batch 1100 | Diff Loss 0.2783
Epoch 59 | Batch 1200 | Diff Loss 0.2795
Epoch 59 | Batch 1300 | Diff Loss 0.2573
Epoch 59 | Batch 1400 | Diff Loss 0.2544
Epoch 59 | Batch 1500 | Diff Loss 0.2508
Epoch 59 | Batch 1600 | Diff Loss 0.2560
Epoch 59 | Batch 1700 | Diff Loss 0.2583
Epoch 59 | Batch 1800 | Diff Loss 0.2602
Epoch 59 | Batch 1900 | Diff Loss 0.2724
Epoch 59 | Batch 2000 | Diff Loss 0.2459
Epoch 59 | Batch 2100 | Diff Loss 0.2692
Epoch 59 | Batch 2200 | Diff Loss 0.2592
Epoch 59 | Batch 2300 | Diff Loss 0.2705
Epoch 59 | Batch 2400 | Diff Loss 0.2629
Epoch 59 | Batch 2500 | Diff Loss 0.2683
Epoch 59 | Batch 2600 | Diff Loss 0.2793
Epoch 59 Done. Loss: 0.2610. Time: 134.0s
Epoch 60 | Batch 0 | Diff Loss 0.2672
Epoch 60 | Batch 100 | Diff Loss 0.2493
Epoch 60 | Batch 200 | Diff Loss 0.2606
Epoch 60 | Batch 300 | Diff Loss 0.2636
Epoch 60 | Batch 400 | Diff Loss 0.2393
Epoch 60 | Batch 500 | Diff Loss 0.2640
Epoch 60 | Batch 600 | Diff Loss 0.2664
Epoch 60 | Batch 700 | Diff Loss 0.2496
Epoch 60 | Batch 800 | Diff Loss 0.2560
Epoch 60 | Batch 900 | Diff Loss 0.2709
Epoch 60 | Batch 1000 | Diff Loss 0.2830
Epoch 60 | Batch 1100 | Diff Loss 0.2554
Epoch 60 | Batch 1200 | Diff Loss 0.2774
Epoch 60 | Batch 1300 | Diff Loss 0.2429
Epoch 60 | Batch 1400 | Diff Loss 0.2533
Epoch 60 | Batch 1500 | Diff Loss 0.2496
Epoch 60 | Batch 1600 | Diff Loss 0.2741
Epoch 60 | Batch 1700 | Diff Loss 0.2594
Epoch 60 | Batch 1800 | Diff Loss 0.2601
Epoch 60 | Batch 1900 | Diff Loss 0.2624
Epoch 60 | Batch 2000 | Diff Loss 0.2632
Epoch 60 | Batch 2100 | Diff Loss 0.2598
Epoch 60 | Batch 2200 | Diff Loss 0.2519
Epoch 60 | Batch 2300 | Diff Loss 0.2694
Epoch 60 | Batch 2400 | Diff Loss 0.2527
Epoch 60 | Batch 2500 | Diff Loss 0.2653
Epoch 60 | Batch 2600 | Diff Loss 0.2593
Epoch 60 Done. Loss: 0.2606. Time: 134.1s
Epoch 61 | Batch 0 | Diff Loss 0.2513
Epoch 61 | Batch 100 | Diff Loss 0.2630
Epoch 61 | Batch 200 | Diff Loss 0.2705
Epoch 61 | Batch 300 | Diff Loss 0.2725
Epoch 61 | Batch 400 | Diff Loss 0.2595
Epoch 61 | Batch 500 | Diff Loss 0.2698
Epoch 61 | Batch 600 | Diff Loss 0.2524
Epoch 61 | Batch 700 | Diff Loss 0.2562
Epoch 61 | Batch 800 | Diff Loss 0.2585
Epoch 61 | Batch 900 | Diff Loss 0.2548
Epoch 61 | Batch 1000 | Diff Loss 0.2488
Epoch 61 | Batch 1100 | Diff Loss 0.2731
Epoch 61 | Batch 1200 | Diff Loss 0.2763
Epoch 61 | Batch 1300 | Diff Loss 0.2479
Epoch 61 | Batch 1400 | Diff Loss 0.2531
Epoch 61 | Batch 1500 | Diff Loss 0.2601
Epoch 61 | Batch 1600 | Diff Loss 0.2544
Epoch 61 | Batch 1700 | Diff Loss 0.2629
Epoch 61 | Batch 1800 | Diff Loss 0.2457
Epoch 61 | Batch 1900 | Diff Loss 0.2510
Epoch 61 | Batch 2000 | Diff Loss 0.2397
Epoch 61 | Batch 2100 | Diff Loss 0.2350
Epoch 61 | Batch 2200 | Diff Loss 0.2873
Epoch 61 | Batch 2300 | Diff Loss 0.2692
Epoch 61 | Batch 2400 | Diff Loss 0.2562
Epoch 61 | Batch 2500 | Diff Loss 0.2513
Epoch 61 | Batch 2600 | Diff Loss 0.2584
Epoch 61 Done. Loss: 0.2603. Time: 134.0s
Epoch 62 | Batch 0 | Diff Loss 0.2675
Epoch 62 | Batch 100 | Diff Loss 0.2612
Epoch 62 | Batch 200 | Diff Loss 0.2486
Epoch 62 | Batch 300 | Diff Loss 0.2614
Epoch 62 | Batch 400 | Diff Loss 0.2601
Epoch 62 | Batch 500 | Diff Loss 0.2606
Epoch 62 | Batch 600 | Diff Loss 0.2472
Epoch 62 | Batch 700 | Diff Loss 0.2580
Epoch 62 | Batch 800 | Diff Loss 0.2660
Epoch 62 | Batch 900 | Diff Loss 0.2642
Epoch 62 | Batch 1000 | Diff Loss 0.2547
Epoch 62 | Batch 1100 | Diff Loss 0.2830
Epoch 62 | Batch 1200 | Diff Loss 0.2728
Epoch 62 | Batch 1300 | Diff Loss 0.2577
Epoch 62 | Batch 1400 | Diff Loss 0.2549
Epoch 62 | Batch 1500 | Diff Loss 0.2518
Epoch 62 | Batch 1600 | Diff Loss 0.2439
Epoch 62 | Batch 1700 | Diff Loss 0.2585
Epoch 62 | Batch 1800 | Diff Loss 0.2476
Epoch 62 | Batch 1900 | Diff Loss 0.2583
Epoch 62 | Batch 2000 | Diff Loss 0.2677
Epoch 62 | Batch 2100 | Diff Loss 0.2494
Epoch 62 | Batch 2200 | Diff Loss 0.2566
Epoch 62 | Batch 2300 | Diff Loss 0.2609
Epoch 62 | Batch 2400 | Diff Loss 0.2509
Epoch 62 | Batch 2500 | Diff Loss 0.2507
Epoch 62 | Batch 2600 | Diff Loss 0.2547
Epoch 62 Done. Loss: 0.2600. Time: 133.6s
Epoch 63 | Batch 0 | Diff Loss 0.2536
Epoch 63 | Batch 100 | Diff Loss 0.2641
Epoch 63 | Batch 200 | Diff Loss 0.2520
Epoch 63 | Batch 300 | Diff Loss 0.2765
Epoch 63 | Batch 400 | Diff Loss 0.2564
Epoch 63 | Batch 500 | Diff Loss 0.2575
Epoch 63 | Batch 600 | Diff Loss 0.2449
Epoch 63 | Batch 700 | Diff Loss 0.2550
Epoch 63 | Batch 800 | Diff Loss 0.2469
Epoch 63 | Batch 900 | Diff Loss 0.2858
Epoch 63 | Batch 1000 | Diff Loss 0.2593
Epoch 63 | Batch 1100 | Diff Loss 0.2646
Epoch 63 | Batch 1200 | Diff Loss 0.2391
Epoch 63 | Batch 1300 | Diff Loss 0.2619
Epoch 63 | Batch 1400 | Diff Loss 0.2521
Epoch 63 | Batch 1500 | Diff Loss 0.2581
Epoch 63 | Batch 1600 | Diff Loss 0.2511
Epoch 63 | Batch 1700 | Diff Loss 0.2695
Epoch 63 | Batch 1800 | Diff Loss 0.2817
Epoch 63 | Batch 1900 | Diff Loss 0.2653
Epoch 63 | Batch 2000 | Diff Loss 0.2718
Epoch 63 | Batch 2100 | Diff Loss 0.2559
Epoch 63 | Batch 2200 | Diff Loss 0.2491
Epoch 63 | Batch 2300 | Diff Loss 0.2553
Epoch 63 | Batch 2400 | Diff Loss 0.2389
Epoch 63 | Batch 2500 | Diff Loss 0.2613
Epoch 63 | Batch 2600 | Diff Loss 0.2476
Epoch 63 Done. Loss: 0.2596. Time: 134.2s
Epoch 64 | Batch 0 | Diff Loss 0.2557
Epoch 64 | Batch 100 | Diff Loss 0.2481
Epoch 64 | Batch 200 | Diff Loss 0.2559
Epoch 64 | Batch 300 | Diff Loss 0.2512
Epoch 64 | Batch 400 | Diff Loss 0.2581
Epoch 64 | Batch 500 | Diff Loss 0.2835
Epoch 64 | Batch 600 | Diff Loss 0.2623
Epoch 64 | Batch 700 | Diff Loss 0.2584
Epoch 64 | Batch 800 | Diff Loss 0.2499
Epoch 64 | Batch 900 | Diff Loss 0.2477
Epoch 64 | Batch 1000 | Diff Loss 0.2715
Epoch 64 | Batch 1100 | Diff Loss 0.2510
Epoch 64 | Batch 1200 | Diff Loss 0.2558
Epoch 64 | Batch 1300 | Diff Loss 0.2467
Epoch 64 | Batch 1400 | Diff Loss 0.2526
Epoch 64 | Batch 1500 | Diff Loss 0.2625
Epoch 64 | Batch 1600 | Diff Loss 0.2600
Epoch 64 | Batch 1700 | Diff Loss 0.2686
Epoch 64 | Batch 1800 | Diff Loss 0.2552
Epoch 64 | Batch 1900 | Diff Loss 0.2479
Epoch 64 | Batch 2000 | Diff Loss 0.2661
Epoch 64 | Batch 2100 | Diff Loss 0.2564
Epoch 64 | Batch 2200 | Diff Loss 0.2700
Epoch 64 | Batch 2300 | Diff Loss 0.2609
Epoch 64 | Batch 2400 | Diff Loss 0.2588
Epoch 64 | Batch 2500 | Diff Loss 0.2631
Epoch 64 | Batch 2600 | Diff Loss 0.2774
Epoch 64 Done. Loss: 0.2596. Time: 134.3s
Epoch 65 | Batch 0 | Diff Loss 0.2680
Epoch 65 | Batch 100 | Diff Loss 0.2549
Epoch 65 | Batch 200 | Diff Loss 0.2460
Epoch 65 | Batch 300 | Diff Loss 0.2548
Epoch 65 | Batch 400 | Diff Loss 0.2601
Epoch 65 | Batch 500 | Diff Loss 0.2451
Epoch 65 | Batch 600 | Diff Loss 0.2740
Epoch 65 | Batch 700 | Diff Loss 0.2556
Epoch 65 | Batch 800 | Diff Loss 0.2801
Epoch 65 | Batch 900 | Diff Loss 0.2569
Epoch 65 | Batch 1000 | Diff Loss 0.2457
Epoch 65 | Batch 1100 | Diff Loss 0.2604
Epoch 65 | Batch 1200 | Diff Loss 0.2694
Epoch 65 | Batch 1300 | Diff Loss 0.2644
Epoch 65 | Batch 1400 | Diff Loss 0.2602
Epoch 65 | Batch 1500 | Diff Loss 0.2461
Epoch 65 | Batch 1600 | Diff Loss 0.2750
Epoch 65 | Batch 1700 | Diff Loss 0.2525
Epoch 65 | Batch 1800 | Diff Loss 0.2713
Epoch 65 | Batch 1900 | Diff Loss 0.2390
Epoch 65 | Batch 2000 | Diff Loss 0.2597
Epoch 65 | Batch 2100 | Diff Loss 0.2627
Epoch 65 | Batch 2200 | Diff Loss 0.2535
Epoch 65 | Batch 2300 | Diff Loss 0.2711
Epoch 65 | Batch 2400 | Diff Loss 0.2473
Epoch 65 | Batch 2500 | Diff Loss 0.2457
Epoch 65 | Batch 2600 | Diff Loss 0.2614
Epoch 65 Done. Loss: 0.2593. Time: 134.3s
Epoch 66 | Batch 0 | Diff Loss 0.2621
Epoch 66 | Batch 100 | Diff Loss 0.2496
Epoch 66 | Batch 200 | Diff Loss 0.2602
Epoch 66 | Batch 300 | Diff Loss 0.2606
Epoch 66 | Batch 400 | Diff Loss 0.2647
Epoch 66 | Batch 500 | Diff Loss 0.2527
Epoch 66 | Batch 600 | Diff Loss 0.2647
Epoch 66 | Batch 700 | Diff Loss 0.2649
Epoch 66 | Batch 800 | Diff Loss 0.2639
Epoch 66 | Batch 900 | Diff Loss 0.2701
Epoch 66 | Batch 1000 | Diff Loss 0.2513
Epoch 66 | Batch 1100 | Diff Loss 0.2743
Epoch 66 | Batch 1200 | Diff Loss 0.2638
Epoch 66 | Batch 1300 | Diff Loss 0.2620
Epoch 66 | Batch 1400 | Diff Loss 0.2325
Epoch 66 | Batch 1500 | Diff Loss 0.2545
Epoch 66 | Batch 1600 | Diff Loss 0.2559
Epoch 66 | Batch 1700 | Diff Loss 0.2611
Epoch 66 | Batch 1800 | Diff Loss 0.2570
Epoch 66 | Batch 1900 | Diff Loss 0.2536
Epoch 66 | Batch 2000 | Diff Loss 0.2694
Epoch 66 | Batch 2100 | Diff Loss 0.2546
Epoch 66 | Batch 2200 | Diff Loss 0.2670
Epoch 66 | Batch 2300 | Diff Loss 0.2700
Epoch 66 | Batch 2400 | Diff Loss 0.2547
Epoch 66 | Batch 2500 | Diff Loss 0.2886
Epoch 66 | Batch 2600 | Diff Loss 0.2645
Epoch 66 Done. Loss: 0.2587. Time: 192.8s
Epoch 67 | Batch 0 | Diff Loss 0.2641
Epoch 67 | Batch 100 | Diff Loss 0.2510
Epoch 67 | Batch 200 | Diff Loss 0.2432
Epoch 67 | Batch 300 | Diff Loss 0.2464
Epoch 67 | Batch 400 | Diff Loss 0.2555
Epoch 67 | Batch 500 | Diff Loss 0.2488
Epoch 67 | Batch 600 | Diff Loss 0.2658
Epoch 67 | Batch 700 | Diff Loss 0.2693
Epoch 67 | Batch 800 | Diff Loss 0.2914
Epoch 67 | Batch 900 | Diff Loss 0.2779
Epoch 67 | Batch 1000 | Diff Loss 0.2496
Epoch 67 | Batch 1100 | Diff Loss 0.2469
Epoch 67 | Batch 1200 | Diff Loss 0.2442
Epoch 67 | Batch 1300 | Diff Loss 0.2579
Epoch 67 | Batch 1400 | Diff Loss 0.2579
Epoch 67 | Batch 1500 | Diff Loss 0.2716
Epoch 67 | Batch 1600 | Diff Loss 0.2574
Epoch 67 | Batch 1700 | Diff Loss 0.2500
Epoch 67 | Batch 1800 | Diff Loss 0.2557
Epoch 67 | Batch 1900 | Diff Loss 0.2472
Epoch 67 | Batch 2000 | Diff Loss 0.2692
Epoch 67 | Batch 2100 | Diff Loss 0.2542
Epoch 67 | Batch 2200 | Diff Loss 0.2623
Epoch 67 | Batch 2300 | Diff Loss 0.2658
Epoch 67 | Batch 2400 | Diff Loss 0.2544
Epoch 67 | Batch 2500 | Diff Loss 0.2738
Epoch 67 | Batch 2600 | Diff Loss 0.2479
Epoch 67 Done. Loss: 0.2587. Time: 228.0s
Epoch 68 | Batch 0 | Diff Loss 0.2570
Epoch 68 | Batch 100 | Diff Loss 0.2543
Epoch 68 | Batch 200 | Diff Loss 0.2442
Epoch 68 | Batch 300 | Diff Loss 0.2587
Epoch 68 | Batch 400 | Diff Loss 0.2577
Epoch 68 | Batch 500 | Diff Loss 0.2551
Epoch 68 | Batch 600 | Diff Loss 0.2583
Epoch 68 | Batch 700 | Diff Loss 0.2561
Epoch 68 | Batch 800 | Diff Loss 0.2712
Epoch 68 | Batch 900 | Diff Loss 0.2461
Epoch 68 | Batch 1000 | Diff Loss 0.2505
Epoch 68 | Batch 1100 | Diff Loss 0.2675
Epoch 68 | Batch 1200 | Diff Loss 0.2839
Epoch 68 | Batch 1300 | Diff Loss 0.2636
Epoch 68 | Batch 1400 | Diff Loss 0.2394
Epoch 68 | Batch 1500 | Diff Loss 0.2504
Epoch 68 | Batch 1600 | Diff Loss 0.2787
Epoch 68 | Batch 1700 | Diff Loss 0.2618
Epoch 68 | Batch 1800 | Diff Loss 0.2616
Epoch 68 | Batch 1900 | Diff Loss 0.2699
Epoch 68 | Batch 2000 | Diff Loss 0.2539
Epoch 68 | Batch 2100 | Diff Loss 0.2689
Epoch 68 | Batch 2200 | Diff Loss 0.2478
Epoch 68 | Batch 2300 | Diff Loss 0.2779
Epoch 68 | Batch 2400 | Diff Loss 0.2683
Epoch 68 | Batch 2500 | Diff Loss 0.2358
Epoch 68 | Batch 2600 | Diff Loss 0.2607
Epoch 68 Done. Loss: 0.2586. Time: 239.1s
Epoch 69 | Batch 0 | Diff Loss 0.2733
Epoch 69 | Batch 100 | Diff Loss 0.2387
Epoch 69 | Batch 200 | Diff Loss 0.2404
Epoch 69 | Batch 300 | Diff Loss 0.2569
Epoch 69 | Batch 400 | Diff Loss 0.2452
Epoch 69 | Batch 500 | Diff Loss 0.2589
Epoch 69 | Batch 600 | Diff Loss 0.2453
Epoch 69 | Batch 700 | Diff Loss 0.2602
Epoch 69 | Batch 800 | Diff Loss 0.2599
Epoch 69 | Batch 900 | Diff Loss 0.2701
Epoch 69 | Batch 1000 | Diff Loss 0.2620
Epoch 69 | Batch 1100 | Diff Loss 0.2500
Epoch 69 | Batch 1200 | Diff Loss 0.2643
Epoch 69 | Batch 1300 | Diff Loss 0.2638
Epoch 69 | Batch 1400 | Diff Loss 0.2589
Epoch 69 | Batch 1500 | Diff Loss 0.2661
Epoch 69 | Batch 1600 | Diff Loss 0.2536
Epoch 69 | Batch 1700 | Diff Loss 0.2618
Epoch 69 | Batch 1800 | Diff Loss 0.2367
Epoch 69 | Batch 1900 | Diff Loss 0.2692
Epoch 69 | Batch 2000 | Diff Loss 0.2658
Epoch 69 | Batch 2100 | Diff Loss 0.2745
Epoch 69 | Batch 2200 | Diff Loss 0.2628
Epoch 69 | Batch 2300 | Diff Loss 0.2724
Epoch 69 | Batch 2400 | Diff Loss 0.2489
Epoch 69 | Batch 2500 | Diff Loss 0.2570
Epoch 69 | Batch 2600 | Diff Loss 0.2620
Epoch 69 Done. Loss: 0.2582. Time: 228.0s
Epoch 70 | Batch 0 | Diff Loss 0.2791
Epoch 70 | Batch 100 | Diff Loss 0.2840
Epoch 70 | Batch 200 | Diff Loss 0.2664
Epoch 70 | Batch 300 | Diff Loss 0.2507
Epoch 70 | Batch 400 | Diff Loss 0.2581
Epoch 70 | Batch 500 | Diff Loss 0.2573
Epoch 70 | Batch 600 | Diff Loss 0.2489
Epoch 70 | Batch 700 | Diff Loss 0.2634
Epoch 70 | Batch 800 | Diff Loss 0.2617
Epoch 70 | Batch 900 | Diff Loss 0.2520
Epoch 70 | Batch 1000 | Diff Loss 0.2587
Epoch 70 | Batch 1100 | Diff Loss 0.2621
Epoch 70 | Batch 1200 | Diff Loss 0.2781
Epoch 70 | Batch 1300 | Diff Loss 0.2583
Epoch 70 | Batch 1400 | Diff Loss 0.2518
Epoch 70 | Batch 1500 | Diff Loss 0.2517
Epoch 70 | Batch 1600 | Diff Loss 0.2594
Epoch 70 | Batch 1700 | Diff Loss 0.2617
Epoch 70 | Batch 1800 | Diff Loss 0.2636
Epoch 70 | Batch 1900 | Diff Loss 0.2487
Epoch 70 | Batch 2000 | Diff Loss 0.2684
Epoch 70 | Batch 2100 | Diff Loss 0.2587
Epoch 70 | Batch 2200 | Diff Loss 0.2572
Epoch 70 | Batch 2300 | Diff Loss 0.2532
Epoch 70 | Batch 2400 | Diff Loss 0.2529
Epoch 70 | Batch 2500 | Diff Loss 0.2627
Epoch 70 | Batch 2600 | Diff Loss 0.2459
Epoch 70 Done. Loss: 0.2582. Time: 226.0s
Epoch 71 | Batch 0 | Diff Loss 0.2614
Epoch 71 | Batch 100 | Diff Loss 0.2556
Epoch 71 | Batch 200 | Diff Loss 0.2918
Epoch 71 | Batch 300 | Diff Loss 0.2822
Epoch 71 | Batch 400 | Diff Loss 0.2692
Epoch 71 | Batch 500 | Diff Loss 0.2642
Epoch 71 | Batch 600 | Diff Loss 0.2562
Epoch 71 | Batch 700 | Diff Loss 0.2527
Epoch 71 | Batch 800 | Diff Loss 0.2426
Epoch 71 | Batch 900 | Diff Loss 0.2475
Epoch 71 | Batch 1000 | Diff Loss 0.2533
Epoch 71 | Batch 1100 | Diff Loss 0.2576
Epoch 71 | Batch 1200 | Diff Loss 0.2744
Epoch 71 | Batch 1300 | Diff Loss 0.2609
Epoch 71 | Batch 1400 | Diff Loss 0.2584
Epoch 71 | Batch 1500 | Diff Loss 0.2778
Epoch 71 | Batch 1600 | Diff Loss 0.2554
Epoch 71 | Batch 1700 | Diff Loss 0.2680
Epoch 71 | Batch 1800 | Diff Loss 0.2504
Epoch 71 | Batch 1900 | Diff Loss 0.2718
Epoch 71 | Batch 2000 | Diff Loss 0.2578
Epoch 71 | Batch 2100 | Diff Loss 0.2464
Epoch 71 | Batch 2200 | Diff Loss 0.2779
Epoch 71 | Batch 2300 | Diff Loss 0.2646
Epoch 71 | Batch 2400 | Diff Loss 0.2630
Epoch 71 | Batch 2500 | Diff Loss 0.2617
Epoch 71 | Batch 2600 | Diff Loss 0.2745
Epoch 71 Done. Loss: 0.2579. Time: 248.9s
Epoch 72 | Batch 0 | Diff Loss 0.2489
Epoch 72 | Batch 100 | Diff Loss 0.2566
Epoch 72 | Batch 200 | Diff Loss 0.2737
Epoch 72 | Batch 300 | Diff Loss 0.2450
Epoch 72 | Batch 400 | Diff Loss 0.2567
Epoch 72 | Batch 500 | Diff Loss 0.2551
Epoch 72 | Batch 600 | Diff Loss 0.2494
Epoch 72 | Batch 700 | Diff Loss 0.2691
Epoch 72 | Batch 800 | Diff Loss 0.2614
Epoch 72 | Batch 900 | Diff Loss 0.2684
Epoch 72 | Batch 1000 | Diff Loss 0.2549
Epoch 72 | Batch 1100 | Diff Loss 0.2406
Epoch 72 | Batch 1200 | Diff Loss 0.2745
Epoch 72 | Batch 1300 | Diff Loss 0.2402
Epoch 72 | Batch 1400 | Diff Loss 0.2498
Epoch 72 | Batch 1500 | Diff Loss 0.2645
Epoch 72 | Batch 1600 | Diff Loss 0.2686
Epoch 72 | Batch 1700 | Diff Loss 0.2526
Epoch 72 | Batch 1800 | Diff Loss 0.2457
Epoch 72 | Batch 1900 | Diff Loss 0.2634
Epoch 72 | Batch 2000 | Diff Loss 0.2501
Epoch 72 | Batch 2100 | Diff Loss 0.2515
Epoch 72 | Batch 2200 | Diff Loss 0.2618
Epoch 72 | Batch 2300 | Diff Loss 0.2612
Epoch 72 | Batch 2400 | Diff Loss 0.2516
Epoch 72 | Batch 2500 | Diff Loss 0.2557
Epoch 72 | Batch 2600 | Diff Loss 0.2668
Epoch 72 Done. Loss: 0.2577. Time: 228.0s
Epoch 73 | Batch 0 | Diff Loss 0.2616
Epoch 73 | Batch 100 | Diff Loss 0.2707
Epoch 73 | Batch 200 | Diff Loss 0.2594
Epoch 73 | Batch 300 | Diff Loss 0.2754
Epoch 73 | Batch 400 | Diff Loss 0.2499
Epoch 73 | Batch 500 | Diff Loss 0.2532
Epoch 73 | Batch 600 | Diff Loss 0.2589
Epoch 73 | Batch 700 | Diff Loss 0.2829
Epoch 73 | Batch 800 | Diff Loss 0.2519
Epoch 73 | Batch 900 | Diff Loss 0.2404
Epoch 73 | Batch 1000 | Diff Loss 0.2754
Epoch 73 | Batch 1100 | Diff Loss 0.2850
Epoch 73 | Batch 1200 | Diff Loss 0.2407
Epoch 73 | Batch 1300 | Diff Loss 0.2529
Epoch 73 | Batch 1400 | Diff Loss 0.2577
Epoch 73 | Batch 1500 | Diff Loss 0.2600
Epoch 73 | Batch 1600 | Diff Loss 0.2649
Epoch 73 | Batch 1700 | Diff Loss 0.2529
Epoch 73 | Batch 1800 | Diff Loss 0.2405
Epoch 73 | Batch 1900 | Diff Loss 0.2504
Epoch 73 | Batch 2000 | Diff Loss 0.2782
Epoch 73 | Batch 2100 | Diff Loss 0.2770
Epoch 73 | Batch 2200 | Diff Loss 0.2453
Epoch 73 | Batch 2300 | Diff Loss 0.2436
Epoch 73 | Batch 2400 | Diff Loss 0.2462
Epoch 73 | Batch 2500 | Diff Loss 0.2473
Epoch 73 | Batch 2600 | Diff Loss 0.2709
Epoch 73 Done. Loss: 0.2574. Time: 226.9s
Epoch 74 | Batch 0 | Diff Loss 0.2513
Epoch 74 | Batch 100 | Diff Loss 0.2615
Epoch 74 | Batch 200 | Diff Loss 0.2579
Epoch 74 | Batch 300 | Diff Loss 0.2677
Epoch 74 | Batch 400 | Diff Loss 0.2572
Epoch 74 | Batch 500 | Diff Loss 0.2370
Epoch 74 | Batch 600 | Diff Loss 0.2672
Epoch 74 | Batch 700 | Diff Loss 0.2531
Epoch 74 | Batch 800 | Diff Loss 0.2632
Epoch 74 | Batch 900 | Diff Loss 0.2313
Epoch 74 | Batch 1000 | Diff Loss 0.2655
Epoch 74 | Batch 1100 | Diff Loss 0.2540
Epoch 74 | Batch 1200 | Diff Loss 0.2438
Epoch 74 | Batch 1300 | Diff Loss 0.2540
Epoch 74 | Batch 1400 | Diff Loss 0.2618
Epoch 74 | Batch 1500 | Diff Loss 0.2598
Epoch 74 | Batch 1600 | Diff Loss 0.2751
Epoch 74 | Batch 1700 | Diff Loss 0.2472
Epoch 74 | Batch 1800 | Diff Loss 0.2522
Epoch 74 | Batch 1900 | Diff Loss 0.2690
Epoch 74 | Batch 2000 | Diff Loss 0.2720
Epoch 74 | Batch 2100 | Diff Loss 0.2534
Epoch 74 | Batch 2200 | Diff Loss 0.2528
Epoch 74 | Batch 2300 | Diff Loss 0.2558
Epoch 74 | Batch 2400 | Diff Loss 0.2567
Epoch 74 | Batch 2500 | Diff Loss 0.2706
Epoch 74 | Batch 2600 | Diff Loss 0.2511
Epoch 74 Done. Loss: 0.2571. Time: 239.9s
Epoch 75 | Batch 0 | Diff Loss 0.2517
Epoch 75 | Batch 100 | Diff Loss 0.2661
Epoch 75 | Batch 200 | Diff Loss 0.2561
Epoch 75 | Batch 300 | Diff Loss 0.2452
Epoch 75 | Batch 400 | Diff Loss 0.2507
Epoch 75 | Batch 500 | Diff Loss 0.2632
Epoch 75 | Batch 600 | Diff Loss 0.2522
Epoch 75 | Batch 700 | Diff Loss 0.2702
Epoch 75 | Batch 800 | Diff Loss 0.2418
Epoch 75 | Batch 900 | Diff Loss 0.2353
Epoch 75 | Batch 1000 | Diff Loss 0.2766
Epoch 75 | Batch 1100 | Diff Loss 0.2767
Epoch 75 | Batch 1200 | Diff Loss 0.2539
Epoch 75 | Batch 1300 | Diff Loss 0.2501
Epoch 75 | Batch 1400 | Diff Loss 0.2706
Epoch 75 | Batch 1500 | Diff Loss 0.2506
Epoch 75 | Batch 1600 | Diff Loss 0.2509
Epoch 75 | Batch 1700 | Diff Loss 0.2661
Epoch 75 | Batch 1800 | Diff Loss 0.2677
Epoch 75 | Batch 1900 | Diff Loss 0.2742
Epoch 75 | Batch 2000 | Diff Loss 0.2681
Epoch 75 | Batch 2100 | Diff Loss 0.2531
Epoch 75 | Batch 2200 | Diff Loss 0.2659
Epoch 75 | Batch 2300 | Diff Loss 0.2712
Epoch 75 | Batch 2400 | Diff Loss 0.2671
Epoch 75 | Batch 2500 | Diff Loss 0.2500
Epoch 75 | Batch 2600 | Diff Loss 0.2690
Epoch 75 Done. Loss: 0.2570. Time: 227.7s
Epoch 76 | Batch 0 | Diff Loss 0.2377
Epoch 76 | Batch 100 | Diff Loss 0.2512
Epoch 76 | Batch 200 | Diff Loss 0.2593
Epoch 76 | Batch 300 | Diff Loss 0.2467
Epoch 76 | Batch 400 | Diff Loss 0.2572
Epoch 76 | Batch 500 | Diff Loss 0.2624
Epoch 76 | Batch 600 | Diff Loss 0.2667
Epoch 76 | Batch 700 | Diff Loss 0.2460
Epoch 76 | Batch 800 | Diff Loss 0.2531
Epoch 76 | Batch 900 | Diff Loss 0.2567
Epoch 76 | Batch 1000 | Diff Loss 0.2794
Epoch 76 | Batch 1100 | Diff Loss 0.2583
Epoch 76 | Batch 1200 | Diff Loss 0.2669
Epoch 76 | Batch 1300 | Diff Loss 0.2679
Epoch 76 | Batch 1400 | Diff Loss 0.2482
Epoch 76 | Batch 1500 | Diff Loss 0.2609
Epoch 76 | Batch 1600 | Diff Loss 0.2562
Epoch 76 | Batch 1700 | Diff Loss 0.2513
Epoch 76 | Batch 1800 | Diff Loss 0.2526
Epoch 76 | Batch 1900 | Diff Loss 0.2703
Epoch 76 | Batch 2000 | Diff Loss 0.2540
Epoch 76 | Batch 2100 | Diff Loss 0.2449
Epoch 76 | Batch 2200 | Diff Loss 0.2475
Epoch 76 | Batch 2300 | Diff Loss 0.2491
Epoch 76 | Batch 2400 | Diff Loss 0.2634
Epoch 76 | Batch 2500 | Diff Loss 0.2567
Epoch 76 | Batch 2600 | Diff Loss 0.2575
Epoch 76 Done. Loss: 0.2568. Time: 226.4s
Epoch 77 | Batch 0 | Diff Loss 0.2590
Epoch 77 | Batch 100 | Diff Loss 0.2397
Epoch 77 | Batch 200 | Diff Loss 0.2483
Epoch 77 | Batch 300 | Diff Loss 0.2713
Epoch 77 | Batch 400 | Diff Loss 0.2753
Epoch 77 | Batch 500 | Diff Loss 0.2420
Epoch 77 | Batch 600 | Diff Loss 0.2415
Epoch 77 | Batch 700 | Diff Loss 0.2595
Epoch 77 | Batch 800 | Diff Loss 0.2481
Epoch 77 | Batch 900 | Diff Loss 0.2560
Epoch 77 | Batch 1000 | Diff Loss 0.2673
Epoch 77 | Batch 1100 | Diff Loss 0.2519
Epoch 77 | Batch 1200 | Diff Loss 0.2461
Epoch 77 | Batch 1300 | Diff Loss 0.2437
Epoch 77 | Batch 1400 | Diff Loss 0.2371
Epoch 77 | Batch 1500 | Diff Loss 0.2663
Epoch 77 | Batch 1600 | Diff Loss 0.2569
Epoch 77 | Batch 1700 | Diff Loss 0.2491
Epoch 77 | Batch 1800 | Diff Loss 0.2567
Epoch 77 | Batch 1900 | Diff Loss 0.2718
Epoch 77 | Batch 2000 | Diff Loss 0.2555
Epoch 77 | Batch 2100 | Diff Loss 0.2610
Epoch 77 | Batch 2200 | Diff Loss 0.2484
Epoch 77 | Batch 2300 | Diff Loss 0.2627
Epoch 77 | Batch 2400 | Diff Loss 0.2544
Epoch 77 | Batch 2500 | Diff Loss 0.2599
Epoch 77 | Batch 2600 | Diff Loss 0.2560
Epoch 77 Done. Loss: 0.2567. Time: 236.7s
Epoch 78 | Batch 0 | Diff Loss 0.2674
Epoch 78 | Batch 100 | Diff Loss 0.2750
Epoch 78 | Batch 200 | Diff Loss 0.2423
Epoch 78 | Batch 300 | Diff Loss 0.2610
Epoch 78 | Batch 400 | Diff Loss 0.2443
Epoch 78 | Batch 500 | Diff Loss 0.2674
Epoch 78 | Batch 600 | Diff Loss 0.2489
Epoch 78 | Batch 700 | Diff Loss 0.2569
Epoch 78 | Batch 800 | Diff Loss 0.2549
Epoch 78 | Batch 900 | Diff Loss 0.2583
Epoch 78 | Batch 1000 | Diff Loss 0.2643
Epoch 78 | Batch 1100 | Diff Loss 0.2455
Epoch 78 | Batch 1200 | Diff Loss 0.2548
Epoch 78 | Batch 1300 | Diff Loss 0.2521
Epoch 78 | Batch 1400 | Diff Loss 0.2506
Epoch 78 | Batch 1500 | Diff Loss 0.2505
Epoch 78 | Batch 1600 | Diff Loss 0.2667
Epoch 78 | Batch 1700 | Diff Loss 0.2607
Epoch 78 | Batch 1800 | Diff Loss 0.2681
Epoch 78 | Batch 1900 | Diff Loss 0.2530
Epoch 78 | Batch 2000 | Diff Loss 0.2708
Epoch 78 | Batch 2100 | Diff Loss 0.2620
Epoch 78 | Batch 2200 | Diff Loss 0.2378
Epoch 78 | Batch 2300 | Diff Loss 0.2681
Epoch 78 | Batch 2400 | Diff Loss 0.2517
Epoch 78 | Batch 2500 | Diff Loss 0.2469
Epoch 78 | Batch 2600 | Diff Loss 0.2414
Epoch 78 Done. Loss: 0.2562. Time: 225.0s
Epoch 79 | Batch 0 | Diff Loss 0.2693
Epoch 79 | Batch 100 | Diff Loss 0.2651
Epoch 79 | Batch 200 | Diff Loss 0.2572
Epoch 79 | Batch 300 | Diff Loss 0.2778
Epoch 79 | Batch 400 | Diff Loss 0.2351
Epoch 79 | Batch 500 | Diff Loss 0.2577
Epoch 79 | Batch 600 | Diff Loss 0.2507
Epoch 79 | Batch 700 | Diff Loss 0.2478
Epoch 79 | Batch 800 | Diff Loss 0.2473
Epoch 79 | Batch 900 | Diff Loss 0.2498
Epoch 79 | Batch 1000 | Diff Loss 0.2418
Epoch 79 | Batch 1100 | Diff Loss 0.2497
Epoch 79 | Batch 1200 | Diff Loss 0.2515
Epoch 79 | Batch 1300 | Diff Loss 0.2446
Epoch 79 | Batch 1400 | Diff Loss 0.2447
Epoch 79 | Batch 1500 | Diff Loss 0.2509
Epoch 79 | Batch 1600 | Diff Loss 0.2534
Epoch 79 | Batch 1700 | Diff Loss 0.2463
Epoch 79 | Batch 1800 | Diff Loss 0.2484
Epoch 79 | Batch 1900 | Diff Loss 0.2812
Epoch 79 | Batch 2000 | Diff Loss 0.2521
Epoch 79 | Batch 2100 | Diff Loss 0.2339
Epoch 79 | Batch 2200 | Diff Loss 0.2658
Epoch 79 | Batch 2300 | Diff Loss 0.2785
Epoch 79 | Batch 2400 | Diff Loss 0.2684
Epoch 79 | Batch 2500 | Diff Loss 0.2661
Epoch 79 | Batch 2600 | Diff Loss 0.2787
Epoch 79 Done. Loss: 0.2562. Time: 238.6s
Epoch 80 | Batch 0 | Diff Loss 0.2606
Epoch 80 | Batch 100 | Diff Loss 0.2574
Epoch 80 | Batch 200 | Diff Loss 0.2794
Epoch 80 | Batch 300 | Diff Loss 0.2643
Epoch 80 | Batch 400 | Diff Loss 0.2494
Epoch 80 | Batch 500 | Diff Loss 0.2452
Epoch 80 | Batch 600 | Diff Loss 0.2495
Epoch 80 | Batch 700 | Diff Loss 0.2458
Epoch 80 | Batch 800 | Diff Loss 0.2785
Epoch 80 | Batch 900 | Diff Loss 0.2592
Epoch 80 | Batch 1000 | Diff Loss 0.2391
Epoch 80 | Batch 1100 | Diff Loss 0.2635
Epoch 80 | Batch 1200 | Diff Loss 0.2554
Epoch 80 | Batch 1300 | Diff Loss 0.2711
Epoch 80 | Batch 1400 | Diff Loss 0.2634
Epoch 80 | Batch 1500 | Diff Loss 0.2526
Epoch 80 | Batch 1600 | Diff Loss 0.2539
Epoch 80 | Batch 1700 | Diff Loss 0.2488
Epoch 80 | Batch 1800 | Diff Loss 0.2552
Epoch 80 | Batch 1900 | Diff Loss 0.2405
Epoch 80 | Batch 2000 | Diff Loss 0.2531
Epoch 80 | Batch 2100 | Diff Loss 0.2558
Epoch 80 | Batch 2200 | Diff Loss 0.2580
Epoch 80 | Batch 2300 | Diff Loss 0.2565
Epoch 80 | Batch 2400 | Diff Loss 0.2670
Epoch 80 | Batch 2500 | Diff Loss 0.2533
Epoch 80 | Batch 2600 | Diff Loss 0.2373
Epoch 80 Done. Loss: 0.2561. Time: 225.7s
Epoch 81 | Batch 0 | Diff Loss 0.2627
Epoch 81 | Batch 100 | Diff Loss 0.2539
Epoch 81 | Batch 200 | Diff Loss 0.2573
Epoch 81 | Batch 300 | Diff Loss 0.2529
Epoch 81 | Batch 400 | Diff Loss 0.2667
Epoch 81 | Batch 500 | Diff Loss 0.2610
Epoch 81 | Batch 600 | Diff Loss 0.2613
Epoch 81 | Batch 700 | Diff Loss 0.2381
Epoch 81 | Batch 800 | Diff Loss 0.2635
Epoch 81 | Batch 900 | Diff Loss 0.2531
Epoch 81 | Batch 1000 | Diff Loss 0.2617
Epoch 81 | Batch 1100 | Diff Loss 0.2454
Epoch 81 | Batch 1200 | Diff Loss 0.2618
Epoch 81 | Batch 1300 | Diff Loss 0.2619
Epoch 81 | Batch 1400 | Diff Loss 0.2489
Epoch 81 | Batch 1500 | Diff Loss 0.2576
Epoch 81 | Batch 1600 | Diff Loss 0.2561
Epoch 81 | Batch 1700 | Diff Loss 0.2499
Epoch 81 | Batch 1800 | Diff Loss 0.2495
Epoch 81 | Batch 1900 | Diff Loss 0.2546
Epoch 81 | Batch 2000 | Diff Loss 0.2653
Epoch 81 | Batch 2100 | Diff Loss 0.2536
Epoch 81 | Batch 2200 | Diff Loss 0.2764
Epoch 81 | Batch 2300 | Diff Loss 0.2325
Epoch 81 | Batch 2400 | Diff Loss 0.2697
Epoch 81 | Batch 2500 | Diff Loss 0.2456
Epoch 81 | Batch 2600 | Diff Loss 0.2490
Epoch 81 Done. Loss: 0.2557. Time: 227.7s
Epoch 82 | Batch 0 | Diff Loss 0.2557
Epoch 82 | Batch 100 | Diff Loss 0.2459
Epoch 82 | Batch 200 | Diff Loss 0.2641
Epoch 82 | Batch 300 | Diff Loss 0.2474
Epoch 82 | Batch 400 | Diff Loss 0.2452
Epoch 82 | Batch 500 | Diff Loss 0.2460
Epoch 82 | Batch 600 | Diff Loss 0.2537
Epoch 82 | Batch 700 | Diff Loss 0.2515
Epoch 82 | Batch 800 | Diff Loss 0.2525
Epoch 82 | Batch 900 | Diff Loss 0.2330
Epoch 82 | Batch 1000 | Diff Loss 0.2579
Epoch 82 | Batch 1100 | Diff Loss 0.2552
Epoch 82 | Batch 1200 | Diff Loss 0.2620
Epoch 82 | Batch 1300 | Diff Loss 0.2665
Epoch 82 | Batch 1400 | Diff Loss 0.2522
Epoch 82 | Batch 1500 | Diff Loss 0.2676
Epoch 82 | Batch 1600 | Diff Loss 0.2757
Epoch 82 | Batch 1700 | Diff Loss 0.2523
Epoch 82 | Batch 1800 | Diff Loss 0.2694
Epoch 82 | Batch 1900 | Diff Loss 0.2534
Epoch 82 | Batch 2000 | Diff Loss 0.2690
Epoch 82 | Batch 2100 | Diff Loss 0.2713
Epoch 82 | Batch 2200 | Diff Loss 0.2551
Epoch 82 | Batch 2300 | Diff Loss 0.2522
Epoch 82 | Batch 2400 | Diff Loss 0.2394
Epoch 82 | Batch 2500 | Diff Loss 0.2483
Epoch 82 | Batch 2600 | Diff Loss 0.2561
Epoch 82 Done. Loss: 0.2554. Time: 241.7s
Epoch 83 | Batch 0 | Diff Loss 0.2496
Epoch 83 | Batch 100 | Diff Loss 0.2505
Epoch 83 | Batch 200 | Diff Loss 0.2697
Epoch 83 | Batch 300 | Diff Loss 0.2554
Epoch 83 | Batch 400 | Diff Loss 0.2616
Epoch 83 | Batch 500 | Diff Loss 0.2674
Epoch 83 | Batch 600 | Diff Loss 0.2608
Epoch 83 | Batch 700 | Diff Loss 0.2461
Epoch 83 | Batch 800 | Diff Loss 0.2459
Epoch 83 | Batch 900 | Diff Loss 0.2616
Epoch 83 | Batch 1000 | Diff Loss 0.2644
Epoch 83 | Batch 1100 | Diff Loss 0.2566
Epoch 83 | Batch 1200 | Diff Loss 0.2481
Epoch 83 | Batch 1300 | Diff Loss 0.2597
Epoch 83 | Batch 1400 | Diff Loss 0.2509
Epoch 83 | Batch 1500 | Diff Loss 0.2505
Epoch 83 | Batch 1600 | Diff Loss 0.2564
Epoch 83 | Batch 1700 | Diff Loss 0.2677
Epoch 83 | Batch 1800 | Diff Loss 0.2624
Epoch 83 | Batch 1900 | Diff Loss 0.2732
Epoch 83 | Batch 2000 | Diff Loss 0.2546
Epoch 83 | Batch 2100 | Diff Loss 0.2414
Epoch 83 | Batch 2200 | Diff Loss 0.2514
Epoch 83 | Batch 2300 | Diff Loss 0.2533
Epoch 83 | Batch 2400 | Diff Loss 0.2595
Epoch 83 | Batch 2500 | Diff Loss 0.2719
Epoch 83 | Batch 2600 | Diff Loss 0.2779
Epoch 83 Done. Loss: 0.2557. Time: 225.6s
Epoch 84 | Batch 0 | Diff Loss 0.2413
Epoch 84 | Batch 100 | Diff Loss 0.2695
Epoch 84 | Batch 200 | Diff Loss 0.2644
Epoch 84 | Batch 300 | Diff Loss 0.2432
Epoch 84 | Batch 400 | Diff Loss 0.2590
Epoch 84 | Batch 500 | Diff Loss 0.2673
Epoch 84 | Batch 600 | Diff Loss 0.2600
Epoch 84 | Batch 700 | Diff Loss 0.2610
Epoch 84 | Batch 800 | Diff Loss 0.2643
Epoch 84 | Batch 900 | Diff Loss 0.2406
Epoch 84 | Batch 1000 | Diff Loss 0.2380
Epoch 84 | Batch 1100 | Diff Loss 0.2735
Epoch 84 | Batch 1200 | Diff Loss 0.2672
Epoch 84 | Batch 1300 | Diff Loss 0.2359
Epoch 84 | Batch 1400 | Diff Loss 0.2542
Epoch 84 | Batch 1500 | Diff Loss 0.2678
Epoch 84 | Batch 1600 | Diff Loss 0.2328
Epoch 84 | Batch 1700 | Diff Loss 0.2436
Epoch 84 | Batch 1800 | Diff Loss 0.2292
Epoch 84 | Batch 1900 | Diff Loss 0.2555
Epoch 84 | Batch 2000 | Diff Loss 0.2575
Epoch 84 | Batch 2100 | Diff Loss 0.2576
Epoch 84 | Batch 2200 | Diff Loss 0.2634
Epoch 84 | Batch 2300 | Diff Loss 0.2431
Epoch 84 | Batch 2400 | Diff Loss 0.2784
Epoch 84 | Batch 2500 | Diff Loss 0.2525
Epoch 84 | Batch 2600 | Diff Loss 0.2508
Epoch 84 Done. Loss: 0.2550. Time: 238.7s
Epoch 85 | Batch 0 | Diff Loss 0.2604
Epoch 85 | Batch 100 | Diff Loss 0.2400
Epoch 85 | Batch 200 | Diff Loss 0.2312
Epoch 85 | Batch 300 | Diff Loss 0.2468
Epoch 85 | Batch 400 | Diff Loss 0.2436
Epoch 85 | Batch 500 | Diff Loss 0.2703
Epoch 85 | Batch 600 | Diff Loss 0.2606
Epoch 85 | Batch 700 | Diff Loss 0.2468
Epoch 85 | Batch 800 | Diff Loss 0.2491
Epoch 85 | Batch 900 | Diff Loss 0.2674
Epoch 85 | Batch 1000 | Diff Loss 0.2638
Epoch 85 | Batch 1100 | Diff Loss 0.2712
Epoch 85 | Batch 1200 | Diff Loss 0.2459
Epoch 85 | Batch 1300 | Diff Loss 0.2470
Epoch 85 | Batch 1400 | Diff Loss 0.2470
Epoch 85 | Batch 1500 | Diff Loss 0.2604
Epoch 85 | Batch 1600 | Diff Loss 0.2379
Epoch 85 | Batch 1700 | Diff Loss 0.2431
Epoch 85 | Batch 1800 | Diff Loss 0.2627
Epoch 85 | Batch 1900 | Diff Loss 0.2404
Epoch 85 | Batch 2000 | Diff Loss 0.2684
Epoch 85 | Batch 2100 | Diff Loss 0.2402
Epoch 85 | Batch 2200 | Diff Loss 0.2514
Epoch 85 | Batch 2300 | Diff Loss 0.2570
Epoch 85 | Batch 2400 | Diff Loss 0.2490
Epoch 85 | Batch 2500 | Diff Loss 0.2615
Epoch 85 | Batch 2600 | Diff Loss 0.2659
Epoch 85 Done. Loss: 0.2551. Time: 224.3s
Epoch 86 | Batch 0 | Diff Loss 0.2611
Epoch 86 | Batch 100 | Diff Loss 0.2523
Epoch 86 | Batch 200 | Diff Loss 0.2496
Epoch 86 | Batch 300 | Diff Loss 0.2529
Epoch 86 | Batch 400 | Diff Loss 0.2680
Epoch 86 | Batch 500 | Diff Loss 0.2630
Epoch 86 | Batch 600 | Diff Loss 0.2629
Epoch 86 | Batch 700 | Diff Loss 0.2507
Epoch 86 | Batch 800 | Diff Loss 0.2622
Epoch 86 | Batch 900 | Diff Loss 0.2533
Epoch 86 | Batch 1000 | Diff Loss 0.2478
Epoch 86 | Batch 1100 | Diff Loss 0.2580
Epoch 86 | Batch 1200 | Diff Loss 0.2539
Epoch 86 | Batch 1300 | Diff Loss 0.2382
Epoch 86 | Batch 1400 | Diff Loss 0.2571
Epoch 86 | Batch 1500 | Diff Loss 0.2483
Epoch 86 | Batch 1600 | Diff Loss 0.2544
Epoch 86 | Batch 1700 | Diff Loss 0.2804
Epoch 86 | Batch 1800 | Diff Loss 0.2564
Epoch 86 | Batch 1900 | Diff Loss 0.2548
Epoch 86 | Batch 2000 | Diff Loss 0.2575
Epoch 86 | Batch 2100 | Diff Loss 0.2652
Epoch 86 | Batch 2200 | Diff Loss 0.2502
Epoch 86 | Batch 2300 | Diff Loss 0.2555
Epoch 86 | Batch 2400 | Diff Loss 0.2653
Epoch 86 | Batch 2500 | Diff Loss 0.2501
Epoch 86 | Batch 2600 | Diff Loss 0.2658
Epoch 86 Done. Loss: 0.2549. Time: 226.7s
Epoch 87 | Batch 0 | Diff Loss 0.2479
Epoch 87 | Batch 100 | Diff Loss 0.2390
Epoch 87 | Batch 200 | Diff Loss 0.2532
Epoch 87 | Batch 300 | Diff Loss 0.2667
Epoch 87 | Batch 400 | Diff Loss 0.2451
Epoch 87 | Batch 500 | Diff Loss 0.2326
Epoch 87 | Batch 600 | Diff Loss 0.2493
Epoch 87 | Batch 700 | Diff Loss 0.2445
Epoch 87 | Batch 800 | Diff Loss 0.2397
Epoch 87 | Batch 900 | Diff Loss 0.2538
Epoch 87 | Batch 1000 | Diff Loss 0.2576
Epoch 87 | Batch 1100 | Diff Loss 0.2513
Epoch 87 | Batch 1200 | Diff Loss 0.2481
Epoch 87 | Batch 1300 | Diff Loss 0.2501
Epoch 87 | Batch 1400 | Diff Loss 0.2428
Epoch 87 | Batch 1500 | Diff Loss 0.2909
Epoch 87 | Batch 1600 | Diff Loss 0.2544
Epoch 87 | Batch 1700 | Diff Loss 0.2358
Epoch 87 | Batch 1800 | Diff Loss 0.2643
Epoch 87 | Batch 1900 | Diff Loss 0.2465
Epoch 87 | Batch 2000 | Diff Loss 0.2541
Epoch 87 | Batch 2100 | Diff Loss 0.2505
Epoch 87 | Batch 2200 | Diff Loss 0.2667
Epoch 87 | Batch 2300 | Diff Loss 0.2437
Epoch 87 | Batch 2400 | Diff Loss 0.2701
Epoch 87 | Batch 2500 | Diff Loss 0.2464
Epoch 87 | Batch 2600 | Diff Loss 0.2671
Epoch 87 Done. Loss: 0.2545. Time: 215.3s
Epoch 88 | Batch 0 | Diff Loss 0.2577
Epoch 88 | Batch 100 | Diff Loss 0.2580
Epoch 88 | Batch 200 | Diff Loss 0.2604
Epoch 88 | Batch 300 | Diff Loss 0.2560
Epoch 88 | Batch 400 | Diff Loss 0.2714
Epoch 88 | Batch 500 | Diff Loss 0.2635
Epoch 88 | Batch 600 | Diff Loss 0.2529
Epoch 88 | Batch 700 | Diff Loss 0.2475
Epoch 88 | Batch 800 | Diff Loss 0.2346
Epoch 88 | Batch 900 | Diff Loss 0.2499
Epoch 88 | Batch 1000 | Diff Loss 0.2623
Epoch 88 | Batch 1100 | Diff Loss 0.2643
Epoch 88 | Batch 1200 | Diff Loss 0.2582
Epoch 88 | Batch 1300 | Diff Loss 0.2687
Epoch 88 | Batch 1400 | Diff Loss 0.2628
Epoch 88 | Batch 1500 | Diff Loss 0.2627
Epoch 88 | Batch 1600 | Diff Loss 0.2502
Epoch 88 | Batch 1700 | Diff Loss 0.2412
Epoch 88 | Batch 1800 | Diff Loss 0.2443
Epoch 88 | Batch 1900 | Diff Loss 0.2623
Epoch 88 | Batch 2000 | Diff Loss 0.2313
Epoch 88 | Batch 2100 | Diff Loss 0.2569
Epoch 88 | Batch 2200 | Diff Loss 0.2426
Epoch 88 | Batch 2300 | Diff Loss 0.2426
Epoch 88 | Batch 2400 | Diff Loss 0.2608
Epoch 88 | Batch 2500 | Diff Loss 0.2433
Epoch 88 | Batch 2600 | Diff Loss 0.2677
Epoch 88 Done. Loss: 0.2545. Time: 215.9s
Epoch 89 | Batch 0 | Diff Loss 0.2742
Epoch 89 | Batch 100 | Diff Loss 0.2557
Epoch 89 | Batch 200 | Diff Loss 0.2457
Epoch 89 | Batch 300 | Diff Loss 0.2780
Epoch 89 | Batch 400 | Diff Loss 0.2732
Epoch 89 | Batch 500 | Diff Loss 0.2632
Epoch 89 | Batch 600 | Diff Loss 0.2400
Epoch 89 | Batch 700 | Diff Loss 0.2444
Epoch 89 | Batch 800 | Diff Loss 0.2535
Epoch 89 | Batch 900 | Diff Loss 0.2509
Epoch 89 | Batch 1000 | Diff Loss 0.2579
Epoch 89 | Batch 1100 | Diff Loss 0.2586
Epoch 89 | Batch 1200 | Diff Loss 0.2393
Epoch 89 | Batch 1300 | Diff Loss 0.2474
Epoch 89 | Batch 1400 | Diff Loss 0.2553
Epoch 89 | Batch 1500 | Diff Loss 0.2626
Epoch 89 | Batch 1600 | Diff Loss 0.2436
Epoch 89 | Batch 1700 | Diff Loss 0.2447
Epoch 89 | Batch 1800 | Diff Loss 0.2658
Epoch 89 | Batch 1900 | Diff Loss 0.2472
Epoch 89 | Batch 2000 | Diff Loss 0.2240
Epoch 89 | Batch 2100 | Diff Loss 0.2754
Epoch 89 | Batch 2200 | Diff Loss 0.2602
Epoch 89 | Batch 2300 | Diff Loss 0.2472
Epoch 89 | Batch 2400 | Diff Loss 0.2395
Epoch 89 | Batch 2500 | Diff Loss 0.2569
Epoch 89 | Batch 2600 | Diff Loss 0.2681
Epoch 89 Done. Loss: 0.2539. Time: 229.8s
Epoch 90 | Batch 0 | Diff Loss 0.2454
Epoch 90 | Batch 100 | Diff Loss 0.2413
Epoch 90 | Batch 200 | Diff Loss 0.2627
Epoch 90 | Batch 300 | Diff Loss 0.2621
Epoch 90 | Batch 400 | Diff Loss 0.2435
Epoch 90 | Batch 500 | Diff Loss 0.2614
Epoch 90 | Batch 600 | Diff Loss 0.2538
Epoch 90 | Batch 700 | Diff Loss 0.2531
Epoch 90 | Batch 800 | Diff Loss 0.2473
Epoch 90 | Batch 900 | Diff Loss 0.2626
Epoch 90 | Batch 1000 | Diff Loss 0.2602
Epoch 90 | Batch 1100 | Diff Loss 0.2497
Epoch 90 | Batch 1200 | Diff Loss 0.2712
Epoch 90 | Batch 1300 | Diff Loss 0.2616
Epoch 90 | Batch 1400 | Diff Loss 0.2401
Epoch 90 | Batch 1500 | Diff Loss 0.2510
Epoch 90 | Batch 1600 | Diff Loss 0.2648
Epoch 90 | Batch 1700 | Diff Loss 0.2539
Epoch 90 | Batch 1800 | Diff Loss 0.2461
Epoch 90 | Batch 1900 | Diff Loss 0.2513
Epoch 90 | Batch 2000 | Diff Loss 0.2566
Epoch 90 | Batch 2100 | Diff Loss 0.2511
Epoch 90 | Batch 2200 | Diff Loss 0.2530
Epoch 90 | Batch 2300 | Diff Loss 0.2500
Epoch 90 | Batch 2400 | Diff Loss 0.2457
Epoch 90 | Batch 2500 | Diff Loss 0.2427
Epoch 90 | Batch 2600 | Diff Loss 0.2361
Epoch 90 Done. Loss: 0.2542. Time: 216.7s
Epoch 91 | Batch 0 | Diff Loss 0.2567
Epoch 91 | Batch 100 | Diff Loss 0.2456
Epoch 91 | Batch 200 | Diff Loss 0.2620
Epoch 91 | Batch 300 | Diff Loss 0.2673
Epoch 91 | Batch 400 | Diff Loss 0.2796
Epoch 91 | Batch 500 | Diff Loss 0.2417
Epoch 91 | Batch 600 | Diff Loss 0.2463
Epoch 91 | Batch 700 | Diff Loss 0.2586
Epoch 91 | Batch 800 | Diff Loss 0.2490
Epoch 91 | Batch 900 | Diff Loss 0.2510
Epoch 91 | Batch 1000 | Diff Loss 0.2392
Epoch 91 | Batch 1100 | Diff Loss 0.2574
Epoch 91 | Batch 1200 | Diff Loss 0.2475
Epoch 91 | Batch 1300 | Diff Loss 0.2580
Epoch 91 | Batch 1400 | Diff Loss 0.2374
Epoch 91 | Batch 1500 | Diff Loss 0.2496
Epoch 91 | Batch 1600 | Diff Loss 0.2580
Epoch 91 | Batch 1700 | Diff Loss 0.2640
Epoch 91 | Batch 1800 | Diff Loss 0.2624
Epoch 91 | Batch 1900 | Diff Loss 0.2603
Epoch 91 | Batch 2000 | Diff Loss 0.2602
Epoch 91 | Batch 2100 | Diff Loss 0.2471
Epoch 91 | Batch 2200 | Diff Loss 0.2553
Epoch 91 | Batch 2300 | Diff Loss 0.2392
Epoch 91 | Batch 2400 | Diff Loss 0.2400
Epoch 91 | Batch 2500 | Diff Loss 0.2441
Epoch 91 | Batch 2600 | Diff Loss 0.2544
Epoch 91 Done. Loss: 0.2540. Time: 216.0s
Epoch 92 | Batch 0 | Diff Loss 0.2499
Epoch 92 | Batch 100 | Diff Loss 0.2579
Epoch 92 | Batch 200 | Diff Loss 0.2537
Epoch 92 | Batch 300 | Diff Loss 0.2532
Epoch 92 | Batch 400 | Diff Loss 0.2448
Epoch 92 | Batch 500 | Diff Loss 0.2524
Epoch 92 | Batch 600 | Diff Loss 0.2566
Epoch 92 | Batch 700 | Diff Loss 0.2510
Epoch 92 | Batch 800 | Diff Loss 0.2695
Epoch 92 | Batch 900 | Diff Loss 0.2403
Epoch 92 | Batch 1000 | Diff Loss 0.2449
Epoch 92 | Batch 1100 | Diff Loss 0.2620
Epoch 92 | Batch 1200 | Diff Loss 0.2620
Epoch 92 | Batch 1300 | Diff Loss 0.2518
Epoch 92 | Batch 1400 | Diff Loss 0.2696
Epoch 92 | Batch 1500 | Diff Loss 0.2428
Epoch 92 | Batch 1600 | Diff Loss 0.2544
Epoch 92 | Batch 1700 | Diff Loss 0.2794
Epoch 92 | Batch 1800 | Diff Loss 0.2508
Epoch 92 | Batch 1900 | Diff Loss 0.2650
Epoch 92 | Batch 2000 | Diff Loss 0.2592
Epoch 92 | Batch 2100 | Diff Loss 0.2651
Epoch 92 | Batch 2200 | Diff Loss 0.2589
Epoch 92 | Batch 2300 | Diff Loss 0.2732
Epoch 92 | Batch 2400 | Diff Loss 0.2489
Epoch 92 | Batch 2500 | Diff Loss 0.2682
Epoch 92 | Batch 2600 | Diff Loss 0.2718
Epoch 92 Done. Loss: 0.2537. Time: 230.4s
Epoch 93 | Batch 0 | Diff Loss 0.2572
Epoch 93 | Batch 100 | Diff Loss 0.2617
Epoch 93 | Batch 200 | Diff Loss 0.2442
Epoch 93 | Batch 300 | Diff Loss 0.2783
Epoch 93 | Batch 400 | Diff Loss 0.2464
Epoch 93 | Batch 500 | Diff Loss 0.2413
Epoch 93 | Batch 600 | Diff Loss 0.2536
Epoch 93 | Batch 700 | Diff Loss 0.2403
Epoch 93 | Batch 800 | Diff Loss 0.2486
Epoch 93 | Batch 900 | Diff Loss 0.2585
Epoch 93 | Batch 1000 | Diff Loss 0.2450
Epoch 93 | Batch 1100 | Diff Loss 0.2522
Epoch 93 | Batch 1200 | Diff Loss 0.2374
Epoch 93 | Batch 1300 | Diff Loss 0.2501
Epoch 93 | Batch 1400 | Diff Loss 0.2524
Epoch 93 | Batch 1500 | Diff Loss 0.2570
Epoch 93 | Batch 1600 | Diff Loss 0.2426
Epoch 93 | Batch 1700 | Diff Loss 0.2680
Epoch 93 | Batch 1800 | Diff Loss 0.2715
Epoch 93 | Batch 1900 | Diff Loss 0.2332
Epoch 93 | Batch 2000 | Diff Loss 0.2425
Epoch 93 | Batch 2100 | Diff Loss 0.2662
Epoch 93 | Batch 2200 | Diff Loss 0.2502
Epoch 93 | Batch 2300 | Diff Loss 0.2366
Epoch 93 | Batch 2400 | Diff Loss 0.2755
Epoch 93 | Batch 2500 | Diff Loss 0.2573
Epoch 93 | Batch 2600 | Diff Loss 0.2615
Epoch 93 Done. Loss: 0.2536. Time: 217.0s
Epoch 94 | Batch 0 | Diff Loss 0.2595
Epoch 94 | Batch 100 | Diff Loss 0.2443
Epoch 94 | Batch 200 | Diff Loss 0.2548
Epoch 94 | Batch 300 | Diff Loss 0.2521
Epoch 94 | Batch 400 | Diff Loss 0.2479
Epoch 94 | Batch 500 | Diff Loss 0.2559
Epoch 94 | Batch 600 | Diff Loss 0.2502
Epoch 94 | Batch 700 | Diff Loss 0.2550
Epoch 94 | Batch 800 | Diff Loss 0.2599
Epoch 94 | Batch 900 | Diff Loss 0.2408
Epoch 94 | Batch 1000 | Diff Loss 0.2478
Epoch 94 | Batch 1100 | Diff Loss 0.2607
Epoch 94 | Batch 1200 | Diff Loss 0.2495
Epoch 94 | Batch 1300 | Diff Loss 0.2637
Epoch 94 | Batch 1400 | Diff Loss 0.2393
Epoch 94 | Batch 1500 | Diff Loss 0.2519
Epoch 94 | Batch 1600 | Diff Loss 0.2614
Epoch 94 | Batch 1700 | Diff Loss 0.2568
Epoch 94 | Batch 1800 | Diff Loss 0.2443
Epoch 94 | Batch 1900 | Diff Loss 0.2452
Epoch 94 | Batch 2000 | Diff Loss 0.2590
Epoch 94 | Batch 2100 | Diff Loss 0.2517
Epoch 94 | Batch 2200 | Diff Loss 0.2445
Epoch 94 | Batch 2300 | Diff Loss 0.2481
Epoch 94 | Batch 2400 | Diff Loss 0.2650
Epoch 94 | Batch 2500 | Diff Loss 0.2384
Epoch 94 | Batch 2600 | Diff Loss 0.2771
Epoch 94 Done. Loss: 0.2534. Time: 215.3s
Epoch 95 | Batch 0 | Diff Loss 0.2297
Epoch 95 | Batch 100 | Diff Loss 0.2644
Epoch 95 | Batch 200 | Diff Loss 0.2546
Epoch 95 | Batch 300 | Diff Loss 0.2422
Epoch 95 | Batch 400 | Diff Loss 0.2512
Epoch 95 | Batch 500 | Diff Loss 0.2634
Epoch 95 | Batch 600 | Diff Loss 0.2453
Epoch 95 | Batch 700 | Diff Loss 0.2386
Epoch 95 | Batch 800 | Diff Loss 0.2665
Epoch 95 | Batch 900 | Diff Loss 0.2568
Epoch 95 | Batch 1000 | Diff Loss 0.2534
Epoch 95 | Batch 1100 | Diff Loss 0.2498
Epoch 95 | Batch 1200 | Diff Loss 0.2466
Epoch 95 | Batch 1300 | Diff Loss 0.2709
Epoch 95 | Batch 1400 | Diff Loss 0.2572
Epoch 95 | Batch 1500 | Diff Loss 0.2468
Epoch 95 | Batch 1600 | Diff Loss 0.2642
Epoch 95 | Batch 1700 | Diff Loss 0.2416
Epoch 95 | Batch 1800 | Diff Loss 0.2475
Epoch 95 | Batch 1900 | Diff Loss 0.2397
Epoch 95 | Batch 2000 | Diff Loss 0.2575
Epoch 95 | Batch 2100 | Diff Loss 0.2387
Epoch 95 | Batch 2200 | Diff Loss 0.2748
Epoch 95 | Batch 2300 | Diff Loss 0.2564
Epoch 95 | Batch 2400 | Diff Loss 0.2541
Epoch 95 | Batch 2500 | Diff Loss 0.2565
Epoch 95 | Batch 2600 | Diff Loss 0.2427
Epoch 95 Done. Loss: 0.2533. Time: 231.4s
Epoch 96 | Batch 0 | Diff Loss 0.2524
Epoch 96 | Batch 100 | Diff Loss 0.2624
Epoch 96 | Batch 200 | Diff Loss 0.2749
Epoch 96 | Batch 300 | Diff Loss 0.2381
Epoch 96 | Batch 400 | Diff Loss 0.2477
Epoch 96 | Batch 500 | Diff Loss 0.2601
Epoch 96 | Batch 600 | Diff Loss 0.2579
Epoch 96 | Batch 700 | Diff Loss 0.2494
Epoch 96 | Batch 800 | Diff Loss 0.2710
Epoch 96 | Batch 900 | Diff Loss 0.2541
Epoch 96 | Batch 1000 | Diff Loss 0.2597
Epoch 96 | Batch 1100 | Diff Loss 0.2355
Epoch 96 | Batch 1200 | Diff Loss 0.2705
Epoch 96 | Batch 1300 | Diff Loss 0.2553
Epoch 96 | Batch 1400 | Diff Loss 0.2527
Epoch 96 | Batch 1500 | Diff Loss 0.2506
Epoch 96 | Batch 1600 | Diff Loss 0.2516
Epoch 96 | Batch 1700 | Diff Loss 0.2403
Epoch 96 | Batch 1800 | Diff Loss 0.2677
Epoch 96 | Batch 1900 | Diff Loss 0.2590
Epoch 96 | Batch 2000 | Diff Loss 0.2431
Epoch 96 | Batch 2100 | Diff Loss 0.2548
Epoch 96 | Batch 2200 | Diff Loss 0.2614
Epoch 96 | Batch 2300 | Diff Loss 0.2563
Epoch 96 | Batch 2400 | Diff Loss 0.2593
Epoch 96 | Batch 2500 | Diff Loss 0.2451
Epoch 96 | Batch 2600 | Diff Loss 0.2583
Epoch 96 Done. Loss: 0.2532. Time: 208.8s
Epoch 97 | Batch 0 | Diff Loss 0.2771
Epoch 97 | Batch 100 | Diff Loss 0.2472
Epoch 97 | Batch 200 | Diff Loss 0.2514
Epoch 97 | Batch 300 | Diff Loss 0.2696
Epoch 97 | Batch 400 | Diff Loss 0.2497
Epoch 97 | Batch 500 | Diff Loss 0.2399
Epoch 97 | Batch 600 | Diff Loss 0.2555
Epoch 97 | Batch 700 | Diff Loss 0.2470
Epoch 97 | Batch 800 | Diff Loss 0.2458
Epoch 97 | Batch 900 | Diff Loss 0.2528
Epoch 97 | Batch 1000 | Diff Loss 0.2514
Epoch 97 | Batch 1100 | Diff Loss 0.2617
Epoch 97 | Batch 1200 | Diff Loss 0.2498
Epoch 97 | Batch 1300 | Diff Loss 0.2482
Epoch 97 | Batch 1400 | Diff Loss 0.2459
Epoch 97 | Batch 1500 | Diff Loss 0.2505
Epoch 97 | Batch 1600 | Diff Loss 0.2467
Epoch 97 | Batch 1700 | Diff Loss 0.2535
Epoch 97 | Batch 1800 | Diff Loss 0.2672
Epoch 97 | Batch 1900 | Diff Loss 0.2476
Epoch 97 | Batch 2000 | Diff Loss 0.2467
Epoch 97 | Batch 2100 | Diff Loss 0.2663
Epoch 97 | Batch 2200 | Diff Loss 0.2559
Epoch 97 | Batch 2300 | Diff Loss 0.2477
Epoch 97 | Batch 2400 | Diff Loss 0.2528
Epoch 97 | Batch 2500 | Diff Loss 0.2488
Epoch 97 | Batch 2600 | Diff Loss 0.2519
Epoch 97 Done. Loss: 0.2529. Time: 215.5s
Epoch 98 | Batch 0 | Diff Loss 0.2338
Epoch 98 | Batch 100 | Diff Loss 0.2478
Epoch 98 | Batch 200 | Diff Loss 0.2421
Epoch 98 | Batch 300 | Diff Loss 0.2630
Epoch 98 | Batch 400 | Diff Loss 0.2650
Epoch 98 | Batch 500 | Diff Loss 0.2674
Epoch 98 | Batch 600 | Diff Loss 0.2398
Epoch 98 | Batch 700 | Diff Loss 0.2572
Epoch 98 | Batch 800 | Diff Loss 0.2498
Epoch 98 | Batch 900 | Diff Loss 0.2596
Epoch 98 | Batch 1000 | Diff Loss 0.2468
Epoch 98 | Batch 1100 | Diff Loss 0.2564
Epoch 98 | Batch 1200 | Diff Loss 0.2563
Epoch 98 | Batch 1300 | Diff Loss 0.2394
Epoch 98 | Batch 1400 | Diff Loss 0.2782
Epoch 98 | Batch 1500 | Diff Loss 0.2553
Epoch 98 | Batch 1600 | Diff Loss 0.2677
Epoch 98 | Batch 1700 | Diff Loss 0.2436
Epoch 98 | Batch 1800 | Diff Loss 0.2769
Epoch 98 | Batch 1900 | Diff Loss 0.2577
Epoch 98 | Batch 2000 | Diff Loss 0.2485
Epoch 98 | Batch 2100 | Diff Loss 0.2386
Epoch 98 | Batch 2200 | Diff Loss 0.2476
Epoch 98 | Batch 2300 | Diff Loss 0.2423
Epoch 98 | Batch 2400 | Diff Loss 0.2384
Epoch 98 | Batch 2500 | Diff Loss 0.2441
Epoch 98 | Batch 2600 | Diff Loss 0.2305
Epoch 98 Done. Loss: 0.2527. Time: 155.0s
Epoch 99 | Batch 0 | Diff Loss 0.2662
Epoch 99 | Batch 100 | Diff Loss 0.2593
Epoch 99 | Batch 200 | Diff Loss 0.2471
Epoch 99 | Batch 300 | Diff Loss 0.2414
Epoch 99 | Batch 400 | Diff Loss 0.2729
Epoch 99 | Batch 500 | Diff Loss 0.2453
Epoch 99 | Batch 600 | Diff Loss 0.2539
Epoch 99 | Batch 700 | Diff Loss 0.2470
Epoch 99 | Batch 800 | Diff Loss 0.2539
Epoch 99 | Batch 900 | Diff Loss 0.2415
Epoch 99 | Batch 1000 | Diff Loss 0.2376
Epoch 99 | Batch 1100 | Diff Loss 0.2651
Epoch 99 | Batch 1200 | Diff Loss 0.2666
Epoch 99 | Batch 1300 | Diff Loss 0.2603
Epoch 99 | Batch 1400 | Diff Loss 0.2507
Epoch 99 | Batch 1500 | Diff Loss 0.2504
Epoch 99 | Batch 1600 | Diff Loss 0.2442
Epoch 99 | Batch 1700 | Diff Loss 0.2544
Epoch 99 | Batch 1800 | Diff Loss 0.2408
Epoch 99 | Batch 1900 | Diff Loss 0.2363
Epoch 99 | Batch 2000 | Diff Loss 0.2550
Epoch 99 | Batch 2100 | Diff Loss 0.2680
Epoch 99 | Batch 2200 | Diff Loss 0.2507
Epoch 99 | Batch 2300 | Diff Loss 0.2444
Epoch 99 | Batch 2400 | Diff Loss 0.2581
Epoch 99 | Batch 2500 | Diff Loss 0.2426
Epoch 99 | Batch 2600 | Diff Loss 0.2451
Epoch 99 Done. Loss: 0.2528. Time: 134.4s
+ python -m src.training.evaluate --exp_name diff_b_dt30_h128_b512_lr1e-3_e100_s1_eval_quick --model_type diffusion --data_path data/processed_dt30/trajectories/shenzhen_trajectories.h5 --checkpoint data/experiments/diff_b_dt30_h128_b512_lr1e-3_e100_s1/last.pt --split test --obs_len 8 --pred_len 12 --hidden_dim 128 --diff_steps 100 --batch_size 32 --max_batches 10 --num_workers 0 --num_samples_per_condition 20 --save_samples 200 --seed 1
Using seed: 1
Using device: cuda
Using split=test: 21309 trajectories (/home/jinlin/projects/Mobility_v3/data/processed_dt30/splits/test_ids.npy)
Loading diffusion model from data/experiments/diff_b_dt30_h128_b512_lr1e-3_e100_s1/last.pt...
Running Inference...
  0%|          | 0/8838 [00:00<?, ?it/s]  0%|          | 1/8838 [00:04<12:14:14,  4.99s/it]  0%|          | 2/8838 [00:09<12:01:27,  4.90s/it]  0%|          | 3/8838 [00:14<11:57:02,  4.87s/it]  0%|          | 4/8838 [00:19<11:55:00,  4.86s/it]  0%|          | 5/8838 [00:24<12:09:45,  4.96s/it]  0%|          | 6/8838 [00:29<12:03:20,  4.91s/it]  0%|          | 7/8838 [00:34<12:05:29,  4.93s/it]  0%|          | 8/8838 [00:39<12:00:45,  4.90s/it]  0%|          | 9/8838 [00:44<11:57:42,  4.88s/it]  0%|          | 10/8838 [00:48<11:55:33,  4.86s/it]  0%|          | 10/8838 [00:48<11:59:49,  4.89s/it]
{
  "seed": 1,
  "split": "test",
  "num_conditions": 320,
  "K": 20,
  "ADE_mean": 7.856218957901001,
  "ADE_std": 3.088292360305786,
  "ADE_best": 3.3222303867340086,
  "FDE_mean": 13.602992153167724,
  "FDE_std": 5.932816219329834,
  "FDE_best": 4.302802395820618,
  "Frechet_mean": 13.837114143371583,
  "Frechet_std": 5.807581090927124,
  "Frechet_best": 4.963036012649536,
  "DTW_mean": 87.32939414978027,
  "DTW_std": 39.48322982788086,
  "DTW_best": 30.286056518554688,
  "MSD_1": 2.494351702342664,
  "MSD_5": 39.17822002236626,
  "MSD_10": 120.46896566824678,
  "msd_curve": [
    2.494351702342664,
    8.521767735245305,
    16.965061205422074,
    27.271156237972832,
    39.17822002236626,
    52.503456211228716,
    67.27989444419812,
    83.56611908681853,
    101.22394927578051,
    120.46896566824678,
    142.1383262647623
  ],
  "Rog": 3.320201969296521,
  "GT_MSD_1": 5.345081627540865,
  "GT_MSD_5": 103.67779148940473,
  "GT_MSD_10": 349.73998770939363,
  "GT_msd_curve": [
    5.345081627540865,
    19.52881515039144,
    41.02866713283414,
    69.32818805846584,
    103.67779148940473,
    143.33918535439219,
    187.96578427977045,
    237.25857163753676,
    291.0450321817256,
    349.73998770939363,
    412.97503600184234
  ],
  "GT_Rog": 5.247348872967523
}
Results saved to data/experiments/diff_b_dt30_h128_b512_lr1e-3_e100_s1_eval_quick
+ python -m src.training.evaluate --exp_name physics_b_dt30_h128_b512_lr1e-3_e100_s1_eval_quick --model_type physics --data_path data/processed_dt30/trajectories/shenzhen_trajectories.h5 --checkpoint data/experiments/physics_b_dt30_h128_b512_lr1e-3_e100_s1/last.pt --nav_file data/processed_dt30/nav_field.npz --split test --obs_len 8 --pred_len 12 --hidden_dim 128 --diff_steps 100 --patch_size 32 --batch_size 32 --max_batches 10 --num_workers 0 --num_samples_per_condition 20 --save_samples 200 --seed 1
Using seed: 1
Using device: cuda
Using split=test: 21309 trajectories (/home/jinlin/projects/Mobility_v3/data/processed_dt30/splits/test_ids.npy)
Loading physics model from data/experiments/physics_b_dt30_h128_b512_lr1e-3_e100_s1/last.pt...
Running Inference...
  0%|          | 0/8838 [00:00<?, ?it/s]  0%|          | 1/8838 [00:04<12:10:04,  4.96s/it]  0%|          | 2/8838 [00:09<11:56:15,  4.86s/it]  0%|          | 3/8838 [00:14<11:52:22,  4.84s/it]  0%|          | 4/8838 [00:19<11:49:57,  4.82s/it]  0%|          | 5/8838 [00:24<11:48:36,  4.81s/it]  0%|          | 6/8838 [00:28<11:47:41,  4.81s/it]  0%|          | 7/8838 [00:33<11:47:11,  4.80s/it]  0%|          | 8/8838 [00:38<11:46:49,  4.80s/it]  0%|          | 9/8838 [00:43<11:46:46,  4.80s/it]  0%|          | 10/8838 [00:48<11:52:05,  4.84s/it]  0%|          | 10/8838 [00:48<11:50:27,  4.83s/it]
{
  "seed": 1,
  "split": "test",
  "num_conditions": 320,
  "K": 20,
  "ADE_mean": 6.310808396339416,
  "ADE_std": 2.498986876010895,
  "ADE_best": 2.2652513444423676,
  "FDE_mean": 11.097964859008789,
  "FDE_std": 4.880792617797852,
  "FDE_best": 2.9958202242851257,
  "Frechet_mean": 11.278896808624268,
  "Frechet_std": 4.81282913684845,
  "Frechet_best": 3.4964014172554014,
  "DTW_mean": 66.79487037658691,
  "DTW_std": 31.712657165527343,
  "DTW_best": 18.891769123077392,
  "MSD_1": 2.026995154078412,
  "MSD_5": 32.06885827682232,
  "MSD_10": 102.0402625749099,
  "msd_curve": [
    2.026995154078412,
    6.927575463758424,
    13.798446746222448,
    22.247930796668253,
    32.06885827682232,
    43.17860196720338,
    55.62661354630192,
    69.49661306634093,
    84.88616207509291,
    102.0402625749099,
    121.95076496221937
  ],
  "Rog": 3.0019475850445723,
  "GT_MSD_1": 5.345081627540865,
  "GT_MSD_5": 103.67779148940473,
  "GT_MSD_10": 349.73998770939363,
  "GT_msd_curve": [
    5.345081627540865,
    19.52881515039144,
    41.02866713283414,
    69.32818805846584,
    103.67779148940473,
    143.33918535439219,
    187.96578427977045,
    237.25857163753676,
    291.0450321817256,
    349.73998770939363,
    412.97503600184234
  ],
  "GT_Rog": 5.247348872967523
}
Results saved to data/experiments/physics_b_dt30_h128_b512_lr1e-3_e100_s1_eval_quick
+ python -m src.training.evaluate --exp_name diff_b_dt30_h128_b512_lr1e-3_e100_s1_eval_mid --model_type diffusion --data_path data/processed_dt30/trajectories/shenzhen_trajectories.h5 --checkpoint data/experiments/diff_b_dt30_h128_b512_lr1e-3_e100_s1/last.pt --split test --obs_len 8 --pred_len 12 --hidden_dim 128 --diff_steps 100 --batch_size 32 --max_batches 200 --num_workers 0 --num_samples_per_condition 20 --save_samples 200 --seed 1
Using seed: 1
Using device: cuda
Using split=test: 21309 trajectories (/home/jinlin/projects/Mobility_v3/data/processed_dt30/splits/test_ids.npy)
Loading diffusion model from data/experiments/diff_b_dt30_h128_b512_lr1e-3_e100_s1/last.pt...
Running Inference...
  0%|          | 0/8838 [00:00<?, ?it/s]  0%|          | 1/8838 [00:04<12:15:36,  4.99s/it]  0%|          | 2/8838 [00:09<12:02:22,  4.91s/it]  0%|          | 3/8838 [00:14<11:57:39,  4.87s/it]  0%|          | 4/8838 [00:19<11:55:12,  4.86s/it]  0%|          | 5/8838 [00:24<11:54:05,  4.85s/it]  0%|          | 6/8838 [00:29<11:55:53,  4.86s/it]  0%|          | 7/8838 [00:34<11:54:41,  4.86s/it]  0%|          | 8/8838 [00:38<11:53:40,  4.85s/it]  0%|          | 9/8838 [00:43<11:52:42,  4.84s/it]  0%|          | 10/8838 [00:48<11:52:14,  4.84s/it]  0%|          | 11/8838 [00:53<11:52:00,  4.84s/it]  0%|          | 12/8838 [00:58<11:51:41,  4.84s/it]  0%|          | 13/8838 [01:03<11:51:48,  4.84s/it]  0%|          | 14/8838 [01:07<11:51:34,  4.84s/it]  0%|          | 15/8838 [01:12<11:51:22,  4.84s/it]  0%|          | 16/8838 [01:17<11:51:16,  4.84s/it]  0%|          | 17/8838 [01:22<11:53:40,  4.85s/it]  0%|          | 18/8838 [01:27<11:52:50,  4.85s/it]  0%|          | 19/8838 [01:32<11:52:17,  4.85s/it]  0%|          | 20/8838 [01:37<11:51:49,  4.84s/it]  0%|          | 21/8838 [01:41<11:56:46,  4.88s/it]  0%|          | 22/8838 [01:46<11:59:14,  4.90s/it]  0%|          | 23/8838 [01:51<11:56:25,  4.88s/it]  0%|          | 24/8838 [01:56<11:54:28,  4.86s/it]  0%|          | 25/8838 [02:01<11:53:17,  4.86s/it]  0%|          | 26/8838 [02:06<11:52:08,  4.85s/it]  0%|          | 27/8838 [02:11<12:01:12,  4.91s/it]  0%|          | 28/8838 [02:16<11:57:50,  4.89s/it]  0%|          | 29/8838 [02:20<11:55:51,  4.88s/it]  0%|          | 30/8838 [02:25<11:53:56,  4.86s/it]  0%|          | 31/8838 [02:30<11:52:36,  4.85s/it]  0%|          | 32/8838 [02:35<11:56:22,  4.88s/it]  0%|          | 33/8838 [02:40<11:54:14,  4.87s/it]  0%|          | 34/8838 [02:45<11:56:57,  4.89s/it]  0%|          | 35/8838 [02:50<11:54:35,  4.87s/it]  0%|          | 36/8838 [02:55<11:52:52,  4.86s/it]  0%|          | 37/8838 [02:59<11:51:37,  4.85s/it]  0%|          | 38/8838 [03:04<11:50:56,  4.85s/it]  0%|          | 39/8838 [03:09<11:50:09,  4.84s/it]  0%|          | 40/8838 [03:14<11:54:19,  4.87s/it]  0%|          | 41/8838 [03:19<11:52:33,  4.86s/it]  0%|          | 42/8838 [03:24<11:51:25,  4.85s/it]  0%|          | 43/8838 [03:29<11:58:01,  4.90s/it]  0%|          | 44/8838 [03:33<11:55:05,  4.88s/it]  1%|          | 45/8838 [03:38<11:53:09,  4.87s/it]  1%|          | 46/8838 [03:44<12:15:25,  5.02s/it]  1%|          | 47/8838 [03:49<12:25:37,  5.09s/it]  1%|          | 48/8838 [03:54<12:20:49,  5.06s/it]  1%|          | 49/8838 [03:59<12:13:12,  5.01s/it]  1%|          | 50/8838 [04:04<12:05:36,  4.95s/it]  1%|          | 51/8838 [04:08<12:00:16,  4.92s/it]  1%|          | 52/8838 [04:13<11:56:22,  4.89s/it]  1%|          | 53/8838 [04:18<11:53:41,  4.87s/it]  1%|          | 54/8838 [04:23<11:51:44,  4.86s/it]  1%|          | 55/8838 [04:28<11:54:05,  4.88s/it]  1%|          | 56/8838 [04:33<11:52:03,  4.86s/it]  1%|          | 57/8838 [04:38<11:54:08,  4.88s/it]  1%|          | 58/8838 [04:42<11:51:54,  4.87s/it]  1%|          | 59/8838 [04:47<11:50:31,  4.86s/it]  1%|          | 60/8838 [04:52<11:54:05,  4.88s/it]  1%|          | 61/8838 [04:57<11:51:49,  4.87s/it]  1%|          | 62/8838 [05:02<11:50:12,  4.86s/it]  1%|          | 63/8838 [05:07<11:49:02,  4.85s/it]  1%|          | 64/8838 [05:12<11:48:26,  4.84s/it]  1%|          | 65/8838 [05:16<11:47:54,  4.84s/it]  1%|          | 66/8838 [05:21<11:54:34,  4.89s/it]  1%|          | 67/8838 [05:26<11:52:26,  4.87s/it]  1%|          | 68/8838 [05:31<11:50:38,  4.86s/it]  1%|          | 69/8838 [05:36<11:56:38,  4.90s/it]  1%|          | 70/8838 [05:41<12:00:14,  4.93s/it]  1%|          | 71/8838 [05:46<11:55:55,  4.90s/it]  1%|          | 72/8838 [05:51<11:52:53,  4.88s/it]  1%|          | 73/8838 [05:56<11:51:01,  4.87s/it]  1%|          | 74/8838 [06:00<11:49:35,  4.86s/it]  1%|          | 75/8838 [06:05<11:49:02,  4.85s/it]  1%|          | 76/8838 [06:10<11:56:42,  4.91s/it]  1%|          | 77/8838 [06:15<11:53:23,  4.89s/it]  1%|          | 78/8838 [06:20<11:56:05,  4.90s/it]  1%|          | 79/8838 [06:25<11:52:58,  4.88s/it]  1%|          | 80/8838 [06:30<11:50:55,  4.87s/it]  1%|          | 81/8838 [06:35<11:55:13,  4.90s/it]  1%|          | 82/8838 [06:40<11:52:25,  4.88s/it]  1%|          | 83/8838 [06:44<11:50:15,  4.87s/it]  1%|          | 84/8838 [06:49<11:55:28,  4.90s/it]  1%|          | 85/8838 [06:54<11:52:10,  4.88s/it]  1%|          | 86/8838 [06:59<11:49:49,  4.87s/it]  1%|          | 87/8838 [07:04<11:52:10,  4.88s/it]  1%|          | 88/8838 [07:09<11:51:55,  4.88s/it]  1%|          | 89/8838 [07:14<11:53:10,  4.89s/it]  1%|          | 90/8838 [07:19<11:51:50,  4.88s/it]  1%|          | 91/8838 [07:24<11:53:10,  4.89s/it]  1%|          | 92/8838 [07:28<11:50:26,  4.87s/it]  1%|          | 93/8838 [07:33<11:48:35,  4.86s/it]  1%|          | 94/8838 [07:38<11:47:16,  4.85s/it]  1%|          | 95/8838 [07:43<11:46:24,  4.85s/it]  1%|          | 96/8838 [07:48<11:45:54,  4.84s/it]  1%|          | 97/8838 [07:53<11:51:40,  4.89s/it]  1%|          | 98/8838 [07:57<11:49:10,  4.87s/it]  1%|          | 99/8838 [08:02<11:47:39,  4.86s/it]  1%|          | 100/8838 [08:07<11:46:21,  4.85s/it]  1%|          | 101/8838 [08:12<11:45:33,  4.85s/it]  1%|          | 102/8838 [08:17<11:44:43,  4.84s/it]  1%|          | 103/8838 [08:22<11:44:10,  4.84s/it]  1%|          | 104/8838 [08:26<11:43:48,  4.83s/it]  1%|          | 105/8838 [08:31<11:43:37,  4.83s/it]  1%|          | 106/8838 [08:36<11:43:21,  4.83s/it]  1%|          | 107/8838 [08:41<11:43:11,  4.83s/it]  1%|          | 108/8838 [08:46<11:47:05,  4.86s/it]  1%|          | 109/8838 [08:51<11:47:22,  4.86s/it]  1%|          | 110/8838 [08:56<11:47:15,  4.86s/it]  1%|▏         | 111/8838 [09:00<11:46:00,  4.85s/it]  1%|▏         | 112/8838 [09:05<11:45:25,  4.85s/it]  1%|▏         | 113/8838 [09:10<11:44:33,  4.85s/it]  1%|▏         | 114/8838 [09:15<11:43:53,  4.84s/it]  1%|▏         | 115/8838 [09:20<11:43:32,  4.84s/it]  1%|▏         | 116/8838 [09:25<11:50:30,  4.89s/it]  1%|▏         | 117/8838 [09:30<11:48:18,  4.87s/it]  1%|▏         | 118/8838 [09:35<11:49:26,  4.88s/it]  1%|▏         | 119/8838 [09:39<11:49:26,  4.88s/it]  1%|▏         | 120/8838 [09:44<11:50:29,  4.89s/it]  1%|▏         | 121/8838 [09:49<11:48:01,  4.87s/it]  1%|▏         | 122/8838 [09:54<11:46:07,  4.86s/it]  1%|▏         | 123/8838 [09:59<11:45:04,  4.85s/it]  1%|▏         | 124/8838 [10:04<11:44:18,  4.85s/it]  1%|▏         | 125/8838 [10:09<11:48:48,  4.88s/it]  1%|▏         | 126/8838 [10:14<11:53:12,  4.91s/it]  1%|▏         | 127/8838 [10:18<11:51:26,  4.90s/it]  1%|▏         | 128/8838 [10:23<11:50:23,  4.89s/it]  1%|▏         | 129/8838 [10:28<11:53:17,  4.91s/it]  1%|▏         | 130/8838 [10:33<11:50:14,  4.89s/it]  1%|▏         | 131/8838 [10:38<11:50:49,  4.90s/it]  1%|▏         | 132/8838 [10:43<11:47:53,  4.88s/it]  2%|▏         | 133/8838 [10:48<11:46:44,  4.87s/it]  2%|▏         | 134/8838 [10:53<11:59:16,  4.96s/it]  2%|▏         | 135/8838 [10:58<11:54:21,  4.92s/it]  2%|▏         | 136/8838 [11:03<11:52:25,  4.91s/it]  2%|▏         | 137/8838 [11:08<11:49:34,  4.89s/it]  2%|▏         | 138/8838 [11:12<11:48:31,  4.89s/it]  2%|▏         | 139/8838 [11:17<11:49:40,  4.89s/it]  2%|▏         | 140/8838 [11:22<11:59:28,  4.96s/it]  2%|▏         | 141/8838 [11:28<12:17:35,  5.09s/it]  2%|▏         | 142/8838 [11:33<12:16:13,  5.08s/it]  2%|▏         | 143/8838 [11:38<12:05:36,  5.01s/it]  2%|▏         | 144/8838 [11:43<12:13:02,  5.06s/it]  2%|▏         | 145/8838 [11:48<12:10:15,  5.04s/it]  2%|▏         | 146/8838 [11:53<12:01:20,  4.98s/it]  2%|▏         | 147/8838 [11:58<11:54:59,  4.94s/it]  2%|▏         | 148/8838 [12:02<11:52:08,  4.92s/it]  2%|▏         | 149/8838 [12:07<11:50:14,  4.90s/it]  2%|▏         | 150/8838 [12:12<11:47:22,  4.89s/it]  2%|▏         | 151/8838 [12:17<11:45:04,  4.87s/it]  2%|▏         | 152/8838 [12:22<11:43:29,  4.86s/it]  2%|▏         | 153/8838 [12:27<11:42:17,  4.85s/it]  2%|▏         | 154/8838 [12:31<11:41:34,  4.85s/it]  2%|▏         | 155/8838 [12:36<11:40:54,  4.84s/it]  2%|▏         | 156/8838 [12:41<11:45:23,  4.87s/it]  2%|▏         | 157/8838 [12:46<11:49:48,  4.91s/it]  2%|▏         | 158/8838 [12:51<11:46:49,  4.89s/it]  2%|▏         | 159/8838 [12:56<11:51:40,  4.92s/it]  2%|▏         | 160/8838 [13:01<11:47:56,  4.89s/it]  2%|▏         | 161/8838 [13:06<11:50:20,  4.91s/it]  2%|▏         | 162/8838 [13:11<11:53:41,  4.94s/it]  2%|▏         | 163/8838 [13:16<11:49:09,  4.90s/it]  2%|▏         | 164/8838 [13:21<11:46:07,  4.88s/it]  2%|▏         | 165/8838 [13:25<11:48:04,  4.90s/it]  2%|▏         | 166/8838 [13:30<11:45:22,  4.88s/it]  2%|▏         | 167/8838 [13:35<11:43:28,  4.87s/it]  2%|▏         | 168/8838 [13:40<11:42:00,  4.86s/it]  2%|▏         | 169/8838 [13:45<11:40:48,  4.85s/it]  2%|▏         | 170/8838 [13:50<11:40:02,  4.85s/it]  2%|▏         | 171/8838 [13:55<11:47:08,  4.90s/it]  2%|▏         | 172/8838 [13:59<11:44:26,  4.88s/it]  2%|▏         | 173/8838 [14:04<11:42:30,  4.86s/it]  2%|▏         | 174/8838 [14:09<11:41:14,  4.86s/it]  2%|▏         | 175/8838 [14:14<11:40:26,  4.85s/it]  2%|▏         | 176/8838 [14:19<11:39:46,  4.85s/it]  2%|▏         | 177/8838 [14:24<11:40:21,  4.85s/it]  2%|▏         | 178/8838 [14:29<11:40:23,  4.85s/it]  2%|▏         | 179/8838 [14:34<11:45:22,  4.89s/it]  2%|▏         | 180/8838 [14:38<11:43:45,  4.88s/it]  2%|▏         | 181/8838 [14:43<11:42:08,  4.87s/it]  2%|▏         | 182/8838 [14:48<11:41:17,  4.86s/it]  2%|▏         | 183/8838 [14:53<11:44:05,  4.88s/it]  2%|▏         | 184/8838 [14:58<11:47:00,  4.90s/it]  2%|▏         | 185/8838 [15:03<11:55:39,  4.96s/it]  2%|▏         | 186/8838 [15:08<11:50:40,  4.93s/it]  2%|▏         | 187/8838 [15:13<11:47:03,  4.90s/it]  2%|▏         | 188/8838 [15:18<11:44:38,  4.89s/it]  2%|▏         | 189/8838 [15:23<11:53:42,  4.95s/it]  2%|▏         | 190/8838 [15:28<12:02:19,  5.01s/it]  2%|▏         | 191/8838 [15:33<11:55:27,  4.96s/it]  2%|▏         | 192/8838 [15:38<11:50:36,  4.93s/it]  2%|▏         | 193/8838 [15:42<11:50:20,  4.93s/it]  2%|▏         | 194/8838 [15:47<11:46:45,  4.91s/it]  2%|▏         | 195/8838 [15:52<11:45:12,  4.90s/it]  2%|▏         | 196/8838 [15:57<11:43:16,  4.88s/it]  2%|▏         | 197/8838 [16:02<11:42:30,  4.88s/it]  2%|▏         | 198/8838 [16:07<11:40:48,  4.87s/it]  2%|▏         | 199/8838 [16:12<11:40:39,  4.87s/it]  2%|▏         | 200/8838 [16:16<11:40:24,  4.87s/it]  2%|▏         | 200/8838 [16:16<11:43:16,  4.88s/it]
{
  "seed": 1,
  "split": "test",
  "num_conditions": 6400,
  "K": 20,
  "ADE_mean": 9.221835305690766,
  "ADE_std": 3.354327592253685,
  "ADE_best": 3.9190215283632277,
  "FDE_mean": 15.762550575733185,
  "FDE_std": 6.255144455432892,
  "FDE_best": 5.307019366174936,
  "Frechet_mean": 16.03789168357849,
  "Frechet_std": 6.106315039396286,
  "Frechet_best": 6.106113801002502,
  "DTW_mean": 102.31960927009582,
  "DTW_std": 43.0533349609375,
  "DTW_best": 36.91020821452141,
  "MSD_1": 3.042916033992155,
  "MSD_5": 48.29061589705738,
  "MSD_10": 151.82929466440189,
  "msd_curve": [
    3.042916033992155,
    10.444101444281745,
    20.82935393796083,
    33.53736776656417,
    48.29061589705738,
    64.90625664830755,
    83.45293410549762,
    103.98491701626226,
    126.66141681886586,
    151.82929466440189,
    181.0466814298629
  ],
  "Rog": 3.763351532789979,
  "GT_MSD_1": 7.210336218585929,
  "GT_MSD_5": 146.91401197863559,
  "GT_MSD_10": 505.67107893394217,
  "GT_msd_curve": [
    7.210336218585929,
    27.00871431346634,
    57.53811494834465,
    97.76472612868233,
    146.91401197863559,
    204.33575925659503,
    269.4072498353904,
    341.58523883876813,
    420.44779089840506,
    505.67107893394217,
    596.6573337081206
  ],
  "GT_Rog": 6.532886962581581
}
Results saved to data/experiments/diff_b_dt30_h128_b512_lr1e-3_e100_s1_eval_mid
+ python -m src.training.evaluate --exp_name physics_b_dt30_h128_b512_lr1e-3_e100_s1_eval_mid --model_type physics --data_path data/processed_dt30/trajectories/shenzhen_trajectories.h5 --checkpoint data/experiments/physics_b_dt30_h128_b512_lr1e-3_e100_s1/last.pt --nav_file data/processed_dt30/nav_field.npz --split test --obs_len 8 --pred_len 12 --hidden_dim 128 --diff_steps 100 --patch_size 32 --batch_size 32 --max_batches 200 --num_workers 0 --num_samples_per_condition 20 --save_samples 200 --seed 1
Using seed: 1
Using device: cuda
Using split=test: 21309 trajectories (/home/jinlin/projects/Mobility_v3/data/processed_dt30/splits/test_ids.npy)
Loading physics model from data/experiments/physics_b_dt30_h128_b512_lr1e-3_e100_s1/last.pt...
Running Inference...
  0%|          | 0/8838 [00:00<?, ?it/s]  0%|          | 1/8838 [00:04<12:09:52,  4.96s/it]  0%|          | 2/8838 [00:09<11:55:57,  4.86s/it]  0%|          | 3/8838 [00:14<12:01:14,  4.90s/it]  0%|          | 4/8838 [00:19<11:55:12,  4.86s/it]  0%|          | 5/8838 [00:24<11:51:44,  4.83s/it]  0%|          | 6/8838 [00:29<11:50:51,  4.83s/it]  0%|          | 7/8838 [00:34<12:00:51,  4.90s/it]  0%|          | 8/8838 [00:39<12:00:35,  4.90s/it]  0%|          | 9/8838 [00:43<11:56:25,  4.87s/it]  0%|          | 10/8838 [00:48<11:57:47,  4.88s/it]  0%|          | 11/8838 [00:53<11:53:55,  4.85s/it]  0%|          | 12/8838 [00:58<12:02:20,  4.91s/it]  0%|          | 13/8838 [01:03<11:57:09,  4.88s/it]  0%|          | 14/8838 [01:08<12:03:11,  4.92s/it]  0%|          | 15/8838 [01:13<11:57:47,  4.88s/it]  0%|          | 16/8838 [01:17<11:53:47,  4.85s/it]  0%|          | 17/8838 [01:22<11:51:19,  4.84s/it]  0%|          | 18/8838 [01:27<11:49:32,  4.83s/it]  0%|          | 19/8838 [01:32<11:48:25,  4.82s/it]  0%|          | 20/8838 [01:37<12:12:44,  4.99s/it]  0%|          | 21/8838 [01:42<12:04:38,  4.93s/it]  0%|          | 22/8838 [01:47<12:03:10,  4.92s/it]  0%|          | 23/8838 [01:52<11:57:54,  4.89s/it]  0%|          | 24/8838 [01:57<11:54:04,  4.86s/it]  0%|          | 25/8838 [02:01<11:51:30,  4.84s/it]  0%|          | 26/8838 [02:06<11:49:44,  4.83s/it]  0%|          | 27/8838 [02:11<11:48:25,  4.82s/it]  0%|          | 28/8838 [02:16<11:47:19,  4.82s/it]  0%|          | 29/8838 [02:21<11:46:38,  4.81s/it]  0%|          | 30/8838 [02:26<11:57:35,  4.89s/it]  0%|          | 31/8838 [02:30<11:53:42,  4.86s/it]  0%|          | 32/8838 [02:35<11:51:12,  4.85s/it]  0%|          | 33/8838 [02:40<12:00:45,  4.91s/it]  0%|          | 34/8838 [02:45<12:02:34,  4.92s/it]  0%|          | 35/8838 [02:50<11:57:09,  4.89s/it]  0%|          | 36/8838 [02:55<11:53:16,  4.86s/it]  0%|          | 37/8838 [03:00<11:50:30,  4.84s/it]  0%|          | 38/8838 [03:04<11:48:36,  4.83s/it]  0%|          | 39/8838 [03:09<11:47:15,  4.82s/it]  0%|          | 40/8838 [03:14<11:50:42,  4.85s/it]  0%|          | 41/8838 [03:19<11:48:52,  4.83s/it]  0%|          | 42/8838 [03:24<12:02:12,  4.93s/it]  0%|          | 43/8838 [03:29<11:56:47,  4.89s/it]  0%|          | 44/8838 [03:34<11:52:46,  4.86s/it]  1%|          | 45/8838 [03:39<11:50:11,  4.85s/it]  1%|          | 46/8838 [03:44<12:03:23,  4.94s/it]  1%|          | 47/8838 [03:48<11:57:17,  4.90s/it]  1%|          | 48/8838 [03:53<11:53:11,  4.87s/it]  1%|          | 49/8838 [03:58<11:50:05,  4.85s/it]  1%|          | 50/8838 [04:03<11:47:53,  4.83s/it]  1%|          | 51/8838 [04:08<11:46:39,  4.83s/it]  1%|          | 52/8838 [04:13<11:45:26,  4.82s/it]  1%|          | 53/8838 [04:17<11:44:48,  4.81s/it]  1%|          | 54/8838 [04:22<11:44:08,  4.81s/it]  1%|          | 55/8838 [04:27<11:43:43,  4.81s/it]  1%|          | 56/8838 [04:32<11:43:34,  4.81s/it]  1%|          | 57/8838 [04:37<11:49:33,  4.85s/it]  1%|          | 58/8838 [04:41<11:47:22,  4.83s/it]  1%|          | 59/8838 [04:46<11:46:06,  4.83s/it]  1%|          | 60/8838 [04:51<11:49:47,  4.85s/it]  1%|          | 61/8838 [04:56<11:47:36,  4.84s/it]  1%|          | 62/8838 [05:01<11:45:56,  4.83s/it]  1%|          | 63/8838 [05:06<11:44:55,  4.82s/it]  1%|          | 64/8838 [05:10<11:44:02,  4.81s/it]  1%|          | 65/8838 [05:15<11:43:23,  4.81s/it]  1%|          | 66/8838 [05:20<11:42:54,  4.81s/it]  1%|          | 67/8838 [05:25<11:50:19,  4.86s/it]  1%|          | 68/8838 [05:30<11:52:48,  4.88s/it]  1%|          | 69/8838 [05:35<11:49:36,  4.86s/it]  1%|          | 70/8838 [05:40<11:47:11,  4.84s/it]  1%|          | 71/8838 [05:44<11:45:34,  4.83s/it]  1%|          | 72/8838 [05:49<11:44:29,  4.82s/it]  1%|          | 73/8838 [05:54<11:43:34,  4.82s/it]  1%|          | 74/8838 [05:59<11:42:45,  4.81s/it]  1%|          | 75/8838 [06:04<11:42:14,  4.81s/it]  1%|          | 76/8838 [06:08<11:42:03,  4.81s/it]  1%|          | 77/8838 [06:13<11:52:57,  4.88s/it]  1%|          | 78/8838 [06:18<11:49:27,  4.86s/it]  1%|          | 79/8838 [06:23<11:46:54,  4.84s/it]  1%|          | 80/8838 [06:28<11:44:57,  4.83s/it]  1%|          | 81/8838 [06:33<11:43:38,  4.82s/it]  1%|          | 82/8838 [06:37<11:42:52,  4.82s/it]  1%|          | 83/8838 [06:42<11:42:26,  4.81s/it]  1%|          | 84/8838 [06:47<11:44:39,  4.83s/it]  1%|          | 85/8838 [06:52<11:43:19,  4.82s/it]  1%|          | 86/8838 [06:57<11:42:40,  4.82s/it]  1%|          | 87/8838 [07:02<12:02:55,  4.96s/it]  1%|          | 88/8838 [07:07<11:59:28,  4.93s/it]  1%|          | 89/8838 [07:12<11:53:38,  4.89s/it]  1%|          | 90/8838 [07:16<11:49:37,  4.87s/it]  1%|          | 91/8838 [07:21<11:48:29,  4.86s/it]  1%|          | 92/8838 [07:26<11:45:41,  4.84s/it]  1%|          | 93/8838 [07:31<11:43:52,  4.83s/it]  1%|          | 94/8838 [07:36<11:42:41,  4.82s/it]  1%|          | 95/8838 [07:41<11:43:35,  4.83s/it]  1%|          | 96/8838 [07:45<11:42:28,  4.82s/it]  1%|          | 97/8838 [07:50<11:45:31,  4.84s/it]  1%|          | 98/8838 [07:55<11:43:41,  4.83s/it]  1%|          | 99/8838 [08:00<11:42:20,  4.82s/it]  1%|          | 100/8838 [08:05<11:41:19,  4.82s/it]  1%|          | 101/8838 [08:09<11:40:31,  4.81s/it]  1%|          | 102/8838 [08:14<11:40:04,  4.81s/it]  1%|          | 103/8838 [08:19<11:48:54,  4.87s/it]  1%|          | 104/8838 [08:24<11:45:47,  4.85s/it]  1%|          | 105/8838 [08:29<11:48:20,  4.87s/it]  1%|          | 106/8838 [08:34<11:45:38,  4.85s/it]  1%|          | 107/8838 [08:39<11:48:20,  4.87s/it]  1%|          | 108/8838 [08:44<11:52:01,  4.89s/it]  1%|          | 109/8838 [08:48<11:48:08,  4.87s/it]  1%|          | 110/8838 [08:53<11:48:34,  4.87s/it]  1%|▏         | 111/8838 [08:58<11:45:17,  4.85s/it]  1%|▏         | 112/8838 [09:03<11:47:42,  4.87s/it]  1%|▏         | 113/8838 [09:08<11:45:13,  4.85s/it]  1%|▏         | 114/8838 [09:13<11:43:08,  4.84s/it]  1%|▏         | 115/8838 [09:17<11:41:35,  4.83s/it]  1%|▏         | 116/8838 [09:22<11:40:25,  4.82s/it]  1%|▏         | 117/8838 [09:27<11:39:34,  4.81s/it]  1%|▏         | 118/8838 [09:32<11:45:22,  4.85s/it]  1%|▏         | 119/8838 [09:37<11:43:09,  4.84s/it]  1%|▏         | 120/8838 [09:42<11:42:29,  4.83s/it]  1%|▏         | 121/8838 [09:46<11:41:05,  4.83s/it]  1%|▏         | 122/8838 [09:51<11:45:03,  4.85s/it]  1%|▏         | 123/8838 [09:56<11:46:24,  4.86s/it]  1%|▏         | 124/8838 [10:01<11:43:50,  4.85s/it]  1%|▏         | 125/8838 [10:06<11:41:53,  4.83s/it]  1%|▏         | 126/8838 [10:11<11:48:02,  4.88s/it]  1%|▏         | 127/8838 [10:16<11:44:50,  4.85s/it]  1%|▏         | 128/8838 [10:20<11:42:31,  4.84s/it]  1%|▏         | 129/8838 [10:25<11:41:32,  4.83s/it]  1%|▏         | 130/8838 [10:30<11:40:42,  4.83s/it]  1%|▏         | 131/8838 [10:35<11:40:03,  4.82s/it]  1%|▏         | 132/8838 [10:40<11:39:53,  4.82s/it]  2%|▏         | 133/8838 [10:45<11:39:36,  4.82s/it]  2%|▏         | 134/8838 [10:50<11:55:28,  4.93s/it]  2%|▏         | 135/8838 [10:55<11:50:38,  4.90s/it]  2%|▏         | 136/8838 [10:59<11:46:11,  4.87s/it]  2%|▏         | 137/8838 [11:04<11:43:28,  4.85s/it]  2%|▏         | 138/8838 [11:09<11:41:19,  4.84s/it]  2%|▏         | 139/8838 [11:14<11:39:43,  4.83s/it]  2%|▏         | 140/8838 [11:19<11:38:44,  4.82s/it]  2%|▏         | 141/8838 [11:23<11:40:14,  4.83s/it]  2%|▏         | 142/8838 [11:28<11:39:21,  4.83s/it]  2%|▏         | 143/8838 [11:33<11:52:00,  4.91s/it]  2%|▏         | 144/8838 [11:38<11:47:12,  4.88s/it]  2%|▏         | 145/8838 [11:43<11:43:51,  4.86s/it]  2%|▏         | 146/8838 [11:48<11:49:38,  4.90s/it]  2%|▏         | 147/8838 [11:53<11:45:17,  4.87s/it]  2%|▏         | 148/8838 [11:58<11:48:01,  4.89s/it]  2%|▏         | 149/8838 [12:03<11:48:34,  4.89s/it]  2%|▏         | 150/8838 [12:07<11:45:04,  4.87s/it]  2%|▏         | 151/8838 [12:12<11:42:15,  4.85s/it]  2%|▏         | 152/8838 [12:17<11:40:09,  4.84s/it]  2%|▏         | 153/8838 [12:22<11:38:40,  4.83s/it]  2%|▏         | 154/8838 [12:27<11:37:20,  4.82s/it]  2%|▏         | 155/8838 [12:31<11:40:09,  4.84s/it]  2%|▏         | 156/8838 [12:36<11:38:23,  4.83s/it]  2%|▏         | 157/8838 [12:41<11:37:38,  4.82s/it]  2%|▏         | 158/8838 [12:46<11:36:55,  4.82s/it]  2%|▏         | 159/8838 [12:51<11:37:03,  4.82s/it]  2%|▏         | 160/8838 [12:56<11:36:08,  4.81s/it]  2%|▏         | 161/8838 [13:00<11:35:38,  4.81s/it]  2%|▏         | 162/8838 [13:05<11:35:08,  4.81s/it]  2%|▏         | 163/8838 [13:10<11:34:45,  4.81s/it]  2%|▏         | 164/8838 [13:15<11:38:32,  4.83s/it]  2%|▏         | 165/8838 [13:20<11:42:45,  4.86s/it]  2%|▏         | 166/8838 [13:25<11:40:00,  4.84s/it]  2%|▏         | 167/8838 [13:29<11:38:13,  4.83s/it]  2%|▏         | 168/8838 [13:34<11:36:55,  4.82s/it]  2%|▏         | 169/8838 [13:39<11:40:43,  4.85s/it]  2%|▏         | 170/8838 [13:44<11:38:32,  4.84s/it]  2%|▏         | 171/8838 [13:49<11:37:06,  4.83s/it]  2%|▏         | 172/8838 [13:54<11:50:57,  4.92s/it]  2%|▏         | 173/8838 [13:59<11:48:40,  4.91s/it]  2%|▏         | 174/8838 [14:04<11:44:03,  4.88s/it]  2%|▏         | 175/8838 [14:09<11:59:22,  4.98s/it]  2%|▏         | 176/8838 [14:14<11:51:28,  4.93s/it]  2%|▏         | 177/8838 [14:18<11:45:53,  4.89s/it]  2%|▏         | 178/8838 [14:23<11:41:52,  4.86s/it]  2%|▏         | 179/8838 [14:28<11:43:06,  4.87s/it]  2%|▏         | 180/8838 [14:33<11:45:56,  4.89s/it]  2%|▏         | 181/8838 [14:38<11:42:03,  4.87s/it]  2%|▏         | 182/8838 [14:43<11:42:45,  4.87s/it]  2%|▏         | 183/8838 [14:47<11:40:00,  4.85s/it]  2%|▏         | 184/8838 [14:52<11:37:56,  4.84s/it]  2%|▏         | 185/8838 [14:57<11:36:20,  4.83s/it]  2%|▏         | 186/8838 [15:02<11:35:02,  4.82s/it]  2%|▏         | 187/8838 [15:07<11:34:45,  4.82s/it]  2%|▏         | 188/8838 [15:12<11:46:39,  4.90s/it]  2%|▏         | 189/8838 [15:17<11:42:35,  4.87s/it]  2%|▏         | 190/8838 [15:22<11:45:46,  4.90s/it]  2%|▏         | 191/8838 [15:26<11:41:40,  4.87s/it]  2%|▏         | 192/8838 [15:31<11:38:36,  4.85s/it]  2%|▏         | 193/8838 [15:36<11:36:38,  4.83s/it]  2%|▏         | 194/8838 [15:41<11:35:05,  4.82s/it]  2%|▏         | 195/8838 [15:46<11:34:13,  4.82s/it]  2%|▏         | 196/8838 [15:50<11:33:18,  4.81s/it]  2%|▏         | 197/8838 [15:55<11:40:06,  4.86s/it]  2%|▏         | 198/8838 [16:00<11:37:21,  4.84s/it]  2%|▏         | 199/8838 [16:05<11:35:47,  4.83s/it]  2%|▏         | 200/8838 [16:10<11:34:23,  4.82s/it]  2%|▏         | 200/8838 [16:10<11:38:25,  4.85s/it]
{
  "seed": 1,
  "split": "test",
  "num_conditions": 6400,
  "K": 20,
  "ADE_mean": 7.989892972707748,
  "ADE_std": 3.0806766694784162,
  "ADE_best": 2.9982241286337374,
  "FDE_mean": 13.868858024477959,
  "FDE_std": 5.678081380724907,
  "FDE_best": 4.448458808958531,
  "Frechet_mean": 14.075878373384477,
  "Frechet_std": 5.593494206666946,
  "Frechet_best": 4.9911774262785915,
  "DTW_mean": 84.2793540763855,
  "DTW_std": 39.31539511680603,
  "DTW_best": 26.22589231967926,
  "MSD_1": 2.724681310010273,
  "MSD_5": 45.85555326870807,
  "MSD_10": 148.47998056839663,
  "msd_curve": [
    2.724681310010273,
    9.549221944860337,
    19.330957103869007,
    31.530036112755614,
    45.85555326870807,
    62.171777037384025,
    80.47951252673917,
    100.80434132947971,
    123.36596980785554,
    148.47998056839663,
    177.0026817060305
  ],
  "Rog": 3.6630358114636983,
  "GT_MSD_1": 7.210336218585929,
  "GT_MSD_5": 146.91401197863559,
  "GT_MSD_10": 505.67107893394217,
  "GT_msd_curve": [
    7.210336218585929,
    27.00871431346634,
    57.53811494834465,
    97.76472612868233,
    146.91401197863559,
    204.33575925659503,
    269.4072498353904,
    341.58523883876813,
    420.44779089840506,
    505.67107893394217,
    596.6573337081206
  ],
  "GT_Rog": 6.532886962581581
}
Results saved to data/experiments/physics_b_dt30_h128_b512_lr1e-3_e100_s1_eval_mid
+ python -m src.training.train_diffusion --model_type diffusion --data_path data/processed_dt30/trajectories/shenzhen_trajectories.h5 --split train --exp_name diff_b_dt30_h128_b512_lr1e-3_e100_s2 --obs_len 8 --pred_len 12 --hidden_dim 128 --diff_steps 100 --batch_size 512 --epochs 100 --lr 1e-3 --num_workers 4 --seed 2
Using device: cuda
Using seed: 2
Loading datasets...
Using split=train: 97222 trajectories (/home/jinlin/projects/Mobility_v3/data/processed_dt30/splits/train_ids.npy)
Initializing Standard DiffusionTrajectoryModel...
Epoch 0 | Batch 0 | Diff Loss 1.0536
Epoch 0 | Batch 100 | Diff Loss 0.4300
Epoch 0 | Batch 200 | Diff Loss 0.4294
Epoch 0 | Batch 300 | Diff Loss 0.4204
Epoch 0 | Batch 400 | Diff Loss 0.4153
Epoch 0 | Batch 500 | Diff Loss 0.3961
Epoch 0 | Batch 600 | Diff Loss 0.4177
Epoch 0 | Batch 700 | Diff Loss 0.3909
Epoch 0 | Batch 800 | Diff Loss 0.3827
Epoch 0 | Batch 900 | Diff Loss 0.3940
Epoch 0 | Batch 1000 | Diff Loss 0.3693
Epoch 0 | Batch 1100 | Diff Loss 0.3910
Epoch 0 | Batch 1200 | Diff Loss 0.4065
Epoch 0 | Batch 1300 | Diff Loss 0.4145
Epoch 0 | Batch 1400 | Diff Loss 0.4007
Epoch 0 | Batch 1500 | Diff Loss 0.4049
Epoch 0 | Batch 1600 | Diff Loss 0.3684
Epoch 0 | Batch 1700 | Diff Loss 0.3619
Epoch 0 | Batch 1800 | Diff Loss 0.3929
Epoch 0 | Batch 1900 | Diff Loss 0.4086
Epoch 0 | Batch 2000 | Diff Loss 0.3645
Epoch 0 | Batch 2100 | Diff Loss 0.3794
Epoch 0 | Batch 2200 | Diff Loss 0.3843
Epoch 0 | Batch 2300 | Diff Loss 0.3742
Epoch 0 | Batch 2400 | Diff Loss 0.3846
Epoch 0 | Batch 2500 | Diff Loss 0.3659
Epoch 0 | Batch 2600 | Diff Loss 0.3889
Epoch 0 Done. Loss: 0.3975. Time: 125.4s
Epoch 1 | Batch 0 | Diff Loss 0.3803
Epoch 1 | Batch 100 | Diff Loss 0.9981
Epoch 1 | Batch 200 | Diff Loss 1.0060
Epoch 1 | Batch 300 | Diff Loss 1.0084
Epoch 1 | Batch 400 | Diff Loss 1.0227
Epoch 1 | Batch 500 | Diff Loss 1.0025
Epoch 1 | Batch 600 | Diff Loss 0.9977
Epoch 1 | Batch 700 | Diff Loss 0.9856
Epoch 1 | Batch 800 | Diff Loss 0.9583
Epoch 1 | Batch 900 | Diff Loss 0.9542
Epoch 1 | Batch 1000 | Diff Loss 0.8408
Epoch 1 | Batch 1100 | Diff Loss 0.7970
Epoch 1 | Batch 1200 | Diff Loss 0.8083
Epoch 1 | Batch 1300 | Diff Loss 0.8293
Epoch 1 | Batch 1400 | Diff Loss 0.8434
Epoch 1 | Batch 1500 | Diff Loss 0.8108
Epoch 1 | Batch 1600 | Diff Loss 0.8060
Epoch 1 | Batch 1700 | Diff Loss 0.8028
Epoch 1 | Batch 1800 | Diff Loss 0.8173
Epoch 1 | Batch 1900 | Diff Loss 0.8033
Epoch 1 | Batch 2000 | Diff Loss 0.8084
Epoch 1 | Batch 2100 | Diff Loss 0.8015
Epoch 1 | Batch 2200 | Diff Loss 0.7925
Epoch 1 | Batch 2300 | Diff Loss 0.7815
Epoch 1 | Batch 2400 | Diff Loss 0.8056
Epoch 1 | Batch 2500 | Diff Loss 0.7943
Epoch 1 | Batch 2600 | Diff Loss 0.8021
Epoch 1 Done. Loss: 0.8608. Time: 125.5s
Epoch 2 | Batch 0 | Diff Loss 0.8050
Epoch 2 | Batch 100 | Diff Loss 0.8094
Epoch 2 | Batch 200 | Diff Loss 0.7935
Epoch 2 | Batch 300 | Diff Loss 0.7952
Epoch 2 | Batch 400 | Diff Loss 0.7827
Epoch 2 | Batch 500 | Diff Loss 0.8076
Epoch 2 | Batch 600 | Diff Loss 0.7843
Epoch 2 | Batch 700 | Diff Loss 0.8047
Epoch 2 | Batch 800 | Diff Loss 0.7814
Epoch 2 | Batch 900 | Diff Loss 0.7985
Epoch 2 | Batch 1000 | Diff Loss 0.7752
Epoch 2 | Batch 1100 | Diff Loss 0.7747
Epoch 2 | Batch 1200 | Diff Loss 0.7851
Epoch 2 | Batch 1300 | Diff Loss 0.7690
Epoch 2 | Batch 1400 | Diff Loss 0.7519
Epoch 2 | Batch 1500 | Diff Loss 0.7606
Epoch 2 | Batch 1600 | Diff Loss 0.7328
Epoch 2 | Batch 1700 | Diff Loss 0.7370
Epoch 2 | Batch 1800 | Diff Loss 0.7316
Epoch 2 | Batch 1900 | Diff Loss 0.7415
Epoch 2 | Batch 2000 | Diff Loss 0.7260
Epoch 2 | Batch 2100 | Diff Loss 0.7374
Epoch 2 | Batch 2200 | Diff Loss 0.7365
Epoch 2 | Batch 2300 | Diff Loss 0.7239
Epoch 2 | Batch 2400 | Diff Loss 0.7312
Epoch 2 | Batch 2500 | Diff Loss 0.7457
Epoch 2 | Batch 2600 | Diff Loss 0.7261
Epoch 2 Done. Loss: 0.7653. Time: 125.4s
Epoch 3 | Batch 0 | Diff Loss 0.7678
Epoch 3 | Batch 100 | Diff Loss 0.7330
Epoch 3 | Batch 200 | Diff Loss 0.7420
Epoch 3 | Batch 300 | Diff Loss 0.7398
Epoch 3 | Batch 400 | Diff Loss 0.7501
Epoch 3 | Batch 500 | Diff Loss 0.7354
Epoch 3 | Batch 600 | Diff Loss 0.7364
Epoch 3 | Batch 700 | Diff Loss 0.7372
Epoch 3 | Batch 800 | Diff Loss 0.7065
Epoch 3 | Batch 900 | Diff Loss 0.7334
Epoch 3 | Batch 1000 | Diff Loss 0.7185
Epoch 3 | Batch 1100 | Diff Loss 0.7428
Epoch 3 | Batch 1200 | Diff Loss 0.7325
Epoch 3 | Batch 1300 | Diff Loss 0.7274
Epoch 3 | Batch 1400 | Diff Loss 0.7263
Epoch 3 | Batch 1500 | Diff Loss 0.7303
Epoch 3 | Batch 1600 | Diff Loss 0.7262
Epoch 3 | Batch 1700 | Diff Loss 0.7559
Epoch 3 | Batch 1800 | Diff Loss 0.7349
Epoch 3 | Batch 1900 | Diff Loss 0.7377
Epoch 3 | Batch 2000 | Diff Loss 0.7358
Epoch 3 | Batch 2100 | Diff Loss 0.7166
Epoch 3 | Batch 2200 | Diff Loss 0.7430
Epoch 3 | Batch 2300 | Diff Loss 0.7527
Epoch 3 | Batch 2400 | Diff Loss 0.7512
Epoch 3 | Batch 2500 | Diff Loss 0.7233
Epoch 3 | Batch 2600 | Diff Loss 0.7153
Epoch 3 Done. Loss: 0.7352. Time: 125.4s
Epoch 4 | Batch 0 | Diff Loss 0.7450
Epoch 4 | Batch 100 | Diff Loss 0.7460
Epoch 4 | Batch 200 | Diff Loss 0.7525
Epoch 4 | Batch 300 | Diff Loss 0.7651
Epoch 4 | Batch 400 | Diff Loss 0.7481
Epoch 4 | Batch 500 | Diff Loss 0.7448
Epoch 4 | Batch 600 | Diff Loss 0.7351
Epoch 4 | Batch 700 | Diff Loss 0.7436
Epoch 4 | Batch 800 | Diff Loss 0.7199
Epoch 4 | Batch 900 | Diff Loss 0.7452
Epoch 4 | Batch 1000 | Diff Loss 0.7203
Epoch 4 | Batch 1100 | Diff Loss 0.7297
Epoch 4 | Batch 1200 | Diff Loss 0.7334
Epoch 4 | Batch 1300 | Diff Loss 0.7423
Epoch 4 | Batch 1400 | Diff Loss 0.7247
Epoch 4 | Batch 1500 | Diff Loss 0.7544
Epoch 4 | Batch 1600 | Diff Loss 0.7179
Epoch 4 | Batch 1700 | Diff Loss 0.7254
Epoch 4 | Batch 1800 | Diff Loss 0.7218
Epoch 4 | Batch 1900 | Diff Loss 0.7464
Epoch 4 | Batch 2000 | Diff Loss 0.7340
Epoch 4 | Batch 2100 | Diff Loss 0.7586
Epoch 4 | Batch 2200 | Diff Loss 0.7316
Epoch 4 | Batch 2300 | Diff Loss 0.7407
Epoch 4 | Batch 2400 | Diff Loss 0.7293
Epoch 4 | Batch 2500 | Diff Loss 0.7360
Epoch 4 | Batch 2600 | Diff Loss 0.7193
Epoch 4 Done. Loss: 0.7324. Time: 125.5s
Epoch 5 | Batch 0 | Diff Loss 0.7352
Epoch 5 | Batch 100 | Diff Loss 0.7339
Epoch 5 | Batch 200 | Diff Loss 0.7217
Epoch 5 | Batch 300 | Diff Loss 0.7618
Epoch 5 | Batch 400 | Diff Loss 0.7107
Epoch 5 | Batch 500 | Diff Loss 0.7538
Epoch 5 | Batch 600 | Diff Loss 0.7135
Epoch 5 | Batch 700 | Diff Loss 0.7209
Epoch 5 | Batch 800 | Diff Loss 0.7125
Epoch 5 | Batch 900 | Diff Loss 0.7128
Epoch 5 | Batch 1000 | Diff Loss 0.7199
Epoch 5 | Batch 1100 | Diff Loss 0.7249
Epoch 5 | Batch 1200 | Diff Loss 0.7375
Epoch 5 | Batch 1300 | Diff Loss 0.7135
Epoch 5 | Batch 1400 | Diff Loss 0.7361
Epoch 5 | Batch 1500 | Diff Loss 0.7489
Epoch 5 | Batch 1600 | Diff Loss 0.7296
Epoch 5 | Batch 1700 | Diff Loss 0.7120
Epoch 5 | Batch 1800 | Diff Loss 0.7259
Epoch 5 | Batch 1900 | Diff Loss 0.7232
Epoch 5 | Batch 2000 | Diff Loss 0.7383
Epoch 5 | Batch 2100 | Diff Loss 0.7275
Epoch 5 | Batch 2200 | Diff Loss 0.7140
Epoch 5 | Batch 2300 | Diff Loss 0.7164
Epoch 5 | Batch 2400 | Diff Loss 0.7043
Epoch 5 | Batch 2500 | Diff Loss 0.7097
Epoch 5 | Batch 2600 | Diff Loss 0.7494
Epoch 5 Done. Loss: 0.7255. Time: 125.5s
Epoch 6 | Batch 0 | Diff Loss 0.7066
Epoch 6 | Batch 100 | Diff Loss 0.7427
Epoch 6 | Batch 200 | Diff Loss 0.7190
Epoch 6 | Batch 300 | Diff Loss 0.7286
Epoch 6 | Batch 400 | Diff Loss 0.7314
Epoch 6 | Batch 500 | Diff Loss 0.7135
Epoch 6 | Batch 600 | Diff Loss 0.7503
Epoch 6 | Batch 700 | Diff Loss 0.7188
Epoch 6 | Batch 800 | Diff Loss 0.7105
Epoch 6 | Batch 900 | Diff Loss 0.6987
Epoch 6 | Batch 1000 | Diff Loss 0.7014
Epoch 6 | Batch 1100 | Diff Loss 0.7512
Epoch 6 | Batch 1200 | Diff Loss 0.7100
Epoch 6 | Batch 1300 | Diff Loss 0.7172
Epoch 6 | Batch 1400 | Diff Loss 0.7238
Epoch 6 | Batch 1500 | Diff Loss 0.7148
Epoch 6 | Batch 1600 | Diff Loss 0.7119
Epoch 6 | Batch 1700 | Diff Loss 0.7193
Epoch 6 | Batch 1800 | Diff Loss 0.7137
Epoch 6 | Batch 1900 | Diff Loss 0.7066
Epoch 6 | Batch 2000 | Diff Loss 0.7251
Epoch 6 | Batch 2100 | Diff Loss 0.7391
Epoch 6 | Batch 2200 | Diff Loss 0.7230
Epoch 6 | Batch 2300 | Diff Loss 0.7232
Epoch 6 | Batch 2400 | Diff Loss 0.7468
Epoch 6 | Batch 2500 | Diff Loss 0.8018
Epoch 6 | Batch 2600 | Diff Loss 0.7511
Epoch 6 Done. Loss: 0.7225. Time: 125.4s
Epoch 7 | Batch 0 | Diff Loss 0.6950
Epoch 7 | Batch 100 | Diff Loss 0.7488
Epoch 7 | Batch 200 | Diff Loss 0.7232
Epoch 7 | Batch 300 | Diff Loss 0.7054
Epoch 7 | Batch 400 | Diff Loss 0.7265
Epoch 7 | Batch 500 | Diff Loss 0.7271
Epoch 7 | Batch 600 | Diff Loss 0.7073
Epoch 7 | Batch 700 | Diff Loss 0.7305
Epoch 7 | Batch 800 | Diff Loss 0.7264
Epoch 7 | Batch 900 | Diff Loss 0.7099
Epoch 7 | Batch 1000 | Diff Loss 0.7195
Epoch 7 | Batch 1100 | Diff Loss 0.7290
Epoch 7 | Batch 1200 | Diff Loss 0.7385
Epoch 7 | Batch 1300 | Diff Loss 0.6945
Epoch 7 | Batch 1400 | Diff Loss 0.6981
Epoch 7 | Batch 1500 | Diff Loss 0.7263
Epoch 7 | Batch 1600 | Diff Loss 0.7028
Epoch 7 | Batch 1700 | Diff Loss 0.7024
Epoch 7 | Batch 1800 | Diff Loss 0.7072
Epoch 7 | Batch 1900 | Diff Loss 0.7314
Epoch 7 | Batch 2000 | Diff Loss 0.7170
Epoch 7 | Batch 2100 | Diff Loss 0.7165
Epoch 7 | Batch 2200 | Diff Loss 0.7139
Epoch 7 | Batch 2300 | Diff Loss 0.7288
Epoch 7 | Batch 2400 | Diff Loss 0.7062
Epoch 7 | Batch 2500 | Diff Loss 0.7283
Epoch 7 | Batch 2600 | Diff Loss 0.7299
Epoch 7 Done. Loss: 0.7156. Time: 126.0s
Epoch 8 | Batch 0 | Diff Loss 0.7185
Epoch 8 | Batch 100 | Diff Loss 0.7055
Epoch 8 | Batch 200 | Diff Loss 0.7093
Epoch 8 | Batch 300 | Diff Loss 0.7117
Epoch 8 | Batch 400 | Diff Loss 0.7003
Epoch 8 | Batch 500 | Diff Loss 0.7229
Epoch 8 | Batch 600 | Diff Loss 0.7123
Epoch 8 | Batch 700 | Diff Loss 0.7101
Epoch 8 | Batch 800 | Diff Loss 0.7067
Epoch 8 | Batch 900 | Diff Loss 0.6945
Epoch 8 | Batch 1000 | Diff Loss 0.7113
Epoch 8 | Batch 1100 | Diff Loss 0.7345
Epoch 8 | Batch 1200 | Diff Loss 0.7129
Epoch 8 | Batch 1300 | Diff Loss 0.7115
Epoch 8 | Batch 1400 | Diff Loss 0.7273
Epoch 8 | Batch 1500 | Diff Loss 0.7306
Epoch 8 | Batch 1600 | Diff Loss 0.7199
Epoch 8 | Batch 1700 | Diff Loss 0.7180
Epoch 8 | Batch 1800 | Diff Loss 0.7120
Epoch 8 | Batch 1900 | Diff Loss 0.7105
Epoch 8 | Batch 2000 | Diff Loss 0.7258
Epoch 8 | Batch 2100 | Diff Loss 0.7308
Epoch 8 | Batch 2200 | Diff Loss 0.7130
Epoch 8 | Batch 2300 | Diff Loss 0.7145
Epoch 8 | Batch 2400 | Diff Loss 0.7096
Epoch 8 | Batch 2500 | Diff Loss 0.7030
Epoch 8 | Batch 2600 | Diff Loss 0.7150
Epoch 8 Done. Loss: 0.7151. Time: 125.7s
