2026-02-14 23:31:51,138 - INFO - device=cuda
2026-02-14 23:31:51,853 - INFO - split_json=/home/jinlin/data/geoexplicit_data/experiments/icml2026_routegen/WAYCASD0_waydata_porto_seed0/W5_way_routes_strict_gate/od_split_min3_max160_seed0_dev10p.json train_routes=108153 val_routes=13086 => train_idx=107706 val_idx=13041
2026-02-14 23:31:51,854 - INFO - routes: total=1343467 train=107706 val=13041 min_hops=5 max_way_len=160
/home/jinlin/miniconda3/envs/dpl/lib/python3.11/site-packages/torch/nn/modules/transformer.py:392: UserWarning: enable_nested_tensor is True, but self.use_nested_tensor is False because encoder_layer.norm_first was True
  warnings.warn(
2026-02-14 23:31:52,358 - INFO - trainable_params(decoder)=2025473
2026-02-14 23:31:52,380 - INFO - loaded flow: cond_inject=xattn use_region_seq=True solver_steps=20
2026-02-14 23:32:26,942 - INFO - epoch=1 step=20 loss=-185.6484 r=-1.0390 succ=0.094 dist=0.000 loop=0.875 ent=207.185
2026-02-14 23:33:00,009 - INFO - epoch=1 step=40 loss=-139.7042 r=-1.1125 succ=0.062 dist=0.000 loop=0.938 ent=209.160
2026-02-14 23:33:33,195 - INFO - epoch=1 step=60 loss=-105.6969 r=-0.9398 succ=0.188 dist=0.000 loop=0.906 ent=205.650
2026-02-14 23:34:06,477 - INFO - epoch=1 step=80 loss=-106.2362 r=-0.9542 succ=0.125 dist=0.000 loop=0.844 ent=211.872
2026-02-14 23:34:39,563 - INFO - epoch=1 step=100 loss=-109.5998 r=-1.2012 succ=0.062 dist=0.000 loop=1.000 ent=242.393
2026-02-14 23:35:12,766 - INFO - epoch=1 step=120 loss=-63.2258 r=-0.9477 succ=0.188 dist=0.000 loop=0.938 ent=215.290
2026-02-14 23:35:46,515 - INFO - epoch=1 step=140 loss=-37.6545 r=-0.7812 succ=0.312 dist=0.000 loop=0.938 ent=212.060
2026-02-14 23:36:20,603 - INFO - epoch=1 step=160 loss=-79.4030 r=-1.1129 succ=0.094 dist=0.000 loop=0.969 ent=242.521
2026-02-14 23:36:55,492 - INFO - epoch=1 step=180 loss=-32.2412 r=-0.9018 succ=0.250 dist=0.000 loop=0.969 ent=230.503
2026-02-14 23:37:29,983 - INFO - epoch=1 step=200 loss=-33.0553 r=-0.8781 succ=0.188 dist=0.000 loop=0.938 ent=206.605
2026-02-14 23:38:04,467 - INFO - epoch=1 step=220 loss=-26.2956 r=-0.7154 succ=0.250 dist=0.000 loop=0.812 ent=196.496
2026-02-14 23:38:38,747 - INFO - epoch=1 step=240 loss=-32.1088 r=-0.7442 succ=0.219 dist=0.000 loop=0.781 ent=208.295
2026-02-14 23:39:12,330 - INFO - epoch=1 step=260 loss=-76.8776 r=-1.0854 succ=0.125 dist=0.000 loop=0.969 ent=274.516
2026-02-14 23:39:45,461 - INFO - epoch=1 step=280 loss=-63.9833 r=-0.9231 succ=0.188 dist=0.000 loop=0.938 ent=243.440
2026-02-14 23:40:19,437 - INFO - epoch=1 step=300 loss=-62.6891 r=-1.0187 succ=0.156 dist=0.000 loop=0.969 ent=254.269
2026-02-14 23:40:53,359 - INFO - epoch=1 step=320 loss=-24.0851 r=-0.7740 succ=0.312 dist=0.000 loop=0.938 ent=234.893
2026-02-14 23:41:27,890 - INFO - epoch=1 step=340 loss=-86.3037 r=-1.0114 succ=0.125 dist=0.000 loop=0.938 ent=266.393
2026-02-14 23:42:02,400 - INFO - epoch=1 step=360 loss=-44.2328 r=-0.7742 succ=0.250 dist=0.000 loop=0.906 ent=215.510
2026-02-14 23:42:36,796 - INFO - epoch=1 step=380 loss=-52.9082 r=-0.8221 succ=0.250 dist=0.000 loop=0.875 ent=247.509
2026-02-14 23:43:10,670 - INFO - epoch=1 step=400 loss=-81.0960 r=-1.0762 succ=0.125 dist=0.000 loop=1.000 ent=283.191
2026-02-14 23:43:44,752 - INFO - epoch=1 step=420 loss=-50.9453 r=-0.8754 succ=0.156 dist=0.000 loop=0.844 ent=245.266
2026-02-14 23:44:19,095 - INFO - epoch=1 step=440 loss=-40.3633 r=-0.8718 succ=0.219 dist=0.000 loop=0.938 ent=246.784
2026-02-14 23:44:52,509 - INFO - epoch=1 step=460 loss=-51.5891 r=-0.8720 succ=0.188 dist=0.000 loop=0.906 ent=250.008
2026-02-14 23:45:25,736 - INFO - epoch=1 step=480 loss=-48.1710 r=-0.9440 succ=0.156 dist=0.000 loop=0.938 ent=252.757
2026-02-14 23:45:59,052 - INFO - epoch=1 step=500 loss=-79.4361 r=-1.0243 succ=0.125 dist=0.000 loop=0.969 ent=282.413
2026-02-14 23:46:32,863 - INFO - epoch=1 step=520 loss=-67.4083 r=-1.0020 succ=0.125 dist=0.000 loop=0.938 ent=268.802
2026-02-14 23:47:06,756 - INFO - epoch=1 step=540 loss=-30.6302 r=-0.8887 succ=0.188 dist=0.000 loop=0.938 ent=248.182
2026-02-14 23:47:40,547 - INFO - epoch=1 step=560 loss=-69.7816 r=-0.9526 succ=0.156 dist=0.000 loop=0.906 ent=286.950
2026-02-14 23:48:14,243 - INFO - epoch=1 step=580 loss=-75.7562 r=-1.0709 succ=0.062 dist=0.000 loop=0.969 ent=274.836
2026-02-14 23:48:48,175 - INFO - epoch=1 step=600 loss=-73.9044 r=-0.9906 succ=0.156 dist=0.000 loop=0.906 ent=299.533
2026-02-14 23:49:21,160 - INFO - epoch=1 step=620 loss=-49.2305 r=-0.9154 succ=0.250 dist=0.000 loop=0.969 ent=284.027
2026-02-14 23:49:55,611 - INFO - epoch=1 step=640 loss=-64.8488 r=-0.8623 succ=0.156 dist=0.000 loop=0.875 ent=253.491
2026-02-14 23:50:29,591 - INFO - epoch=1 step=660 loss=-66.4689 r=-0.9995 succ=0.094 dist=0.000 loop=0.969 ent=268.551
2026-02-14 23:51:03,800 - INFO - epoch=1 step=680 loss=-61.2316 r=-0.8957 succ=0.188 dist=0.000 loop=0.906 ent=279.233
2026-02-14 23:51:37,542 - INFO - epoch=1 step=700 loss=-50.8605 r=-0.8986 succ=0.156 dist=0.000 loop=0.906 ent=266.542
2026-02-14 23:52:11,052 - INFO - epoch=1 step=720 loss=-84.9046 r=-1.0187 succ=0.094 dist=0.000 loop=0.906 ent=291.483
2026-02-14 23:52:45,012 - INFO - epoch=1 step=740 loss=-27.1570 r=-0.7948 succ=0.281 dist=0.000 loop=0.938 ent=271.843
2026-02-14 23:53:18,424 - INFO - epoch=1 step=760 loss=-73.5594 r=-0.9732 succ=0.125 dist=0.000 loop=0.938 ent=288.434
2026-02-14 23:53:51,627 - INFO - epoch=1 step=780 loss=-35.3471 r=-0.9437 succ=0.125 dist=0.000 loop=0.969 ent=249.598
2026-02-14 23:54:24,853 - INFO - epoch=1 step=800 loss=-71.4083 r=-1.0489 succ=0.156 dist=0.000 loop=1.000 ent=316.653
2026-02-14 23:54:58,346 - INFO - epoch=1 step=820 loss=-60.9920 r=-0.9874 succ=0.125 dist=0.000 loop=0.938 ent=296.235
2026-02-14 23:55:30,919 - INFO - epoch=1 step=840 loss=-70.5023 r=-0.9679 succ=0.125 dist=0.000 loop=0.906 ent=294.127
2026-02-14 23:56:04,720 - INFO - epoch=1 step=860 loss=-77.0699 r=-1.0025 succ=0.094 dist=0.000 loop=0.938 ent=269.442
2026-02-14 23:56:38,125 - INFO - epoch=1 step=880 loss=-37.4812 r=-0.9605 succ=0.125 dist=0.000 loop=0.969 ent=255.574
2026-02-14 23:57:11,106 - INFO - epoch=1 step=900 loss=-58.3573 r=-0.9128 succ=0.156 dist=0.000 loop=0.906 ent=284.504
2026-02-14 23:57:43,971 - INFO - epoch=1 step=920 loss=-65.1815 r=-0.9120 succ=0.156 dist=0.000 loop=0.875 ent=290.942
2026-02-14 23:58:16,160 - INFO - epoch=1 step=940 loss=-89.8015 r=-1.0555 succ=0.062 dist=0.000 loop=0.938 ent=295.270
2026-02-14 23:58:48,789 - INFO - epoch=1 step=960 loss=-51.8792 r=-0.8967 succ=0.219 dist=0.000 loop=0.969 ent=287.177
2026-02-14 23:59:22,207 - INFO - epoch=1 step=980 loss=-67.5410 r=-1.0031 succ=0.062 dist=0.000 loop=0.906 ent=280.790
2026-02-14 23:59:55,782 - INFO - epoch=1 step=1000 loss=-67.6246 r=-1.0056 succ=0.094 dist=0.000 loop=1.000 ent=284.183
2026-02-15 00:00:29,823 - INFO - epoch=1 step=1020 loss=-28.1340 r=-0.7692 succ=0.281 dist=0.000 loop=0.812 ent=289.540
2026-02-15 00:01:03,218 - INFO - epoch=1 step=1040 loss=-52.1949 r=-0.8575 succ=0.125 dist=0.000 loop=0.906 ent=244.505
2026-02-15 00:01:36,806 - INFO - epoch=1 step=1060 loss=-72.7115 r=-1.0392 succ=0.125 dist=0.000 loop=0.969 ent=296.864
2026-02-15 00:02:10,294 - INFO - epoch=1 step=1080 loss=-83.6536 r=-1.0093 succ=0.094 dist=0.000 loop=0.969 ent=289.204
2026-02-15 00:02:43,861 - INFO - epoch=1 step=1100 loss=-76.6086 r=-1.1165 succ=0.062 dist=0.000 loop=1.000 ent=297.502
2026-02-15 00:03:17,562 - INFO - epoch=1 step=1120 loss=-13.9809 r=-0.7598 succ=0.312 dist=0.000 loop=0.938 ent=289.261
2026-02-15 00:03:51,398 - INFO - epoch=1 step=1140 loss=-46.3792 r=-0.9736 succ=0.125 dist=0.000 loop=1.000 ent=278.212
2026-02-15 00:04:24,752 - INFO - epoch=1 step=1160 loss=-66.6550 r=-0.9850 succ=0.062 dist=0.000 loop=0.906 ent=272.237
2026-02-15 00:04:57,944 - INFO - epoch=1 step=1180 loss=-21.5789 r=-0.8451 succ=0.250 dist=0.000 loop=1.000 ent=270.940
2026-02-15 00:05:31,453 - INFO - epoch=1 step=1200 loss=-48.9620 r=-0.8103 succ=0.219 dist=0.000 loop=0.875 ent=277.464
2026-02-15 00:06:05,076 - INFO - epoch=1 step=1220 loss=-91.2145 r=-1.1300 succ=0.031 dist=0.000 loop=0.969 ent=308.194
2026-02-15 00:06:38,179 - INFO - epoch=1 step=1240 loss=-48.1766 r=-0.8429 succ=0.219 dist=0.000 loop=0.875 ent=292.431
2026-02-15 00:07:11,039 - INFO - epoch=1 step=1260 loss=-13.6231 r=-0.7140 succ=0.281 dist=0.000 loop=0.906 ent=261.784
2026-02-15 00:07:44,463 - INFO - epoch=1 step=1280 loss=-75.8234 r=-1.0028 succ=0.062 dist=0.000 loop=0.906 ent=289.377
2026-02-15 00:08:17,846 - INFO - epoch=1 step=1300 loss=-70.2965 r=-0.9507 succ=0.094 dist=0.000 loop=0.906 ent=276.560
2026-02-15 00:08:51,602 - INFO - epoch=1 step=1320 loss=-81.5188 r=-1.0814 succ=0.094 dist=0.000 loop=1.000 ent=317.730
2026-02-15 00:09:24,990 - INFO - epoch=1 step=1340 loss=-78.0267 r=-1.0678 succ=0.062 dist=0.000 loop=0.969 ent=290.094
2026-02-15 00:09:58,206 - INFO - epoch=1 step=1360 loss=-46.6149 r=-0.8945 succ=0.125 dist=0.000 loop=0.875 ent=265.790
2026-02-15 00:10:31,419 - INFO - epoch=1 step=1380 loss=-73.8281 r=-1.0204 succ=0.094 dist=0.000 loop=1.000 ent=294.403
2026-02-15 00:11:04,985 - INFO - epoch=1 step=1400 loss=-70.2138 r=-1.0245 succ=0.125 dist=0.000 loop=1.000 ent=309.987
2026-02-15 00:11:38,235 - INFO - epoch=1 step=1420 loss=-64.5024 r=-0.9940 succ=0.125 dist=0.000 loop=0.938 ent=304.802
2026-02-15 00:12:11,923 - INFO - epoch=1 step=1440 loss=-76.6267 r=-1.0047 succ=0.062 dist=0.000 loop=0.906 ent=283.454
2026-02-15 00:12:44,838 - INFO - epoch=1 step=1460 loss=-48.6717 r=-0.9812 succ=0.094 dist=0.000 loop=0.969 ent=267.984
2026-02-15 00:13:18,068 - INFO - epoch=1 step=1480 loss=-33.2784 r=-0.8436 succ=0.219 dist=0.000 loop=0.906 ent=280.795
2026-02-15 00:13:51,435 - INFO - epoch=1 step=1500 loss=-23.8254 r=-0.8384 succ=0.125 dist=0.000 loop=0.875 ent=224.637
2026-02-15 00:14:24,722 - INFO - epoch=1 step=1520 loss=-66.8267 r=-1.0786 succ=0.094 dist=0.000 loop=1.000 ent=305.373
2026-02-15 00:14:57,683 - INFO - epoch=1 step=1540 loss=-39.9547 r=-0.9287 succ=0.125 dist=0.000 loop=0.969 ent=249.646
2026-02-15 00:15:30,554 - INFO - epoch=1 step=1560 loss=-70.0364 r=-1.1270 succ=0.062 dist=0.000 loop=1.000 ent=321.548
2026-02-15 00:16:03,433 - INFO - epoch=1 step=1580 loss=-36.9890 r=-0.8581 succ=0.188 dist=0.000 loop=0.844 ent=287.085
2026-02-15 00:16:36,148 - INFO - epoch=1 step=1600 loss=-46.6840 r=-0.8814 succ=0.156 dist=0.000 loop=0.875 ent=280.221
2026-02-15 00:17:08,994 - INFO - epoch=1 step=1620 loss=-58.8892 r=-1.0345 succ=0.125 dist=0.000 loop=1.000 ent=288.938
2026-02-15 00:17:41,413 - INFO - epoch=1 step=1640 loss=-69.6766 r=-0.9645 succ=0.125 dist=0.000 loop=0.906 ent=288.327
2026-02-15 00:18:14,069 - INFO - epoch=1 step=1660 loss=18.9666 r=-0.5916 succ=0.312 dist=0.000 loop=0.844 ent=216.978
2026-02-15 00:18:46,988 - INFO - epoch=1 step=1680 loss=-16.9801 r=-0.7771 succ=0.219 dist=0.000 loop=0.906 ent=255.921
2026-02-15 00:19:19,699 - INFO - epoch=1 step=1700 loss=-60.6264 r=-0.9162 succ=0.219 dist=0.000 loop=0.938 ent=319.003
2026-02-15 00:19:51,662 - INFO - epoch=1 step=1720 loss=-59.4068 r=-0.8843 succ=0.156 dist=0.000 loop=0.906 ent=293.751
2026-02-15 00:20:24,746 - INFO - epoch=1 step=1740 loss=-25.0265 r=-0.7413 succ=0.250 dist=0.000 loop=0.906 ent=241.900
2026-02-15 00:20:58,022 - INFO - epoch=1 step=1760 loss=-57.7392 r=-0.9780 succ=0.125 dist=0.000 loop=0.969 ent=280.599
2026-02-15 00:21:30,428 - INFO - epoch=1 step=1780 loss=-60.9612 r=-1.0386 succ=0.125 dist=0.000 loop=1.000 ent=295.023
2026-02-15 00:22:02,968 - INFO - epoch=1 step=1800 loss=-58.2692 r=-0.9894 succ=0.125 dist=0.000 loop=0.938 ent=296.570
2026-02-15 00:22:35,263 - INFO - epoch=1 step=1820 loss=-75.3417 r=-1.0201 succ=0.094 dist=0.000 loop=0.938 ent=312.384
2026-02-15 00:23:08,283 - INFO - epoch=1 step=1840 loss=-47.7842 r=-0.9943 succ=0.125 dist=0.000 loop=0.969 ent=301.558
2026-02-15 00:23:41,383 - INFO - epoch=1 step=1860 loss=-73.3007 r=-1.0473 succ=0.031 dist=0.000 loop=0.969 ent=277.579
2026-02-15 00:24:13,997 - INFO - epoch=1 step=1880 loss=9.9068 r=-0.6179 succ=0.281 dist=0.000 loop=0.875 ent=214.711
2026-02-15 00:24:46,864 - INFO - epoch=1 step=1900 loss=-71.7349 r=-0.9472 succ=0.125 dist=0.000 loop=0.906 ent=291.337
2026-02-15 00:25:20,606 - INFO - epoch=1 step=1920 loss=-79.3767 r=-1.0423 succ=0.094 dist=0.000 loop=0.969 ent=295.848
2026-02-15 00:25:54,066 - INFO - epoch=1 step=1940 loss=-45.5374 r=-0.8894 succ=0.156 dist=0.000 loop=0.938 ent=262.777
2026-02-15 00:26:27,342 - INFO - epoch=1 step=1960 loss=-63.1991 r=-1.0159 succ=0.156 dist=0.000 loop=1.000 ent=323.802
2026-02-15 00:27:00,409 - INFO - epoch=1 step=1980 loss=-51.3358 r=-0.8757 succ=0.219 dist=0.000 loop=0.875 ent=314.271
2026-02-15 00:27:33,807 - INFO - epoch=1 step=2000 loss=-16.4014 r=-0.8856 succ=0.219 dist=0.000 loop=0.969 ent=291.061
2026-02-15 00:28:07,310 - INFO - epoch=1 step=2020 loss=-68.9803 r=-0.9947 succ=0.125 dist=0.000 loop=0.969 ent=286.481
2026-02-15 00:28:40,838 - INFO - epoch=1 step=2040 loss=-74.3682 r=-0.9804 succ=0.094 dist=0.000 loop=0.906 ent=306.793
2026-02-15 00:29:14,346 - INFO - epoch=1 step=2060 loss=-42.9133 r=-0.8618 succ=0.156 dist=0.000 loop=0.875 ent=267.514
2026-02-15 00:29:47,699 - INFO - epoch=1 step=2080 loss=-35.1875 r=-0.7721 succ=0.219 dist=0.000 loop=0.906 ent=240.142
2026-02-15 00:30:20,992 - INFO - epoch=1 step=2100 loss=-53.7418 r=-0.9254 succ=0.156 dist=0.000 loop=0.938 ent=286.784
2026-02-15 00:30:54,464 - INFO - epoch=1 step=2120 loss=-71.6711 r=-1.0662 succ=0.062 dist=0.000 loop=0.969 ent=300.252
2026-02-15 00:31:27,847 - INFO - epoch=1 step=2140 loss=-50.1656 r=-0.8698 succ=0.188 dist=0.000 loop=0.875 ent=298.872
2026-02-15 00:32:01,858 - INFO - epoch=1 step=2160 loss=-64.7835 r=-0.9682 succ=0.125 dist=0.000 loop=0.938 ent=304.668
2026-02-15 00:32:35,559 - INFO - epoch=1 step=2180 loss=-93.3809 r=-1.1109 succ=0.062 dist=0.000 loop=1.000 ent=324.104
2026-02-15 00:33:08,845 - INFO - epoch=1 step=2200 loss=-77.9472 r=-1.0301 succ=0.094 dist=0.000 loop=0.969 ent=303.498
2026-02-15 00:33:42,444 - INFO - epoch=1 step=2220 loss=-32.3560 r=-0.7520 succ=0.281 dist=0.000 loop=0.906 ent=271.855
2026-02-15 00:34:15,847 - INFO - epoch=1 step=2240 loss=-48.4103 r=-0.8686 succ=0.188 dist=0.000 loop=0.875 ent=292.083
2026-02-15 00:34:49,394 - INFO - epoch=1 step=2260 loss=-44.0561 r=-0.8651 succ=0.219 dist=0.000 loop=0.938 ent=289.350
2026-02-15 00:35:22,417 - INFO - epoch=1 step=2280 loss=-76.1681 r=-1.0049 succ=0.000 dist=0.000 loop=0.875 ent=265.093
2026-02-15 00:35:55,703 - INFO - epoch=1 step=2300 loss=-58.2292 r=-0.9897 succ=0.125 dist=0.000 loop=0.969 ent=296.748
2026-02-15 00:36:29,529 - INFO - epoch=1 step=2320 loss=-77.7578 r=-0.9476 succ=0.094 dist=0.000 loop=0.875 ent=297.089
2026-02-15 00:37:02,566 - INFO - epoch=1 step=2340 loss=-61.3956 r=-0.9118 succ=0.156 dist=0.000 loop=0.906 ent=297.813
2026-02-15 00:37:35,402 - INFO - epoch=1 step=2360 loss=-69.0718 r=-0.9390 succ=0.156 dist=0.000 loop=0.938 ent=299.812
2026-02-15 00:38:08,173 - INFO - epoch=1 step=2380 loss=-47.8409 r=-0.8240 succ=0.125 dist=0.000 loop=0.844 ent=251.590
2026-02-15 00:38:40,706 - INFO - epoch=1 step=2400 loss=-75.4296 r=-0.9667 succ=0.125 dist=0.000 loop=0.969 ent=276.251
2026-02-15 00:39:13,377 - INFO - epoch=1 step=2420 loss=-41.5915 r=-0.8471 succ=0.219 dist=0.000 loop=0.906 ent=298.498
2026-02-15 00:39:46,490 - INFO - epoch=1 step=2440 loss=-54.1724 r=-0.8223 succ=0.156 dist=0.000 loop=0.844 ent=263.769
2026-02-15 00:40:19,637 - INFO - epoch=1 step=2460 loss=-98.0697 r=-1.0398 succ=0.125 dist=0.000 loop=0.938 ent=326.824
2026-02-15 00:40:52,197 - INFO - epoch=1 step=2480 loss=-77.2305 r=-0.8799 succ=0.188 dist=0.000 loop=0.906 ent=285.638
2026-02-15 00:41:24,828 - INFO - epoch=1 step=2500 loss=-54.4731 r=-0.9045 succ=0.188 dist=0.000 loop=1.000 ent=285.129
2026-02-15 00:41:58,144 - INFO - epoch=1 step=2520 loss=-66.5541 r=-0.9723 succ=0.125 dist=0.000 loop=0.906 ent=274.884
2026-02-15 00:42:31,164 - INFO - epoch=1 step=2540 loss=-23.7338 r=-0.7984 succ=0.188 dist=0.000 loop=0.906 ent=247.738
2026-02-15 00:43:04,056 - INFO - epoch=1 step=2560 loss=-72.4680 r=-0.9829 succ=0.125 dist=0.000 loop=0.969 ent=318.658
2026-02-15 00:43:37,412 - INFO - epoch=1 step=2580 loss=-69.5425 r=-0.9576 succ=0.125 dist=0.000 loop=0.906 ent=294.912
2026-02-15 00:44:10,754 - INFO - epoch=1 step=2600 loss=-27.8064 r=-0.6651 succ=0.281 dist=0.000 loop=0.844 ent=251.385
2026-02-15 00:44:44,302 - INFO - epoch=1 step=2620 loss=-71.2364 r=-0.8940 succ=0.125 dist=0.000 loop=0.875 ent=270.485
2026-02-15 00:45:18,072 - INFO - epoch=1 step=2640 loss=-85.1538 r=-1.0239 succ=0.094 dist=0.000 loop=0.938 ent=315.385
2026-02-15 00:45:51,714 - INFO - epoch=1 step=2660 loss=-50.0659 r=-0.7894 succ=0.188 dist=0.000 loop=0.844 ent=248.432
2026-02-15 00:46:25,435 - INFO - epoch=1 step=2680 loss=-57.1212 r=-0.9672 succ=0.125 dist=0.000 loop=0.906 ent=289.282
2026-02-15 00:46:58,829 - INFO - epoch=1 step=2700 loss=-42.2019 r=-0.7981 succ=0.156 dist=0.000 loop=0.812 ent=256.129
2026-02-15 00:47:31,857 - INFO - epoch=1 step=2720 loss=-90.2163 r=-1.0217 succ=0.094 dist=0.000 loop=0.969 ent=308.088
2026-02-15 00:48:05,203 - INFO - epoch=1 step=2740 loss=-49.9106 r=-0.9017 succ=0.156 dist=0.000 loop=0.938 ent=275.855
2026-02-15 00:48:37,989 - INFO - epoch=1 step=2760 loss=-50.4859 r=-0.8820 succ=0.156 dist=0.000 loop=0.938 ent=287.542
2026-02-15 00:49:11,362 - INFO - epoch=1 step=2780 loss=-83.9265 r=-0.9560 succ=0.094 dist=0.000 loop=0.875 ent=279.635
2026-02-15 00:49:44,295 - INFO - epoch=1 step=2800 loss=-19.9032 r=-0.7942 succ=0.219 dist=0.000 loop=0.875 ent=272.157
2026-02-15 00:50:17,155 - INFO - epoch=1 step=2820 loss=-35.4150 r=-0.7371 succ=0.250 dist=0.000 loop=0.812 ent=267.052
2026-02-15 00:50:49,878 - INFO - epoch=1 step=2840 loss=-16.7078 r=-0.8614 succ=0.188 dist=0.000 loop=0.938 ent=280.785
2026-02-15 00:51:23,145 - INFO - epoch=1 step=2860 loss=-67.8346 r=-0.9454 succ=0.156 dist=0.000 loop=0.938 ent=295.830
2026-02-15 00:51:55,902 - INFO - epoch=1 step=2880 loss=-35.5214 r=-0.7197 succ=0.188 dist=0.000 loop=0.812 ent=241.496
2026-02-15 00:52:29,526 - INFO - epoch=1 step=2900 loss=-36.6418 r=-0.8149 succ=0.188 dist=0.000 loop=0.906 ent=252.362
2026-02-15 00:53:02,961 - INFO - epoch=1 step=2920 loss=-42.6595 r=-0.9643 succ=0.125 dist=0.000 loop=0.938 ent=289.193
2026-02-15 00:53:36,545 - INFO - epoch=1 step=2940 loss=-56.2380 r=-0.7866 succ=0.281 dist=0.000 loop=0.938 ent=301.932
2026-02-15 00:54:09,614 - INFO - epoch=1 step=2960 loss=-38.8650 r=-0.8709 succ=0.219 dist=0.000 loop=0.906 ent=299.378
2026-02-15 00:54:42,820 - INFO - epoch=1 step=2980 loss=-48.8096 r=-0.8459 succ=0.188 dist=0.000 loop=0.906 ent=281.091
2026-02-15 00:55:16,126 - INFO - epoch=1 step=3000 loss=-68.0454 r=-1.0337 succ=0.062 dist=0.000 loop=0.969 ent=302.181
2026-02-15 00:55:49,002 - INFO - epoch=1 step=3020 loss=-43.5039 r=-0.8598 succ=0.188 dist=0.000 loop=0.969 ent=264.211
2026-02-15 00:56:22,018 - INFO - epoch=1 step=3040 loss=-49.4851 r=-0.8482 succ=0.188 dist=0.000 loop=0.875 ent=289.142
2026-02-15 00:56:55,325 - INFO - epoch=1 step=3060 loss=-86.9910 r=-0.9709 succ=0.094 dist=0.000 loop=0.906 ent=295.648
2026-02-15 00:57:28,408 - INFO - epoch=1 step=3080 loss=-62.2306 r=-0.9345 succ=0.156 dist=0.000 loop=0.938 ent=311.431
2026-02-15 00:58:00,543 - INFO - epoch=1 step=3100 loss=-61.4390 r=-0.8209 succ=0.188 dist=0.000 loop=0.875 ent=266.252
2026-02-15 00:58:33,282 - INFO - epoch=1 step=3120 loss=-58.6435 r=-0.9856 succ=0.125 dist=0.000 loop=0.969 ent=300.019
2026-02-15 00:59:06,130 - INFO - epoch=1 step=3140 loss=-46.7580 r=-0.9154 succ=0.156 dist=0.000 loop=0.875 ent=293.601
2026-02-15 00:59:38,945 - INFO - epoch=1 step=3160 loss=-89.8347 r=-1.0585 succ=0.062 dist=0.000 loop=0.906 ent=326.514
2026-02-15 01:00:12,228 - INFO - epoch=1 step=3180 loss=-68.2323 r=-0.8607 succ=0.156 dist=0.000 loop=0.875 ent=276.907
2026-02-15 01:00:45,086 - INFO - epoch=1 step=3200 loss=-49.3435 r=-0.8496 succ=0.188 dist=0.000 loop=0.906 ent=290.114
2026-02-15 01:01:17,926 - INFO - epoch=1 step=3220 loss=-46.6174 r=-0.7768 succ=0.281 dist=0.000 loop=0.938 ent=281.264
2026-02-15 01:01:50,971 - INFO - epoch=1 step=3240 loss=-52.8186 r=-0.9265 succ=0.219 dist=0.000 loop=0.969 ent=309.541
2026-02-15 01:02:23,876 - INFO - epoch=1 step=3260 loss=-46.1485 r=-0.8923 succ=0.156 dist=0.000 loop=0.906 ent=266.369
2026-02-15 01:02:56,817 - INFO - epoch=1 step=3280 loss=-55.9663 r=-0.9201 succ=0.188 dist=0.000 loop=0.938 ent=302.657
2026-02-15 01:03:29,876 - INFO - epoch=1 step=3300 loss=-87.4809 r=-0.9998 succ=0.125 dist=0.000 loop=0.969 ent=313.144
2026-02-15 01:04:02,403 - INFO - epoch=1 step=3320 loss=-58.4802 r=-0.8632 succ=0.094 dist=0.000 loop=0.875 ent=246.427
2026-02-15 01:04:35,651 - INFO - epoch=1 step=3340 loss=-72.8330 r=-0.8592 succ=0.125 dist=0.000 loop=0.844 ent=272.430
2026-02-15 01:05:08,764 - INFO - epoch=1 step=3360 loss=-32.8188 r=-0.8286 succ=0.219 dist=0.000 loop=0.938 ent=275.856
2026-02-15 01:12:42,513 - INFO - epoch=1 train(loss=-58.7131, r=-0.9255, succ=0.157) val(loss=-64.9684, r=-0.9046, succ=0.162)
2026-02-15 01:13:13,806 - INFO - epoch=2 step=20 loss=-87.3115 r=-1.0042 succ=0.125 dist=0.000 loop=0.938 ent=340.845
2026-02-15 01:13:44,476 - INFO - epoch=2 step=40 loss=-52.2424 r=-0.8864 succ=0.219 dist=0.000 loop=1.000 ent=298.980
2026-02-15 01:14:15,451 - INFO - epoch=2 step=60 loss=-98.4572 r=-1.1256 succ=0.062 dist=0.000 loop=1.000 ent=336.589
2026-02-15 01:14:46,303 - INFO - epoch=2 step=80 loss=-66.2473 r=-0.8737 succ=0.188 dist=0.000 loop=0.938 ent=282.366
2026-02-15 01:15:16,917 - INFO - epoch=2 step=100 loss=-73.1792 r=-1.0251 succ=0.094 dist=0.000 loop=1.000 ent=289.445
2026-02-15 01:15:47,196 - INFO - epoch=2 step=120 loss=-49.6389 r=-0.9037 succ=0.125 dist=0.000 loop=0.906 ent=288.550
2026-02-15 01:16:17,777 - INFO - epoch=2 step=140 loss=-26.6330 r=-0.8165 succ=0.219 dist=0.000 loop=0.938 ent=274.204
2026-02-15 01:16:48,819 - INFO - epoch=2 step=160 loss=-80.6362 r=-1.0825 succ=0.062 dist=0.000 loop=1.000 ent=311.328
2026-02-15 01:17:19,598 - INFO - epoch=2 step=180 loss=-18.8461 r=-0.7807 succ=0.281 dist=0.000 loop=0.938 ent=296.239
2026-02-15 01:17:50,119 - INFO - epoch=2 step=200 loss=-72.5003 r=-0.9263 succ=0.156 dist=0.000 loop=0.938 ent=303.138
2026-02-15 01:18:20,644 - INFO - epoch=2 step=220 loss=-79.5457 r=-0.9762 succ=0.156 dist=0.000 loop=0.969 ent=312.602
2026-02-15 01:18:51,796 - INFO - epoch=2 step=240 loss=-57.9176 r=-1.0047 succ=0.125 dist=0.000 loop=0.969 ent=287.242
2026-02-15 01:19:22,519 - INFO - epoch=2 step=260 loss=-66.0119 r=-0.9815 succ=0.094 dist=0.000 loop=0.938 ent=285.160
2026-02-15 01:19:53,564 - INFO - epoch=2 step=280 loss=-61.1163 r=-0.9471 succ=0.125 dist=0.000 loop=0.938 ent=291.241
2026-02-15 01:20:25,011 - INFO - epoch=2 step=300 loss=-9.4279 r=-0.7657 succ=0.281 dist=0.000 loop=0.969 ent=275.918
2026-02-15 01:20:56,292 - INFO - epoch=2 step=320 loss=-56.1668 r=-0.9404 succ=0.125 dist=0.000 loop=0.938 ent=292.109
2026-02-15 01:21:27,860 - INFO - epoch=2 step=340 loss=-32.2140 r=-0.8509 succ=0.219 dist=0.000 loop=0.938 ent=291.855
2026-02-15 01:21:59,288 - INFO - epoch=2 step=360 loss=-71.4399 r=-0.9162 succ=0.156 dist=0.000 loop=0.906 ent=286.160
2026-02-15 01:22:30,675 - INFO - epoch=2 step=380 loss=-70.8482 r=-0.9743 succ=0.156 dist=0.000 loop=0.938 ent=313.606
2026-02-15 01:23:01,953 - INFO - epoch=2 step=400 loss=-51.2896 r=-0.8013 succ=0.219 dist=0.000 loop=0.875 ent=295.932
2026-02-15 01:23:32,814 - INFO - epoch=2 step=420 loss=-54.4180 r=-0.9132 succ=0.156 dist=0.000 loop=0.969 ent=295.060
2026-02-15 01:24:03,715 - INFO - epoch=2 step=440 loss=-68.7372 r=-0.9350 succ=0.125 dist=0.000 loop=0.938 ent=268.774
2026-02-15 01:24:34,273 - INFO - epoch=2 step=460 loss=-60.6877 r=-0.8229 succ=0.188 dist=0.000 loop=0.906 ent=271.415
2026-02-15 01:25:05,363 - INFO - epoch=2 step=480 loss=-85.4606 r=-1.0631 succ=0.094 dist=0.000 loop=0.969 ent=314.823
2026-02-15 01:25:36,215 - INFO - epoch=2 step=500 loss=-89.2465 r=-0.9640 succ=0.094 dist=0.000 loop=0.906 ent=295.708
2026-02-15 01:26:07,471 - INFO - epoch=2 step=520 loss=-63.2087 r=-0.9491 succ=0.125 dist=0.000 loop=0.906 ent=295.713
2026-02-15 01:26:38,274 - INFO - epoch=2 step=540 loss=-53.3719 r=-0.8925 succ=0.125 dist=0.000 loop=0.875 ent=274.370
2026-02-15 01:27:09,343 - INFO - epoch=2 step=560 loss=-45.2663 r=-0.8345 succ=0.250 dist=0.000 loop=0.969 ent=296.320
2026-02-15 01:27:40,578 - INFO - epoch=2 step=580 loss=-14.4129 r=-0.7590 succ=0.188 dist=0.000 loop=0.844 ent=245.676
2026-02-15 01:28:11,927 - INFO - epoch=2 step=600 loss=-64.9035 r=-0.9111 succ=0.125 dist=0.000 loop=0.875 ent=266.591
2026-02-15 01:28:43,218 - INFO - epoch=2 step=620 loss=-37.5010 r=-0.7879 succ=0.188 dist=0.000 loop=0.906 ent=240.390
2026-02-15 01:29:14,372 - INFO - epoch=2 step=640 loss=-54.0273 r=-0.8362 succ=0.188 dist=0.000 loop=0.844 ent=294.044
2026-02-15 01:29:45,571 - INFO - epoch=2 step=660 loss=-66.8613 r=-0.9067 succ=0.156 dist=0.000 loop=0.906 ent=292.768
2026-02-15 01:30:15,968 - INFO - epoch=2 step=680 loss=-89.5285 r=-1.0631 succ=0.031 dist=0.000 loop=0.969 ent=289.915
2026-02-15 01:30:47,238 - INFO - epoch=2 step=700 loss=-49.8403 r=-0.9595 succ=0.125 dist=0.000 loop=0.938 ent=292.838
2026-02-15 01:31:18,526 - INFO - epoch=2 step=720 loss=-56.7790 r=-0.9783 succ=0.094 dist=0.000 loop=0.969 ent=280.011
2026-02-15 01:31:49,807 - INFO - epoch=2 step=740 loss=-82.9122 r=-1.1318 succ=0.031 dist=0.000 loop=1.000 ent=305.532
2026-02-15 01:32:20,874 - INFO - epoch=2 step=760 loss=-35.9677 r=-0.8755 succ=0.156 dist=0.000 loop=0.938 ent=263.668
2026-02-15 01:32:51,586 - INFO - epoch=2 step=780 loss=-39.7548 r=-0.8437 succ=0.156 dist=0.000 loop=0.906 ent=253.572
2026-02-15 01:33:22,061 - INFO - epoch=2 step=800 loss=-50.6879 r=-0.9034 succ=0.188 dist=0.000 loop=0.938 ent=291.790
2026-02-15 01:33:52,885 - INFO - epoch=2 step=820 loss=-65.8889 r=-0.9017 succ=0.188 dist=0.000 loop=0.906 ent=306.874
2026-02-15 01:34:23,611 - INFO - epoch=2 step=840 loss=-44.0563 r=-0.8070 succ=0.188 dist=0.000 loop=0.875 ent=253.635
2026-02-15 01:34:54,022 - INFO - epoch=2 step=860 loss=-71.2776 r=-0.8872 succ=0.188 dist=0.000 loop=0.969 ent=289.725
2026-02-15 01:35:25,260 - INFO - epoch=2 step=880 loss=-67.2013 r=-0.8929 succ=0.188 dist=0.000 loop=0.938 ent=278.132
2026-02-15 01:35:56,347 - INFO - epoch=2 step=900 loss=-87.2149 r=-0.9359 succ=0.125 dist=0.000 loop=0.875 ent=300.187
2026-02-15 01:36:27,627 - INFO - epoch=2 step=920 loss=-35.7150 r=-0.8151 succ=0.219 dist=0.000 loop=0.875 ent=265.443
2026-02-15 01:36:58,557 - INFO - epoch=2 step=940 loss=-80.4798 r=-0.9954 succ=0.156 dist=0.000 loop=0.969 ent=333.373
2026-02-15 01:37:29,221 - INFO - epoch=2 step=960 loss=-52.3489 r=-0.8945 succ=0.188 dist=0.000 loop=0.906 ent=282.584
2026-02-15 01:37:59,938 - INFO - epoch=2 step=980 loss=-21.6246 r=-0.6774 succ=0.281 dist=0.000 loop=0.812 ent=269.069
2026-02-15 01:38:30,405 - INFO - epoch=2 step=1000 loss=-73.4309 r=-0.9639 succ=0.094 dist=0.000 loop=0.938 ent=283.574
2026-02-15 01:39:00,925 - INFO - epoch=2 step=1020 loss=-77.4399 r=-0.9818 succ=0.125 dist=0.000 loop=0.938 ent=317.290
2026-02-15 01:39:31,749 - INFO - epoch=2 step=1040 loss=-75.5154 r=-1.0181 succ=0.094 dist=0.000 loop=0.969 ent=288.790
2026-02-15 01:40:02,449 - INFO - epoch=2 step=1060 loss=-44.7869 r=-0.7887 succ=0.188 dist=0.000 loop=0.906 ent=249.147
2026-02-15 01:40:32,948 - INFO - epoch=2 step=1080 loss=-82.8390 r=-0.9937 succ=0.094 dist=0.000 loop=0.938 ent=294.537
2026-02-15 01:41:03,658 - INFO - epoch=2 step=1100 loss=-54.9482 r=-0.8350 succ=0.156 dist=0.000 loop=0.906 ent=259.858
2026-02-15 01:41:34,223 - INFO - epoch=2 step=1120 loss=-65.5406 r=-0.8601 succ=0.188 dist=0.000 loop=0.938 ent=271.509
2026-02-15 01:42:05,165 - INFO - epoch=2 step=1140 loss=-81.9264 r=-1.0273 succ=0.094 dist=0.000 loop=0.938 ent=305.908
2026-02-15 01:42:36,025 - INFO - epoch=2 step=1160 loss=-60.4341 r=-0.8531 succ=0.250 dist=0.000 loop=0.938 ent=300.837
2026-02-15 01:43:06,851 - INFO - epoch=2 step=1180 loss=-97.3301 r=-1.0847 succ=0.031 dist=0.000 loop=0.969 ent=307.911
2026-02-15 01:43:37,739 - INFO - epoch=2 step=1200 loss=-74.4647 r=-0.8987 succ=0.188 dist=0.000 loop=0.938 ent=308.011
2026-02-15 01:44:08,226 - INFO - epoch=2 step=1220 loss=-13.3099 r=-0.6796 succ=0.250 dist=0.000 loop=0.844 ent=250.294
2026-02-15 01:44:38,782 - INFO - epoch=2 step=1240 loss=-100.5311 r=-0.9759 succ=0.156 dist=0.000 loop=0.938 ent=329.909
2026-02-15 01:45:09,200 - INFO - epoch=2 step=1260 loss=-81.1692 r=-0.9951 succ=0.094 dist=0.000 loop=0.938 ent=290.324
2026-02-15 01:45:39,787 - INFO - epoch=2 step=1280 loss=-28.0163 r=-0.6416 succ=0.250 dist=0.000 loop=0.812 ent=239.599
2026-02-15 01:46:10,916 - INFO - epoch=2 step=1300 loss=-106.6377 r=-1.0590 succ=0.094 dist=0.000 loop=0.969 ent=332.208
2026-02-15 01:46:41,607 - INFO - epoch=2 step=1320 loss=-91.5434 r=-0.8756 succ=0.125 dist=0.000 loop=0.781 ent=305.515
2026-02-15 01:47:11,895 - INFO - epoch=2 step=1340 loss=-21.7963 r=-0.6854 succ=0.281 dist=0.000 loop=0.844 ent=265.589
2026-02-15 01:47:42,642 - INFO - epoch=2 step=1360 loss=-58.5250 r=-0.9839 succ=0.188 dist=0.000 loop=1.000 ent=326.542
2026-02-15 01:48:13,283 - INFO - epoch=2 step=1380 loss=-40.3207 r=-0.8223 succ=0.250 dist=0.000 loop=0.875 ent=307.451
2026-02-15 01:48:43,518 - INFO - epoch=2 step=1400 loss=-79.8845 r=-0.9411 succ=0.125 dist=0.000 loop=0.938 ent=290.151
2026-02-15 01:49:13,831 - INFO - epoch=2 step=1420 loss=-93.8220 r=-1.0240 succ=0.062 dist=0.000 loop=0.906 ent=294.434
2026-02-15 01:49:44,415 - INFO - epoch=2 step=1440 loss=-57.0962 r=-0.8092 succ=0.188 dist=0.000 loop=0.844 ent=268.682
2026-02-15 01:50:15,324 - INFO - epoch=2 step=1460 loss=-77.9603 r=-1.0459 succ=0.094 dist=0.000 loop=0.969 ent=319.219
2026-02-15 01:50:46,423 - INFO - epoch=2 step=1480 loss=-50.8199 r=-0.8375 succ=0.125 dist=0.000 loop=0.812 ent=247.094
2026-02-15 01:51:17,791 - INFO - epoch=2 step=1500 loss=-67.0280 r=-0.9249 succ=0.125 dist=0.000 loop=0.906 ent=289.601
2026-02-15 01:51:49,235 - INFO - epoch=2 step=1520 loss=-92.4729 r=-1.0917 succ=0.094 dist=0.000 loop=1.000 ent=330.610
2026-02-15 01:52:20,182 - INFO - epoch=2 step=1540 loss=-56.8887 r=-0.8646 succ=0.250 dist=0.000 loop=0.938 ent=317.374
2026-02-15 01:52:51,520 - INFO - epoch=2 step=1560 loss=-50.3030 r=-0.8481 succ=0.188 dist=0.000 loop=0.875 ent=282.867
2026-02-15 01:53:22,547 - INFO - epoch=2 step=1580 loss=-47.7916 r=-0.8409 succ=0.094 dist=0.000 loop=0.844 ent=227.549
2026-02-15 01:53:52,725 - INFO - epoch=2 step=1600 loss=-72.3824 r=-0.9031 succ=0.125 dist=0.000 loop=0.906 ent=263.765
2026-02-15 01:54:22,977 - INFO - epoch=2 step=1620 loss=-81.8454 r=-1.0454 succ=0.125 dist=0.000 loop=1.000 ent=325.810
2026-02-15 01:54:53,614 - INFO - epoch=2 step=1640 loss=-76.8000 r=-0.9207 succ=0.156 dist=0.000 loop=0.875 ent=293.551
2026-02-15 01:55:24,448 - INFO - epoch=2 step=1660 loss=-40.9770 r=-0.7659 succ=0.250 dist=0.000 loop=0.906 ent=283.421
2026-02-15 01:55:55,454 - INFO - epoch=2 step=1680 loss=-71.6388 r=-0.9007 succ=0.125 dist=0.000 loop=0.875 ent=282.946
2026-02-15 01:56:26,699 - INFO - epoch=2 step=1700 loss=-47.9715 r=-0.7870 succ=0.250 dist=0.000 loop=0.906 ent=287.646
2026-02-15 01:56:57,106 - INFO - epoch=2 step=1720 loss=-62.5524 r=-0.9285 succ=0.094 dist=0.000 loop=0.938 ent=266.955
2026-02-15 01:57:27,753 - INFO - epoch=2 step=1740 loss=-100.3417 r=-1.0559 succ=0.062 dist=0.000 loop=0.906 ent=332.008
2026-02-15 01:57:58,760 - INFO - epoch=2 step=1760 loss=-82.3093 r=-1.0001 succ=0.062 dist=0.000 loop=0.906 ent=299.839
2026-02-15 01:58:29,414 - INFO - epoch=2 step=1780 loss=-38.6987 r=-0.8075 succ=0.219 dist=0.000 loop=0.875 ent=276.516
2026-02-15 01:59:00,028 - INFO - epoch=2 step=1800 loss=-98.4568 r=-1.0526 succ=0.062 dist=0.000 loop=0.906 ent=298.286
2026-02-15 01:59:30,690 - INFO - epoch=2 step=1820 loss=-39.1078 r=-0.7892 succ=0.219 dist=0.000 loop=0.938 ent=267.185
2026-02-15 02:00:01,417 - INFO - epoch=2 step=1840 loss=-47.8050 r=-0.7311 succ=0.188 dist=0.000 loop=0.812 ent=241.015
2026-02-15 02:00:32,594 - INFO - epoch=2 step=1860 loss=-77.5933 r=-1.0470 succ=0.094 dist=0.000 loop=0.969 ent=289.230
2026-02-15 02:01:03,579 - INFO - epoch=2 step=1880 loss=-47.8303 r=-0.8411 succ=0.219 dist=0.000 loop=0.875 ent=294.212
2026-02-15 02:01:34,120 - INFO - epoch=2 step=1900 loss=-61.2964 r=-0.7838 succ=0.219 dist=0.000 loop=0.875 ent=268.795
2026-02-15 02:02:05,161 - INFO - epoch=2 step=1920 loss=-85.6550 r=-1.0293 succ=0.125 dist=0.000 loop=0.969 ent=321.648
2026-02-15 02:02:36,299 - INFO - epoch=2 step=1940 loss=-42.2991 r=-0.9060 succ=0.219 dist=0.000 loop=0.969 ent=303.911
2026-02-15 02:03:07,537 - INFO - epoch=2 step=1960 loss=-58.4103 r=-0.9520 succ=0.062 dist=0.000 loop=0.938 ent=248.110
2026-02-15 02:03:38,131 - INFO - epoch=2 step=1980 loss=-64.0931 r=-0.8556 succ=0.188 dist=0.000 loop=0.906 ent=287.427
2026-02-15 02:04:08,508 - INFO - epoch=2 step=2000 loss=-90.2309 r=-1.0375 succ=0.094 dist=0.000 loop=0.969 ent=306.243
2026-02-15 02:04:38,956 - INFO - epoch=2 step=2020 loss=-71.3548 r=-0.8935 succ=0.125 dist=0.000 loop=0.844 ent=302.083
2026-02-15 02:05:09,649 - INFO - epoch=2 step=2040 loss=-56.7783 r=-0.8289 succ=0.156 dist=0.000 loop=0.906 ent=257.250
2026-02-15 02:05:40,600 - INFO - epoch=2 step=2060 loss=-95.7871 r=-0.9884 succ=0.031 dist=0.000 loop=0.875 ent=301.464
2026-02-15 02:06:10,894 - INFO - epoch=2 step=2080 loss=-37.7961 r=-0.8654 succ=0.219 dist=0.000 loop=0.938 ent=280.708
2026-02-15 02:06:42,097 - INFO - epoch=2 step=2100 loss=-88.8995 r=-0.9515 succ=0.125 dist=0.000 loop=0.938 ent=295.889
2026-02-15 02:07:12,507 - INFO - epoch=2 step=2120 loss=-20.9276 r=-0.7891 succ=0.312 dist=0.000 loop=1.000 ent=300.746
2026-02-15 02:07:43,205 - INFO - epoch=2 step=2140 loss=-34.5891 r=-0.7064 succ=0.281 dist=0.000 loop=0.906 ent=250.159
2026-02-15 02:08:13,888 - INFO - epoch=2 step=2160 loss=-66.2032 r=-0.8596 succ=0.156 dist=0.000 loop=0.844 ent=291.266
2026-02-15 02:08:44,622 - INFO - epoch=2 step=2180 loss=-76.6600 r=-0.9757 succ=0.156 dist=0.000 loop=0.938 ent=325.788
2026-02-15 02:09:15,186 - INFO - epoch=2 step=2200 loss=-69.0902 r=-0.8683 succ=0.125 dist=0.000 loop=0.844 ent=267.687
2026-02-15 02:09:45,303 - INFO - epoch=2 step=2220 loss=-56.9353 r=-0.7350 succ=0.250 dist=0.000 loop=0.781 ent=292.735
2026-02-15 02:10:15,733 - INFO - epoch=2 step=2240 loss=-89.7586 r=-1.0211 succ=0.094 dist=0.000 loop=0.906 ent=319.680
2026-02-15 02:10:46,185 - INFO - epoch=2 step=2260 loss=-13.5927 r=-0.7823 succ=0.250 dist=0.000 loop=0.969 ent=239.341
2026-02-15 02:11:17,070 - INFO - epoch=2 step=2280 loss=-78.3104 r=-0.9893 succ=0.125 dist=0.000 loop=0.938 ent=317.670
2026-02-15 02:11:47,905 - INFO - epoch=2 step=2300 loss=-65.7258 r=-0.8954 succ=0.219 dist=0.000 loop=0.938 ent=318.153
2026-02-15 02:12:18,417 - INFO - epoch=2 step=2320 loss=-82.6791 r=-0.9683 succ=0.094 dist=0.000 loop=0.906 ent=283.693
2026-02-15 02:12:48,877 - INFO - epoch=2 step=2340 loss=-81.9720 r=-0.9507 succ=0.156 dist=0.000 loop=0.906 ent=317.292
2026-02-15 02:13:19,644 - INFO - epoch=2 step=2360 loss=-23.5923 r=-0.7315 succ=0.250 dist=0.000 loop=0.812 ent=275.482
2026-02-15 02:13:50,368 - INFO - epoch=2 step=2380 loss=-32.5896 r=-0.7742 succ=0.250 dist=0.000 loop=0.906 ent=279.982
2026-02-15 02:14:20,823 - INFO - epoch=2 step=2400 loss=-17.2135 r=-0.7412 succ=0.281 dist=0.000 loop=0.875 ent=284.097
2026-02-15 02:14:50,803 - INFO - epoch=2 step=2420 loss=-32.6031 r=-0.7570 succ=0.250 dist=0.000 loop=0.875 ent=273.826
2026-02-15 02:15:21,103 - INFO - epoch=2 step=2440 loss=-62.8615 r=-0.9202 succ=0.125 dist=0.000 loop=0.906 ent=294.814
2026-02-15 02:15:51,507 - INFO - epoch=2 step=2460 loss=-83.0136 r=-0.9354 succ=0.125 dist=0.000 loop=0.875 ent=302.004
2026-02-15 02:16:21,508 - INFO - epoch=2 step=2480 loss=-62.4835 r=-0.7929 succ=0.250 dist=0.000 loop=0.875 ent=275.421
2026-02-15 02:16:51,777 - INFO - epoch=2 step=2500 loss=-69.1342 r=-0.7839 succ=0.156 dist=0.000 loop=0.750 ent=290.309
2026-02-15 02:17:22,163 - INFO - epoch=2 step=2520 loss=-73.0568 r=-0.8204 succ=0.188 dist=0.000 loop=0.875 ent=277.061
2026-02-15 02:17:52,516 - INFO - epoch=2 step=2540 loss=-69.4249 r=-0.9499 succ=0.188 dist=0.000 loop=0.969 ent=322.986
2026-02-15 02:18:23,059 - INFO - epoch=2 step=2560 loss=-77.0684 r=-0.9020 succ=0.156 dist=0.000 loop=0.906 ent=305.105
2026-02-15 02:18:53,357 - INFO - epoch=2 step=2580 loss=-61.1129 r=-0.7661 succ=0.125 dist=0.000 loop=0.750 ent=244.288
2026-02-15 02:19:24,116 - INFO - epoch=2 step=2600 loss=-50.2544 r=-0.7890 succ=0.219 dist=0.000 loop=0.906 ent=261.393
2026-02-15 02:19:54,909 - INFO - epoch=2 step=2620 loss=-28.5543 r=-0.7989 succ=0.219 dist=0.000 loop=0.938 ent=254.153
2026-02-15 02:20:25,719 - INFO - epoch=2 step=2640 loss=-67.1297 r=-0.8999 succ=0.156 dist=0.000 loop=0.906 ent=306.617
2026-02-15 02:20:56,268 - INFO - epoch=2 step=2660 loss=-103.4104 r=-0.9648 succ=0.094 dist=0.000 loop=0.875 ent=298.963
2026-02-15 02:21:26,772 - INFO - epoch=2 step=2680 loss=-80.6285 r=-1.0573 succ=0.125 dist=0.000 loop=1.000 ent=327.064
2026-02-15 02:21:57,128 - INFO - epoch=2 step=2700 loss=-17.3797 r=-0.6223 succ=0.250 dist=0.000 loop=0.812 ent=233.993
2026-02-15 02:22:27,736 - INFO - epoch=2 step=2720 loss=-63.9675 r=-0.8699 succ=0.219 dist=0.000 loop=0.938 ent=308.853
2026-02-15 02:22:57,849 - INFO - epoch=2 step=2740 loss=-74.2254 r=-0.9493 succ=0.156 dist=0.000 loop=0.969 ent=306.466
2026-02-15 02:23:27,808 - INFO - epoch=2 step=2760 loss=-80.0198 r=-0.9340 succ=0.094 dist=0.000 loop=0.875 ent=282.942
2026-02-15 02:23:58,170 - INFO - epoch=2 step=2780 loss=-88.6394 r=-1.0147 succ=0.094 dist=0.000 loop=0.969 ent=303.672
2026-02-15 02:24:28,137 - INFO - epoch=2 step=2800 loss=-61.1371 r=-0.9313 succ=0.188 dist=0.000 loop=0.969 ent=294.272
2026-02-15 02:24:58,380 - INFO - epoch=2 step=2820 loss=-56.2720 r=-0.8453 succ=0.156 dist=0.000 loop=0.906 ent=256.058
2026-02-15 02:25:29,163 - INFO - epoch=2 step=2840 loss=-81.6618 r=-0.9447 succ=0.125 dist=0.000 loop=0.875 ent=311.431
2026-02-15 02:25:59,408 - INFO - epoch=2 step=2860 loss=-27.3991 r=-0.6481 succ=0.281 dist=0.000 loop=0.844 ent=237.271
2026-02-15 02:26:29,638 - INFO - epoch=2 step=2880 loss=-88.7447 r=-0.9425 succ=0.125 dist=0.000 loop=0.906 ent=284.713
2026-02-15 02:27:00,282 - INFO - epoch=2 step=2900 loss=-37.7944 r=-0.7859 succ=0.281 dist=0.000 loop=0.875 ent=302.046
2026-02-15 02:27:30,637 - INFO - epoch=2 step=2920 loss=-78.3067 r=-0.9357 succ=0.188 dist=0.000 loop=0.938 ent=314.835
2026-02-15 02:28:01,150 - INFO - epoch=2 step=2940 loss=-71.9326 r=-0.7894 succ=0.156 dist=0.000 loop=0.812 ent=240.970
2026-02-15 02:28:31,415 - INFO - epoch=2 step=2960 loss=-68.5636 r=-0.8198 succ=0.188 dist=0.000 loop=0.875 ent=280.100
2026-02-15 02:29:02,022 - INFO - epoch=2 step=2980 loss=-27.7312 r=-0.7968 succ=0.188 dist=0.000 loop=0.875 ent=250.143
2026-02-15 02:29:32,635 - INFO - epoch=2 step=3000 loss=-69.2788 r=-0.7706 succ=0.188 dist=0.000 loop=0.844 ent=273.956
2026-02-15 02:30:03,657 - INFO - epoch=2 step=3020 loss=-77.7276 r=-1.0129 succ=0.094 dist=0.000 loop=0.969 ent=285.878
2026-02-15 02:30:34,210 - INFO - epoch=2 step=3040 loss=-59.4369 r=-0.6853 succ=0.188 dist=0.000 loop=0.750 ent=236.207
2026-02-15 02:31:05,136 - INFO - epoch=2 step=3060 loss=-46.6645 r=-0.6582 succ=0.312 dist=0.000 loop=0.875 ent=252.554
2026-02-15 02:31:36,111 - INFO - epoch=2 step=3080 loss=-15.5235 r=-0.5569 succ=0.344 dist=0.000 loop=0.812 ent=229.459
2026-02-15 02:32:07,074 - INFO - epoch=2 step=3100 loss=-109.9700 r=-0.9465 succ=0.125 dist=0.000 loop=0.875 ent=305.484
2026-02-15 02:32:37,674 - INFO - epoch=2 step=3120 loss=-93.2990 r=-0.9445 succ=0.125 dist=0.000 loop=0.844 ent=295.156
2026-02-15 02:33:08,168 - INFO - epoch=2 step=3140 loss=-47.2055 r=-0.7515 succ=0.188 dist=0.000 loop=0.875 ent=242.556
2026-02-15 02:33:38,823 - INFO - epoch=2 step=3160 loss=-105.9760 r=-0.9934 succ=0.062 dist=0.000 loop=0.875 ent=296.815
2026-02-15 02:34:09,479 - INFO - epoch=2 step=3180 loss=-94.8849 r=-0.9770 succ=0.062 dist=0.000 loop=0.906 ent=269.799
2026-02-15 02:34:39,673 - INFO - epoch=2 step=3200 loss=-71.2821 r=-0.8764 succ=0.188 dist=0.000 loop=0.906 ent=303.157
2026-02-15 02:35:10,666 - INFO - epoch=2 step=3220 loss=-112.5974 r=-1.1193 succ=0.094 dist=0.000 loop=1.000 ent=343.990
2026-02-15 02:35:41,219 - INFO - epoch=2 step=3240 loss=-69.7639 r=-0.8198 succ=0.219 dist=0.000 loop=0.844 ent=294.487
2026-02-15 02:36:11,855 - INFO - epoch=2 step=3260 loss=-45.2004 r=-0.8357 succ=0.219 dist=0.000 loop=0.938 ent=278.698
2026-02-15 02:36:42,048 - INFO - epoch=2 step=3280 loss=-76.8631 r=-0.8762 succ=0.125 dist=0.000 loop=0.875 ent=287.794
2026-02-15 02:37:12,597 - INFO - epoch=2 step=3300 loss=-73.1631 r=-0.9956 succ=0.062 dist=0.000 loop=0.938 ent=285.055
2026-02-15 02:37:42,914 - INFO - epoch=2 step=3320 loss=-89.6600 r=-1.0137 succ=0.125 dist=0.000 loop=0.969 ent=303.952
2026-02-15 02:38:12,934 - INFO - epoch=2 step=3340 loss=-13.2071 r=-0.6720 succ=0.156 dist=0.000 loop=0.781 ent=196.680
2026-02-15 02:38:43,047 - INFO - epoch=2 step=3360 loss=-48.8078 r=-0.7798 succ=0.250 dist=0.000 loop=0.938 ent=278.639
2026-02-15 02:45:41,958 - INFO - epoch=2 train(loss=-63.7882, r=-0.8920, succ=0.158) val(loss=-65.4181, r=-0.8369, succ=0.160)
2026-02-15 02:46:12,535 - INFO - epoch=3 step=20 loss=-86.8732 r=-0.9665 succ=0.094 dist=0.000 loop=0.906 ent=295.009
2026-02-15 02:46:42,346 - INFO - epoch=3 step=40 loss=-47.7077 r=-0.7318 succ=0.250 dist=0.000 loop=0.875 ent=264.150
2026-02-15 02:47:12,332 - INFO - epoch=3 step=60 loss=-96.2918 r=-0.9624 succ=0.062 dist=0.000 loop=0.906 ent=274.178
2026-02-15 02:47:42,154 - INFO - epoch=3 step=80 loss=-30.0182 r=-0.7217 succ=0.250 dist=0.000 loop=0.875 ent=248.733
2026-02-15 02:48:12,589 - INFO - epoch=3 step=100 loss=-81.5276 r=-0.9073 succ=0.156 dist=0.000 loop=0.906 ent=288.679
2026-02-15 02:48:43,054 - INFO - epoch=3 step=120 loss=-67.4723 r=-0.9314 succ=0.031 dist=0.000 loop=0.875 ent=228.315
2026-02-15 02:49:12,949 - INFO - epoch=3 step=140 loss=-55.9748 r=-0.8448 succ=0.156 dist=0.000 loop=0.906 ent=251.788
2026-02-15 02:49:43,322 - INFO - epoch=3 step=160 loss=-78.2800 r=-0.9397 succ=0.125 dist=0.000 loop=0.938 ent=283.550
2026-02-15 02:50:13,426 - INFO - epoch=3 step=180 loss=-48.4194 r=-0.7278 succ=0.219 dist=0.000 loop=0.844 ent=242.490
2026-02-15 02:50:43,413 - INFO - epoch=3 step=200 loss=-61.8546 r=-0.8099 succ=0.156 dist=0.000 loop=0.906 ent=237.964
2026-02-15 02:51:13,617 - INFO - epoch=3 step=220 loss=-82.3759 r=-0.9276 succ=0.125 dist=0.000 loop=0.938 ent=274.868
2026-02-15 02:51:43,806 - INFO - epoch=3 step=240 loss=-79.5384 r=-0.8551 succ=0.156 dist=0.000 loop=0.812 ent=270.102
2026-02-15 02:52:14,589 - INFO - epoch=3 step=260 loss=-66.2248 r=-0.8581 succ=0.188 dist=0.000 loop=0.906 ent=283.283
2026-02-15 02:52:45,651 - INFO - epoch=3 step=280 loss=-59.2088 r=-0.8043 succ=0.188 dist=0.000 loop=0.875 ent=262.145
2026-02-15 02:53:15,945 - INFO - epoch=3 step=300 loss=-57.1906 r=-0.8328 succ=0.188 dist=0.000 loop=0.969 ent=252.755
2026-02-15 02:53:46,123 - INFO - epoch=3 step=320 loss=-68.1824 r=-0.8742 succ=0.188 dist=0.000 loop=0.969 ent=278.950
2026-02-15 02:54:16,048 - INFO - epoch=3 step=340 loss=-71.8006 r=-0.8089 succ=0.094 dist=0.000 loop=0.781 ent=237.261
2026-02-15 02:54:46,266 - INFO - epoch=3 step=360 loss=-110.3163 r=-0.9878 succ=0.094 dist=0.000 loop=0.938 ent=296.089
2026-02-15 02:55:16,373 - INFO - epoch=3 step=380 loss=-55.1532 r=-0.7510 succ=0.250 dist=0.000 loop=0.844 ent=261.897
2026-02-15 02:55:46,434 - INFO - epoch=3 step=400 loss=-96.3649 r=-1.0529 succ=0.062 dist=0.000 loop=1.000 ent=281.689
2026-02-15 02:56:16,277 - INFO - epoch=3 step=420 loss=-87.4278 r=-0.8712 succ=0.219 dist=0.000 loop=0.906 ent=312.106
2026-02-15 02:56:46,118 - INFO - epoch=3 step=440 loss=-31.6819 r=-0.6701 succ=0.281 dist=0.000 loop=0.812 ent=258.957
2026-02-15 02:57:15,768 - INFO - epoch=3 step=460 loss=-75.2056 r=-0.8579 succ=0.156 dist=0.000 loop=0.875 ent=287.648
2026-02-15 02:57:45,313 - INFO - epoch=3 step=480 loss=-83.2356 r=-0.7998 succ=0.156 dist=0.000 loop=0.844 ent=270.130
2026-02-15 02:58:15,318 - INFO - epoch=3 step=500 loss=-58.7798 r=-0.7385 succ=0.219 dist=0.000 loop=0.844 ent=260.487
2026-02-15 02:58:45,024 - INFO - epoch=3 step=520 loss=-68.0937 r=-0.7983 succ=0.156 dist=0.000 loop=0.844 ent=248.573
2026-02-15 02:59:14,950 - INFO - epoch=3 step=540 loss=-44.5984 r=-0.7642 succ=0.219 dist=0.000 loop=0.844 ent=265.431
2026-02-15 02:59:44,803 - INFO - epoch=3 step=560 loss=-58.5781 r=-0.8162 succ=0.188 dist=0.000 loop=0.906 ent=263.684
2026-02-15 03:00:14,078 - INFO - epoch=3 step=580 loss=-82.4899 r=-0.8710 succ=0.125 dist=0.000 loop=0.875 ent=273.520
2026-02-15 03:00:43,126 - INFO - epoch=3 step=600 loss=-46.6972 r=-0.7201 succ=0.219 dist=0.000 loop=0.875 ent=248.613
2026-02-15 03:01:12,643 - INFO - epoch=3 step=620 loss=-106.7181 r=-1.0778 succ=0.031 dist=0.000 loop=0.938 ent=306.094
2026-02-15 03:01:41,329 - INFO - epoch=3 step=640 loss=-80.8988 r=-1.0182 succ=0.062 dist=0.000 loop=1.000 ent=287.420
2026-02-15 03:02:10,970 - INFO - epoch=3 step=660 loss=-33.2541 r=-0.6840 succ=0.219 dist=0.000 loop=0.844 ent=234.222
2026-02-15 03:02:40,983 - INFO - epoch=3 step=680 loss=-43.9420 r=-0.7512 succ=0.156 dist=0.000 loop=0.844 ent=240.128
2026-02-15 03:03:11,337 - INFO - epoch=3 step=700 loss=-66.8274 r=-0.9671 succ=0.125 dist=0.000 loop=0.969 ent=283.451
2026-02-15 03:03:41,670 - INFO - epoch=3 step=720 loss=-68.3585 r=-0.8695 succ=0.250 dist=0.000 loop=0.938 ent=308.308
2026-02-15 03:04:11,972 - INFO - epoch=3 step=740 loss=-56.5536 r=-0.7271 succ=0.281 dist=0.000 loop=0.875 ent=284.475
2026-02-15 03:04:42,412 - INFO - epoch=3 step=760 loss=-117.5601 r=-0.9786 succ=0.094 dist=0.000 loop=0.844 ent=323.212
2026-02-15 03:05:12,409 - INFO - epoch=3 step=780 loss=-118.0272 r=-1.0710 succ=0.125 dist=0.000 loop=1.000 ent=336.859
2026-02-15 03:05:42,282 - INFO - epoch=3 step=800 loss=-72.2531 r=-0.8496 succ=0.188 dist=0.000 loop=0.875 ent=268.648
2026-02-15 03:06:11,761 - INFO - epoch=3 step=820 loss=-54.9618 r=-0.7726 succ=0.250 dist=0.000 loop=0.906 ent=282.719
2026-02-15 03:06:41,925 - INFO - epoch=3 step=840 loss=-77.7109 r=-0.7970 succ=0.188 dist=0.000 loop=0.875 ent=261.829
2026-02-15 03:07:12,211 - INFO - epoch=3 step=860 loss=-83.0304 r=-0.9069 succ=0.188 dist=0.000 loop=0.906 ent=291.532
2026-02-15 03:07:42,705 - INFO - epoch=3 step=880 loss=-32.3168 r=-0.7792 succ=0.250 dist=0.000 loop=0.906 ent=256.685
2026-02-15 03:08:12,974 - INFO - epoch=3 step=900 loss=-83.4130 r=-0.8808 succ=0.156 dist=0.000 loop=0.875 ent=278.120
2026-02-15 03:08:42,986 - INFO - epoch=3 step=920 loss=-76.6233 r=-0.8205 succ=0.156 dist=0.000 loop=0.844 ent=262.989
2026-02-15 03:09:12,963 - INFO - epoch=3 step=940 loss=-61.0166 r=-0.7502 succ=0.188 dist=0.000 loop=0.781 ent=272.434
2026-02-15 03:09:43,164 - INFO - epoch=3 step=960 loss=-79.5016 r=-0.8646 succ=0.125 dist=0.000 loop=0.844 ent=252.173
2026-02-15 03:10:12,987 - INFO - epoch=3 step=980 loss=-68.2034 r=-0.7756 succ=0.188 dist=0.000 loop=0.844 ent=262.962
2026-02-15 03:10:42,653 - INFO - epoch=3 step=1000 loss=-59.3972 r=-0.7275 succ=0.219 dist=0.000 loop=0.875 ent=232.051
2026-02-15 03:11:12,512 - INFO - epoch=3 step=1020 loss=-85.2318 r=-0.8464 succ=0.125 dist=0.000 loop=0.875 ent=256.948
2026-02-15 03:11:41,984 - INFO - epoch=3 step=1040 loss=-53.4831 r=-0.8708 succ=0.156 dist=0.000 loop=0.938 ent=252.299
2026-02-15 03:12:11,697 - INFO - epoch=3 step=1060 loss=-100.5344 r=-0.9839 succ=0.125 dist=0.000 loop=0.938 ent=302.720
2026-02-15 03:12:41,239 - INFO - epoch=3 step=1080 loss=-69.3575 r=-0.7035 succ=0.250 dist=0.000 loop=0.812 ent=252.695
2026-02-15 03:13:11,000 - INFO - epoch=3 step=1100 loss=-92.4286 r=-0.8472 succ=0.125 dist=0.000 loop=0.844 ent=277.269
2026-02-15 03:13:41,223 - INFO - epoch=3 step=1120 loss=-83.6996 r=-0.9161 succ=0.125 dist=0.000 loop=0.906 ent=293.615
2026-02-15 03:14:11,065 - INFO - epoch=3 step=1140 loss=-86.4622 r=-0.7509 succ=0.156 dist=0.000 loop=0.750 ent=252.420
2026-02-15 03:14:40,944 - INFO - epoch=3 step=1160 loss=-86.0808 r=-0.8558 succ=0.125 dist=0.000 loop=0.844 ent=258.102
2026-02-15 03:15:10,597 - INFO - epoch=3 step=1180 loss=-62.5240 r=-0.7245 succ=0.219 dist=0.000 loop=0.875 ent=237.230
2026-02-15 03:15:40,498 - INFO - epoch=3 step=1200 loss=-62.9893 r=-0.7342 succ=0.250 dist=0.000 loop=0.875 ent=265.116
2026-02-15 03:16:10,775 - INFO - epoch=3 step=1220 loss=-99.9902 r=-0.8898 succ=0.156 dist=0.000 loop=0.875 ent=308.835
2026-02-15 03:16:40,994 - INFO - epoch=3 step=1240 loss=-107.2368 r=-1.0420 succ=0.031 dist=0.000 loop=0.938 ent=288.731
2026-02-15 03:17:11,071 - INFO - epoch=3 step=1260 loss=-87.8573 r=-0.7909 succ=0.188 dist=0.000 loop=0.844 ent=281.427
2026-02-15 03:17:41,729 - INFO - epoch=3 step=1280 loss=-68.6247 r=-0.8650 succ=0.156 dist=0.000 loop=0.938 ent=257.101
2026-02-15 03:18:11,545 - INFO - epoch=3 step=1300 loss=-100.2400 r=-0.9329 succ=0.062 dist=0.000 loop=0.844 ent=272.007
2026-02-15 03:18:41,535 - INFO - epoch=3 step=1320 loss=-61.6855 r=-0.8167 succ=0.219 dist=0.000 loop=0.906 ent=276.918
2026-02-15 03:19:11,221 - INFO - epoch=3 step=1340 loss=-76.6046 r=-0.7839 succ=0.156 dist=0.000 loop=0.844 ent=248.479
2026-02-15 03:19:41,284 - INFO - epoch=3 step=1360 loss=-88.3674 r=-0.9490 succ=0.156 dist=0.000 loop=0.906 ent=328.590
2026-02-15 03:20:11,282 - INFO - epoch=3 step=1380 loss=-91.7172 r=-0.9307 succ=0.125 dist=0.000 loop=0.938 ent=286.459
2026-02-15 03:20:41,174 - INFO - epoch=3 step=1400 loss=-60.0205 r=-0.7715 succ=0.125 dist=0.000 loop=0.812 ent=237.198
2026-02-15 03:21:11,097 - INFO - epoch=3 step=1420 loss=-88.5745 r=-0.8876 succ=0.094 dist=0.000 loop=0.875 ent=266.934
2026-02-15 03:21:41,213 - INFO - epoch=3 step=1440 loss=-93.9800 r=-0.9229 succ=0.062 dist=0.000 loop=0.906 ent=260.374
2026-02-15 03:22:11,919 - INFO - epoch=3 step=1460 loss=-62.5758 r=-0.6956 succ=0.156 dist=0.000 loop=0.781 ent=225.114
2026-02-15 03:22:41,869 - INFO - epoch=3 step=1480 loss=-98.8481 r=-1.0161 succ=0.062 dist=0.000 loop=0.969 ent=296.139
2026-02-15 03:23:12,088 - INFO - epoch=3 step=1500 loss=-61.8041 r=-0.7655 succ=0.125 dist=0.000 loop=0.750 ent=256.636
2026-02-15 03:23:42,269 - INFO - epoch=3 step=1520 loss=-48.1302 r=-0.7879 succ=0.188 dist=0.000 loop=0.906 ent=261.351
2026-02-15 03:24:12,716 - INFO - epoch=3 step=1540 loss=-17.4073 r=-0.5749 succ=0.375 dist=0.000 loop=0.844 ent=279.021
2026-02-15 03:24:42,515 - INFO - epoch=3 step=1560 loss=-99.5802 r=-0.8912 succ=0.094 dist=0.000 loop=0.844 ent=287.837
2026-02-15 03:25:12,632 - INFO - epoch=3 step=1580 loss=-39.9796 r=-0.7227 succ=0.281 dist=0.000 loop=0.938 ent=265.529
2026-02-15 03:25:42,727 - INFO - epoch=3 step=1600 loss=-119.9412 r=-0.9775 succ=0.062 dist=0.000 loop=0.906 ent=288.305
2026-02-15 03:26:13,294 - INFO - epoch=3 step=1620 loss=-56.1786 r=-0.6977 succ=0.219 dist=0.000 loop=0.875 ent=238.782
2026-02-15 03:26:43,467 - INFO - epoch=3 step=1640 loss=-136.8601 r=-1.0712 succ=0.062 dist=0.000 loop=0.906 ent=339.522
2026-02-15 03:27:14,018 - INFO - epoch=3 step=1660 loss=-14.5110 r=-0.5787 succ=0.375 dist=0.000 loop=0.812 ent=272.905
2026-02-15 03:27:43,557 - INFO - epoch=3 step=1680 loss=-69.2409 r=-0.7146 succ=0.188 dist=0.000 loop=0.781 ent=253.219
2026-02-15 03:28:13,845 - INFO - epoch=3 step=1700 loss=-72.2982 r=-0.9381 succ=0.125 dist=0.000 loop=0.938 ent=276.296
2026-02-15 03:28:43,619 - INFO - epoch=3 step=1720 loss=-116.2790 r=-1.0722 succ=0.000 dist=0.000 loop=0.906 ent=298.752
2026-02-15 03:29:13,613 - INFO - epoch=3 step=1740 loss=-56.2316 r=-0.6848 succ=0.188 dist=0.000 loop=0.750 ent=238.127
2026-02-15 03:29:43,478 - INFO - epoch=3 step=1760 loss=-86.8547 r=-0.8992 succ=0.125 dist=0.000 loop=0.875 ent=294.527
2026-02-15 03:30:13,579 - INFO - epoch=3 step=1780 loss=-58.5917 r=-0.8005 succ=0.156 dist=0.000 loop=0.844 ent=240.825
2026-02-15 03:30:43,491 - INFO - epoch=3 step=1800 loss=-30.5367 r=-0.7609 succ=0.281 dist=0.000 loop=0.875 ent=297.984
2026-02-15 03:31:13,344 - INFO - epoch=3 step=1820 loss=-28.3668 r=-0.7173 succ=0.250 dist=0.000 loop=0.875 ent=254.409
2026-02-15 03:31:44,168 - INFO - epoch=3 step=1840 loss=-80.2054 r=-0.8912 succ=0.094 dist=0.000 loop=0.875 ent=256.311
2026-02-15 03:32:14,782 - INFO - epoch=3 step=1860 loss=-109.0996 r=-0.9621 succ=0.125 dist=0.000 loop=0.938 ent=306.297
2026-02-15 03:32:45,273 - INFO - epoch=3 step=1880 loss=-109.4867 r=-1.0260 succ=0.062 dist=0.000 loop=0.906 ent=313.416
2026-02-15 03:33:15,269 - INFO - epoch=3 step=1900 loss=-86.3846 r=-0.9214 succ=0.125 dist=0.000 loop=0.906 ent=282.590
2026-02-15 03:33:45,210 - INFO - epoch=3 step=1920 loss=-79.4598 r=-0.8197 succ=0.125 dist=0.000 loop=0.812 ent=266.111
2026-02-15 03:34:15,122 - INFO - epoch=3 step=1940 loss=-23.3920 r=-0.6525 succ=0.219 dist=0.000 loop=0.812 ent=219.814
2026-02-15 03:34:45,517 - INFO - epoch=3 step=1960 loss=-77.5130 r=-0.7771 succ=0.188 dist=0.000 loop=0.875 ent=258.683
2026-02-15 03:35:15,516 - INFO - epoch=3 step=1980 loss=-64.6996 r=-0.7937 succ=0.062 dist=0.000 loop=0.750 ent=235.071
2026-02-15 03:35:45,641 - INFO - epoch=3 step=2000 loss=-59.2852 r=-0.7577 succ=0.156 dist=0.000 loop=0.812 ent=248.315
2026-02-15 03:36:15,235 - INFO - epoch=3 step=2020 loss=-91.0199 r=-0.9177 succ=0.125 dist=0.000 loop=0.938 ent=275.939
2026-02-15 03:36:45,466 - INFO - epoch=3 step=2040 loss=-64.1201 r=-0.8136 succ=0.156 dist=0.000 loop=0.938 ent=239.780
2026-02-15 03:37:15,861 - INFO - epoch=3 step=2060 loss=-110.5005 r=-0.9875 succ=0.062 dist=0.000 loop=0.844 ent=302.663
2026-02-15 03:37:45,715 - INFO - epoch=3 step=2080 loss=-53.8448 r=-0.8036 succ=0.219 dist=0.000 loop=0.906 ent=259.437
2026-02-15 03:38:15,686 - INFO - epoch=3 step=2100 loss=-75.0589 r=-0.8903 succ=0.031 dist=0.000 loop=0.844 ent=228.959
2026-02-15 03:38:45,673 - INFO - epoch=3 step=2120 loss=-52.8524 r=-0.7737 succ=0.125 dist=0.000 loop=0.812 ent=235.609
2026-02-15 03:39:15,921 - INFO - epoch=3 step=2140 loss=-58.7561 r=-0.7987 succ=0.188 dist=0.000 loop=0.906 ent=254.628
2026-02-15 03:39:45,660 - INFO - epoch=3 step=2160 loss=-102.3682 r=-0.8881 succ=0.125 dist=0.000 loop=0.875 ent=297.455
2026-02-15 03:40:15,556 - INFO - epoch=3 step=2180 loss=-58.1555 r=-0.6615 succ=0.219 dist=0.000 loop=0.781 ent=231.154
2026-02-15 03:40:45,447 - INFO - epoch=3 step=2200 loss=-59.4270 r=-0.7501 succ=0.156 dist=0.000 loop=0.844 ent=226.859
2026-02-15 03:41:15,937 - INFO - epoch=3 step=2220 loss=-47.7283 r=-0.6576 succ=0.188 dist=0.000 loop=0.781 ent=220.696
2026-02-15 03:41:46,119 - INFO - epoch=3 step=2240 loss=-39.2679 r=-0.7276 succ=0.219 dist=0.000 loop=0.875 ent=242.865
2026-02-15 03:42:16,837 - INFO - epoch=3 step=2260 loss=-81.0617 r=-0.9079 succ=0.125 dist=0.000 loop=0.906 ent=289.867
2026-02-15 03:42:46,624 - INFO - epoch=3 step=2280 loss=-77.4514 r=-0.7921 succ=0.062 dist=0.000 loop=0.750 ent=237.090
2026-02-15 03:43:16,393 - INFO - epoch=3 step=2300 loss=-65.4982 r=-0.7592 succ=0.219 dist=0.000 loop=0.875 ent=268.111
2026-02-15 03:43:46,484 - INFO - epoch=3 step=2320 loss=-75.9358 r=-0.8054 succ=0.219 dist=0.000 loop=0.938 ent=277.480
2026-02-15 03:44:16,635 - INFO - epoch=3 step=2340 loss=-77.9196 r=-0.8603 succ=0.094 dist=0.000 loop=0.844 ent=269.649
2026-02-15 03:44:46,269 - INFO - epoch=3 step=2360 loss=-55.6328 r=-0.6962 succ=0.156 dist=0.000 loop=0.750 ent=234.305
2026-02-15 03:45:16,341 - INFO - epoch=3 step=2380 loss=-83.9867 r=-0.9693 succ=0.062 dist=0.000 loop=0.938 ent=256.793
2026-02-15 03:45:46,347 - INFO - epoch=3 step=2400 loss=-41.4003 r=-0.7520 succ=0.250 dist=0.000 loop=0.938 ent=260.730
2026-02-15 03:46:16,595 - INFO - epoch=3 step=2420 loss=-35.4690 r=-0.7140 succ=0.219 dist=0.000 loop=0.812 ent=255.024
2026-02-15 03:46:46,508 - INFO - epoch=3 step=2440 loss=-59.1221 r=-0.7297 succ=0.250 dist=0.000 loop=0.906 ent=265.546
2026-02-15 03:47:16,686 - INFO - epoch=3 step=2460 loss=-73.8716 r=-0.9088 succ=0.125 dist=0.000 loop=0.906 ent=278.535
2026-02-15 03:47:46,441 - INFO - epoch=3 step=2480 loss=-24.0071 r=-0.5593 succ=0.219 dist=0.000 loop=0.719 ent=202.656
2026-02-15 03:48:16,164 - INFO - epoch=3 step=2500 loss=-92.3492 r=-0.7835 succ=0.188 dist=0.000 loop=0.812 ent=287.280
2026-02-15 03:48:46,208 - INFO - epoch=3 step=2520 loss=-65.4448 r=-0.7045 succ=0.219 dist=0.000 loop=0.844 ent=240.672
2026-02-15 03:49:15,984 - INFO - epoch=3 step=2540 loss=-77.6315 r=-0.8184 succ=0.188 dist=0.000 loop=0.875 ent=274.556
2026-02-15 03:49:45,717 - INFO - epoch=3 step=2560 loss=-85.2710 r=-0.8112 succ=0.156 dist=0.000 loop=0.812 ent=269.079
2026-02-15 03:50:15,951 - INFO - epoch=3 step=2580 loss=-75.3975 r=-0.9042 succ=0.156 dist=0.000 loop=0.938 ent=286.274
2026-02-15 03:50:46,217 - INFO - epoch=3 step=2600 loss=-73.3019 r=-0.8253 succ=0.156 dist=0.000 loop=0.844 ent=281.873
2026-02-15 03:51:16,264 - INFO - epoch=3 step=2620 loss=-87.5915 r=-0.9079 succ=0.188 dist=0.000 loop=0.906 ent=316.120
2026-02-15 03:51:46,348 - INFO - epoch=3 step=2640 loss=-80.3957 r=-0.7860 succ=0.281 dist=0.000 loop=0.906 ent=305.076
2026-02-15 03:52:16,557 - INFO - epoch=3 step=2660 loss=-99.5512 r=-0.9028 succ=0.094 dist=0.000 loop=0.875 ent=279.972
2026-02-15 03:52:46,962 - INFO - epoch=3 step=2680 loss=-39.0069 r=-0.7551 succ=0.156 dist=0.000 loop=0.844 ent=223.626
2026-02-15 03:53:17,260 - INFO - epoch=3 step=2700 loss=-51.5172 r=-0.6718 succ=0.250 dist=0.000 loop=0.844 ent=252.801
2026-02-15 03:53:47,492 - INFO - epoch=3 step=2720 loss=-39.0207 r=-0.7917 succ=0.219 dist=0.000 loop=0.906 ent=258.250
2026-02-15 03:54:17,996 - INFO - epoch=3 step=2740 loss=-42.2721 r=-0.7807 succ=0.250 dist=0.000 loop=0.938 ent=259.423
2026-02-15 03:54:47,897 - INFO - epoch=3 step=2760 loss=-59.1476 r=-0.8146 succ=0.188 dist=0.000 loop=0.906 ent=263.471
2026-02-15 03:55:17,626 - INFO - epoch=3 step=2780 loss=-60.3703 r=-0.6777 succ=0.125 dist=0.000 loop=0.750 ent=216.109
2026-02-15 03:55:47,264 - INFO - epoch=3 step=2800 loss=-86.4484 r=-0.8353 succ=0.188 dist=0.000 loop=0.875 ent=288.743
2026-02-15 03:56:17,742 - INFO - epoch=3 step=2820 loss=-83.6090 r=-0.7912 succ=0.156 dist=0.000 loop=0.844 ent=255.145
2026-02-15 03:56:48,374 - INFO - epoch=3 step=2840 loss=-93.3850 r=-0.9353 succ=0.094 dist=0.000 loop=0.938 ent=274.865
2026-02-15 03:57:19,161 - INFO - epoch=3 step=2860 loss=-69.7811 r=-0.7800 succ=0.156 dist=0.000 loop=0.844 ent=257.129
2026-02-15 03:57:49,097 - INFO - epoch=3 step=2880 loss=-59.7159 r=-0.6633 succ=0.219 dist=0.000 loop=0.750 ent=233.730
2026-02-15 03:58:19,148 - INFO - epoch=3 step=2900 loss=-41.0077 r=-0.7664 succ=0.219 dist=0.000 loop=0.875 ent=272.290
2026-02-15 03:58:48,926 - INFO - epoch=3 step=2920 loss=-88.6800 r=-0.9261 succ=0.062 dist=0.000 loop=0.844 ent=263.982
2026-02-15 03:59:19,131 - INFO - epoch=3 step=2940 loss=-82.4501 r=-0.8410 succ=0.188 dist=0.000 loop=0.875 ent=284.187
2026-02-15 03:59:49,008 - INFO - epoch=3 step=2960 loss=-95.9739 r=-0.9689 succ=0.062 dist=0.000 loop=0.906 ent=275.860
2026-02-15 04:00:18,764 - INFO - epoch=3 step=2980 loss=-77.8183 r=-0.7621 succ=0.156 dist=0.000 loop=0.781 ent=262.237
2026-02-15 04:00:48,906 - INFO - epoch=3 step=3000 loss=-58.8645 r=-0.6821 succ=0.188 dist=0.000 loop=0.781 ent=233.704
2026-02-15 04:01:18,706 - INFO - epoch=3 step=3020 loss=-12.5561 r=-0.5967 succ=0.281 dist=0.000 loop=0.844 ent=214.659
2026-02-15 04:01:49,139 - INFO - epoch=3 step=3040 loss=-112.9654 r=-1.0120 succ=0.094 dist=0.000 loop=0.906 ent=325.990
2026-02-15 04:02:18,955 - INFO - epoch=3 step=3060 loss=-79.2770 r=-0.7590 succ=0.156 dist=0.000 loop=0.812 ent=249.372
2026-02-15 04:02:48,956 - INFO - epoch=3 step=3080 loss=-95.9068 r=-0.9715 succ=0.094 dist=0.000 loop=0.938 ent=302.976
2026-02-15 04:03:19,129 - INFO - epoch=3 step=3100 loss=-19.8556 r=-0.5207 succ=0.281 dist=0.000 loop=0.719 ent=214.389
2026-02-15 04:03:49,579 - INFO - epoch=3 step=3120 loss=-53.9314 r=-0.7090 succ=0.125 dist=0.000 loop=0.719 ent=220.993
2026-02-15 04:04:19,958 - INFO - epoch=3 step=3140 loss=-79.4857 r=-0.7886 succ=0.188 dist=0.000 loop=0.844 ent=280.785
2026-02-15 04:04:50,084 - INFO - epoch=3 step=3160 loss=-65.6662 r=-0.7399 succ=0.219 dist=0.000 loop=0.781 ent=279.175
2026-02-15 04:05:20,208 - INFO - epoch=3 step=3180 loss=-70.6438 r=-0.7523 succ=0.156 dist=0.000 loop=0.812 ent=244.245
2026-02-15 04:05:50,887 - INFO - epoch=3 step=3200 loss=-61.0755 r=-0.7940 succ=0.250 dist=0.000 loop=0.969 ent=278.777
2026-02-15 04:06:21,224 - INFO - epoch=3 step=3220 loss=-78.4705 r=-0.7729 succ=0.219 dist=0.000 loop=0.844 ent=270.145
2026-02-15 04:06:51,050 - INFO - epoch=3 step=3240 loss=-51.5259 r=-0.7410 succ=0.188 dist=0.000 loop=0.812 ent=254.413
2026-02-15 04:07:20,853 - INFO - epoch=3 step=3260 loss=-86.3277 r=-0.8951 succ=0.156 dist=0.000 loop=0.906 ent=283.237
2026-02-15 04:07:50,798 - INFO - epoch=3 step=3280 loss=-65.4474 r=-0.8032 succ=0.156 dist=0.000 loop=0.875 ent=236.543
2026-02-15 04:08:21,081 - INFO - epoch=3 step=3300 loss=-85.3320 r=-0.7427 succ=0.219 dist=0.000 loop=0.812 ent=267.648
2026-02-15 04:08:50,737 - INFO - epoch=3 step=3320 loss=-66.5483 r=-0.6721 succ=0.250 dist=0.000 loop=0.812 ent=266.333
2026-02-15 04:09:20,789 - INFO - epoch=3 step=3340 loss=-73.7183 r=-0.7612 succ=0.188 dist=0.000 loop=0.844 ent=246.313
2026-02-15 04:09:51,065 - INFO - epoch=3 step=3360 loss=-64.3973 r=-0.7448 succ=0.219 dist=0.000 loop=0.812 ent=259.813
2026-02-15 04:16:44,185 - INFO - epoch=3 train(loss=-73.5538, r=-0.8264, succ=0.160) val(loss=-77.7816, r=-0.8182, succ=0.157)
2026-02-15 04:17:14,182 - INFO - epoch=4 step=20 loss=-63.3523 r=-0.8110 succ=0.125 dist=0.000 loop=0.844 ent=247.311
2026-02-15 04:17:44,057 - INFO - epoch=4 step=40 loss=-52.2968 r=-0.7196 succ=0.250 dist=0.000 loop=0.875 ent=267.238
2026-02-15 04:18:13,813 - INFO - epoch=4 step=60 loss=-70.1455 r=-0.8500 succ=0.156 dist=0.000 loop=0.938 ent=251.993
2026-02-15 04:18:43,843 - INFO - epoch=4 step=80 loss=-83.2735 r=-0.9031 succ=0.125 dist=0.000 loop=0.906 ent=273.687
2026-02-15 04:19:13,414 - INFO - epoch=4 step=100 loss=-75.5200 r=-0.7897 succ=0.188 dist=0.000 loop=0.812 ent=281.934
2026-02-15 04:19:42,895 - INFO - epoch=4 step=120 loss=-57.6939 r=-0.7454 succ=0.156 dist=0.000 loop=0.781 ent=256.754
2026-02-15 04:20:12,786 - INFO - epoch=4 step=140 loss=-71.2626 r=-0.7423 succ=0.125 dist=0.000 loop=0.750 ent=230.638
2026-02-15 04:20:42,780 - INFO - epoch=4 step=160 loss=-76.7870 r=-0.8706 succ=0.094 dist=0.000 loop=0.875 ent=252.707
2026-02-15 04:21:12,857 - INFO - epoch=4 step=180 loss=-67.2047 r=-0.7473 succ=0.125 dist=0.000 loop=0.781 ent=231.365
2026-02-15 04:21:42,796 - INFO - epoch=4 step=200 loss=-92.8319 r=-1.0029 succ=0.125 dist=0.000 loop=0.969 ent=311.842
2026-02-15 04:22:12,932 - INFO - epoch=4 step=220 loss=-96.0849 r=-1.0070 succ=0.062 dist=0.000 loop=0.938 ent=291.413
2026-02-15 04:22:43,029 - INFO - epoch=4 step=240 loss=-73.2786 r=-0.7428 succ=0.219 dist=0.000 loop=0.844 ent=271.435
2026-02-15 04:23:12,853 - INFO - epoch=4 step=260 loss=-89.0161 r=-0.9345 succ=0.062 dist=0.000 loop=0.875 ent=278.091
2026-02-15 04:23:42,485 - INFO - epoch=4 step=280 loss=-82.7186 r=-0.9678 succ=0.094 dist=0.000 loop=0.906 ent=283.705
2026-02-15 04:24:12,523 - INFO - epoch=4 step=300 loss=-112.1161 r=-0.9251 succ=0.156 dist=0.000 loop=0.938 ent=299.378
2026-02-15 04:24:42,338 - INFO - epoch=4 step=320 loss=-67.8429 r=-0.7579 succ=0.188 dist=0.000 loop=0.844 ent=251.320
2026-02-15 04:25:12,075 - INFO - epoch=4 step=340 loss=-50.1062 r=-0.5782 succ=0.250 dist=0.000 loop=0.750 ent=227.775
2026-02-15 04:25:41,945 - INFO - epoch=4 step=360 loss=-96.5551 r=-0.9495 succ=0.062 dist=0.000 loop=0.906 ent=275.919
2026-02-15 04:26:12,242 - INFO - epoch=4 step=380 loss=-78.8355 r=-0.9099 succ=0.156 dist=0.000 loop=0.938 ent=292.638
2026-02-15 04:26:42,395 - INFO - epoch=4 step=400 loss=-94.0889 r=-0.9572 succ=0.094 dist=0.000 loop=0.938 ent=276.174
2026-02-15 04:27:11,807 - INFO - epoch=4 step=420 loss=-108.0812 r=-0.8426 succ=0.156 dist=0.000 loop=0.844 ent=295.615
2026-02-15 04:27:41,334 - INFO - epoch=4 step=440 loss=-103.7630 r=-0.9917 succ=0.094 dist=0.000 loop=0.938 ent=311.309
2026-02-15 04:28:10,989 - INFO - epoch=4 step=460 loss=-56.8310 r=-0.7798 succ=0.188 dist=0.000 loop=0.844 ent=253.448
2026-02-15 04:28:40,732 - INFO - epoch=4 step=480 loss=-89.4337 r=-0.9523 succ=0.125 dist=0.000 loop=0.938 ent=293.691
2026-02-15 04:29:11,089 - INFO - epoch=4 step=500 loss=-72.7403 r=-0.8134 succ=0.125 dist=0.000 loop=0.812 ent=275.438
2026-02-15 04:29:40,937 - INFO - epoch=4 step=520 loss=-90.7805 r=-0.9121 succ=0.094 dist=0.000 loop=0.875 ent=281.785
2026-02-15 04:30:10,534 - INFO - epoch=4 step=540 loss=-70.5800 r=-0.9287 succ=0.094 dist=0.000 loop=0.938 ent=264.342
2026-02-15 04:30:40,067 - INFO - epoch=4 step=560 loss=-51.8685 r=-0.7009 succ=0.156 dist=0.000 loop=0.750 ent=236.612
2026-02-15 04:31:09,769 - INFO - epoch=4 step=580 loss=-99.6420 r=-0.8921 succ=0.156 dist=0.000 loop=0.906 ent=306.463
2026-02-15 04:31:39,581 - INFO - epoch=4 step=600 loss=-65.0547 r=-0.7512 succ=0.188 dist=0.000 loop=0.875 ent=247.468
2026-02-15 04:32:09,847 - INFO - epoch=4 step=620 loss=-76.2384 r=-0.8633 succ=0.094 dist=0.000 loop=0.844 ent=249.253
2026-02-15 04:32:40,127 - INFO - epoch=4 step=640 loss=-159.3056 r=-1.1442 succ=0.031 dist=0.000 loop=0.938 ent=354.206
2026-02-15 04:33:10,742 - INFO - epoch=4 step=660 loss=-75.0167 r=-0.7972 succ=0.156 dist=0.000 loop=0.812 ent=267.315
2026-02-15 04:33:41,204 - INFO - epoch=4 step=680 loss=-81.3049 r=-0.8718 succ=0.094 dist=0.000 loop=0.812 ent=275.234
2026-02-15 04:34:11,305 - INFO - epoch=4 step=700 loss=-81.7648 r=-0.8234 succ=0.094 dist=0.000 loop=0.812 ent=238.513
2026-02-15 04:34:41,379 - INFO - epoch=4 step=720 loss=-30.5614 r=-0.5617 succ=0.250 dist=0.000 loop=0.750 ent=216.654
2026-02-15 04:35:11,089 - INFO - epoch=4 step=740 loss=-100.3888 r=-0.8340 succ=0.156 dist=0.000 loop=0.844 ent=274.074
2026-02-15 04:35:40,813 - INFO - epoch=4 step=760 loss=-90.7867 r=-0.9764 succ=0.125 dist=0.000 loop=0.938 ent=288.927
2026-02-15 04:36:10,955 - INFO - epoch=4 step=780 loss=-65.9244 r=-0.9350 succ=0.125 dist=0.000 loop=0.938 ent=298.111
2026-02-15 04:36:40,834 - INFO - epoch=4 step=800 loss=-77.1831 r=-0.6328 succ=0.219 dist=0.000 loop=0.750 ent=220.419
2026-02-15 04:37:10,459 - INFO - epoch=4 step=820 loss=-32.1019 r=-0.6509 succ=0.344 dist=0.000 loop=0.906 ent=257.304
2026-02-15 04:37:40,141 - INFO - epoch=4 step=840 loss=-92.9052 r=-0.9267 succ=0.125 dist=0.000 loop=0.906 ent=291.123
2026-02-15 04:38:09,400 - INFO - epoch=4 step=860 loss=-89.0007 r=-0.8786 succ=0.156 dist=0.000 loop=0.844 ent=297.867
2026-02-15 04:38:38,657 - INFO - epoch=4 step=880 loss=-109.4868 r=-0.8389 succ=0.125 dist=0.000 loop=0.781 ent=289.591
2026-02-15 04:39:08,587 - INFO - epoch=4 step=900 loss=-108.6012 r=-1.0203 succ=0.031 dist=0.000 loop=0.906 ent=280.444
2026-02-15 04:39:38,270 - INFO - epoch=4 step=920 loss=-81.6258 r=-0.7881 succ=0.250 dist=0.000 loop=0.906 ent=291.241
2026-02-15 04:40:08,191 - INFO - epoch=4 step=940 loss=-85.5018 r=-0.8236 succ=0.125 dist=0.000 loop=0.844 ent=242.651
2026-02-15 04:40:38,655 - INFO - epoch=4 step=960 loss=-103.0588 r=-0.9387 succ=0.125 dist=0.000 loop=0.906 ent=287.796
2026-02-15 04:41:08,612 - INFO - epoch=4 step=980 loss=-97.1415 r=-0.9640 succ=0.094 dist=0.000 loop=0.875 ent=309.291
2026-02-15 04:41:38,577 - INFO - epoch=4 step=1000 loss=-103.0288 r=-0.9757 succ=0.125 dist=0.000 loop=0.938 ent=301.788
2026-02-15 04:42:08,977 - INFO - epoch=4 step=1020 loss=-84.5427 r=-0.8903 succ=0.125 dist=0.000 loop=0.906 ent=287.091
2026-02-15 04:42:39,006 - INFO - epoch=4 step=1040 loss=-62.2584 r=-0.7704 succ=0.188 dist=0.000 loop=0.844 ent=276.555
2026-02-15 04:43:08,946 - INFO - epoch=4 step=1060 loss=-76.1564 r=-0.9028 succ=0.125 dist=0.000 loop=0.938 ent=274.707
2026-02-15 04:43:38,854 - INFO - epoch=4 step=1080 loss=-118.7252 r=-0.9993 succ=0.125 dist=0.000 loop=0.938 ent=322.534
2026-02-15 04:44:09,348 - INFO - epoch=4 step=1100 loss=-105.4184 r=-0.9326 succ=0.125 dist=0.000 loop=0.875 ent=300.811
2026-02-15 04:44:39,605 - INFO - epoch=4 step=1120 loss=-63.9485 r=-0.7929 succ=0.188 dist=0.000 loop=0.906 ent=263.643
2026-02-15 04:45:09,879 - INFO - epoch=4 step=1140 loss=-60.9672 r=-0.8417 succ=0.125 dist=0.000 loop=0.875 ent=239.965
2026-02-15 04:45:39,648 - INFO - epoch=4 step=1160 loss=-74.1589 r=-0.9079 succ=0.156 dist=0.000 loop=0.938 ent=295.142
2026-02-15 04:46:09,364 - INFO - epoch=4 step=1180 loss=-97.0206 r=-0.8668 succ=0.125 dist=0.000 loop=0.875 ent=263.845
2026-02-15 04:46:38,992 - INFO - epoch=4 step=1200 loss=-49.3046 r=-0.7282 succ=0.188 dist=0.000 loop=0.844 ent=238.161
2026-02-15 04:47:08,845 - INFO - epoch=4 step=1220 loss=-97.1327 r=-0.9087 succ=0.156 dist=0.000 loop=0.938 ent=295.710
2026-02-15 04:47:38,944 - INFO - epoch=4 step=1240 loss=-44.9039 r=-0.7485 succ=0.219 dist=0.000 loop=0.844 ent=268.453
2026-02-15 04:48:08,860 - INFO - epoch=4 step=1260 loss=-59.1836 r=-0.7461 succ=0.281 dist=0.000 loop=0.906 ent=285.366
2026-02-15 04:48:38,474 - INFO - epoch=4 step=1280 loss=-93.6939 r=-0.8575 succ=0.125 dist=0.000 loop=0.906 ent=263.415
2026-02-15 04:49:08,438 - INFO - epoch=4 step=1300 loss=-90.4642 r=-0.9295 succ=0.156 dist=0.000 loop=0.938 ent=295.076
2026-02-15 04:49:38,366 - INFO - epoch=4 step=1320 loss=-66.2785 r=-0.7506 succ=0.219 dist=0.000 loop=0.844 ent=274.587
2026-02-15 04:50:08,430 - INFO - epoch=4 step=1340 loss=-58.7339 r=-0.7021 succ=0.250 dist=0.000 loop=0.844 ent=274.516
2026-02-15 04:50:38,285 - INFO - epoch=4 step=1360 loss=-84.1903 r=-0.9167 succ=0.125 dist=0.000 loop=0.875 ent=305.643
2026-02-15 04:51:08,238 - INFO - epoch=4 step=1380 loss=-85.2711 r=-0.7978 succ=0.125 dist=0.000 loop=0.812 ent=255.432
2026-02-15 04:51:38,102 - INFO - epoch=4 step=1400 loss=-102.0326 r=-0.8453 succ=0.125 dist=0.000 loop=0.844 ent=269.766
2026-02-15 04:52:08,174 - INFO - epoch=4 step=1420 loss=-60.0322 r=-0.6945 succ=0.219 dist=0.000 loop=0.781 ent=259.880
2026-02-15 04:52:38,231 - INFO - epoch=4 step=1440 loss=-127.0345 r=-1.0526 succ=0.094 dist=0.000 loop=1.000 ent=326.305
2026-02-15 04:53:08,338 - INFO - epoch=4 step=1460 loss=-69.8835 r=-0.7817 succ=0.250 dist=0.000 loop=0.875 ent=294.082
2026-02-15 04:53:38,488 - INFO - epoch=4 step=1480 loss=-114.3655 r=-1.0795 succ=0.000 dist=0.000 loop=0.938 ent=298.743
2026-02-15 04:54:08,350 - INFO - epoch=4 step=1500 loss=-63.4621 r=-0.6326 succ=0.219 dist=0.000 loop=0.719 ent=239.258
2026-02-15 04:54:38,482 - INFO - epoch=4 step=1520 loss=-89.8232 r=-0.8153 succ=0.094 dist=0.000 loop=0.750 ent=268.976
2026-02-15 04:55:08,189 - INFO - epoch=4 step=1540 loss=-53.2046 r=-0.7631 succ=0.125 dist=0.000 loop=0.750 ent=223.985
2026-02-15 04:55:38,051 - INFO - epoch=4 step=1560 loss=-58.0858 r=-0.7572 succ=0.156 dist=0.000 loop=0.812 ent=243.085
2026-02-15 04:56:08,408 - INFO - epoch=4 step=1580 loss=-74.2347 r=-0.8454 succ=0.156 dist=0.000 loop=0.906 ent=264.340
2026-02-15 04:56:38,522 - INFO - epoch=4 step=1600 loss=-81.8687 r=-0.8604 succ=0.125 dist=0.000 loop=0.875 ent=265.498
2026-02-15 04:57:08,244 - INFO - epoch=4 step=1620 loss=-67.3611 r=-0.7277 succ=0.250 dist=0.000 loop=0.875 ent=271.198
2026-02-15 04:57:38,019 - INFO - epoch=4 step=1640 loss=-107.0553 r=-1.0256 succ=0.031 dist=0.000 loop=0.938 ent=273.781
2026-02-15 04:58:07,746 - INFO - epoch=4 step=1660 loss=-111.2682 r=-0.9961 succ=0.062 dist=0.000 loop=0.906 ent=316.275
2026-02-15 04:58:37,066 - INFO - epoch=4 step=1680 loss=-122.7756 r=-0.9937 succ=0.094 dist=0.000 loop=0.875 ent=324.572
2026-02-15 04:59:06,223 - INFO - epoch=4 step=1700 loss=-108.9014 r=-0.8954 succ=0.094 dist=0.000 loop=0.844 ent=288.489
2026-02-15 04:59:35,618 - INFO - epoch=4 step=1720 loss=-88.2920 r=-0.9031 succ=0.094 dist=0.000 loop=0.906 ent=257.918
2026-02-15 05:00:05,322 - INFO - epoch=4 step=1740 loss=-81.1155 r=-0.8092 succ=0.125 dist=0.000 loop=0.812 ent=249.425
2026-02-15 05:00:34,612 - INFO - epoch=4 step=1760 loss=-66.9953 r=-0.7092 succ=0.125 dist=0.000 loop=0.781 ent=218.763
2026-02-15 05:01:04,277 - INFO - epoch=4 step=1780 loss=-74.4899 r=-0.7880 succ=0.250 dist=0.000 loop=0.906 ent=283.149
2026-02-15 05:01:35,020 - INFO - epoch=4 step=1800 loss=-75.7081 r=-0.8382 succ=0.156 dist=0.000 loop=0.875 ent=274.492
2026-02-15 05:02:04,741 - INFO - epoch=4 step=1820 loss=-49.2204 r=-0.6355 succ=0.281 dist=0.000 loop=0.844 ent=261.026
2026-02-15 05:02:34,210 - INFO - epoch=4 step=1840 loss=-91.3128 r=-0.7928 succ=0.188 dist=0.000 loop=0.812 ent=286.275
2026-02-15 05:03:03,664 - INFO - epoch=4 step=1860 loss=-93.6026 r=-0.8482 succ=0.125 dist=0.000 loop=0.812 ent=277.355
2026-02-15 05:03:33,103 - INFO - epoch=4 step=1880 loss=-60.3082 r=-0.7332 succ=0.219 dist=0.000 loop=0.844 ent=266.141
2026-02-15 05:04:02,785 - INFO - epoch=4 step=1900 loss=-110.2736 r=-0.9026 succ=0.062 dist=0.000 loop=0.750 ent=294.636
2026-02-15 05:04:32,390 - INFO - epoch=4 step=1920 loss=-100.8714 r=-0.9058 succ=0.094 dist=0.000 loop=0.875 ent=271.374
2026-02-15 05:05:02,454 - INFO - epoch=4 step=1940 loss=-72.3820 r=-0.6706 succ=0.250 dist=0.000 loop=0.750 ent=269.937
2026-02-15 05:05:32,079 - INFO - epoch=4 step=1960 loss=-76.8800 r=-0.8523 succ=0.156 dist=0.000 loop=0.906 ent=272.308
2026-02-15 05:06:01,411 - INFO - epoch=4 step=1980 loss=-37.5137 r=-0.7056 succ=0.219 dist=0.000 loop=0.875 ent=244.599
2026-02-15 05:06:31,425 - INFO - epoch=4 step=2000 loss=-104.2507 r=-0.8903 succ=0.094 dist=0.000 loop=0.844 ent=293.898
2026-02-15 05:07:01,178 - INFO - epoch=4 step=2020 loss=-107.0431 r=-0.9059 succ=0.125 dist=0.000 loop=0.875 ent=278.368
2026-02-15 05:07:31,066 - INFO - epoch=4 step=2040 loss=-66.0281 r=-0.7403 succ=0.219 dist=0.000 loop=0.844 ent=270.805
2026-02-15 05:08:00,793 - INFO - epoch=4 step=2060 loss=-115.3218 r=-0.9781 succ=0.062 dist=0.000 loop=0.906 ent=292.924
2026-02-15 05:08:30,529 - INFO - epoch=4 step=2080 loss=-39.1412 r=-0.6411 succ=0.250 dist=0.000 loop=0.844 ent=218.325
2026-02-15 05:09:00,568 - INFO - epoch=4 step=2100 loss=-9.9344 r=-0.4213 succ=0.344 dist=0.000 loop=0.750 ent=194.719
2026-02-15 05:09:30,244 - INFO - epoch=4 step=2120 loss=-60.5000 r=-0.7165 succ=0.219 dist=0.000 loop=0.875 ent=236.398
2026-02-15 05:10:00,040 - INFO - epoch=4 step=2140 loss=-104.8373 r=-0.8726 succ=0.062 dist=0.000 loop=0.781 ent=286.166
2026-02-15 05:10:29,582 - INFO - epoch=4 step=2160 loss=-79.2239 r=-0.7509 succ=0.156 dist=0.000 loop=0.750 ent=273.293
2026-02-15 05:10:58,940 - INFO - epoch=4 step=2180 loss=-80.3867 r=-0.8205 succ=0.125 dist=0.000 loop=0.844 ent=254.840
2026-02-15 05:11:28,354 - INFO - epoch=4 step=2200 loss=-102.3553 r=-0.8900 succ=0.125 dist=0.000 loop=0.875 ent=277.979
2026-02-15 05:11:57,969 - INFO - epoch=4 step=2220 loss=-81.4077 r=-0.8678 succ=0.156 dist=0.000 loop=0.875 ent=277.433
2026-02-15 05:12:27,401 - INFO - epoch=4 step=2240 loss=-82.1367 r=-0.7506 succ=0.156 dist=0.000 loop=0.812 ent=242.778
2026-02-15 05:12:57,163 - INFO - epoch=4 step=2260 loss=-41.1456 r=-0.6782 succ=0.250 dist=0.000 loop=0.844 ent=247.173
2026-02-15 05:13:27,024 - INFO - epoch=4 step=2280 loss=-87.4053 r=-0.9299 succ=0.094 dist=0.000 loop=0.875 ent=280.892
2026-02-15 05:13:56,439 - INFO - epoch=4 step=2300 loss=-82.9900 r=-0.8282 succ=0.125 dist=0.000 loop=0.875 ent=253.088
2026-02-15 05:14:25,898 - INFO - epoch=4 step=2320 loss=-102.1180 r=-0.9342 succ=0.094 dist=0.000 loop=0.875 ent=277.159
2026-02-15 05:14:54,972 - INFO - epoch=4 step=2340 loss=-63.7805 r=-0.8131 succ=0.156 dist=0.000 loop=0.844 ent=250.431
2026-02-15 05:15:24,327 - INFO - epoch=4 step=2360 loss=-78.8130 r=-0.9455 succ=0.156 dist=0.000 loop=0.938 ent=298.756
2026-02-15 05:15:53,527 - INFO - epoch=4 step=2380 loss=-120.7100 r=-1.0187 succ=0.094 dist=0.000 loop=0.969 ent=312.284
2026-02-15 05:16:22,401 - INFO - epoch=4 step=2400 loss=-100.3332 r=-0.9176 succ=0.125 dist=0.000 loop=0.906 ent=297.739
2026-02-15 05:16:51,440 - INFO - epoch=4 step=2420 loss=-103.8984 r=-0.9322 succ=0.125 dist=0.000 loop=0.938 ent=284.323
2026-02-15 05:17:20,290 - INFO - epoch=4 step=2440 loss=-60.7686 r=-0.6293 succ=0.188 dist=0.000 loop=0.688 ent=233.442
2026-02-15 05:17:49,445 - INFO - epoch=4 step=2460 loss=-54.4421 r=-0.6335 succ=0.250 dist=0.000 loop=0.750 ent=243.364
2026-02-15 05:18:18,953 - INFO - epoch=4 step=2480 loss=-84.6684 r=-0.7706 succ=0.219 dist=0.000 loop=0.844 ent=268.616
2026-02-15 05:18:48,256 - INFO - epoch=4 step=2500 loss=-70.7495 r=-0.8307 succ=0.219 dist=0.000 loop=0.969 ent=274.577
2026-02-15 05:19:18,026 - INFO - epoch=4 step=2520 loss=-44.7922 r=-0.6475 succ=0.188 dist=0.000 loop=0.750 ent=221.304
2026-02-15 05:19:47,635 - INFO - epoch=4 step=2540 loss=-63.1120 r=-0.7023 succ=0.156 dist=0.000 loop=0.719 ent=236.003
2026-02-15 05:20:17,209 - INFO - epoch=4 step=2560 loss=-62.0335 r=-0.7145 succ=0.250 dist=0.000 loop=0.875 ent=266.929
2026-02-15 05:20:46,981 - INFO - epoch=4 step=2580 loss=-82.4681 r=-0.8652 succ=0.188 dist=0.000 loop=0.938 ent=269.308
2026-02-15 05:21:16,760 - INFO - epoch=4 step=2600 loss=-124.5041 r=-1.0289 succ=0.094 dist=0.000 loop=0.938 ent=298.856
2026-02-15 05:21:46,332 - INFO - epoch=4 step=2620 loss=-91.4292 r=-0.8591 succ=0.219 dist=0.000 loop=0.938 ent=309.223
2026-02-15 05:22:15,404 - INFO - epoch=4 step=2640 loss=-49.9690 r=-0.6470 succ=0.125 dist=0.000 loop=0.750 ent=200.164
2026-02-15 05:22:44,654 - INFO - epoch=4 step=2660 loss=-64.8848 r=-0.6854 succ=0.156 dist=0.000 loop=0.781 ent=210.434
2026-02-15 05:23:14,160 - INFO - epoch=4 step=2680 loss=-59.3592 r=-0.5923 succ=0.250 dist=0.000 loop=0.781 ent=219.685
2026-02-15 05:23:43,082 - INFO - epoch=4 step=2700 loss=-57.3265 r=-0.6826 succ=0.250 dist=0.000 loop=0.875 ent=252.313
2026-02-15 05:24:12,461 - INFO - epoch=4 step=2720 loss=-52.6084 r=-0.6729 succ=0.281 dist=0.000 loop=0.844 ent=262.068
2026-02-15 05:24:41,568 - INFO - epoch=4 step=2740 loss=-45.6196 r=-0.5735 succ=0.250 dist=0.000 loop=0.750 ent=211.919
2026-02-15 05:25:10,614 - INFO - epoch=4 step=2760 loss=-42.9609 r=-0.7258 succ=0.250 dist=0.000 loop=0.906 ent=257.548
2026-02-15 05:25:39,793 - INFO - epoch=4 step=2780 loss=-43.0410 r=-0.6257 succ=0.344 dist=0.000 loop=0.844 ent=251.520
2026-02-15 05:26:08,734 - INFO - epoch=4 step=2800 loss=-65.4609 r=-0.6889 succ=0.250 dist=0.000 loop=0.844 ent=241.598
2026-02-15 05:26:37,956 - INFO - epoch=4 step=2820 loss=-71.6376 r=-0.7260 succ=0.219 dist=0.000 loop=0.875 ent=241.167
2026-02-15 05:27:07,390 - INFO - epoch=4 step=2840 loss=-80.1894 r=-0.7010 succ=0.188 dist=0.000 loop=0.812 ent=230.120
2026-02-15 05:27:36,863 - INFO - epoch=4 step=2860 loss=-67.3124 r=-0.5967 succ=0.281 dist=0.000 loop=0.781 ent=212.870
2026-02-15 05:28:06,338 - INFO - epoch=4 step=2880 loss=-70.3904 r=-0.7027 succ=0.188 dist=0.000 loop=0.781 ent=224.689
2026-02-15 05:28:35,822 - INFO - epoch=4 step=2900 loss=-81.1500 r=-0.8501 succ=0.156 dist=0.000 loop=0.875 ent=252.399
2026-02-15 05:29:05,518 - INFO - epoch=4 step=2920 loss=-77.8299 r=-0.7800 succ=0.125 dist=0.000 loop=0.812 ent=230.868
2026-02-15 05:29:34,093 - INFO - epoch=4 step=2940 loss=-70.3820 r=-0.7965 succ=0.156 dist=0.000 loop=0.875 ent=242.123
2026-02-15 05:30:03,988 - INFO - epoch=4 step=2960 loss=-61.9035 r=-0.7587 succ=0.281 dist=0.000 loop=0.906 ent=293.052
2026-02-15 05:30:33,203 - INFO - epoch=4 step=2980 loss=-37.9727 r=-0.5506 succ=0.281 dist=0.000 loop=0.750 ent=205.992
2026-02-15 05:31:02,674 - INFO - epoch=4 step=3000 loss=-100.2268 r=-0.7979 succ=0.188 dist=0.000 loop=0.844 ent=269.911
2026-02-15 05:31:32,458 - INFO - epoch=4 step=3020 loss=-77.6373 r=-0.7212 succ=0.188 dist=0.000 loop=0.812 ent=240.072
2026-02-15 05:32:02,122 - INFO - epoch=4 step=3040 loss=-78.0325 r=-0.8638 succ=0.125 dist=0.000 loop=0.875 ent=244.251
2026-02-15 05:32:31,981 - INFO - epoch=4 step=3060 loss=-103.6343 r=-0.8859 succ=0.062 dist=0.000 loop=0.844 ent=268.815
2026-02-15 05:33:01,169 - INFO - epoch=4 step=3080 loss=-43.3386 r=-0.6979 succ=0.188 dist=0.000 loop=0.812 ent=228.382
2026-02-15 05:33:30,361 - INFO - epoch=4 step=3100 loss=-50.9802 r=-0.7945 succ=0.125 dist=0.000 loop=0.906 ent=221.043
2026-02-15 05:33:59,501 - INFO - epoch=4 step=3120 loss=-38.7827 r=-0.6507 succ=0.156 dist=0.000 loop=0.750 ent=200.358
2026-02-15 05:34:28,680 - INFO - epoch=4 step=3140 loss=-37.6249 r=-0.7816 succ=0.188 dist=0.000 loop=0.969 ent=255.062
2026-02-15 05:34:58,247 - INFO - epoch=4 step=3160 loss=-68.7707 r=-0.7259 succ=0.156 dist=0.000 loop=0.781 ent=234.617
2026-02-15 05:35:27,368 - INFO - epoch=4 step=3180 loss=-53.5876 r=-0.7062 succ=0.156 dist=0.000 loop=0.844 ent=207.869
2026-02-15 05:35:56,697 - INFO - epoch=4 step=3200 loss=-106.8040 r=-0.9421 succ=0.062 dist=0.000 loop=0.875 ent=269.410
2026-02-15 05:36:25,825 - INFO - epoch=4 step=3220 loss=-51.7848 r=-0.5886 succ=0.250 dist=0.000 loop=0.750 ent=239.803
2026-02-15 05:36:55,551 - INFO - epoch=4 step=3240 loss=-83.5859 r=-0.7501 succ=0.062 dist=0.000 loop=0.750 ent=215.416
2026-02-15 05:37:25,144 - INFO - epoch=4 step=3260 loss=-38.0578 r=-0.5434 succ=0.281 dist=0.000 loop=0.750 ent=222.285
2026-02-15 05:37:54,824 - INFO - epoch=4 step=3280 loss=-88.8839 r=-0.7965 succ=0.156 dist=0.000 loop=0.781 ent=268.476
2026-02-15 05:38:24,510 - INFO - epoch=4 step=3300 loss=-72.0040 r=-0.8114 succ=0.188 dist=0.000 loop=0.938 ent=266.159
2026-02-15 05:38:54,592 - INFO - epoch=4 step=3320 loss=-77.5113 r=-0.8440 succ=0.156 dist=0.000 loop=0.875 ent=270.456
2026-02-15 05:39:24,803 - INFO - epoch=4 step=3340 loss=-71.0438 r=-0.7514 succ=0.219 dist=0.000 loop=0.906 ent=239.623
2026-02-15 05:39:54,571 - INFO - epoch=4 step=3360 loss=-36.7662 r=-0.5656 succ=0.312 dist=0.000 loop=0.812 ent=230.571
2026-02-15 05:46:39,175 - INFO - epoch=4 train(loss=-75.6938, r=-0.8087, succ=0.159) val(loss=-77.6904, r=-0.7829, succ=0.161)
2026-02-15 05:47:09,565 - INFO - epoch=5 step=20 loss=-89.3612 r=-0.8165 succ=0.188 dist=0.000 loop=0.875 ent=297.153
2026-02-15 05:47:39,616 - INFO - epoch=5 step=40 loss=-62.5839 r=-0.8490 succ=0.156 dist=0.000 loop=0.906 ent=250.049
2026-02-15 05:48:09,338 - INFO - epoch=5 step=60 loss=-74.9767 r=-0.8239 succ=0.156 dist=0.000 loop=0.875 ent=266.042
2026-02-15 05:48:39,082 - INFO - epoch=5 step=80 loss=-75.2714 r=-0.7820 succ=0.125 dist=0.000 loop=0.812 ent=249.199
2026-02-15 05:49:09,118 - INFO - epoch=5 step=100 loss=-41.9494 r=-0.6338 succ=0.250 dist=0.000 loop=0.875 ent=210.522
2026-02-15 05:49:38,966 - INFO - epoch=5 step=120 loss=-63.6390 r=-0.7820 succ=0.125 dist=0.000 loop=0.812 ent=244.435
2026-02-15 05:50:08,908 - INFO - epoch=5 step=140 loss=-98.9442 r=-0.8489 succ=0.062 dist=0.000 loop=0.812 ent=251.905
2026-02-15 05:50:38,392 - INFO - epoch=5 step=160 loss=-78.5949 r=-0.8030 succ=0.125 dist=0.000 loop=0.844 ent=250.043
2026-02-15 05:51:08,419 - INFO - epoch=5 step=180 loss=-95.6397 r=-0.8042 succ=0.188 dist=0.000 loop=0.844 ent=288.589
2026-02-15 05:51:37,802 - INFO - epoch=5 step=200 loss=-76.0705 r=-0.7761 succ=0.125 dist=0.000 loop=0.844 ent=229.220
2026-02-15 05:52:07,603 - INFO - epoch=5 step=220 loss=-70.8641 r=-0.8069 succ=0.125 dist=0.000 loop=0.812 ent=263.441
2026-02-15 05:52:37,008 - INFO - epoch=5 step=240 loss=-59.8152 r=-0.6921 succ=0.219 dist=0.000 loop=0.781 ent=258.616
2026-02-15 05:53:06,214 - INFO - epoch=5 step=260 loss=-77.4975 r=-0.8037 succ=0.125 dist=0.000 loop=0.812 ent=249.714
2026-02-15 05:53:35,422 - INFO - epoch=5 step=280 loss=-71.7920 r=-0.7783 succ=0.156 dist=0.000 loop=0.844 ent=253.781
2026-02-15 05:54:04,668 - INFO - epoch=5 step=300 loss=-70.1777 r=-0.7600 succ=0.156 dist=0.000 loop=0.812 ent=228.253
2026-02-15 05:54:33,909 - INFO - epoch=5 step=320 loss=-70.2131 r=-0.6357 succ=0.250 dist=0.000 loop=0.750 ent=244.517
2026-02-15 05:55:03,305 - INFO - epoch=5 step=340 loss=-85.4532 r=-0.8044 succ=0.125 dist=0.000 loop=0.844 ent=249.159
2026-02-15 05:55:32,705 - INFO - epoch=5 step=360 loss=-75.1781 r=-0.7489 succ=0.156 dist=0.000 loop=0.781 ent=243.224
2026-02-15 05:56:01,871 - INFO - epoch=5 step=380 loss=-112.8007 r=-0.8606 succ=0.094 dist=0.000 loop=0.812 ent=264.502
2026-02-15 05:56:30,553 - INFO - epoch=5 step=400 loss=-91.3624 r=-0.7708 succ=0.094 dist=0.000 loop=0.719 ent=223.964
2026-02-15 05:56:59,646 - INFO - epoch=5 step=420 loss=-54.2498 r=-0.7301 succ=0.125 dist=0.000 loop=0.781 ent=216.546
2026-02-15 05:57:28,826 - INFO - epoch=5 step=440 loss=-42.7970 r=-0.5481 succ=0.219 dist=0.000 loop=0.750 ent=186.698
2026-02-15 05:57:58,653 - INFO - epoch=5 step=460 loss=-72.3672 r=-0.6086 succ=0.219 dist=0.000 loop=0.719 ent=235.132
2026-02-15 05:58:27,830 - INFO - epoch=5 step=480 loss=-111.1066 r=-0.8265 succ=0.094 dist=0.000 loop=0.750 ent=273.648
2026-02-15 05:58:56,869 - INFO - epoch=5 step=500 loss=-78.7158 r=-0.7357 succ=0.188 dist=0.000 loop=0.844 ent=236.642
2026-02-15 05:59:25,891 - INFO - epoch=5 step=520 loss=-110.7125 r=-0.8720 succ=0.125 dist=0.000 loop=0.875 ent=263.272
2026-02-15 05:59:55,451 - INFO - epoch=5 step=540 loss=-99.9887 r=-0.9245 succ=0.156 dist=0.000 loop=0.969 ent=271.418
2026-02-15 06:00:25,438 - INFO - epoch=5 step=560 loss=-96.6980 r=-0.7557 succ=0.188 dist=0.000 loop=0.750 ent=276.694
2026-02-15 06:00:54,828 - INFO - epoch=5 step=580 loss=-29.6899 r=-0.5839 succ=0.250 dist=0.000 loop=0.750 ent=226.402
2026-02-15 06:01:24,408 - INFO - epoch=5 step=600 loss=-93.3753 r=-0.8592 succ=0.156 dist=0.000 loop=0.906 ent=265.130
2026-02-15 06:01:53,817 - INFO - epoch=5 step=620 loss=-113.5598 r=-0.8987 succ=0.094 dist=0.000 loop=0.844 ent=286.558
2026-02-15 06:02:23,687 - INFO - epoch=5 step=640 loss=-88.7410 r=-0.8475 succ=0.188 dist=0.000 loop=0.906 ent=291.288
2026-02-15 06:02:52,907 - INFO - epoch=5 step=660 loss=-66.3412 r=-0.6181 succ=0.250 dist=0.000 loop=0.750 ent=239.798
2026-02-15 06:03:22,238 - INFO - epoch=5 step=680 loss=-97.1020 r=-0.9123 succ=0.062 dist=0.000 loop=0.844 ent=268.509
2026-02-15 06:03:52,244 - INFO - epoch=5 step=700 loss=-62.0929 r=-0.7673 succ=0.188 dist=0.000 loop=0.812 ent=241.857
2026-02-15 06:04:22,216 - INFO - epoch=5 step=720 loss=-52.2277 r=-0.7217 succ=0.188 dist=0.000 loop=0.844 ent=230.516
2026-02-15 06:04:51,592 - INFO - epoch=5 step=740 loss=-81.7079 r=-0.7349 succ=0.156 dist=0.000 loop=0.781 ent=242.844
2026-02-15 06:05:20,792 - INFO - epoch=5 step=760 loss=-63.9662 r=-0.7548 succ=0.156 dist=0.000 loop=0.812 ent=258.582
2026-02-15 06:05:49,953 - INFO - epoch=5 step=780 loss=-53.5705 r=-0.7992 succ=0.156 dist=0.000 loop=0.938 ent=228.517
2026-02-15 06:06:19,643 - INFO - epoch=5 step=800 loss=-108.0055 r=-0.9754 succ=0.094 dist=0.000 loop=0.906 ent=305.450
2026-02-15 06:06:48,702 - INFO - epoch=5 step=820 loss=-57.0047 r=-0.6383 succ=0.188 dist=0.000 loop=0.719 ent=218.025
2026-02-15 06:07:17,720 - INFO - epoch=5 step=840 loss=-76.4212 r=-0.8120 succ=0.156 dist=0.000 loop=0.875 ent=253.215
2026-02-15 06:07:47,068 - INFO - epoch=5 step=860 loss=-75.6715 r=-0.7770 succ=0.156 dist=0.000 loop=0.875 ent=238.301
2026-02-15 06:08:16,043 - INFO - epoch=5 step=880 loss=-103.7163 r=-0.9369 succ=0.062 dist=0.000 loop=0.906 ent=250.424
2026-02-15 06:08:45,032 - INFO - epoch=5 step=900 loss=-102.4734 r=-0.8435 succ=0.125 dist=0.000 loop=0.875 ent=268.398
2026-02-15 06:09:13,581 - INFO - epoch=5 step=920 loss=-73.0349 r=-0.5898 succ=0.188 dist=0.000 loop=0.656 ent=212.132
2026-02-15 06:09:42,399 - INFO - epoch=5 step=940 loss=-94.1144 r=-0.9078 succ=0.062 dist=0.000 loop=0.875 ent=246.704
2026-02-15 06:10:11,447 - INFO - epoch=5 step=960 loss=-22.9555 r=-0.6734 succ=0.281 dist=0.000 loop=0.875 ent=238.597
2026-02-15 06:10:41,014 - INFO - epoch=5 step=980 loss=-43.6448 r=-0.7001 succ=0.219 dist=0.000 loop=0.844 ent=238.879
2026-02-15 06:11:09,992 - INFO - epoch=5 step=1000 loss=-119.5566 r=-0.9596 succ=0.062 dist=0.000 loop=0.906 ent=285.711
2026-02-15 06:11:39,110 - INFO - epoch=5 step=1020 loss=-41.4854 r=-0.6209 succ=0.219 dist=0.000 loop=0.812 ent=203.191
2026-02-15 06:12:08,938 - INFO - epoch=5 step=1040 loss=-42.6605 r=-0.6659 succ=0.219 dist=0.000 loop=0.844 ent=223.664
2026-02-15 06:12:38,998 - INFO - epoch=5 step=1060 loss=-86.3286 r=-0.7493 succ=0.219 dist=0.000 loop=0.844 ent=264.671
2026-02-15 06:13:08,115 - INFO - epoch=5 step=1080 loss=-80.7683 r=-0.8564 succ=0.094 dist=0.000 loop=0.906 ent=235.092
2026-02-15 06:13:37,672 - INFO - epoch=5 step=1100 loss=-98.4160 r=-0.7474 succ=0.125 dist=0.000 loop=0.750 ent=246.001
2026-02-15 06:14:07,127 - INFO - epoch=5 step=1120 loss=-77.8472 r=-0.7723 succ=0.188 dist=0.000 loop=0.875 ent=262.326
2026-02-15 06:14:36,348 - INFO - epoch=5 step=1140 loss=-72.9597 r=-0.6790 succ=0.219 dist=0.000 loop=0.812 ent=208.782
2026-02-15 06:15:05,384 - INFO - epoch=5 step=1160 loss=-63.7428 r=-0.7675 succ=0.062 dist=0.000 loop=0.781 ent=193.072
2026-02-15 06:15:34,749 - INFO - epoch=5 step=1180 loss=-105.9744 r=-0.8454 succ=0.188 dist=0.000 loop=0.906 ent=279.764
2026-02-15 06:16:03,752 - INFO - epoch=5 step=1200 loss=-93.4529 r=-0.9369 succ=0.156 dist=0.000 loop=0.969 ent=294.514
2026-02-15 06:16:32,871 - INFO - epoch=5 step=1220 loss=-82.1852 r=-0.6570 succ=0.188 dist=0.000 loop=0.688 ent=221.188
2026-02-15 06:17:01,564 - INFO - epoch=5 step=1240 loss=-79.9336 r=-0.7258 succ=0.188 dist=0.000 loop=0.781 ent=261.140
2026-02-15 06:17:30,701 - INFO - epoch=5 step=1260 loss=-87.0238 r=-0.8773 succ=0.125 dist=0.000 loop=0.844 ent=262.200
2026-02-15 06:18:00,326 - INFO - epoch=5 step=1280 loss=-77.6259 r=-0.7300 succ=0.156 dist=0.000 loop=0.781 ent=235.693
2026-02-15 06:18:29,762 - INFO - epoch=5 step=1300 loss=-124.7170 r=-0.9623 succ=0.125 dist=0.000 loop=0.906 ent=314.022
2026-02-15 06:18:58,772 - INFO - epoch=5 step=1320 loss=-28.2744 r=-0.6048 succ=0.219 dist=0.000 loop=0.781 ent=208.204
2026-02-15 06:19:27,956 - INFO - epoch=5 step=1340 loss=-80.8590 r=-0.7869 succ=0.094 dist=0.000 loop=0.781 ent=218.544
2026-02-15 06:19:57,311 - INFO - epoch=5 step=1360 loss=-50.6910 r=-0.7307 succ=0.188 dist=0.000 loop=0.812 ent=236.838
2026-02-15 06:20:26,735 - INFO - epoch=5 step=1380 loss=-34.0468 r=-0.6042 succ=0.250 dist=0.000 loop=0.781 ent=221.689
2026-02-15 06:20:56,229 - INFO - epoch=5 step=1400 loss=-61.2614 r=-0.6276 succ=0.250 dist=0.000 loop=0.781 ent=217.825
2026-02-15 06:21:24,783 - INFO - epoch=5 step=1420 loss=-66.7002 r=-0.7859 succ=0.188 dist=0.000 loop=0.906 ent=245.643
2026-02-15 06:21:53,885 - INFO - epoch=5 step=1440 loss=-78.3390 r=-0.8029 succ=0.062 dist=0.000 loop=0.750 ent=205.752
2026-02-15 06:22:22,826 - INFO - epoch=5 step=1460 loss=-61.8303 r=-0.6163 succ=0.219 dist=0.000 loop=0.719 ent=225.052
2026-02-15 06:22:51,134 - INFO - epoch=5 step=1480 loss=-40.2410 r=-0.5940 succ=0.188 dist=0.000 loop=0.750 ent=187.679
2026-02-15 06:23:19,926 - INFO - epoch=5 step=1500 loss=-107.2692 r=-0.8631 succ=0.188 dist=0.000 loop=0.906 ent=296.260
2026-02-15 06:23:48,357 - INFO - epoch=5 step=1520 loss=-98.5287 r=-0.8117 succ=0.094 dist=0.000 loop=0.812 ent=249.266
2026-02-15 06:24:17,147 - INFO - epoch=5 step=1540 loss=-90.0856 r=-0.7818 succ=0.156 dist=0.000 loop=0.844 ent=245.261
2026-02-15 06:24:45,906 - INFO - epoch=5 step=1560 loss=-96.4888 r=-0.7609 succ=0.062 dist=0.000 loop=0.688 ent=217.780
2026-02-15 06:25:14,779 - INFO - epoch=5 step=1580 loss=-76.5085 r=-0.7750 succ=0.125 dist=0.000 loop=0.781 ent=227.747
2026-02-15 06:25:43,771 - INFO - epoch=5 step=1600 loss=-45.7176 r=-0.6579 succ=0.188 dist=0.000 loop=0.812 ent=193.583
2026-02-15 06:26:11,808 - INFO - epoch=5 step=1620 loss=-102.2883 r=-0.7981 succ=0.094 dist=0.000 loop=0.781 ent=237.959
2026-02-15 06:26:40,344 - INFO - epoch=5 step=1640 loss=-71.1447 r=-0.6868 succ=0.156 dist=0.000 loop=0.781 ent=217.295
2026-02-15 06:27:09,165 - INFO - epoch=5 step=1660 loss=-111.4861 r=-0.9257 succ=0.062 dist=0.000 loop=0.875 ent=269.650
2026-02-15 06:27:38,211 - INFO - epoch=5 step=1680 loss=-90.6146 r=-0.8756 succ=0.156 dist=0.000 loop=0.906 ent=286.035
2026-02-15 06:28:07,314 - INFO - epoch=5 step=1700 loss=-92.1493 r=-0.7885 succ=0.125 dist=0.000 loop=0.812 ent=242.998
2026-02-15 06:28:36,045 - INFO - epoch=5 step=1720 loss=-40.6212 r=-0.6297 succ=0.156 dist=0.000 loop=0.812 ent=156.713
2026-02-15 06:29:04,664 - INFO - epoch=5 step=1740 loss=-67.3782 r=-0.7918 succ=0.125 dist=0.000 loop=0.906 ent=225.933
2026-02-15 06:29:33,676 - INFO - epoch=5 step=1760 loss=-121.4432 r=-0.8768 succ=0.094 dist=0.000 loop=0.812 ent=275.803
2026-02-15 06:30:02,561 - INFO - epoch=5 step=1780 loss=-109.3667 r=-0.8563 succ=0.125 dist=0.000 loop=0.844 ent=265.555
2026-02-15 06:30:31,217 - INFO - epoch=5 step=1800 loss=-83.2076 r=-0.7234 succ=0.094 dist=0.000 loop=0.719 ent=221.533
2026-02-15 06:31:00,633 - INFO - epoch=5 step=1820 loss=-83.2163 r=-0.9029 succ=0.125 dist=0.000 loop=0.906 ent=267.260
2026-02-15 06:31:30,309 - INFO - epoch=5 step=1840 loss=-113.2113 r=-0.8323 succ=0.188 dist=0.000 loop=0.875 ent=290.167
2026-02-15 06:31:59,263 - INFO - epoch=5 step=1860 loss=-71.2865 r=-0.6811 succ=0.250 dist=0.000 loop=0.844 ent=253.653
2026-02-15 06:32:28,451 - INFO - epoch=5 step=1880 loss=-65.0162 r=-0.7418 succ=0.188 dist=0.000 loop=0.875 ent=234.110
2026-02-15 06:32:56,660 - INFO - epoch=5 step=1900 loss=-67.0706 r=-0.6272 succ=0.094 dist=0.000 loop=0.625 ent=193.715
2026-02-15 06:33:25,281 - INFO - epoch=5 step=1920 loss=-97.6536 r=-0.7170 succ=0.125 dist=0.000 loop=0.750 ent=224.360
2026-02-15 06:33:54,353 - INFO - epoch=5 step=1940 loss=-83.4781 r=-0.6806 succ=0.125 dist=0.000 loop=0.750 ent=211.445
2026-02-15 06:34:23,011 - INFO - epoch=5 step=1960 loss=-67.5908 r=-0.6282 succ=0.219 dist=0.000 loop=0.781 ent=222.028
2026-02-15 06:34:51,772 - INFO - epoch=5 step=1980 loss=-87.2255 r=-0.7569 succ=0.188 dist=0.000 loop=0.844 ent=252.276
2026-02-15 06:35:19,908 - INFO - epoch=5 step=2000 loss=-72.9469 r=-0.6324 succ=0.281 dist=0.000 loop=0.812 ent=255.664
2026-02-15 06:35:47,700 - INFO - epoch=5 step=2020 loss=-59.7948 r=-0.6537 succ=0.188 dist=0.000 loop=0.812 ent=198.748
2026-02-15 06:36:15,965 - INFO - epoch=5 step=2040 loss=-68.7010 r=-0.7745 succ=0.125 dist=0.000 loop=0.906 ent=210.979
2026-02-15 06:36:44,319 - INFO - epoch=5 step=2060 loss=-63.4156 r=-0.6360 succ=0.219 dist=0.000 loop=0.812 ent=213.235
2026-02-15 06:37:12,798 - INFO - epoch=5 step=2080 loss=-76.8146 r=-0.7361 succ=0.094 dist=0.000 loop=0.781 ent=198.398
2026-02-15 06:37:41,513 - INFO - epoch=5 step=2100 loss=-32.7574 r=-0.4739 succ=0.219 dist=0.000 loop=0.656 ent=178.639
2026-02-15 06:38:09,807 - INFO - epoch=5 step=2120 loss=-100.6025 r=-0.7582 succ=0.125 dist=0.000 loop=0.750 ent=228.689
2026-02-15 06:38:38,196 - INFO - epoch=5 step=2140 loss=-104.3467 r=-0.9084 succ=0.094 dist=0.000 loop=0.906 ent=253.720
2026-02-15 06:39:07,048 - INFO - epoch=5 step=2160 loss=-102.0805 r=-0.8426 succ=0.125 dist=0.000 loop=0.844 ent=250.125
2026-02-15 06:39:35,428 - INFO - epoch=5 step=2180 loss=-55.2931 r=-0.5781 succ=0.125 dist=0.000 loop=0.688 ent=164.572
2026-02-15 06:40:03,953 - INFO - epoch=5 step=2200 loss=-83.8024 r=-0.7442 succ=0.188 dist=0.000 loop=0.812 ent=236.815
2026-02-15 06:40:32,205 - INFO - epoch=5 step=2220 loss=-83.4649 r=-0.7735 succ=0.094 dist=0.000 loop=0.844 ent=207.969
2026-02-15 06:41:00,173 - INFO - epoch=5 step=2240 loss=-97.3736 r=-0.7359 succ=0.094 dist=0.000 loop=0.719 ent=213.905
2026-02-15 06:41:27,946 - INFO - epoch=5 step=2260 loss=-54.7821 r=-0.5967 succ=0.156 dist=0.000 loop=0.719 ent=184.309
2026-02-15 06:41:55,803 - INFO - epoch=5 step=2280 loss=-78.6797 r=-0.7129 succ=0.156 dist=0.000 loop=0.781 ent=224.301
2026-02-15 06:42:23,704 - INFO - epoch=5 step=2300 loss=-62.6121 r=-0.6981 succ=0.188 dist=0.000 loop=0.812 ent=215.374
2026-02-15 06:42:50,598 - INFO - epoch=5 step=2320 loss=-78.9182 r=-0.6218 succ=0.094 dist=0.000 loop=0.625 ent=182.118
2026-02-15 06:43:17,716 - INFO - epoch=5 step=2340 loss=-96.4749 r=-0.6042 succ=0.188 dist=0.000 loop=0.688 ent=209.575
2026-02-15 06:43:44,996 - INFO - epoch=5 step=2360 loss=-51.8303 r=-0.5929 succ=0.188 dist=0.000 loop=0.781 ent=174.621
2026-02-15 06:44:12,113 - INFO - epoch=5 step=2380 loss=-90.0745 r=-0.7614 succ=0.094 dist=0.000 loop=0.812 ent=211.503
2026-02-15 06:44:39,965 - INFO - epoch=5 step=2400 loss=-53.1690 r=-0.5024 succ=0.125 dist=0.000 loop=0.625 ent=147.063
2026-02-15 06:45:07,572 - INFO - epoch=5 step=2420 loss=-80.2068 r=-0.6645 succ=0.125 dist=0.000 loop=0.750 ent=192.775
2026-02-15 06:45:35,039 - INFO - epoch=5 step=2440 loss=-95.7672 r=-0.7276 succ=0.094 dist=0.000 loop=0.750 ent=198.090
2026-02-15 06:46:02,851 - INFO - epoch=5 step=2460 loss=-109.7207 r=-0.7847 succ=0.094 dist=0.000 loop=0.750 ent=232.728
2026-02-15 06:46:31,078 - INFO - epoch=5 step=2480 loss=-68.1484 r=-0.5990 succ=0.094 dist=0.000 loop=0.625 ent=173.023
2026-02-15 06:46:59,168 - INFO - epoch=5 step=2500 loss=-96.7857 r=-0.7173 succ=0.094 dist=0.000 loop=0.719 ent=214.992
2026-02-15 06:47:26,996 - INFO - epoch=5 step=2520 loss=-98.0474 r=-0.6636 succ=0.156 dist=0.000 loop=0.719 ent=206.249
2026-02-15 06:47:54,751 - INFO - epoch=5 step=2540 loss=-73.2251 r=-0.6339 succ=0.125 dist=0.000 loop=0.688 ent=188.035
2026-02-15 06:48:22,313 - INFO - epoch=5 step=2560 loss=-75.0005 r=-0.6009 succ=0.125 dist=0.000 loop=0.656 ent=191.206
2026-02-15 06:48:49,570 - INFO - epoch=5 step=2580 loss=-98.4765 r=-0.7476 succ=0.125 dist=0.000 loop=0.812 ent=219.382
2026-02-15 06:49:16,935 - INFO - epoch=5 step=2600 loss=-79.9097 r=-0.6793 succ=0.094 dist=0.000 loop=0.719 ent=194.705
2026-02-15 06:49:43,902 - INFO - epoch=5 step=2620 loss=-63.6866 r=-0.4570 succ=0.125 dist=0.000 loop=0.500 ent=153.464
2026-02-15 06:50:11,610 - INFO - epoch=5 step=2640 loss=-54.0027 r=-0.5945 succ=0.125 dist=0.000 loop=0.719 ent=163.416
2026-02-15 06:50:39,449 - INFO - epoch=5 step=2660 loss=-95.4297 r=-0.7018 succ=0.094 dist=0.000 loop=0.688 ent=221.208
2026-02-15 06:51:06,558 - INFO - epoch=5 step=2680 loss=-73.6759 r=-0.4956 succ=0.125 dist=0.000 loop=0.531 ent=154.204
2026-02-15 06:51:33,793 - INFO - epoch=5 step=2700 loss=-49.6656 r=-0.4948 succ=0.125 dist=0.000 loop=0.531 ent=147.584
2026-02-15 06:52:01,534 - INFO - epoch=5 step=2720 loss=-89.8072 r=-0.7025 succ=0.094 dist=0.000 loop=0.719 ent=198.635
2026-02-15 06:52:28,912 - INFO - epoch=5 step=2740 loss=-79.6407 r=-0.5881 succ=0.125 dist=0.000 loop=0.625 ent=191.265
2026-02-15 06:52:56,784 - INFO - epoch=5 step=2760 loss=-139.4134 r=-0.9336 succ=0.031 dist=0.000 loop=0.812 ent=260.978
2026-02-15 06:53:24,001 - INFO - epoch=5 step=2780 loss=-66.9909 r=-0.6766 succ=0.031 dist=0.000 loop=0.656 ent=164.216
2026-02-15 06:53:51,355 - INFO - epoch=5 step=2800 loss=-59.6816 r=-0.6902 succ=0.062 dist=0.000 loop=0.656 ent=175.079
2026-02-15 06:54:18,992 - INFO - epoch=5 step=2820 loss=-70.4343 r=-0.6171 succ=0.188 dist=0.000 loop=0.781 ent=178.209
2026-02-15 06:54:46,094 - INFO - epoch=5 step=2840 loss=-91.9554 r=-0.7889 succ=0.094 dist=0.000 loop=0.844 ent=203.509
2026-02-15 06:55:12,690 - INFO - epoch=5 step=2860 loss=-73.0999 r=-0.6650 succ=0.031 dist=0.000 loop=0.656 ent=159.055
2026-02-15 06:55:39,350 - INFO - epoch=5 step=2880 loss=-50.7346 r=-0.5834 succ=0.031 dist=0.000 loop=0.625 ent=130.723
2026-02-15 06:56:05,814 - INFO - epoch=5 step=2900 loss=-39.0131 r=-0.4058 succ=0.125 dist=0.000 loop=0.500 ent=119.977
2026-02-15 06:56:32,320 - INFO - epoch=5 step=2920 loss=-17.8216 r=-0.2456 succ=0.250 dist=0.000 loop=0.500 ent=110.660
2026-02-15 06:56:58,529 - INFO - epoch=5 step=2940 loss=-73.9366 r=-0.6331 succ=0.094 dist=0.000 loop=0.688 ent=169.974
2026-02-15 06:57:24,690 - INFO - epoch=5 step=2960 loss=-87.0840 r=-0.6697 succ=0.125 dist=0.000 loop=0.656 ent=185.198
2026-02-15 06:57:51,430 - INFO - epoch=5 step=2980 loss=-91.4318 r=-0.6942 succ=0.031 dist=0.000 loop=0.625 ent=182.581
2026-02-15 06:58:17,763 - INFO - epoch=5 step=3000 loss=-83.1863 r=-0.6272 succ=0.031 dist=0.000 loop=0.562 ent=165.260
2026-02-15 06:58:44,000 - INFO - epoch=5 step=3020 loss=-71.3289 r=-0.6345 succ=0.031 dist=0.000 loop=0.625 ent=154.330
2026-02-15 06:59:09,671 - INFO - epoch=5 step=3040 loss=-47.2610 r=-0.5622 succ=0.062 dist=0.000 loop=0.656 ent=125.125
2026-02-15 06:59:35,481 - INFO - epoch=5 step=3060 loss=-74.3495 r=-0.6016 succ=0.125 dist=0.000 loop=0.688 ent=160.711
2026-02-15 07:00:01,576 - INFO - epoch=5 step=3080 loss=-109.5668 r=-0.8822 succ=0.031 dist=0.000 loop=0.906 ent=191.815
2026-02-15 07:00:27,423 - INFO - epoch=5 step=3100 loss=-75.9048 r=-0.5714 succ=0.062 dist=0.000 loop=0.562 ent=145.852
2026-02-15 07:00:53,578 - INFO - epoch=5 step=3120 loss=-60.2615 r=-0.5203 succ=0.094 dist=0.000 loop=0.594 ent=129.394
2026-02-15 07:01:19,606 - INFO - epoch=5 step=3140 loss=-49.2518 r=-0.5634 succ=0.125 dist=0.000 loop=0.688 ent=143.710
2026-02-15 07:01:45,391 - INFO - epoch=5 step=3160 loss=-69.1253 r=-0.5311 succ=0.094 dist=0.000 loop=0.594 ent=146.519
2026-02-15 07:02:11,545 - INFO - epoch=5 step=3180 loss=-92.8762 r=-0.7458 succ=0.031 dist=0.000 loop=0.719 ent=177.770
2026-02-15 07:02:36,950 - INFO - epoch=5 step=3200 loss=-81.4129 r=-0.5909 succ=0.062 dist=0.000 loop=0.625 ent=155.792
2026-02-15 07:03:02,618 - INFO - epoch=5 step=3220 loss=-52.3102 r=-0.4985 succ=0.094 dist=0.000 loop=0.594 ent=122.328
2026-02-15 07:03:27,927 - INFO - epoch=5 step=3240 loss=-71.6342 r=-0.5103 succ=0.094 dist=0.000 loop=0.531 ent=130.044
2026-02-15 07:03:53,386 - INFO - epoch=5 step=3260 loss=-54.8225 r=-0.2848 succ=0.219 dist=0.000 loop=0.406 ent=132.405
2026-02-15 07:04:19,566 - INFO - epoch=5 step=3280 loss=-50.0630 r=-0.4297 succ=0.125 dist=0.000 loop=0.500 ent=126.525
2026-02-15 07:04:45,448 - INFO - epoch=5 step=3300 loss=-45.5610 r=-0.4598 succ=0.156 dist=0.000 loop=0.594 ent=128.191
2026-02-15 07:05:11,242 - INFO - epoch=5 step=3320 loss=-55.1854 r=-0.4184 succ=0.125 dist=0.000 loop=0.438 ent=143.043
2026-02-15 07:05:37,256 - INFO - epoch=5 step=3340 loss=-50.2489 r=-0.4678 succ=0.125 dist=0.000 loop=0.531 ent=134.360
2026-02-15 07:06:03,226 - INFO - epoch=5 step=3360 loss=-89.7999 r=-0.6496 succ=0.031 dist=0.000 loop=0.594 ent=164.384
2026-02-15 07:11:30,941 - INFO - epoch=5 train(loss=-75.4352, r=-0.7067, succ=0.141) val(loss=-63.4649, r=-0.5236, succ=0.082)
2026-02-15 07:11:31,020 - INFO - saved: _sync/wsa/pi_verify/20260214_porto_rl_from_e100_lenratio_s0/report.json

